x,y,z
27.74,10.77,18.229
26.189,12.368,21.368
23.05,14.286,20.191
21.059,14.376,23.546
19.795,18.003,23.037
16.88,18.631,20.538
14.854,21.234,18.504
11.15,21.714,17.352
9.279,21.322,13.983
6.505,24.029,14.403
4.951,22.747,11.08
5.588,26.111,9.13
5.903,24.254,5.793
6.252,20.725,4.312
9.938,19.798,3.614
10.204,18.786,-0.077
12.809,16.027,-1.089
15.852,16.434,-3.462
16.02,14.722,-6.933
18.565,11.873,-7.568
19.942,9.93,-10.605
16.744,8.226,-11.932
14.748,7.455,-15.166
16.909,6.116,-18.121
13.607,6.046,-20.116
14.952,7.459,-23.414
17.694,4.916,-24.487
15.338,1.879,-24.406
16.99,-1.177,-22.762
15.081,-4.294,-23.984
16.115,-6.316,-20.828
15.871,-9.613,-22.887
19.565,-10.425,-22.114
19.621,-13.761,-20.09
15.798,-13.351,-19.662
14.778,-16.982,-20.421
11.022,-16.065,-20.395
9.859,-18.426,-23.209
11.997,-21.514,-22.368
9.118,-24.019,-21.883
7.774,-24.815,-25.489
4.213,-23.434,-25.095
3.229,-25.569,-22.086
-0.27,-24.023,-21.613
-2.642,-25.33,-18.885
-2.922,-29.159,-18.99
-6.741,-29.336,-18.687
-8.355,-32.158,-20.708
-8.972,-35.955,-20.519
-11.602,-38.746,-20.858
-12.724,-38.058,-17.205
-10.162,-38.377,-14.343
-11.32,-38.654,-10.67
-14.059,-36.69,-8.761
-16.86,-38.371,-10.86
-19.755,-39.401,-8.455
-17.65,-38.205,-5.428
-17.278,-34.481,-6.407
-16.633,-33.537,-2.681
-20.087,-33.428,-1.024
-19.925,-30.125,0.969
-22.96,-28.05,2.194
-26.508,-29.554,2.987
-27.572,-30.247,-0.665
-26.241,-26.713,-1.616
-28.252,-26.697,-4.911
-28.849,-22.895,-5.421
-25.771,-21.476,-3.584
-26.735,-18.455,-1.319
-29.512,-17.056,-3.626
-31.976,-19.96,-2.891
-34.659,-17.32,-2.119
-37.302,-20.012,-1.326
-40.232,-17.527,-1.024
-42.39,-19.033,1.789
-39.35,-19.714,4.062
-37.472,-16.618,2.733
-35.454,-14.552,5.318
-32.266,-12.413,5.811
-31.165,-12.37,2.095
-34.379,-10.326,1.362
-32.909,-7.194,3.078
-29.715,-7.439,0.926
-31.644,-6.722,-2.35
-35.336,-6.345,-3.486
-36.603,-5.769,0.112
-39.949,-4.318,-1.19
-40.305,-6.153,-4.562
-42.388,-3.206,-5.899
-45.898,-4.498,-6.73
-47.07,-8.127,-7.252
-48.763,-7.269,-10.543
-50.388,-3.757,-10.792
-47.485,-2.229,-12.877
-44.173,-3.546,-11.381
-45.17,-7.242,-11.732
-44.317,-7.666,-15.433
-43.704,-11.361,-14.565
-44.612,-13.561,-11.544
-43.224,-17.105,-12.202
-39.725,-17.017,-13.957
-38.791,-20.19,-11.934
-41.564,-22.303,-13.602
-42.372,-24.959,-10.944
-38.923,-24.107,-9.461
-36.74,-25.129,-12.498
-38.05,-27.56,-15.203
-35.827,-30.103,-17.108
-33.613,-27.519,-18.962
-30.645,-29.959,-19.006
-29.989,-30.709,-15.299
-29.707,-27.201,-13.724
-29.35,-27.301,-9.83
-26.165,-25.067,-10.116
-24.053,-26.991,-7.479
-20.74,-27.044,-9.515
-19.766,-30.672,-8.711
-19.995,-33.083,-11.859
-16.454,-33.108,-13.455
-13.571,-30.523,-13.598
-11.323,-31.863,-16.513
-13.536,-33.154,-19.404
-13.622,-30.105,-21.78
-12.41,-29.072,-25.323
-10.664,-25.831,-24.117
-7.156,-25.321,-25.603
-6.388,-23.905,-22.103
-4.08,-21.144,-23.494
-6.65,-18.293,-23.149
-5.879,-17.002,-19.599
-8.783,-14.435,-19.773
-6.708,-11.822,-21.749
-3.077,-10.581,-22.144
-1.451,-7.44,-23.637
2.155,-6.178,-23.979
3.339,-2.499,-24.257
3.325,-2.969,-28.123
7.028,-2.305,-29.025
10.33,-1.189,-27.327
10.24,2.302,-28.992
11.926,5.292,-27.198
10.122,5.273,-23.765
9.677,8.195,-21.31
7.643,11.488,-21.528
4.719,9.701,-19.68
3.956,11.847,-16.546
0.369,13.248,-16.88
-0.783,13.085,-13.206
-3.047,15.861,-11.85
-5.526,15.032,-8.975
-9.416,15.151,-8.764
-11.918,18.012,-7.919
-14.589,15.24,-7.96
-14.714,12.374,-5.386
-17.356,9.788,-4.143
-20.582,8.502,-5.848
-23.503,6.018,-5.142
-21.337,3.039,-3.864
-21.494,-0.032,-6.192
-19.725,-2.611,-3.932
-20.158,-5.245,-6.723
-18.904,-8.718,-5.662
-16.754,-7.403,-2.725
-15.447,-11.044,-2.337
-16.293,-12.549,-5.743
-16.12,-10.875,-9.209
-12.841,-10.198,-11.104
-10.819,-12.082,-8.415
-9.605,-15.445,-9.966
-6.313,-17.359,-9.214
-3.566,-17.245,-11.949
-6.203,-18.11,-14.638
-9.926,-17.114,-14.667
-11.897,-18.661,-11.692
-14.853,-16.225,-11.358
-16.488,-13.361,-13.292
-19.529,-11.973,-11.377
-18.977,-8.056,-11.137
-20.555,-5.332,-13.384
-18.064,-6.625,-16.014
-14.618,-5.339,-14.913
-15.117,-3.014,-11.884
-17.638,-0.197,-11.07
-17.303,3.044,-8.898
-15.52,6.44,-8.25
-13.115,6.99,-5.208
-16.006,6.269,-2.737
-13.885,5.096,0.262
-10.492,6.96,0.124
-7.527,8.119,-2.095
-3.804,8.512,-1.094
-2.534,11.053,-3.646
-1.962,11.595,-7.443
1.844,12.11,-7.911
2.399,10.592,-4.419
1.668,7.007,-5.585
2.143,7.703,-9.354
4.439,10.523,-10.605
3.888,8.896,-14.042
0.549,7.09,-14.728
0.482,5.347,-18.225
-2.779,4.743,-20.146
-2.119,5.103,-23.886
-0.95,1.451,-24.312
-3.656,-1.032,-25.501
-1.214,-3.114,-27.675
-3.266,-4.5,-30.651
-4.755,-7.981,-30.034
-5.436,-10.552,-32.801
-5.822,-14.246,-33.886
-9.033,-14.219,-31.778
-12.426,-13.744,-33.55
-13.605,-16.402,-31.002
-13.945,-16.146,-27.162
-17.217,-18.089,-26.38
-15.272,-20.774,-24.434
-14.792,-18.888,-21.1
-14.807,-22.296,-19.304
-11.065,-23.264,-19.112
-11.748,-26.046,-16.538
-15.429,-26.244,-15.369
-17.079,-23.715,-12.95
-16.511,-21.557,-9.752
-14.347,-23.976,-7.618
-12.3,-24.92,-10.741
-13.082,-22.618,-13.746
-9.376,-22.249,-14.731
-5.816,-23.532,-14.163
-6.713,-27.232,-13.973
-3.175,-28.662,-13.558
0.127,-26.636,-13.441
2.94,-28.687,-11.769
6.416,-27.165,-10.977
9.76,-29.094,-10.755
12.827,-27.685,-12.582
16.607,-27.112,-11.97
16.551,-23.267,-12.101
13.437,-21.461,-13.48
14.312,-18.491,-11.146
16.562,-16.073,-13.097
19.693,-14.363,-11.676
20.749,-12.969,-8.232
23.891,-12.613,-6.017
25.828,-15.59,-7.476
23.734,-18.716,-8.166
26.222,-21.354,-9.346
24.137,-23.995,-11.265
23.748,-26.554,-8.394
20.458,-28.358,-7.52
21.533,-30.041,-4.183
19.065,-31.09,-1.376
18.428,-34.865,-1.971
19.015,-36.451,1.522
19.351,-39.988,0.0
22.274,-41.48,1.96
20.726,-43.968,4.444
17.453,-42.611,6.032
17.728,-45.327,8.771
15.706,-48.023,6.843
14.585,-46.325,3.567
14.058,-42.865,1.988
10.422,-43.201,0.747
8.537,-42.238,3.999
9.7,-45.388,5.985
8.779,-44.145,9.534
5.207,-43.474,8.183
3.061,-45.788,5.965
0.059,-43.519,5.164
-1.897,-40.51,6.563
-5.31,-39.924,4.787
-3.836,-38.424,1.554
-1.678,-35.411,2.691
1.215,-35.814,0.127
3.844,-34.544,2.584
7.582,-35.542,2.473
7.391,-35.668,-1.499
10.821,-33.917,-2.09
9.057,-30.584,-1.129
5.649,-29.83,0.48
4.369,-30.071,4.117
2.589,-26.659,3.87
5.419,-24.032,3.884
5.371,-20.68,1.929
4.946,-17.659,4.208
3.875,-14.096,3.174
0.722,-15.303,1.172
-1.911,-12.34,1.843
0.841,-9.961,3.234
-1.36,-6.719,3.114
0.226,-3.782,5.046
-2.168,-1.577,7.144
0.482,1.208,7.211
0.213,3.186,3.857
3.354,5.279,4.7
1.845,8.689,3.636
-1.063,10.084,1.553
0.582,13.376,0.32
-1.953,15.583,-1.58
0.61,17.615,-3.549
2.006,18.16,-7.098
-1.723,18.803,-7.882
-3.248,19.526,-11.393
-0.005,20.705,-13.196
-1.448,20.744,-16.846
2.142,21.243,-18.187
1.79,18.003,-20.225
1.66,19.492,-23.768
1.801,16.211,-25.776
-1.077,13.805,-24.811
-4.447,14.785,-26.698
-2.913,14.112,-30.183
-4.443,10.951,-31.903
-1.468,10.091,-34.278
0.576,12.669,-36.288
4.289,11.979,-37.12
4.477,8.161,-36.753
6.107,5.178,-38.538
3.067,3.168,-39.814
0.037,1.245,-38.172
1.604,-2.085,-39.474
4.592,-2.292,-37.014
3.1,-4.545,-34.255
3.156,-8.105,-35.838
2.32,-6.428,-39.272
-0.511,-8.977,-39.853
-1.453,-11.638,-37.226
-3.576,-13.636,-39.738
-6.234,-11.582,-41.607
-9.261,-10.793,-39.316
-10.525,-7.825,-41.508
-10.887,-10.209,-44.521
-11.563,-13.585,-42.79
-13.147,-15.223,-45.943
-15.317,-17.373,-43.574
-18.509,-17.562,-45.739
-19.428,-16.485,-49.354
-22.391,-14.461,-48.006
-23.174,-12.434,-44.826
-24.617,-15.543,-43.041
-28.288,-16.715,-43.302
-29.644,-14.288,-40.56
-33.475,-14.709,-40.654
-34.634,-13.721,-37.146
-32.118,-14.659,-34.379
-33.935,-12.298,-32.001
-31.589,-9.567,-33.295
-28.439,-9.425,-35.5
-25.149,-10.854,-34.034
-24.107,-7.307,-32.842
-22.779,-8.802,-29.577
-20.313,-5.822,-29.096
-18.096,-8.243,-31.167
-17.815,-9.948,-34.612
-14.026,-10.603,-34.975
-12.487,-8.029,-32.481
-10.174,-6.552,-35.233
-7.446,-3.994,-34.013
-8.266,-0.209,-34.178
-6.498,2.342,-36.462
-3.026,3.067,-34.891
-4.183,0.974,-31.819
-0.53,0.532,-30.747
2.361,2.232,-32.569
3.899,5.373,-30.884
0.695,7.577,-31.361
2.998,10.716,-31.519
3.415,10.806,-27.657
5.385,7.426,-28.027
3.637,6.161,-24.816
1.818,3.466,-26.953
5.104,1.489,-26.607
5.653,2.45,-22.87
4.009,1.739,-19.465
6.482,3.547,-17.078
9.724,1.935,-15.678
11.072,4.132,-12.785
9.611,5.436,-9.488
11.57,4.056,-6.49
13.445,0.688,-6.922
14.407,1.279,-3.188
17.687,-0.77,-3.425
18.216,-0.689,0.391
22.081,-0.917,0.279
22.109,2.764,1.463
21.601,1.192,4.99
24.352,-0.262,7.38
26.527,2.934,7.017
25.792,4.354,10.555
21.986,5.027,10.632
22.611,7.732,13.356
25.431,10.056,12.11
25.484,8.711,8.47
29.306,8.305,9.092
30.464,11.205,6.793
34.035,9.761,6.542
35.968,9.142,9.887
33.894,6.106,11.15
34.057,4.718,7.559
35.764,6.789,4.768
37.068,4.538,1.878
33.778,2.557,1.029
30.558,4.722,1.126
28.748,1.542,-0.152
28.816,-1.038,-3.123
32.647,-1.313,-2.733
32.428,-3.773,0.394
33.721,-6.903,-1.415
37.062,-7.58,0.324
34.997,-7.364,3.569
32.434,-9.634,1.743
28.771,-9.506,3.166
27.53,-8.343,-0.35
25.461,-5.122,0.301
23.922,-6.569,3.577
21.373,-3.664,4.208
19.78,-5.51,7.218
22.359,-4.757,9.959
20.686,-2.579,12.646
23.209,-3.915,15.19
26.231,-5.828,13.64
28.505,-3.054,15.086
26.366,0.233,15.139
26.797,0.959,18.911
29.802,3.109,20.115
30.574,4.151,16.479
34.13,5.478,17.221
32.462,7.962,19.677
31.936,8.223,23.481
29.036,5.861,24.209
29.351,5.902,28.046
27.024,2.942,28.74
28.002,1.653,32.312
25.72,-0.496,34.572
22.375,1.452,34.489
18.62,0.961,35.227
17.789,0.847,31.456
18.983,-2.812,31.448
15.672,-4.111,33.045
14.262,-6.917,30.771
12.049,-10.069,30.932
11.597,-11.974,27.641
7.979,-13.104,27.062
8.175,-13.662,23.259
6.845,-16.838,21.476
8.391,-20.184,22.591
8.599,-19.975,26.477
4.755,-19.922,27.001
2.637,-22.513,28.922
3.258,-26.317,29.219
6.906,-26.396,30.534
6.876,-22.903,32.194
4.182,-22.955,34.99
1.856,-25.512,33.411
-0.7,-24.279,30.82
-2.385,-21.433,32.847
-4.361,-20.524,36.066
-7.65,-21.881,34.58
-9.297,-25.139,33.318
-7.926,-23.928,29.906
-5.351,-26.753,29.643
-4.364,-29.152,26.811
-2.143,-32.304,26.553
-0.91,-30.994,23.166
2.913,-31.55,23.385
4.668,-33.778,20.75
8.26,-34.854,21.743
9.613,-37.018,18.826
8.385,-34.477,16.211
7.893,-30.708,16.638
4.05,-30.482,16.426
1.251,-28.753,18.475
26.003,10.185,22.067
25.202,13.225,19.838
24.32,16.911,20.524
21.427,16.365,22.995
20.101,19.93,22.43
17.248,20.73,20.009
14.901,23.333,18.359
11.02,23.121,18.139
9.107,22.713,14.808
6.066,25.006,15.664
3.07,23.95,13.432
-0.058,26.347,13.083
-2.647,23.543,13.814
-2.832,19.867,12.615
-4.177,16.558,14.185
-4.861,17.509,17.858
-3.869,14.619,20.325
-6.891,13.057,22.202
-5.69,9.781,23.897
-4.336,10.533,27.425
-3.159,6.837,27.516
-4.675,5.549,30.804
-4.364,1.955,32.171
-6.756,-0.433,30.197
-7.843,-4.06,30.926
-5.312,-6.953,30.593
-6.822,-9.897,28.483
-5.629,-13.548,28.99
-4.976,-13.45,25.155
-2.502,-16.451,24.982
-0.192,-15.914,21.926
-1.754,-13.662,19.202
-1.88,-16.126,16.207
1.173,-17.701,18.022
3.623,-16.752,15.21
2.714,-18.782,12.07
3.555,-22.194,10.478
4.756,-23.846,7.15
2.641,-27.115,7.316
-0.904,-26.563,8.756
-1.348,-27.574,12.53
2.068,-26.46,13.908
3.918,-29.729,13.204
6.017,-31.864,15.603
7.517,-28.837,17.503
8.228,-31.099,20.551
9.465,-34.738,21.021
8.66,-38.005,22.891
11.673,-37.535,25.22
11.525,-40.728,27.355
9.99,-40.718,30.9
10.058,-37.13,32.325
11.093,-33.491,31.561
14.39,-32.511,33.277
15.23,-28.929,34.412
18.803,-29.634,33.163
20.971,-31.846,35.479
20.152,-30.134,38.848
21.044,-32.952,41.313
23.681,-34.26,38.787
26.104,-37.02,40.05
27.839,-34.975,42.792
26.57,-31.279,43.058
28.997,-28.463,44.175
32.677,-29.574,44.882
35.029,-27.647,42.452
31.756,-26.98,40.517
30.32,-23.569,41.728
33.046,-20.848,42.184
34.623,-22.598,39.118
33.646,-19.975,36.459
35.754,-21.711,33.706
35.196,-18.775,31.286
37.473,-17.383,28.524
37.518,-14.133,30.632
37.244,-12.06,27.414
40.632,-12.843,25.714
42.897,-11.017,28.295
46.212,-11.549,26.326
47.784,-9.046,28.886
49.417,-12.13,30.452
49.685,-15.057,27.985
50.407,-17.698,30.684
52.057,-20.134,28.176
48.72,-20.25,26.256
46.203,-20.376,29.136
47.332,-21.454,32.671
46.769,-18.697,35.282
43.291,-17.128,34.951
44.461,-13.481,34.414
41.952,-11.723,36.756
38.677,-13.642,36.234
39.929,-16.701,38.198
40.315,-14.546,41.362
36.508,-13.862,41.317
35.977,-17.609,41.969
37.952,-17.287,45.269
35.087,-15.563,47.202
31.691,-15.49,45.328
31.011,-11.734,44.779
27.579,-12.407,46.404
24.308,-10.421,46.176
22.828,-12.387,49.152
23.785,-16.12,49.324
24.818,-16.116,45.607
25.376,-19.932,45.654
21.539,-20.546,45.544
20.356,-16.918,44.766
18.018,-17.746,41.758
21.019,-19.258,39.864
20.315,-22.977,40.592
16.587,-23.976,40.501
14.895,-22.555,37.362
11.687,-20.696,38.52
9.259,-23.716,38.998
5.61,-22.748,38.204
2.786,-21.766,35.75
1.255,-25.186,34.6
-0.212,-24.108,31.201
-3.159,-26.292,29.984
-3.064,-28.16,26.624
-6.916,-28.302,26.367
-7.389,-24.743,24.9
-7.692,-23.548,21.196
-4.89,-24.855,18.879
-2.902,-21.966,17.301
-1.812,-23.433,13.89
-1.619,-21.369,10.624
-4.213,-20.875,7.845
-4.233,-18.869,4.561
-0.723,-17.972,3.307
-0.612,-14.638,1.36
1.415,-16.21,-1.538
-1.185,-15.457,-4.241
-3.823,-12.895,-3.079
-7.256,-13.814,-1.485
-11.009,-13.776,-2.655
-10.792,-17.003,-4.817
-12.006,-19.424,-2.016
-14.598,-20.772,-4.527
-11.735,-22.645,-6.282
-11.422,-26.428,-5.791
-7.957,-27.622,-4.619
-5.817,-26.379,-1.629
-5.613,-29.998,-0.208
-4.977,-28.833,3.477
-5.984,-32.45,4.43
-2.807,-32.689,6.586
-3.462,-36.314,7.803
-7.196,-37.219,8.09
-9.282,-35.226,10.638
-8.092,-31.603,9.592
-10.99,-30.489,7.301
-11.095,-27.607,4.716
-13.319,-24.699,5.961
-13.776,-21.522,3.814
-13.533,-19.161,6.872
-11.083,-21.319,8.963
-9.385,-18.677,11.251
-7.703,-16.609,8.438
-10.248,-18.016,5.859
-8.462,-21.412,5.444
-6.568,-20.468,2.25
-9.057,-17.886,0.807
-7.598,-18.444,-2.718
-6.856,-21.193,-5.28
-7.737,-19.72,-8.688
-5.132,-17.213,-10.048
-2.832,-17.445,-6.918
0.624,-18.093,-8.583
0.274,-15.354,-11.289
-2.727,-15.812,-13.668
-3.108,-18.027,-16.758
-6.079,-16.11,-18.293
-8.089,-15.503,-15.073
-7.316,-12.03,-13.553
-8.172,-8.568,-15.033
-10.109,-5.663,-13.227
-11.268,-3.432,-16.202
-8.237,-3.889,-18.483
-6.825,-0.383,-17.777
-9.838,2.041,-17.111
-11.397,3.005,-13.632
-12.495,6.788,-13.539
-10.726,9.792,-11.856
-9.101,8.756,-8.547
-10.194,5.718,-6.452
-7.726,3.421,-4.552
-9.6,0.051,-4.393
-9.413,-0.75,-0.65
-9.658,-4.571,-0.283
-11.737,-5.916,2.623
-10.229,-9.36,3.729
-13.619,-10.189,5.385
-11.76,-13.012,7.259
-14.014,-13.671,10.289
-12.235,-16.334,12.418
-14.22,-19.504,11.441
-16.995,-19.417,14.081
-15.333,-17.651,17.05
-18.831,-16.771,18.677
-19.399,-20.606,18.635
-16.464,-22.239,20.522
-18.664,-23.211,23.578
-17.102,-20.085,25.293
-13.731,-21.48,26.556
-11.266,-21.812,23.627
-11.6,-18.081,22.81
-9.656,-18.027,19.518
-5.929,-17.479,20.317
-4.503,-18.706,16.943
-7.072,-16.482,15.186
-7.899,-12.812,14.217
-4.211,-11.746,13.514
-5.398,-8.156,12.605
-3.231,-5.846,10.378
-0.111,-7.691,9.109
1.241,-7.309,5.525
1.889,-10.859,4.142
3.229,-12.536,7.392
3.766,-16.033,5.795
3.862,-16.855,2.009
6.729,-19.382,1.837
6.288,-20.878,-1.674
9.613,-22.8,-1.58
7.981,-25.886,-3.27
10.041,-28.948,-2.265
10.377,-32.421,-3.791
8.727,-34.725,-1.185
10.598,-37.643,-2.863
14.316,-37.839,-3.913
14.671,-36.787,-7.575
16.878,-34.513,-9.734
15.227,-31.074,-9.377
15.434,-30.128,-13.116
14.255,-26.765,-14.68
16.716,-24.069,-13.478
14.474,-21.283,-14.967
15.662,-18.201,-13.038
18.611,-16.086,-14.187
21.87,-15.829,-12.159
23.403,-15.054,-8.712
27.207,-15.635,-8.32
27.544,-19.464,-8.314
25.408,-22.623,-7.602
26.011,-26.039,-5.841
23.695,-29.092,-5.247
23.734,-32.44,-3.315
21.939,-35.85,-3.084
20.743,-37.608,0.111
18.964,-40.798,1.356
15.831,-38.573,1.885
14.117,-40.909,4.457
16.468,-40.024,7.356
13.948,-39.304,10.181
11.008,-39.394,7.72
8.653,-38.109,10.54
5.301,-37.039,8.928
4.613,-34.283,11.62
2.604,-36.78,13.857
4.298,-35.463,17.054
4.2,-36.848,20.654
2.036,-35.831,23.677
5.072,-35.589,26.04
5.523,-31.752,25.705
9.249,-32.174,24.835
10.063,-34.388,27.895
13.65,-32.972,27.707
15.848,-35.869,28.973
16.927,-38.254,26.153
18.895,-37.548,22.878
22.608,-38.567,23.377
22.612,-42.098,21.793
21.605,-43.981,25.044
18.212,-44.773,23.416
19.287,-45.215,19.67
16.96,-42.691,17.823
13.823,-44.862,17.173
14.383,-47.27,20.139
13.325,-45.344,23.321
12.291,-46.456,26.852
9.239,-44.182,26.237
6.987,-44.975,29.251
6.414,-41.245,29.943
2.619,-40.784,29.59
2.833,-37.103,30.705
5.92,-35.516,32.532
3.666,-33.899,35.254
3.393,-30.287,33.749
-0.467,-30.043,33.805
-1.078,-33.593,35.18
-1.408,-33.613,39.02
-1.084,-30.55,41.401
0.351,-27.115,40.284
4.067,-28.125,39.748
3.55,-30.089,43.069
4.251,-26.63,44.661
8.055,-26.943,44.124
8.15,-30.645,43.071
10.09,-29.552,39.951
13.613,-29.732,41.501
15.029,-32.687,39.393
16.137,-35.886,41.269
14.461,-39.131,39.701
15.907,-38.129,36.27
19.743,-37.565,36.57
20.648,-40.553,38.865
24.436,-39.927,38.223
25.401,-37.325,35.505
28.669,-35.185,35.006
26.653,-32.214,33.496
26.32,-29.311,36.071
23.153,-27.191,36.631
25.581,-24.361,37.417
29.337,-24.069,36.55
29.058,-20.738,38.414
26.487,-18.014,37.614
27.962,-14.862,39.247
26.664,-12.071,36.664
23.307,-11.66,38.578
24.81,-8.457,40.176
21.438,-6.709,40.896
18.133,-8.581,40.184
16.167,-5.313,41.05
15.324,-5.14,37.295
11.849,-6.421,36.139
11.165,-10.177,35.628
9.021,-9.474,32.464
6.712,-12.497,33.05
4.467,-12.395,36.215
5.689,-8.723,36.698
2.699,-6.255,36.499
2.827,-5.256,32.762
4.17,-8.742,31.678
2.987,-10.802,28.653
0.125,-13.333,28.188
2.28,-16.526,28.784
5.008,-16.389,26.058
4.683,-20.08,25.106
1.152,-21.439,24.382
2.302,-25.147,24.245
-1.04,-26.622,23.062
-0.92,-29.652,20.698
1.061,-28.409,17.586
1.283,-31.766,15.612
-2.49,-32.211,16.282
-2.558,-36.082,16.24
0.169,-36.066,19.064
0.385,-39.883,18.692
3.463,-41.612,20.253
1.805,-45.076,20.207
1.911,-47.124,16.884
1.101,-44.076,14.587
4.236,-42.228,15.895
5.409,-40.521,12.608
6.839,-44.006,11.641
10.204,-45.244,13.216
13.144,-43.085,11.977
14.875,-44.648,8.9
18.218,-43.558,10.483
20.701,-45.3,8.091
21.005,-42.562,5.434
24.557,-41.149,5.752
27.286,-42.063,3.207
30.027,-41.085,5.779
33.025,-39.048,4.374
31.744,-39.243,0.713
28.722,-37.05,1.794
31.337,-34.235,1.204
28.534,-31.717,0.416
30.831,-28.92,-0.991
34.1,-30.851,-0.153
35.599,-30.836,3.391
38.926,-31.302,5.36
40.938,-29.541,2.547
39.773,-26.168,4.009
36.939,-24.744,1.668
33.26,-24.196,2.839
34.418,-20.85,4.306
34.934,-17.109,3.528
37.338,-14.473,4.973
36.005,-13.57,8.486
34.659,-15.202,11.706
33.816,-14.5,15.441
35.514,-11.63,17.486
36.745,-8.133,16.39
40.042,-6.415,15.319
41.069,-5.259,18.871
39.878,-8.419,20.709
41.819,-10.712,18.323
42.084,-14.57,18.948
39.216,-15.316,16.404
37.72,-18.753,17.338
41.128,-19.607,18.931
44.275,-18.169,17.206
44.751,-20.25,14.0
44.845,-19.803,10.141
40.982,-19.492,10.297
40.995,-16.181,8.278
44.793,-16.468,7.479
47.227,-13.625,8.769
45.231,-11.21,6.437
43.638,-9.074,9.225
43.972,-5.224,9.55
42.551,-2.3,11.639
41.47,0.194,8.785
40.055,-2.756,6.754
39.781,-6.308,8.242
39.977,-8.262,4.957
40.783,-5.192,2.759
37.099,-4.067,2.977
35.138,-3.512,6.289
36.767,-0.334,7.776
36.731,-1.487,11.492
32.829,-1.258,11.933
31.043,0.227,15.037
32.303,-1.855,17.997
28.874,-2.411,19.646
30.046,-6.039,20.215
33.476,-4.66,21.356
32.152,-2.317,24.132
31.286,-4.055,27.501
33.622,-7.158,27.517
37.432,-6.646,27.13
37.745,-3.393,29.157
35.647,-4.939,32.007
31.967,-3.713,32.276
32.655,-0.251,30.579
29.065,0.758,29.489
26.758,-1.256,31.787
23.097,-0.393,30.972
21.479,0.584,34.357
22.381,-2.637,36.342
23.877,-5.953,34.942
24.062,-6.075,31.065
24.133,-9.907,31.221
20.384,-10.793,30.999
19.293,-7.139,31.682
16.253,-7.833,29.469
14.866,-11.312,28.555
12.513,-12.344,25.675
9.219,-14.306,25.828
7.143,-13.26,22.704
6.639,-16.748,21.056
8.21,-20.236,20.662
6.399,-23.169,22.519
9.268,-23.929,25.045
11.296,-26.31,22.716
13.959,-28.799,23.973
16.294,-25.985,25.165
14.845,-22.644,26.438
13.78,-23.324,30.068
14.854,-19.742,31.036
17.437,-19.598,33.903
20.846,-19.736,32.156
24.231,-20.275,33.951
27.215,-18.537,32.206
29.583,-21.136,30.652
26.897,-23.255,28.95
29.526,-24.884,26.633
28.757,-28.325,28.269
25.11,-28.922,26.987
23.795,-25.305,26.252
20.576,-25.626,28.362
18.835,-28.942,27.529
20.174,-31.991,29.478
19.818,-34.526,26.577
22.461,-36.956,28.082
19.849,-39.696,28.792
18.402,-38.945,32.235
15.071,-40.848,31.655
24.343,9.185,21.377
25.67,11.357,24.275
25.518,15.103,23.416
22.036,16.274,24.659
20.245,19.548,23.556
17.602,19.68,20.73
15.639,22.18,18.478
11.782,22.302,18.154
9.802,22.357,14.857
6.558,24.437,15.426
5.969,23.277,11.765
7.633,26.208,9.784
9.317,26.158,6.257
11.414,23.091,7.318
11.271,20.573,10.229
12.906,17.385,11.643
12.307,14.146,9.522
10.032,12.225,11.962
9.947,8.968,9.963
9.133,6.724,13.033
9.473,3.287,11.309
12.815,3.082,9.45
15.411,0.671,10.933
17.825,-0.24,7.974
20.807,-0.361,10.398
22.123,-3.786,9.267
25.69,-4.853,8.021
25.282,-4.001,4.217
23.894,-7.533,3.292
24.333,-7.199,-0.525
28.153,-6.553,-0.453
28.365,-8.81,2.702
28.368,-11.654,0.093
27.562,-10.527,-3.572
29.893,-13.352,-4.792
29.716,-17.002,-5.91
32.113,-18.584,-8.5
32.727,-17.079,-12.049
29.527,-18.954,-13.247
30.348,-18.424,-17.027
28.143,-19.516,-20.087
27.27,-23.262,-20.281
24.054,-24.671,-18.768
21.828,-25.228,-15.68
19.929,-27.957,-13.704
18.378,-29.475,-16.916
14.754,-30.306,-15.839
16.154,-31.127,-12.353
14.03,-29.353,-9.703
15.575,-31.78,-7.238
16.334,-35.216,-8.861
13.191,-34.713,-11.053
11.559,-31.545,-12.525
9.562,-30.347,-9.426
8.107,-33.154,-7.192
4.669,-32.64,-5.561
3.31,-29.157,-4.55
1.041,-30.177,-1.561
1.32,-26.724,0.206
-1.626,-25.512,-1.983
-1.906,-21.875,-0.641
1.169,-19.485,-0.475
0.075,-16.121,1.208
3.159,-15.888,3.569
1.503,-16.998,6.897
4.304,-15.285,8.975
1.74,-12.483,9.838
4.117,-9.45,9.457
6.953,-9.268,6.86
9.494,-6.575,5.667
10.775,-3.963,8.329
14.589,-3.697,8.797
15.379,-3.874,5.013
18.197,-1.654,3.658
21.865,-1.067,4.616
23.61,1.009,7.32
26.775,-0.189,9.125
29.546,-2.483,7.751
29.853,-5.473,10.214
29.649,-2.905,13.147
26.474,-4.629,14.537
26.983,-8.419,14.009
30.63,-9.417,13.311
32.215,-6.649,15.466
34.201,-8.96,17.896
33.793,-12.754,17.416
34.617,-15.044,14.431
31.56,-16.243,12.478
32.314,-20.001,12.418
32.382,-22.895,14.992
36.005,-23.536,13.949
36.269,-20.236,12.017
39.144,-19.17,14.305
42.906,-19.863,13.667
43.709,-23.157,15.46
45.118,-21.978,18.813
43.016,-19.012,20.055
43.33,-16.392,17.25
39.869,-15.026,16.322
38.784,-13.859,12.83
36.923,-10.569,13.769
35.368,-9.229,10.482
34.966,-5.837,12.305
34.2,-3.859,9.128
36.315,-5.652,6.42
34.688,-3.861,3.363
34.144,-0.528,5.286
33.995,2.436,2.836
30.946,4.706,3.491
28.379,1.932,2.529
25.312,3.348,4.432
22.164,4.015,2.305
19.478,5.113,4.806
19.03,8.701,3.458
15.191,8.86,3.362
12.954,5.771,3.234
10.188,3.904,5.069
8.359,0.478,4.689
5.566,2.106,6.849
2.852,-0.616,6.533
5.473,-3.297,7.564
3.141,-6.302,6.854
2.534,-5.627,3.079
1.914,-9.4,2.297
-0.427,-10.945,-0.358
-3.177,-13.562,0.284
-3.948,-16.4,-2.244
-1.898,-17.251,-5.427
-2.326,-16.764,-9.231
-3.64,-20.254,-10.205
-1.193,-23.157,-11.06
0.068,-24.893,-7.785
-0.006,-27.976,-10.17
-3.595,-28.478,-8.781
-1.917,-30.334,-5.78
-1.822,-33.484,-8.049
1.605,-32.701,-9.592
2.168,-34.047,-13.188
-0.185,-37.08,-12.546
1.717,-39.054,-15.237
5.255,-38.615,-13.763
6.334,-41.842,-15.588
7.878,-40.728,-18.923
11.299,-39.539,-20.262
12.862,-41.229,-17.139
15.971,-42.166,-19.175
18.136,-38.989,-19.715
16.939,-35.349,-20.395
18.267,-34.335,-16.932
21.588,-36.285,-16.514
22.512,-34.342,-13.256
24.702,-32.002,-15.473
25.807,-29.833,-12.504
24.891,-26.067,-12.992
26.763,-22.795,-13.882
24.791,-20.361,-16.179
21.287,-18.693,-15.611
19.228,-21.185,-17.726
21.504,-21.515,-20.844
18.704,-20.599,-23.344
15.577,-22.085,-21.648
12.473,-20.266,-20.29
13.159,-16.67,-21.532
9.524,-15.361,-21.307
8.012,-17.401,-18.374
8.176,-21.228,-18.664
7.354,-22.569,-22.184
3.758,-21.126,-22.056
2.209,-18.332,-19.86
-0.695,-20.535,-18.628
-2.853,-17.794,-16.918
-5.98,-17.229,-19.112
-8.105,-19.997,-17.481
-9.822,-17.413,-15.207
-10.433,-13.614,-15.086
-9.393,-10.935,-12.534
-11.646,-8.047,-11.35
-10.175,-5.172,-9.134
-13.602,-3.442,-9.209
-14.373,-2.879,-12.908
-11.063,-1.334,-13.984
-10.958,1.748,-11.593
-12.471,2.857,-8.216
-13.338,6.631,-7.657
-11.998,10.271,-7.08
-9.024,11.486,-4.916
-6.932,14.756,-4.481
-3.33,13.306,-4.282
-0.425,12.547,-6.715
0.302,14.215,-10.123
2.976,12.615,-12.401
3.196,11.098,-15.929
4.886,7.578,-16.028
3.146,5.88,-19.04
4.565,2.783,-20.91
3.511,0.589,-23.958
0.374,0.79,-26.217
-0.745,-2.823,-27.028
1.552,-4.578,-29.553
4.814,-5.139,-27.638
5.342,-8.882,-26.667
9.088,-8.545,-25.863
10.121,-11.839,-27.538
13.848,-10.961,-27.883
14.778,-11.532,-24.207
18.374,-10.91,-23.073
19.597,-13.393,-20.386
22.738,-11.281,-19.691
26.404,-11.754,-20.749
27.201,-10.805,-17.063
31.044,-10.283,-17.347
31.298,-6.522,-18.219
27.569,-6.68,-19.269
26.071,-4.523,-16.447
23.399,-2.036,-17.682
20.063,-1.023,-16.008
20.059,-0.435,-12.175
23.905,-0.363,-12.329
25.861,-1.071,-9.039
22.498,-2.423,-7.611
21.171,1.282,-7.401
20.753,1.045,-3.494
17.154,0.499,-2.107
15.693,1.524,1.337
11.968,2.224,0.497
8.559,0.376,0.58
9.31,-3.377,0.044
7.289,-5.913,-2.018
5.157,-8.3,0.084
6.158,-12.012,0.394
5.032,-15.559,-0.619
6.074,-19.191,0.289
8.339,-21.831,-1.422
7.842,-25.237,-3.174
9.548,-27.21,-6.084
9.893,-26.279,-9.846
12.768,-26.367,-12.516
12.861,-22.679,-13.815
14.856,-19.522,-12.614
17.562,-16.802,-13.112
20.561,-15.8,-10.873
22.043,-13.082,-8.578
25.155,-14.9,-7.265
26.636,-18.318,-8.174
23.567,-20.54,-7.579
25.91,-23.479,-8.289
25.21,-25.989,-5.443
23.17,-29.195,-4.836
23.519,-32.006,-2.205
21.667,-35.318,-1.397
24.096,-37.861,0.211
27.587,-36.497,1.141
27.281,-38.08,4.593
26.812,-41.431,2.791
27.793,-43.332,5.991
24.299,-42.995,7.619
25.164,-45.634,10.309
25.303,-43.39,13.428
24.768,-46.62,15.562
21.314,-45.161,16.503
18.507,-47.526,15.229
20.146,-48.861,11.961
22.754,-50.928,13.961
20.077,-53.401,15.272
16.494,-51.961,15.145
16.542,-50.603,11.484
13.893,-47.99,10.327
12.106,-48.508,13.756
8.792,-49.8,12.181
6.858,-49.595,15.517
3.653,-51.327,14.151
2.515,-48.073,12.368
4.523,-45.422,14.323
7.624,-44.243,12.325
8.696,-46.319,9.266
10.897,-44.54,6.539
10.984,-47.699,4.294
12.851,-46.799,1.021
11.133,-49.597,-1.04
8.306,-47.285,-2.296
5.331,-48.785,-0.285
3.336,-45.459,0.069
-0.373,-46.157,1.037
-0.241,-48.247,4.26
3.334,-47.348,5.351
2.365,-43.674,4.675
-1.121,-41.843,5.051
-1.154,-41.551,1.2
1.92,-40.048,-0.648
1.179,-36.461,0.495
1.826,-35.323,4.153
-1.679,-36.725,4.862
-5.418,-36.186,3.906
-4.492,-32.406,3.818
-5.772,-30.863,0.517
-6.459,-27.459,2.189
-6.12,-24.573,-0.331
-7.127,-20.993,0.711
-6.011,-20.2,4.307
-8.949,-21.037,6.636
-7.306,-19.245,9.658
-5.944,-16.453,7.363
-9.551,-15.467,6.491
-10.448,-14.315,10.146
-7.991,-12.17,12.272
-5.169,-11.671,9.679
-7.252,-10.152,6.799
-9.857,-8.704,9.298
-7.184,-6.078,10.122
-5.912,-3.775,7.197
-2.587,-4.379,5.278
-0.979,-1.318,7.124
-0.959,-3.203,10.491
2.539,-1.721,11.129
2.745,-2.424,14.885
0.665,-2.022,18.158
-1.546,-4.665,19.863
-4.882,-4.539,21.781
-6.562,-7.212,24.087
-9.532,-9.237,22.628
-8.044,-8.612,19.087
-10.035,-10.993,16.776
-10.74,-13.534,19.622
-11.228,-16.45,17.082
-13.656,-14.158,15.051
-15.9,-17.334,14.851
-15.731,-19.931,11.957
-13.647,-23.19,11.764
-14.082,-23.964,15.579
-11.784,-26.385,17.571
-10.166,-28.175,14.552
-9.21,-24.771,12.998
-6.532,-26.06,10.52
-8.648,-29.229,9.686
-9.07,-32.258,12.053
-5.36,-32.763,12.833
-5.677,-34.861,16.078
-2.018,-35.96,15.636
0.892,-34.158,13.813
1.056,-30.282,13.84
-0.793,-29.348,10.542
0.85,-32.59,9.091
4.407,-32.559,7.56
6.176,-34.035,4.451
8.829,-35.378,6.895
6.612,-38.407,7.765
9.15,-40.684,5.923
12.903,-40.364,5.044
12.759,-39.771,1.201
10.953,-43.171,0.664
10.473,-42.88,-3.149
8.444,-39.64,-3.542
11.688,-37.597,-4.104
14.133,-40.438,-5.029
17.303,-38.651,-3.666
18.152,-41.851,-1.677
20.48,-42.969,-4.665
23.554,-40.644,-4.595
24.8,-39.463,-8.02
28.155,-37.572,-7.744
26.705,-34.026,-7.162
27.125,-32.858,-3.534
28.666,-36.187,-2.446
32.118,-36.492,-4.152
32.506,-32.928,-5.633
34.903,-31.218,-3.083
32.633,-32.293,-0.122
33.466,-29.196,2.014
37.282,-28.682,2.448
37.25,-24.815,2.35
35.122,-22.407,0.22
37.711,-20.561,-2.051
40.642,-21.794,0.262
42.668,-18.481,0.313
40.816,-16.499,3.087
43.298,-14.455,5.197
41.35,-11.4,6.434
40.711,-9.779,9.886
44.464,-10.264,10.703
44.871,-7.421,13.318
42.561,-5.491,10.884
40.12,-4.743,13.751
41.48,-1.57,15.463
38.019,-0.953,17.077
35.959,-4.116,18.046
34.765,-2.855,21.47
36.555,-0.333,23.786
38.606,1.504,21.068
42.083,1.336,22.732
45.256,-0.852,22.381
43.744,-3.572,20.056
46.64,-5.844,21.226
50.289,-4.649,21.5
50.952,-3.738,17.817
54.168,-1.724,18.434
54.086,-0.73,14.69
53.92,-4.561,14.033
57.474,-6.077,14.287
57.512,-7.512,10.701
54.908,-10.319,11.321
55.104,-12.768,14.374
51.77,-13.906,12.844
53.677,-15.29,9.792
51.098,-17.927,8.615
48.232,-16.768,10.853
48.827,-17.086,14.75
49.808,-13.609,16.057
46.495,-12.15,17.361
47.284,-14.058,20.675
48.33,-12.702,24.187
45.418,-10.249,24.715
42.866,-8.476,22.394
42.094,-9.068,18.62
40.947,-12.445,20.053
37.833,-12.667,22.323
39.784,-11.355,25.389
37.083,-8.925,26.485
34.546,-11.761,26.453
31.205,-10.103,25.382
29.729,-9.303,28.911
29.505,-5.456,29.017
29.377,-5.451,32.865
33.134,-5.214,33.836
33.823,-8.191,31.412
33.272,-10.938,34.013
36.486,-13.086,33.836
35.64,-14.87,30.527
31.967,-13.77,30.122
30.757,-16.463,32.646
27.146,-15.784,31.468
24.559,-18.478,30.575
21.138,-17.124,31.743
22.146,-14.48,34.378
25.556,-13.093,35.52
25.475,-9.732,37.399
22.668,-7.727,35.675
23.082,-9.514,32.282
19.509,-10.995,32.375
17.15,-8.966,30.003
15.873,-12.464,28.982
13.045,-12.342,26.396
9.701,-13.538,27.876
7.967,-14.037,24.458
6.504,-17.037,22.506
8.419,-20.011,24.003
6.155,-22.713,25.678
7.917,-23.313,29.066
10.713,-25.77,27.9
13.991,-24.177,29.188
14.247,-25.168,32.918
15.603,-28.761,33.363
14.0,-30.829,30.492
14.798,-33.906,32.685
15.43,-35.288,36.22
18.592,-34.887,38.349
18.555,-38.438,39.887
20.389,-37.757,43.208
17.331,-38.867,45.225
15.015,-36.932,42.844
12.27,-37.58,40.226
11.573,-34.448,38.091
8.833,-35.937,35.841
8.986,-32.837,33.536
6.084,-34.454,31.483
8.41,-35.182,28.516
7.217,-36.913,25.292
8.47,-37.896,21.772
7.457,-34.382,20.523
7.908,-31.977,23.502
7.218,-31.401,27.261
4.673,-29.594,29.522
23.355,14.099,13.512
21.269,15.597,16.368
22.839,14.845,19.791
22.152,15.934,23.456
20.295,19.27,22.772
17.227,19.435,20.403
15.383,22.0,18.194
11.589,22.351,17.541
9.893,22.255,14.068
6.816,24.609,14.187
4.38,23.737,11.307
2.72,27.298,10.38
5.71,27.963,8.005
6.298,24.304,6.901
4.634,22.416,3.946
0.914,21.859,4.82
-2.405,21.575,2.721
-2.95,24.528,0.285
-5.042,26.783,2.59
-6.384,29.491,0.144
-2.841,30.036,-1.277
-3.158,27.434,-4.104
-2.498,29.435,-7.39
-4.863,28.972,-10.552
-4.246,25.226,-9.54
-3.615,24.315,-13.249
-0.948,27.013,-14.379
1.346,23.945,-14.855
0.808,20.183,-15.783
0.865,20.962,-19.595
-1.423,19.331,-22.295
1.573,17.224,-23.582
-0.392,14.165,-22.257
-2.291,13.809,-25.603
-0.249,13.666,-28.875
-3.087,11.802,-30.662
-1.765,8.214,-30.889
-4.24,5.882,-29.108
-3.688,2.409,-30.815
-3.818,1.698,-34.599
-6.189,-1.121,-36.084
-6.03,-4.946,-36.012
-8.451,-7.891,-35.861
-11.619,-5.778,-35.361
-13.69,-8.907,-36.184
-17.251,-7.424,-36.042
-19.984,-10.109,-35.277
-17.028,-12.642,-35.248
-18.788,-15.396,-37.271
-18.49,-18.705,-35.313
-14.662,-19.307,-35.259
-14.477,-21.721,-32.234
-18.22,-22.658,-32.184
-17.31,-26.429,-32.006
-17.021,-26.618,-35.85
-13.787,-28.707,-36.078
-12.456,-27.622,-32.645
-11.498,-31.02,-31.13
-10.462,-29.774,-27.625
-8.61,-26.494,-28.442
-8.699,-25.741,-24.657
-12.407,-26.102,-23.889
-13.036,-29.94,-23.409
-16.627,-29.636,-24.871
-17.112,-33.434,-24.046
-16.82,-33.899,-27.887
-15.149,-37.222,-28.849
-16.792,-39.431,-31.585
-20.255,-39.737,-29.854
-21.8,-39.824,-26.305
-18.707,-41.625,-24.885
-19.496,-41.471,-21.163
-16.783,-39.812,-19.021
-15.377,-42.972,-17.334
-18.482,-44.85,-18.625
-20.742,-42.629,-16.398
-23.507,-45.27,-16.837
-25.718,-43.715,-14.072
-26.13,-47.091,-12.25
-28.311,-47.917,-9.106
-27.925,-44.512,-7.248
-27.522,-42.766,-10.672
-25.033,-40.003,-11.669
-27.057,-37.137,-10.118
-24.879,-34.043,-10.702
-25.95,-30.658,-9.222
-26.124,-28.312,-12.276
-23.462,-25.644,-11.465
-21.297,-25.978,-14.601
-23.007,-28.342,-17.082
-22.315,-28.666,-20.88
-23.97,-25.255,-21.633
-20.533,-23.561,-21.983
-21.133,-21.017,-24.794
-19.9,-17.42,-24.296
-19.144,-16.759,-28.001
-17.726,-13.247,-27.275
-14.849,-14.101,-24.838
-11.587,-12.346,-25.815
-9.484,-14.754,-23.684
-5.684,-15.14,-24.504
-4.233,-18.727,-24.681
-0.62,-17.609,-25.328
1.494,-14.596,-26.488
-0.639,-13.421,-29.465
1.798,-11.405,-31.701
4.862,-9.365,-30.556
2.845,-6.684,-28.571
4.639,-7.946,-25.396
8.279,-6.936,-25.993
9.058,-3.496,-27.607
6.19,-2.276,-25.357
5.636,1.557,-25.177
9.313,2.529,-24.374
11.635,2.667,-21.268
9.122,4.769,-19.261
5.593,5.964,-20.254
5.09,9.856,-19.81
8.415,11.298,-21.04
11.919,9.945,-21.841
14.111,13.159,-21.983
12.917,16.342,-20.1
10.642,15.274,-17.183
11.015,11.454,-17.351
10.284,9.904,-13.82
11.934,9.614,-10.321
10.769,8.11,-6.938
11.673,6.486,-3.547
13.231,2.95,-3.602
10.517,1.822,-1.068
7.529,-0.283,-2.392
5.139,2.71,-1.993
5.458,6.457,-2.748
3.465,6.848,0.524
6.472,5.527,2.571
8.156,8.937,1.806
11.663,7.68,2.911
14.104,10.261,1.366
12.491,10.054,-2.171
13.62,11.657,-5.488
15.91,9.083,-7.249
18.731,9.304,-4.541
21.586,7.65,-6.59
23.724,7.208,-3.408
22.791,4.794,-0.524
23.302,7.652,2.056
22.103,5.039,4.703
19.001,7.23,5.321
18.696,8.086,9.058
21.727,5.767,9.759
22.749,2.021,9.808
21.425,-0.859,7.46
17.65,-1.538,6.754
17.399,2.198,5.721
13.808,2.346,4.237
12.538,-0.916,5.89
13.784,-2.891,2.772
10.021,-3.688,2.228
10.284,-7.086,4.091
7.553,-9.125,2.398
6.815,-12.609,3.911
6.731,-13.579,7.646
3.138,-14.796,8.376
0.99,-17.071,6.135
-1.569,-14.862,4.32
-4.165,-17.392,3.028
-5.794,-14.784,0.716
-2.826,-14.324,-1.73
-0.977,-17.703,-1.425
0.416,-17.284,-5.003
-1.749,-15.087,-7.277
-5.274,-16.649,-7.201
-6.825,-15.33,-10.485
-10.015,-17.337,-9.607
-11.999,-14.049,-9.468
-14.733,-12.177,-11.447
-14.783,-8.634,-9.942
-16.286,-6.214,-12.661
-13.433,-3.636,-12.295
-10.785,-3.644,-15.104
-9.425,-0.339,-13.683
-12.614,0.992,-12.016
-11.852,3.232,-9.007
-15.369,4.831,-9.417
-14.307,7.604,-6.931
-13.043,5.302,-4.096
-15.148,2.107,-4.581
-14.221,-1.611,-4.215
-16.132,-4.808,-5.129
-14.768,-8.363,-4.587
-15.783,-11.782,-5.997
-16.014,-14.649,-3.46
-13.528,-17.465,-4.622
-16.464,-20.013,-4.772
-14.084,-23.009,-5.212
-11.351,-23.808,-2.622
-8.416,-24.64,-4.995
-8.862,-26.652,-8.244
-5.243,-25.641,-9.255
-6.59,-24.501,-12.718
-4.327,-25.1,-15.861
-2.95,-21.56,-16.514
-0.806,-20.418,-13.495
2.355,-20.419,-15.682
2.895,-20.456,-19.486
6.532,-21.583,-18.934
9.153,-21.051,-16.073
8.428,-24.554,-14.67
7.539,-25.986,-11.248
10.983,-27.69,-11.239
11.074,-28.589,-7.514
7.49,-29.892,-7.917
6.805,-30.494,-4.186
3.599,-28.429,-4.551
1.384,-31.101,-2.877
3.949,-30.882,0.007
2.766,-33.77,2.26
5.2,-36.644,1.365
3.258,-38.204,-1.656
5.388,-41.353,-1.055
2.751,-41.644,1.792
4.76,-43.906,4.193
6.597,-46.117,1.61
9.612,-43.653,1.711
11.257,-45.127,-1.469
7.813,-45.859,-3.113
9.353,-46.531,-6.575
11.834,-43.678,-7.118
8.89,-41.514,-8.277
10.732,-38.493,-9.736
13.913,-40.693,-10.132
15.715,-38.368,-12.598
17.284,-35.646,-10.395
17.454,-32.62,-12.779
17.052,-28.778,-13.069
19.853,-26.184,-12.686
18.585,-22.55,-12.751
16.203,-19.948,-14.298
17.576,-17.077,-12.143
19.648,-13.919,-12.666
22.875,-12.368,-11.358
24.196,-11.384,-7.863
26.877,-14.029,-7.187
28.198,-17.172,-8.995
25.651,-20.028,-8.562
27.19,-23.463,-7.828
24.826,-26.511,-7.759
23.882,-29.163,-5.153
25.272,-32.753,-5.135
23.49,-35.77,-3.46
26.73,-37.107,-1.793
25.275,-37.332,1.763
21.576,-36.985,0.637
21.87,-40.51,-0.88
21.059,-42.563,2.277
24.319,-42.077,4.293
22.501,-41.678,7.671
19.679,-44.146,6.748
19.312,-45.762,10.248
18.972,-42.813,12.666
16.498,-43.929,15.405
15.313,-46.319,12.617
16.263,-49.779,14.058
12.585,-50.706,13.533
10.635,-50.489,10.206
8.681,-47.38,11.53
5.341,-49.308,11.512
5.297,-51.853,8.609
4.864,-49.761,5.393
8.16,-50.382,3.506
9.622,-52.786,0.838
11.683,-55.255,3.002
15.553,-55.025,2.995
15.041,-54.371,-0.779
14.14,-50.641,-0.173
17.088,-48.206,-0.953
17.0,-44.486,0.059
17.259,-42.76,-3.405
17.695,-39.29,-1.779
14.973,-37.147,-3.473
11.155,-36.514,-3.538
9.986,-40.095,-4.338
6.774,-39.114,-6.259
5.7,-35.639,-7.589
1.878,-34.971,-7.709
0.453,-38.517,-8.383
-1.788,-39.482,-5.282
-2.912,-35.795,-5.014
-2.356,-35.527,-1.145
-2.628,-31.715,-1.593
-1.268,-29.839,1.508
-3.455,-31.396,4.267
-7.081,-30.226,5.083
-8.256,-30.285,1.414
-11.753,-29.284,2.621
-12.014,-26.926,5.621
-15.156,-27.292,7.836
-16.292,-23.68,8.777
-16.886,-21.747,12.054
-13.837,-19.415,12.23
-13.802,-18.582,8.43
-17.345,-17.033,8.313
-15.952,-13.438,8.342
-18.077,-10.849,6.242
-15.377,-10.74,3.436
-16.328,-14.288,2.198
-19.271,-15.13,4.601
-19.507,-18.77,3.341
-17.242,-18.207,0.174
-19.624,-19.003,-2.917
-22.184,-16.287,-1.877
-21.566,-13.53,-4.609
-21.332,-15.902,-7.661
-21.297,-13.373,-10.572
-19.183,-15.522,-12.917
-20.525,-17.166,-16.101
-17.116,-17.293,-17.934
-18.269,-20.293,-20.147
-15.153,-19.965,-22.495
-15.74,-20.868,-26.185
-14.54,-18.246,-28.734
-11.1,-17.374,-27.193
-10.599,-14.593,-29.838
-7.231,-13.103,-28.712
-8.034,-9.407,-29.733
-5.554,-9.65,-32.695
-4.538,-5.96,-32.481
-0.74,-5.31,-32.155
-0.243,-2.259,-34.419
1.427,0.581,-32.372
1.687,0.475,-28.506
3.378,3.881,-27.77
3.543,7.624,-28.762
0.405,8.568,-26.688
2.548,10.738,-24.293
1.646,11.551,-20.617
3.093,13.753,-17.785
5.209,12.163,-14.993
3.349,13.903,-12.112
2.63,10.291,-10.91
4.718,11.097,-7.763
1.994,13.414,-6.252
2.494,13.776,-2.374
1.068,10.49,-0.918
1.958,9.684,2.731
-0.31,6.843,3.946
-1.201,3.933,1.518
-0.866,1.045,4.07
-0.706,3.354,7.192
1.804,0.931,8.912
0.721,-2.769,8.585
2.923,-5.806,9.462
3.606,-6.077,5.626
4.868,-9.689,6.14
2.489,-11.287,3.554
3.954,-14.828,3.034
2.993,-16.922,-0.105
2.222,-20.678,0.504
1.565,-21.903,-3.101
3.571,-22.306,-6.375
1.795,-23.875,-9.5
-0.412,-27.049,-9.501
0.139,-28.282,-13.109
3.927,-28.816,-12.494
4.689,-27.171,-15.954
7.818,-27.96,-18.125
11.255,-26.998,-16.627
11.843,-24.922,-19.851
15.501,-23.92,-18.978
17.679,-21.177,-20.641
21.405,-20.25,-21.217
21.591,-18.672,-17.677
23.919,-15.631,-17.868
24.985,-15.451,-14.172
27.841,-18.049,-13.83
30.518,-15.264,-13.942
28.565,-12.237,-12.564
29.71,-12.593,-8.907
32.235,-10.311,-7.04
32.321,-11.994,-3.558
29.962,-14.81,-2.377
30.312,-15.669,1.366
32.973,-14.088,3.662
31.641,-10.744,5.134
30.909,-10.715,8.943
29.374,-7.167,8.522
32.667,-5.386,9.6
34.39,-6.607,6.358
32.057,-4.452,4.143
31.269,-2.043,7.106
27.62,-1.981,5.778
28.215,1.022,3.433
30.809,3.792,2.644
33.257,0.833,2.305
31.245,-1.958,0.531
30.875,-2.377,-3.299
27.419,-0.692,-3.025
27.874,3.006,-2.048
27.186,5.431,-4.949
25.638,5.02,-8.472
29.233,4.525,-10.017
29.643,1.63,-7.431
32.236,3.078,-4.985
34.294,6.163,-4.048
38.143,5.954,-3.926
38.932,8.108,-0.708
37.275,6.403,2.344
36.991,9.132,5.055
39.237,11.145,7.457
37.733,9.016,10.308
36.191,5.694,9.107
36.29,3.771,12.445
32.99,1.755,12.082
33.056,-0.467,15.222
31.189,-3.392,13.512
28.601,-0.792,12.287
27.526,-0.063,15.915
24.606,-2.48,16.354
25.59,-5.552,18.541
29.287,-4.433,18.139
30.27,-6.533,21.222
29.622,-9.896,19.488
32.31,-11.422,21.845
32.971,-14.797,20.034
34.235,-15.824,23.479
37.203,-13.358,23.776
37.518,-14.363,27.48
37.665,-18.159,28.087
35.257,-19.199,30.978
32.039,-19.787,28.839
32.528,-16.319,27.16
32.999,-14.852,30.774
31.893,-11.325,29.661
28.155,-12.055,30.007
26.739,-8.559,29.435
23.31,-9.455,30.967
21.391,-12.798,30.557
18.95,-11.64,33.329
16.685,-9.976,30.703
14.41,-12.965,29.798
11.679,-12.92,27.071
8.28,-14.566,26.346
6.983,-13.191,22.924
6.427,-16.631,21.209
8.331,-19.904,20.563
7.223,-22.25,23.418
4.297,-23.766,21.447
3.17,-25.958,24.413
6.263,-25.522,26.696
4.749,-22.36,28.264
5.572,-22.833,32.031
4.081,-26.387,32.336
4.986,-26.422,36.071
7.76,-29.047,36.005
9.055,-27.863,39.497
12.024,-26.682,37.346
14.56,-24.12,38.584
18.227,-24.481,37.373
20.461,-27.56,38.038
19.204,-31.022,36.728
16.093,-29.272,35.267
17.619,-29.186,31.73
14.821,-31.317,30.189
14.953,-31.685,26.375
12.657,-34.789,26.103
10.693,-33.787,22.925
9.361,-30.708,21.043
6.481,-29.593,23.364
4.168,-28.231,20.627
0.819,-30.087,20.864
-0.982,-27.823,18.328
24.628,9.665,21.986
25.809,11.418,25.202
25.663,15.149,24.242
21.971,16.143,24.765
20.189,19.385,23.559
17.671,19.526,20.63
15.72,22.089,18.453
11.875,22.247,18.003
9.878,22.362,14.712
6.641,24.478,15.274
6.099,23.676,11.5
7.169,27.24,10.201
9.256,26.634,6.977
10.871,23.216,7.727
10.824,20.422,10.393
12.711,17.338,11.76
13.02,14.081,9.582
11.562,11.802,12.358
9.84,9.09,10.221
9.038,6.775,13.251
9.396,3.345,11.508
12.714,3.217,9.596
15.604,1.098,10.962
17.99,0.467,7.912
21.019,0.092,10.272
21.68,-3.537,9.117
25.3,-4.632,8.001
24.723,-3.99,4.189
23.901,-7.73,3.421
23.989,-7.324,-0.427
27.693,-6.273,-0.727
28.409,-8.268,2.534
28.118,-11.389,0.261
27.586,-10.445,-3.497
29.889,-13.414,-4.395
29.469,-16.917,-5.859
32.26,-17.758,-8.389
32.658,-16.296,-11.971
29.765,-18.693,-12.987
30.684,-18.32,-16.773
28.717,-19.602,-19.944
27.775,-23.334,-20.242
24.302,-24.571,-19.154
21.909,-25.302,-16.214
20.154,-27.969,-14.05
18.196,-29.35,-17.072
14.947,-30.867,-15.622
16.851,-31.486,-12.325
15.011,-29.538,-9.571
16.314,-32.209,-7.203
16.934,-35.597,-8.969
13.758,-34.985,-11.087
12.18,-31.733,-12.413
10.212,-30.379,-9.361
8.656,-32.969,-6.963
5.132,-32.417,-5.556
3.738,-28.956,-4.595
1.344,-30.099,-1.735
1.439,-26.681,0.111
-1.469,-25.563,-2.187
-2.027,-22.03,-0.739
0.875,-19.446,-0.493
-0.631,-16.203,1.089
2.462,-15.598,3.319
1.138,-16.749,6.782
4.139,-14.865,8.303
1.856,-12.112,9.829
4.255,-9.093,9.389
7.138,-8.733,6.856
9.75,-6.111,5.708
10.649,-3.267,8.28
14.444,-2.937,8.911
15.401,-3.182,5.176
18.294,-1.173,3.684
22.013,-0.601,4.363
23.585,1.5,7.15
25.987,-0.542,9.287
29.19,-2.187,7.916
29.98,-5.199,10.234
30.167,-2.902,13.387
26.883,-4.449,14.731
27.424,-8.042,13.444
31.015,-9.5,13.563
32.654,-6.618,15.517
35.006,-8.989,17.529
34.107,-12.687,17.005
34.756,-15.058,14.052
31.598,-16.098,12.154
32.25,-19.871,12.234
32.314,-22.709,14.856
35.8,-23.818,13.723
36.886,-20.206,12.937
39.374,-20.279,15.874
43.089,-21.278,15.446
45.021,-23.262,18.147
45.923,-19.949,19.879
42.573,-18.12,20.376
42.377,-16.604,16.856
38.776,-15.48,16.303
39.109,-13.497,13.017
37.299,-10.119,13.734
35.571,-9.0,10.455
34.972,-5.673,12.329
34.318,-3.489,9.241
36.436,-5.071,6.415
34.609,-3.364,3.431
34.2,-0.044,5.383
34.013,2.683,2.669
30.971,4.867,3.683
28.403,2.37,2.116
25.356,3.655,4.146
22.141,4.675,2.302
19.343,5.208,4.868
18.394,8.736,3.644
14.552,8.563,3.761
11.801,5.907,3.409
9.505,3.737,5.556
7.881,0.229,5.106
4.554,1.817,6.202
2.435,-1.098,4.966
5.023,-3.532,6.565
3.353,-6.867,5.524
1.97,-6.218,1.97
2.097,-9.959,0.875
-0.848,-11.405,-1.196
-3.652,-13.815,-0.129
-3.913,-17.06,-2.232
-1.83,-17.661,-5.454
-2.438,-16.846,-9.175
-3.439,-20.399,-10.32
-0.767,-23.106,-11.178
0.563,-24.974,-8.0
-0.156,-28.11,-10.195
-3.508,-28.211,-8.25
-1.581,-30.273,-5.542
-1.591,-33.273,-8.011
1.895,-32.622,-9.481
2.473,-33.895,-13.097
-0.071,-36.807,-12.662
1.725,-38.652,-15.521
5.339,-38.157,-14.214
6.663,-41.416,-15.83
8.074,-40.285,-19.204
11.5,-39.33,-20.715
13.042,-41.003,-17.587
16.109,-42.028,-19.65
18.503,-39.002,-20.19
17.242,-35.356,-20.825
18.651,-34.26,-17.416
21.89,-36.259,-16.76
22.784,-34.233,-13.537
24.658,-31.628,-15.741
25.513,-29.207,-12.852
24.863,-25.419,-13.555
26.905,-22.267,-14.409
24.719,-20.303,-16.943
21.227,-19.163,-15.524
18.927,-21.546,-17.502
20.792,-21.238,-20.883
17.776,-21.951,-23.213
15.119,-22.951,-20.584
12.183,-20.461,-20.294
13.7,-16.977,-21.089
10.275,-15.378,-21.931
8.062,-16.883,-19.115
8.388,-20.662,-18.465
7.375,-23.085,-21.29
3.727,-21.78,-21.431
1.884,-18.855,-19.69
-0.95,-20.802,-17.967
-2.79,-17.608,-16.791
-6.001,-16.82,-18.782
-7.744,-20.063,-17.584
-9.392,-17.606,-15.099
-10.109,-13.822,-15.206
-9.265,-11.177,-12.551
-11.544,-8.317,-11.357
-10.273,-5.332,-9.164
-13.805,-3.79,-9.145
-14.671,-2.823,-12.731
-11.332,-1.183,-13.561
-11.283,1.659,-10.843
-12.358,2.725,-7.316
-13.438,6.409,-7.82
-11.96,9.963,-7.107
-8.903,11.164,-5.027
-7.393,14.661,-4.338
-3.705,13.505,-4.072
-0.903,12.576,-6.582
-0.361,14.314,-9.988
2.375,13.162,-12.475
2.576,11.52,-15.956
4.489,8.113,-15.828
2.877,6.125,-18.722
4.492,3.516,-21.074
3.534,0.933,-23.834
0.544,1.048,-26.279
-0.736,-2.497,-27.114
1.575,-4.182,-29.695
4.901,-4.646,-27.851
5.589,-8.323,-26.744
9.392,-8.039,-26.157
10.181,-11.521,-27.566
14.002,-11.09,-27.74
15.391,-11.277,-24.157
19.035,-11.372,-22.955
19.596,-14.531,-20.814
22.526,-12.704,-19.105
25.965,-11.903,-20.618
27.195,-11.555,-16.953
31.036,-11.195,-17.449
31.525,-7.391,-17.95
27.873,-7.107,-19.226
26.577,-4.872,-16.371
24.106,-2.253,-17.756
20.97,-0.783,-16.023
20.704,-0.662,-12.152
24.494,0.019,-11.928
25.867,-0.821,-8.374
22.266,-1.989,-7.457
21.362,1.815,-7.045
21.352,1.334,-3.144
17.802,0.24,-2.04
16.199,1.283,1.316
12.878,2.96,0.364
9.475,1.25,1.021
10.108,-2.428,-0.035
6.921,-4.546,-0.203
5.885,-8.167,-0.879
5.926,-11.775,0.496
4.915,-15.363,-0.525
5.851,-19.03,0.401
8.049,-21.735,-1.338
7.314,-24.94,-3.432
8.776,-26.977,-6.402
8.903,-25.887,-10.131
11.732,-26.038,-12.888
12.437,-22.373,-14.013
14.651,-19.518,-12.521
17.605,-17.043,-12.824
20.629,-16.135,-10.6
22.093,-13.221,-8.576
25.15,-15.054,-7.238
26.376,-18.515,-8.343
23.552,-20.974,-7.435
26.024,-23.724,-8.479
25.35,-25.964,-5.432
23.29,-29.147,-4.784
23.585,-32.029,-2.223
21.784,-35.321,-1.267
24.303,-37.916,0.135
27.811,-36.508,1.029
27.362,-37.974,4.524
26.84,-41.415,2.886
27.559,-43.296,6.175
23.977,-42.901,7.61
24.604,-45.644,10.252
24.919,-43.595,13.508
24.863,-47.046,15.369
21.334,-45.958,16.511
18.104,-47.72,15.309
19.639,-49.08,12.004
22.122,-51.018,14.256
19.388,-53.744,14.778
15.819,-52.211,14.779
16.207,-50.601,11.254
13.808,-47.773,10.09
12.045,-48.198,13.516
8.631,-49.436,12.188
6.956,-49.277,15.657
3.726,-51.097,14.536
2.335,-47.956,12.708
4.384,-45.198,14.438
7.507,-43.92,12.538
8.541,-45.957,9.43
10.871,-44.504,6.646
10.871,-47.842,4.658
12.665,-47.122,1.299
10.784,-50.018,-0.469
8.249,-47.576,-2.038
5.121,-48.777,-0.08
3.475,-45.271,0.259
-0.269,-46.146,0.712
-0.148,-48.397,3.846
3.161,-47.175,5.428
2.249,-43.48,4.844
-1.29,-41.71,5.065
-1.103,-41.567,1.205
2.225,-40.151,-0.186
1.38,-36.504,0.593
1.944,-35.185,4.19
-1.54,-36.596,5.006
-5.319,-35.987,4.306
-4.299,-32.269,3.927
-5.645,-31.112,0.498
-6.379,-27.643,1.988
-6.053,-24.7,-0.465
-7.188,-21.116,0.439
-6.292,-20.046,4.03
-9.591,-20.787,5.868
-7.954,-19.691,9.196
-6.362,-16.641,7.414
-9.88,-15.38,6.448
-10.647,-14.543,10.201
-7.988,-12.645,12.321
-5.257,-11.981,9.66
-7.347,-10.493,6.768
-9.849,-8.936,9.28
-7.166,-6.373,10.224
-5.671,-4.127,7.373
-2.284,-5.24,5.841
-0.636,-1.865,7.063
-0.818,-3.143,10.711
2.506,-1.265,11.329
2.701,-1.837,15.115
0.551,-1.7,18.384
-1.685,-4.476,19.848
-5.189,-4.398,21.482
-6.797,-7.026,23.898
-9.55,-9.329,22.401
-7.969,-8.678,18.907
-9.841,-11.124,16.551
-10.692,-13.72,19.315
-10.807,-16.358,16.439
-13.601,-14.165,14.814
-15.893,-17.31,14.845
-16.021,-20.216,12.278
-13.907,-23.439,12.1
-14.194,-24.161,15.937
-11.401,-26.311,17.585
-9.92,-27.83,14.354
-9.11,-24.42,12.694
-6.462,-25.753,10.194
-8.425,-29.07,9.562
-8.789,-32.005,12.071
-5.027,-32.242,12.716
-5.501,-34.515,15.801
-1.771,-35.397,15.735
1.319,-34.097,13.818
1.89,-30.246,13.742
-0.256,-29.202,10.647
1.006,-32.583,9.109
4.509,-32.643,7.451
6.21,-34.182,4.327
9.002,-35.387,6.691
6.753,-38.25,7.938
8.765,-40.535,5.54
12.585,-40.34,5.029
12.57,-40.128,1.145
10.754,-43.548,0.679
10.5,-43.274,-3.154
8.306,-40.131,-3.572
11.532,-38.03,-4.076
14.159,-40.739,-4.906
17.233,-38.787,-3.591
18.347,-42.002,-1.772
20.374,-42.977,-5.023
23.41,-40.593,-4.979
24.509,-39.036,-8.318
27.966,-37.297,-7.907
26.579,-33.713,-7.464
27.066,-32.871,-3.764
28.611,-36.158,-2.643
31.875,-36.531,-4.66
32.767,-32.93,-5.748
35.152,-30.93,-3.404
33.037,-32.071,-0.367
33.277,-29.534,2.529
36.922,-28.296,2.951
36.503,-24.567,1.986
35.287,-22.095,-0.7
38.014,-20.308,-2.857
40.879,-21.295,-0.327
42.93,-18.016,-0.535
41.051,-16.063,2.22
43.334,-13.925,4.444
41.169,-11.209,6.098
40.758,-9.756,9.656
44.544,-10.384,10.297
44.921,-7.846,13.22
42.591,-5.682,11.016
40.223,-5.064,13.96
41.825,-1.753,15.134
38.518,-0.744,16.907
36.315,-3.78,17.996
34.86,-2.222,21.198
36.48,0.409,23.499
38.416,1.871,20.514
42.095,1.717,21.724
45.245,-0.562,21.84
43.984,-3.513,19.626
46.838,-5.664,21.107
50.275,-4.042,21.817
51.386,-3.67,18.138
54.46,-1.356,18.539
54.096,-0.865,14.7
54.182,-4.734,14.577
57.695,-6.332,14.501
57.267,-8.04,11.058
54.176,-10.279,11.932
54.192,-13.359,14.395
50.869,-14.089,12.617
52.963,-15.403,9.649
50.241,-17.76,8.226
47.387,-16.322,10.37
47.814,-17.301,14.192
49.104,-14.101,15.868
45.948,-12.276,17.131
46.457,-14.136,20.47
47.448,-12.998,24.053
45.372,-9.771,24.475
42.634,-8.006,22.381
41.949,-8.497,18.558
40.016,-11.737,19.334
37.474,-12.607,22.139
40.043,-11.693,24.922
37.568,-8.841,25.53
34.952,-11.576,25.863
31.538,-10.085,24.805
29.924,-9.204,28.223
29.685,-5.384,28.677
30.02,-5.629,32.529
33.79,-4.885,32.783
34.533,-7.808,30.274
35.598,-9.614,33.495
37.233,-13.114,33.41
35.681,-14.233,30.052
31.896,-13.47,29.687
30.912,-15.937,32.545
27.209,-15.623,31.494
24.722,-18.51,30.929
21.098,-17.505,31.843
22.179,-14.783,34.345
25.496,-13.249,35.549
25.361,-10.434,38.165
23.18,-8.123,35.956
23.133,-9.81,32.502
19.519,-11.086,32.733
17.004,-9.226,30.368
15.773,-12.76,29.431
12.962,-12.503,26.824
9.352,-13.424,27.875
8.031,-13.774,24.246
6.512,-16.868,22.475
8.291,-19.884,24.051
5.875,-22.509,25.645
7.709,-23.341,28.946
10.527,-25.67,27.588
13.735,-23.955,28.83
14.232,-24.806,32.567
15.876,-28.285,32.936
14.034,-30.664,30.453
15.198,-33.578,32.708
15.658,-34.871,36.303
18.736,-34.421,38.543
18.578,-37.848,40.277
20.367,-37.28,43.64
17.354,-38.906,45.329
14.96,-36.865,43.134
12.383,-37.317,40.314
11.644,-34.136,38.277
8.867,-35.814,36.217
9.107,-32.892,33.676
6.371,-34.613,31.504
8.656,-35.24,28.482
7.152,-36.549,25.201
8.78,-37.48,21.822
7.738,-34.047,20.401
7.956,-31.605,23.347
6.579,-31.048,26.907
3.833,-29.183,28.842
26.706,11.795,17.868
24.883,14.058,20.419
24.03,17.74,19.644
24.443,17.742,15.82
21.995,20.736,16.054
18.908,21.345,13.848
16.846,23.759,11.669
12.989,23.683,11.329
11.166,23.375,7.923
7.605,24.785,8.604
4.704,23.406,6.43
2.123,26.364,6.091
-0.946,24.345,4.859
-1.567,21.403,2.416
2.225,21.204,1.646
2.86,17.508,2.4
5.074,15.299,0.027
2.2,13.02,-1.253
1.936,12.622,-5.108
1.499,16.457,-5.577
2.941,18.94,-2.995
6.66,18.387,-3.868
7.066,14.588,-4.272
10.76,13.48,-3.557
10.132,10.122,-5.311
10.711,10.69,-9.081
14.464,9.779,-9.977
15.507,6.097,-10.714
11.944,5.779,-12.168
11.192,6.004,-15.961
14.088,3.523,-16.551
14.551,3.247,-20.375
17.626,0.915,-19.961
16.259,-2.477,-18.689
12.417,-2.846,-18.83
11.191,-5.947,-20.73
10.717,-5.46,-24.519
12.55,-2.062,-24.547
15.874,-3.888,-23.791
14.956,-7.372,-25.216
11.48,-8.448,-26.678
11.742,-11.987,-25.189
13.663,-13.699,-28.029
11.063,-13.911,-30.878
11.173,-17.747,-30.648
10.111,-18.907,-27.12
12.037,-22.11,-28.124
10.424,-24.377,-25.374
14.059,-25.342,-24.511
14.376,-27.073,-27.948
17.815,-27.906,-29.441
16.523,-30.066,-32.405
18.586,-33.059,-31.021
17.988,-35.877,-33.602
14.787,-33.846,-34.505
13.259,-36.239,-31.856
12.302,-36.551,-28.126
15.976,-37.596,-27.478
16.667,-33.895,-26.481
14.349,-34.176,-23.439
15.979,-36.254,-20.64
14.247,-39.211,-18.854
11.31,-40.396,-21.169
10.732,-42.838,-18.182
9.373,-45.889,-20.117
9.87,-44.362,-23.661
7.249,-44.042,-26.56
4.484,-43.276,-23.967
1.793,-42.305,-26.556
-1.519,-41.197,-24.848
-1.195,-43.747,-21.985
1.965,-45.954,-21.922
0.585,-47.747,-18.815
-1.882,-50.03,-20.708
-5.58,-49.666,-21.724
-7.022,-49.193,-18.231
-7.689,-45.487,-18.809
-10.711,-44.975,-16.403
-9.429,-41.562,-15.062
-12.696,-40.247,-13.425
-16.465,-40.125,-14.278
-16.829,-39.886,-18.144
-15.816,-36.178,-18.552
-11.972,-35.921,-18.631
-11.601,-38.311,-21.595
-10.853,-35.984,-24.599
-9.562,-36.847,-28.167
-10.253,-40.285,-29.864
-13.769,-39.306,-31.058
-16.046,-39.813,-28.001
-14.773,-36.487,-26.541
-13.802,-34.026,-29.325
-14.222,-30.796,-27.257
-13.303,-28.305,-30.045
-14.136,-25.496,-27.484
-15.55,-23.136,-30.181
-12.274,-21.146,-29.687
-11.672,-21.333,-33.499
-12.608,-18.028,-35.33
-13.196,-16.216,-31.944
-9.689,-14.387,-31.959
-10.433,-11.189,-33.958
-7.835,-10.364,-36.654
-5.936,-7.534,-34.92
-4.081,-5.201,-37.335
-1.596,-4.563,-34.395
-0.112,-1.39,-36.028
-1.219,1.455,-33.635
-4.667,1.925,-31.957
-3.949,5.526,-30.868
-7.515,6.935,-30.393
-8.025,10.785,-30.138
-4.334,11.357,-29.156
-4.338,15.184,-28.645
-7.538,17.071,-27.625
-7.025,19.017,-24.317
-6.904,16.017,-21.911
-4.585,16.226,-18.67
-6.251,18.875,-16.371
-4.891,17.174,-13.139
-6.696,18.72,-10.136
-6.474,15.393,-8.153
-10.143,15.321,-6.994
-11.572,13.571,-3.821
-9.584,10.935,-1.763
-11.447,7.601,-1.183
-14.571,6.001,0.385
-13.618,2.71,2.102
-9.975,2.222,1.005
-8.888,-1.469,1.352
-11.655,-4.183,1.129
-14.368,-1.526,0.211
-17.503,-3.792,-0.021
-19.205,-3.183,3.396
-16.791,-0.418,4.65
-16.368,-1.567,8.349
-14.698,1.814,9.282
-11.769,0.842,6.805
-9.056,2.886,8.778
-6.804,2.994,5.697
-4.968,-0.337,6.27
-1.2,0.187,5.666
2.23,-0.994,6.948
4.859,-0.553,4.153
6.997,-3.31,5.825
3.724,-5.306,6.356
0.006,-4.959,5.281
-3.532,-4.986,6.885
-2.631,-7.057,10.048
-5.329,-6.326,12.755
-8.332,-4.252,11.527
-9.512,-5.255,7.865
-12.474,-7.675,8.453
-10.387,-10.079,10.651
-13.319,-10.037,13.167
-15.75,-11.589,10.576
-15.179,-14.0,7.555
-15.531,-12.054,4.223
-11.882,-10.928,4.076
-9.901,-13.294,1.746
-10.067,-17.07,2.472
-12.039,-18.676,-0.424
-9.024,-20.938,-1.178
-10.841,-23.87,-2.974
-13.691,-21.513,-4.059
-14.027,-17.996,-5.58
-14.558,-16.235,-8.956
-11.829,-17.223,-11.538
-8.97,-17.549,-8.947
-6.478,-19.42,-11.314
-3.301,-18.29,-9.371
-1.776,-20.331,-6.446
-4.857,-20.562,-4.099
-5.434,-16.759,-4.667
-9.226,-16.093,-4.727
-11.121,-12.813,-5.456
-14.462,-11.385,-6.753
-13.693,-8.418,-9.205
-16.638,-6.636,-10.997
-15.35,-7.819,-14.449
-12.26,-5.521,-13.844
-12.94,-2.392,-11.685
-14.915,-3.039,-8.429
-16.522,0.47,-8.114
-16.057,4.227,-7.664
-17.297,5.751,-4.363
-21.161,5.152,-4.407
-22.595,3.873,-7.786
-24.563,0.864,-9.216
-23.244,-2.184,-11.195
-24.511,-4.735,-13.788
-23.678,-8.102,-15.496
-20.79,-8.08,-18.158
-21.258,-6.496,-21.671
-18.742,-6.489,-24.634
-18.428,-7.377,-28.374
-14.73,-8.16,-29.186
-12.804,-4.872,-28.539
-9.385,-6.661,-28.882
-7.323,-3.404,-29.517
-3.868,-3.836,-27.687
-1.951,-1.058,-29.573
-2.232,1.45,-26.634
-2.203,5.312,-26.777
1.615,5.031,-27.44
3.2,8.565,-27.589
6.575,7.961,-29.474
9.06,6.313,-27.035
6.619,3.643,-25.737
6.561,5.129,-22.198
7.273,8.787,-21.232
6.37,11.333,-18.468
5.251,9.398,-15.317
3.886,12.754,-13.945
2.387,11.384,-10.644
1.207,7.849,-11.676
2.431,4.897,-9.455
5.764,6.601,-8.234
6.202,4.191,-5.241
3.862,2.071,-3.034
3.914,-0.254,0.019
4.362,-3.526,-2.029
5.908,-5.203,1.015
7.572,-8.556,1.892
4.096,-10.253,1.76
5.258,-13.614,3.29
4.253,-16.008,0.449
7.478,-17.787,-0.625
8.368,-21.05,1.211
7.575,-24.295,-0.742
4.399,-25.727,-2.423
3.026,-28.255,-5.03
4.962,-27.643,-8.313
8.105,-29.911,-8.222
9.603,-27.824,-11.122
11.338,-28.902,-14.39
13.677,-26.051,-15.506
12.098,-22.526,-14.921
14.194,-19.616,-13.449
16.581,-16.746,-14.382
20.172,-15.897,-13.323
22.278,-15.632,-10.008
22.614,-19.443,-9.77
25.28,-21.95,-10.855
22.602,-24.227,-9.387
24.773,-27.428,-9.781
26.0,-27.502,-6.14
24.239,-30.434,-4.323
20.463,-29.505,-4.805
20.015,-31.981,-1.843
19.94,-35.812,-1.742
16.96,-37.36,-3.581
14.889,-38.681,-0.625
12.858,-41.823,-1.583
15.073,-43.48,-4.238
14.682,-47.296,-4.258
17.009,-48.059,-7.247
15.047,-45.691,-9.593
12.865,-43.59,-7.148
10.222,-46.32,-6.515
8.638,-46.595,-10.019
8.661,-44.909,-13.501
4.827,-44.954,-14.093
2.594,-48.05,-13.358
5.631,-50.248,-14.389
5.911,-51.881,-10.912
2.153,-52.636,-11.606
1.118,-52.795,-7.903
1.807,-49.054,-7.27
1.97,-49.433,-3.463
2.242,-45.633,-2.843
4.39,-46.573,0.225
4.76,-43.777,2.826
8.448,-42.795,2.496
8.354,-38.955,2.689
5.553,-38.188,0.071
5.847,-34.513,1.209
8.856,-32.755,-0.599
6.532,-29.674,-1.053
3.389,-31.792,-1.883
2.174,-31.243,1.722
4.053,-27.864,1.995
2.767,-27.353,5.641
3.172,-23.535,5.465
0.543,-23.154,2.705
0.576,-19.28,2.607
0.504,-17.121,5.93
-2.697,-19.198,6.689
-1.107,-20.929,9.753
-3.808,-19.637,12.238
-2.562,-16.85,14.648
0.437,-14.536,13.922
-0.538,-10.76,13.549
-1.865,-10.677,17.18
-2.195,-7.179,18.788
-5.693,-5.703,18.026
-7.098,-2.14,18.726
-3.743,-0.211,19.368
-4.905,3.44,19.941
-1.6,4.886,18.601
0.763,4.01,15.603
1.596,5.979,12.352
2.713,9.579,11.555
-0.656,11.514,12.409
-0.121,10.157,16.014
-3.564,11.504,17.125
-6.433,12.394,14.674
-7.079,15.749,16.521
-3.712,16.976,15.06
-3.561,16.212,11.22
-0.494,16.75,8.92
-2.49,18.529,6.033
-5.923,20.289,6.394
-7.455,16.724,5.99
-10.205,17.802,3.465
-11.048,14.221,2.183
-14.677,14.94,1.022
-14.158,18.753,0.546
-11.839,19.671,-2.481
-13.225,23.249,-2.209
-16.9,22.954,-1.121
-18.91,20.217,0.689
-19.856,18.301,-2.506
-18.996,15.087,-0.549
-17.465,11.716,-1.574
-19.742,9.203,0.276
-17.897,6.381,2.14
-19.471,3.652,-0.094
-21.928,0.767,0.27
-22.212,-2.748,-1.241
-25.358,-2.202,-3.45
-23.593,-2.744,-6.899
-24.777,-6.322,-7.756
-21.964,-8.747,-6.569
-24.008,-11.945,-7.398
-21.984,-14.367,-9.609
-19.979,-11.666,-11.511
-17.557,-14.333,-12.786
-17.353,-18.124,-12.213
-14.767,-20.905,-11.518
-11.925,-21.945,-13.893
-10.241,-25.409,-13.777
-6.539,-25.648,-14.846
-6.282,-29.314,-13.617
-2.653,-29.924,-14.752
0.338,-27.599,-15.399
2.878,-27.839,-18.301
5.822,-29.236,-16.176
7.596,-30.847,-19.263
10.672,-28.52,-19.74
8.939,-25.144,-19.185
9.689,-21.628,-20.528
13.338,-21.679,-21.914
14.729,-24.211,-19.371
16.755,-23.027,-16.28
20.264,-21.437,-16.24
22.87,-23.569,-14.294
25.458,-21.678,-16.409
25.101,-18.155,-17.908
26.665,-19.44,-21.154
29.788,-20.304,-19.018
29.496,-22.074,-15.593
31.922,-19.594,-13.937
29.804,-16.581,-15.155
27.106,-17.403,-12.515
28.595,-20.264,-10.263
27.919,-18.571,-6.838
27.257,-14.788,-6.579
28.617,-12.398,-3.818
31.84,-14.432,-2.974
33.938,-11.337,-1.853
36.1,-12.866,0.974
33.651,-15.44,2.536
31.958,-13.388,5.313
33.041,-14.548,8.81
29.869,-14.577,10.973
31.965,-13.895,14.163
32.91,-10.469,12.679
29.067,-9.864,12.35
29.751,-6.933,9.873
26.659,-4.63,10.295
26.619,-3.264,13.871
28.763,-5.698,15.907
30.607,-3.361,18.335
31.068,-5.859,21.252
34.07,-3.93,22.731
34.455,-1.69,19.572
37.061,-4.239,18.34
35.647,-7.837,18.042
39.047,-9.396,19.067
38.661,-7.945,22.63
36.987,-9.596,25.712
39.485,-12.462,25.085
37.902,-13.286,21.666
41.449,-13.85,20.315
41.265,-17.711,20.276
44.894,-18.354,21.432
45.231,-20.877,24.343
48.949,-21.936,24.312
49.546,-23.662,27.711
47.92,-22.073,30.901
49.106,-25.245,32.753
49.929,-23.34,35.977
48.637,-19.801,36.85
45.841,-19.389,34.239
44.445,-15.732,33.949
42.544,-16.911,30.823
43.623,-14.253,28.226
41.323,-16.202,25.806
37.586,-17.284,25.573
35.747,-14.452,27.56
38.218,-14.266,30.532
40.397,-11.097,30.104
38.396,-7.797,30.22
34.957,-6.997,31.727
34.14,-3.973,29.494
32.152,-3.693,26.242
28.605,-2.735,27.356
26.758,-0.394,29.798
24.747,-3.529,30.783
26.637,-6.851,30.236
25.183,-10.355,31.029
27.659,-12.232,28.727
30.429,-11.301,31.247
30.502,-14.963,32.394
29.1,-16.254,29.059
25.391,-16.538,30.244
23.281,-15.623,33.359
25.382,-13.028,35.216
25.454,-11.485,38.749
25.317,-8.094,36.903
21.496,-7.623,37.102
21.848,-3.981,38.278
18.659,-2.192,37.034
17.593,-5.388,35.061
13.975,-4.206,35.71
14.633,-2.385,32.413
13.889,-5.762,30.748
16.372,-6.128,27.831
15.46,-9.871,27.926
12.78,-10.17,25.188
9.359,-11.652,26.214
7.729,-10.87,22.801
5.027,-13.107,21.14
3.746,-13.896,24.685
5.532,-17.372,24.728
2.653,-19.944,24.686
3.888,-23.418,23.612
2.07,-26.846,23.811
-0.372,-25.658,21.049
-2.042,-23.212,23.573
-3.01,-20.784,20.75
-5.803,-19.065,22.766
-3.425,-16.719,24.622
-2.777,-13.013,23.84
0.149,-11.94,26.158
1.434,-13.114,29.603
1.056,-16.954,29.79
1.778,-16.746,33.614
5.415,-17.678,34.52
7.663,-17.125,31.401
8.992,-20.73,31.352
6.058,-22.189,29.31
8.543,-23.397,26.612
6.693,-26.772,26.389
7.785,-27.896,22.87
8.672,-31.352,21.414
12.284,-30.788,22.783
14.245,-33.852,23.963
11.782,-36.305,22.326
8.594,-36.207,24.503
23.012,14.819,13.527
21.016,16.949,16.056
22.054,14.891,19.135
21.87,15.514,22.976
20.407,19.055,22.67
17.293,19.411,20.415
15.427,21.964,18.239
11.632,22.338,17.744
9.968,22.233,14.278
6.892,24.553,14.664
4.293,24.064,11.826
2.837,27.628,11.018
3.566,27.522,7.212
5.532,24.231,6.501
4.537,22.137,3.373
0.886,21.164,4.199
-2.307,20.85,1.952
-2.649,24.02,-0.228
-4.849,26.251,2.025
-6.112,29.534,0.382
-2.691,30.322,-1.169
-3.066,27.569,-3.829
-2.827,29.635,-7.131
-5.471,29.002,-10.034
-4.288,25.329,-9.318
-3.966,24.38,-13.079
-1.21,26.94,-14.434
1.029,23.851,-13.985
0.358,20.125,-14.984
0.785,20.78,-18.787
-1.991,19.436,-21.137
0.575,18.42,-23.881
-1.095,14.929,-23.873
-3.211,15.553,-27.041
-1.194,14.057,-29.975
-3.979,11.538,-30.793
-2.238,8.121,-31.026
-4.54,5.812,-28.991
-4.013,2.324,-30.676
-4.333,1.426,-34.423
-6.702,-1.545,-35.583
-6.223,-5.352,-35.972
-8.719,-8.221,-35.526
-11.829,-6.011,-35.062
-14.135,-9.001,-35.735
-17.687,-7.486,-36.004
-20.493,-10.171,-35.672
-17.69,-12.795,-34.976
-19.484,-15.488,-37.047
-19.606,-18.407,-34.543
-15.885,-19.475,-34.961
-15.591,-21.801,-31.895
-19.146,-23.25,-32.422
-17.969,-26.863,-31.542
-17.488,-27.224,-35.328
-13.958,-28.764,-35.298
-13.433,-27.652,-31.649
-12.636,-31.022,-29.993
-11.356,-29.669,-26.611
-9.434,-26.512,-27.715
-9.448,-25.449,-24.017
-13.165,-25.749,-23.28
-14.102,-29.443,-22.243
-16.427,-29.867,-25.328
-17.105,-33.622,-24.49
-17.088,-34.17,-28.322
-15.269,-37.499,-28.991
-16.993,-39.843,-31.559
-20.264,-40.049,-29.51
-21.479,-39.944,-25.845
-18.486,-42.074,-24.583
-19.474,-41.461,-20.93
-16.784,-40.048,-18.596
-15.62,-43.225,-16.738
-18.74,-45.137,-17.932
-21.007,-42.49,-16.25
-23.835,-45.048,-16.738
-25.998,-43.419,-13.999
-26.985,-46.883,-12.605
-29.111,-47.616,-9.417
-28.326,-44.358,-7.45
-28.045,-42.479,-10.818
-25.646,-39.551,-11.481
-27.745,-37.179,-9.301
-25.365,-34.188,-9.496
-26.337,-30.508,-8.914
-26.225,-28.94,-12.448
-23.63,-26.155,-11.83
-20.961,-27.094,-14.408
-23.681,-27.829,-17.007
-22.998,-28.19,-20.783
-24.063,-24.537,-21.382
-20.442,-23.335,-21.831
-20.986,-20.549,-24.445
-20.56,-16.805,-23.725
-19.639,-15.727,-27.308
-18.3,-12.29,-26.173
-15.617,-14.048,-24.0
-11.817,-13.616,-24.482
-9.012,-15.941,-23.195
-5.181,-15.724,-23.832
-4.417,-19.099,-25.57
-0.865,-17.943,-26.427
1.278,-14.811,-26.983
-0.963,-13.106,-29.604
1.781,-11.332,-31.693
4.641,-9.184,-30.232
2.423,-6.626,-28.311
4.331,-7.536,-25.087
7.987,-6.898,-25.976
8.866,-3.503,-27.652
6.088,-2.112,-25.347
5.372,1.707,-25.168
9.016,2.934,-24.641
11.657,3.031,-21.803
9.358,4.903,-19.365
5.752,6.092,-19.993
5.118,9.881,-19.14
8.348,11.442,-20.441
11.876,10.193,-21.285
14.047,13.415,-21.444
12.568,16.755,-20.135
10.177,16.07,-17.207
10.363,12.258,-16.589
9.604,10.704,-13.098
11.471,9.384,-9.977
10.498,8.094,-6.467
11.49,6.399,-3.141
12.791,2.767,-3.342
10.022,1.869,-0.776
7.02,-0.18,-2.183
4.741,2.897,-1.754
5.125,6.659,-2.451
3.072,6.954,0.795
6.097,5.767,2.879
7.763,9.172,1.979
11.336,7.841,2.822
13.624,10.481,1.14
11.975,10.205,-2.363
14.012,12.064,-5.074
16.01,9.697,-7.434
19.091,9.636,-5.02
21.578,7.472,-7.111
23.77,6.91,-4.0
22.706,4.66,-1.012
22.433,7.646,1.483
21.671,5.005,4.286
18.501,7.052,5.041
18.413,8.23,8.71
21.396,5.91,9.606
22.486,2.164,9.66
21.199,-0.7,7.275
17.433,-1.588,6.721
17.021,2.105,5.588
13.35,2.138,4.265
12.046,-1.115,5.935
13.235,-3.172,2.861
9.466,-3.868,2.186
9.485,-7.372,3.87
6.609,-8.995,1.908
7.282,-12.218,3.923
6.929,-13.28,7.621
3.472,-14.84,8.361
1.405,-17.131,6.036
-1.512,-15.097,4.557
-3.829,-17.759,3.0
-5.782,-15.292,0.781
-2.922,-14.276,-1.617
-0.669,-17.421,-1.476
0.178,-17.179,-5.216
-2.059,-14.658,-7.02
-5.572,-16.224,-6.785
-7.336,-14.901,-9.962
-10.431,-17.01,-8.94
-12.046,-13.566,-8.195
-14.56,-12.26,-10.828
-15.117,-8.562,-9.867
-16.201,-6.726,-13.194
-14.009,-3.681,-12.267
-11.339,-3.81,-15.061
-9.8,-0.609,-13.587
-12.929,0.924,-11.99
-12.256,3.256,-9.026
-15.749,4.951,-9.379
-14.544,7.511,-6.718
-13.182,5.204,-3.923
-15.815,2.467,-4.74
-14.776,-1.233,-4.452
-16.396,-4.713,-4.847
-14.963,-8.233,-4.177
-16.221,-11.634,-5.462
-16.258,-14.559,-2.961
-13.694,-17.349,-4.006
-16.572,-19.941,-4.458
-14.134,-22.93,-4.812
-11.356,-23.928,-2.32
-8.372,-24.819,-4.596
-8.907,-26.597,-7.956
-5.25,-26.017,-9.175
-6.564,-24.449,-12.488
-4.309,-25.011,-15.65
-3.219,-21.377,-16.235
-1.191,-20.092,-13.2
1.957,-20.245,-15.423
2.594,-20.24,-19.215
6.112,-21.757,-18.814
8.052,-21.004,-15.5
8.644,-24.626,-14.401
7.485,-26.409,-11.219
11.085,-27.635,-10.663
10.545,-28.028,-6.918
7.474,-30.126,-7.894
6.668,-30.673,-4.175
3.452,-28.568,-4.684
1.376,-31.292,-2.907
3.826,-30.897,0.078
2.861,-33.927,2.284
5.463,-36.539,1.034
3.243,-38.153,-1.772
5.127,-41.414,-0.939
2.8,-41.16,2.163
4.4,-43.861,4.439
6.269,-45.938,1.77
9.161,-43.336,1.812
11.062,-45.176,-1.011
7.704,-45.718,-2.929
9.369,-46.299,-6.356
11.51,-43.19,-6.998
8.513,-41.596,-8.773
10.076,-38.97,-11.065
13.434,-40.781,-10.391
15.168,-37.651,-11.885
17.642,-35.398,-9.962
17.984,-32.465,-12.434
17.032,-28.756,-13.003
19.497,-25.806,-12.687
17.503,-22.502,-12.455
15.481,-19.776,-14.279
17.215,-16.965,-12.339
19.231,-13.778,-12.924
22.569,-12.515,-11.526
24.059,-11.163,-8.231
26.811,-13.672,-7.271
28.412,-16.958,-8.448
25.758,-19.707,-8.067
27.075,-23.297,-7.687
24.808,-26.407,-8.174
23.79,-28.96,-5.472
25.333,-32.484,-5.306
23.405,-35.351,-3.548
26.586,-37.087,-2.094
25.044,-37.264,1.436
21.316,-36.818,0.474
21.6,-40.229,-1.285
20.923,-42.437,1.793
24.347,-42.205,3.578
22.653,-41.906,7.028
19.686,-44.118,5.923
19.29,-45.865,9.342
19.518,-43.013,11.932
17.302,-43.592,15.04
15.437,-46.018,12.693
15.686,-49.309,14.698
12.022,-49.934,13.662
10.601,-49.934,10.056
8.209,-46.978,10.954
5.369,-49.556,11.283
5.682,-52.031,8.347
4.91,-49.89,5.196
8.122,-50.585,3.166
9.535,-53.155,0.655
11.669,-55.418,2.975
15.502,-55.007,3.391
15.404,-54.958,-0.466
14.223,-51.266,-0.607
16.985,-48.54,-0.994
16.897,-44.764,-0.21
16.671,-42.911,-3.594
17.869,-39.579,-2.043
15.232,-37.287,-3.663
11.422,-36.623,-3.67
10.221,-40.192,-4.462
7.042,-39.178,-6.425
6.045,-35.698,-7.783
2.205,-35.163,-7.96
0.818,-38.717,-8.733
-1.529,-39.747,-5.723
-2.661,-36.084,-5.348
-2.022,-35.792,-1.504
-2.859,-32.027,-1.698
-1.346,-30.103,1.324
-3.242,-31.671,4.271
-6.772,-30.412,5.276
-8.655,-31.099,1.976
-11.535,-28.961,3.424
-12.403,-26.315,6.027
-15.374,-26.937,8.4
-15.935,-23.139,8.993
-17.46,-21.977,12.351
-14.381,-19.71,12.828
-13.058,-18.382,9.456
-16.47,-16.803,8.594
-15.236,-13.185,8.267
-17.696,-10.731,6.384
-15.539,-10.797,3.148
-15.809,-14.63,2.642
-18.466,-15.669,5.299
-19.667,-18.94,3.585
-17.315,-18.454,0.502
-19.88,-18.987,-2.474
-22.235,-16.161,-1.256
-22.221,-13.704,-4.328
-22.346,-16.299,-7.192
-22.413,-13.842,-10.156
-19.882,-15.561,-12.445
-21.283,-17.86,-15.159
-17.827,-17.696,-16.932
-18.949,-20.311,-19.616
-15.939,-19.654,-22.012
-15.883,-20.782,-25.683
-14.883,-18.068,-28.224
-11.595,-17.016,-26.526
-11.108,-14.244,-29.176
-7.785,-12.533,-28.19
-8.924,-9.148,-29.811
-5.983,-9.544,-32.286
-5.103,-5.805,-32.275
-1.241,-5.59,-32.46
-0.557,-2.359,-34.43
1.078,0.467,-32.291
1.333,0.412,-28.418
2.84,3.906,-27.66
2.721,7.696,-28.518
-0.404,8.429,-26.343
1.675,11.069,-24.402
1.379,11.54,-20.573
3.025,13.814,-17.926
5.098,12.7,-14.885
2.978,14.051,-12.005
2.32,10.456,-10.753
4.379,11.245,-7.575
1.875,13.663,-5.841
2.467,13.532,-1.981
0.848,10.413,-0.469
1.239,9.49,3.213
-0.878,6.433,4.086
-1.542,3.586,1.521
-0.942,0.685,4.028
-1.0,3.13,7.047
1.424,0.858,9.085
0.344,-2.86,9.388
2.692,-5.877,9.922
3.051,-5.988,6.042
4.798,-9.441,6.307
2.281,-11.192,3.959
4.289,-14.4,3.174
3.561,-15.974,-0.315
4.192,-19.742,-0.957
2.733,-19.867,-4.502
4.355,-22.449,-6.826
2.015,-22.802,-9.888
0.101,-25.955,-8.758
0.043,-27.733,-12.169
3.92,-27.841,-12.155
4.093,-27.15,-16.009
7.248,-27.743,-18.229
10.529,-26.925,-16.381
11.669,-25.329,-19.725
15.137,-24.402,-18.304
17.122,-21.286,-19.416
20.82,-20.704,-20.378
21.568,-19.16,-16.887
23.868,-16.172,-17.566
25.222,-15.802,-13.98
28.066,-18.409,-13.886
30.723,-15.631,-14.188
28.849,-12.804,-12.362
30.281,-13.273,-8.823
31.701,-10.163,-6.97
32.242,-12.126,-3.692
29.783,-14.875,-2.501
30.2,-15.555,1.241
33.003,-14.081,3.388
31.693,-10.848,5.097
30.968,-11.034,8.893
29.418,-7.475,8.666
32.714,-5.542,9.367
34.374,-6.718,6.055
31.866,-4.753,3.849
31.144,-2.355,6.818
27.493,-2.024,5.487
28.222,1.055,3.272
31.074,3.583,2.557
33.37,0.499,2.087
31.072,-2.203,0.532
30.723,-2.836,-3.259
27.315,-1.036,-2.982
27.778,2.716,-2.17
27.15,4.934,-5.269
25.681,4.202,-8.783
29.312,3.609,-10.187
29.488,1.017,-7.264
32.246,2.488,-4.972
34.434,5.607,-4.392
38.278,5.837,-4.021
38.538,8.726,-1.362
37.286,6.846,1.762
36.697,9.295,4.685
38.48,11.484,7.317
37.175,9.318,10.258
35.115,6.136,9.49
35.972,3.917,12.538
32.823,1.665,12.116
33.217,-0.825,15.024
30.915,-3.57,13.542
28.194,-0.948,12.625
26.67,-0.473,16.13
24.11,-3.275,16.412
25.612,-6.299,18.364
29.1,-4.583,18.084
30.137,-6.512,21.253
29.42,-9.942,19.679
32.352,-11.147,21.925
33.017,-14.602,20.282
33.902,-15.58,23.867
36.527,-12.808,24.327
37.307,-14.138,27.848
38.214,-17.891,27.787
36.06,-18.826,30.859
33.057,-19.517,28.479
31.511,-16.026,27.8
32.572,-14.856,31.36
31.714,-11.149,30.691
28.038,-12.135,31.005
26.418,-8.881,29.836
22.899,-9.903,31.069
20.51,-12.841,30.191
18.264,-11.884,33.187
16.282,-10.048,30.442
14.01,-12.863,29.072
11.641,-12.58,26.02
7.977,-13.705,25.717
6.704,-12.836,22.135
6.194,-16.449,20.796
8.156,-19.74,20.467
7.011,-21.968,23.409
3.94,-23.317,21.533
2.909,-25.576,24.491
5.949,-25.155,26.858
4.81,-21.954,28.697
5.912,-22.783,32.343
4.408,-26.329,32.781
5.264,-26.289,36.555
8.131,-28.77,36.002
9.417,-28.281,39.657
12.529,-26.934,37.842
15.064,-24.203,38.759
18.649,-24.145,37.296
20.648,-27.371,37.96
19.785,-31.077,37.051
16.437,-30.35,35.265
17.701,-30.829,31.639
14.439,-31.901,29.931
15.069,-32.03,26.151
12.321,-34.695,25.64
10.583,-33.289,22.475
9.331,-30.017,20.88
6.226,-29.113,23.015
3.908,-27.679,20.32
0.547,-29.5,20.509
-1.294,-27.321,17.884
31.687,12.052,16.783
28.926,11.708,19.496
29.489,15.077,21.298
28.42,16.54,17.867
26.035,19.563,17.911
23.127,20.553,15.569
21.091,23.223,13.686
17.271,23.179,13.108
15.795,23.187,9.545
12.534,25.233,10.103
9.892,24.242,7.451
7.509,27.264,6.759
5.841,25.577,3.701
8.657,24.288,1.376
8.355,20.473,1.517
11.768,19.014,0.52
11.212,16.035,-1.974
14.855,14.926,-1.258
15.075,11.88,-3.641
11.451,10.89,-2.749
10.403,11.071,-6.446
13.018,11.622,-9.235
9.906,11.789,-11.44
8.076,15.008,-10.161
5.361,14.215,-12.784
2.466,13.465,-10.32
1.906,16.55,-7.89
-1.354,18.312,-9.011
-1.437,21.895,-10.419
-5.237,22.401,-10.112
-8.183,22.129,-7.645
-11.947,21.307,-7.367
-12.91,25.053,-7.243
-15.99,26.08,-9.35
-16.497,22.327,-10.089
-17.396,19.861,-7.275
-20.179,18.299,-9.419
-20.522,15.05,-7.313
-22.167,14.361,-3.897
-24.111,11.026,-3.718
-22.089,7.685,-3.584
-24.787,5.331,-4.998
-22.34,2.438,-5.569
-19.996,1.138,-8.307
-18.983,-2.565,-8.884
-20.244,-5.883,-10.425
-22.329,-6.761,-7.318
-24.963,-8.298,-9.613
-22.866,-10.88,-11.558
-24.014,-13.808,-9.385
-22.084,-17.082,-10.202
-21.551,-16.685,-14.018
-19.94,-19.791,-15.695
-16.623,-19.764,-13.695
-17.76,-21.309,-10.363
-15.989,-24.102,-8.376
-14.535,-26.275,-11.225
-12.196,-23.668,-12.879
-11.477,-26.372,-15.62
-7.928,-26.668,-14.081
-8.519,-30.329,-13.023
-6.42,-31.256,-9.914
-4.231,-28.287,-8.616
-0.438,-28.955,-8.072
-0.738,-32.047,-10.392
3.045,-31.873,-11.284
3.98,-35.516,-10.398
0.519,-37.236,-9.962
1.044,-40.845,-11.283
4.34,-39.342,-12.682
6.484,-39.624,-9.494
9.971,-40.661,-10.72
13.296,-39.452,-12.26
16.036,-37.592,-10.248
17.83,-40.826,-9.194
20.129,-41.076,-12.26
18.762,-38.046,-14.194
20.25,-35.972,-17.089
19.836,-32.616,-15.247
20.054,-33.925,-11.63
23.809,-34.755,-11.824
25.378,-31.323,-12.691
24.014,-29.285,-15.723
24.115,-25.768,-14.082
27.305,-25.179,-11.971
29.787,-28.079,-11.467
33.579,-28.603,-10.947
34.898,-25.455,-9.178
38.169,-23.607,-9.996
40.056,-25.993,-7.604
39.842,-24.401,-4.137
40.806,-27.685,-2.476
42.282,-27.804,1.076
39.218,-29.333,2.937
38.111,-26.191,4.863
39.094,-23.441,2.303
35.715,-21.625,2.84
36.773,-20.769,6.482
40.384,-19.97,7.644
39.75,-20.167,11.434
36.367,-20.367,13.428
35.271,-16.847,14.62
35.882,-17.312,18.382
35.218,-14.28,20.675
37.345,-15.991,23.422
34.36,-15.535,25.884
33.811,-12.049,27.325
30.906,-11.262,29.762
29.553,-8.571,27.305
27.079,-7.166,29.91
24.908,-9.749,31.766
21.384,-9.887,30.241
20.436,-13.072,32.282
16.768,-13.742,31.289
16.148,-15.714,34.586
13.455,-17.801,32.789
10.254,-16.025,33.884
10.06,-12.092,34.341
6.405,-12.246,32.994
3.093,-14.147,33.442
0.854,-12.207,30.931
2.43,-10.881,27.667
3.565,-14.018,25.758
1.157,-15.655,23.257
2.778,-18.047,20.649
-0.878,-19.102,20.032
-0.727,-18.971,16.157
-4.132,-20.813,16.016
-5.526,-18.756,13.123
-2.627,-19.431,10.7
-1.934,-17.455,7.459
-2.407,-14.309,9.719
-5.983,-14.189,8.235
-7.448,-11.181,10.123
-8.131,-7.463,9.463
-6.168,-4.129,9.627
-9.384,-2.402,10.993
-10.952,0.316,8.725
-9.731,1.754,5.334
-7.669,4.461,7.104
-7.66,8.198,6.156
-6.047,11.642,6.943
-2.936,9.964,8.542
-4.624,10.637,11.959
-6.552,7.27,12.012
-5.779,4.799,14.939
-3.717,7.772,16.351
-4.676,6.863,19.974
-2.912,3.831,21.603
-3.7,3.16,25.294
-3.613,-0.523,24.318
-0.849,-1.247,21.638
-2.604,-4.698,21.296
-1.115,-6.074,17.995
-3.26,-9.26,18.131
-0.638,-11.697,16.585
-2.972,-13.515,14.079
-6.019,-11.173,13.884
-4.002,-7.909,13.498
-2.802,-8.296,9.879
-4.033,-7.399,6.349
-6.165,-10.541,5.689
-9.547,-9.255,4.329
-9.832,-11.665,1.298
-6.568,-13.692,1.375
-3.703,-12.024,3.335
-0.517,-13.81,4.504
-1.699,-17.173,3.005
1.616,-17.168,0.958
-0.728,-17.724,-2.095
-1.38,-21.448,-2.955
-2.858,-20.247,-6.363
-6.307,-21.386,-4.998
-7.602,-18.045,-3.555
-6.449,-14.755,-5.2
-8.947,-13.579,-7.907
-11.165,-10.651,-9.126
-15.029,-10.645,-8.369
-15.866,-7.633,-10.671
-15.632,-7.361,-14.531
-12.661,-5.128,-13.842
-12.983,-3.267,-10.456
-13.157,0.455,-9.551
-15.474,2.632,-7.307
-14.153,6.218,-6.511
-11.126,7.13,-4.15
-11.475,6.153,-0.44
-8.396,5.162,1.663
-6.191,8.315,1.526
-7.596,11.61,2.959
-11.377,12.007,2.424
-13.664,14.685,3.928
-16.333,17.355,2.969
-14.308,20.037,0.988
-11.195,20.567,3.194
-8.117,20.402,0.862
-10.198,20.145,-2.396
-10.348,23.96,-2.839
-6.833,24.751,-1.493
-3.839,22.46,-0.719
-0.081,22.046,-1.625
0.423,19.782,-4.717
-0.24,16.177,-3.471
0.231,17.054,0.247
-0.51,13.769,2.174
-1.837,12.313,-1.168
-1.254,8.671,-0.016
-2.935,9.348,3.386
-0.947,6.611,5.17
1.976,9.057,4.476
4.73,6.368,4.542
2.227,4.059,2.723
2.456,1.755,5.816
-0.435,0.021,7.787
-2.003,-0.974,4.373
0.356,-3.753,3.144
1.826,-5.479,6.262
2.636,-8.674,4.245
6.426,-9.219,3.577
5.694,-12.643,1.952
6.163,-14.85,5.137
5.5,-18.633,4.911
3.278,-18.276,8.032
3.645,-21.606,9.978
4.685,-22.902,6.408
0.953,-23.933,6.279
0.283,-21.689,3.202
1.725,-24.08,0.598
4.794,-26.311,0.058
7.316,-26.609,-2.822
8.099,-29.845,-4.874
7.942,-28.721,-8.586
10.175,-31.338,-10.327
10.634,-29.441,-13.644
14.012,-27.625,-13.817
15.665,-26.545,-17.205
16.326,-23.324,-15.147
12.742,-21.891,-14.976
14.145,-19.145,-12.68
16.889,-16.56,-13.44
20.299,-16.227,-11.648
21.683,-14.343,-8.572
25.112,-13.747,-6.843
26.511,-17.28,-6.252
25.144,-20.857,-6.665
27.53,-23.687,-5.786
25.899,-27.15,-5.026
26.039,-29.965,-2.399
26.727,-33.734,-2.144
27.352,-35.863,1.003
28.941,-38.943,-0.784
31.964,-39.767,1.544
32.891,-36.11,2.369
32.91,-37.058,6.089
35.356,-34.872,8.074
37.473,-34.469,4.879
35.922,-31.648,2.724
32.652,-29.669,2.998
30.154,-31.242,0.428
30.816,-31.24,-3.42
30.432,-28.291,-5.91
30.751,-31.002,-8.645
27.017,-31.611,-7.854
27.142,-35.41,-8.447
24.21,-37.935,-8.132
22.607,-37.233,-4.705
19.631,-38.697,-2.639
20.391,-42.389,-3.464
24.208,-41.728,-3.211
24.752,-44.311,-0.403
28.544,-44.878,-0.867
31.415,-45.123,-3.428
30.35,-42.243,-5.778
33.498,-42.586,-7.938
31.928,-40.139,-10.49
31.491,-36.634,-8.816
33.986,-34.671,-11.043
36.772,-33.187,-8.811
37.907,-33.851,-5.183
38.535,-31.522,-2.149
36.029,-28.62,-2.471
36.371,-25.033,-1.09
36.07,-22.626,-4.091
32.504,-23.289,-5.322
30.333,-21.495,-7.933
32.951,-19.797,-10.188
32.463,-21.786,-13.589
28.665,-21.127,-13.249
27.678,-21.89,-16.924
24.131,-20.519,-17.495
22.935,-23.837,-19.063
19.255,-22.829,-19.193
17.941,-21.419,-22.572
14.465,-21.851,-20.852
11.32,-20.401,-22.587
11.775,-16.666,-23.487
9.112,-16.554,-26.307
8.118,-13.744,-28.718
4.346,-13.646,-29.568
3.749,-9.879,-29.071
6.433,-7.44,-30.397
6.543,-3.638,-31.166
3.942,-0.822,-30.557
3.822,-0.568,-26.642
0.879,1.221,-24.875
1.744,1.979,-21.195
0.293,5.25,-19.74
0.676,4.073,-16.078
4.463,4.864,-15.897
5.44,7.931,-18.235
3.401,10.947,-16.934
0.589,10.565,-14.261
0.698,14.397,-13.499
-3.02,15.414,-13.427
-5.915,17.652,-12.173
-7.351,14.98,-9.788
-9.108,17.51,-7.358
-7.342,15.607,-4.431
-8.634,12.466,-2.398
-11.278,14.566,-0.443
-13.627,14.367,-3.493
-16.458,11.986,-4.543
-18.275,8.966,-2.971
-15.572,7.131,-0.849
-18.028,4.581,0.623
-19.923,3.005,-2.356
-21.475,-0.263,-0.847
-18.505,-2.735,-0.918
-15.994,-0.697,1.219
-13.519,-3.597,2.128
-15.708,-6.741,1.769
-18.285,-8.422,-0.548
-21.085,-6.951,1.692
-24.232,-7.659,-0.45
-22.619,-10.542,-2.467
-24.376,-13.329,-0.485
-22.784,-16.409,-2.145
-19.404,-17.339,-0.574
-16.908,-19.991,-1.855
-16.517,-18.895,-5.531
-13.288,-20.509,-6.973
-12.957,-19.205,-10.599
-9.177,-20.009,-10.844
-7.729,-23.03,-8.932
-4.172,-22.651,-10.317
-5.818,-22.504,-13.794
-3.996,-20.892,-16.753
-4.256,-21.244,-20.572
-1.292,-22.821,-22.434
-2.06,-22.272,-26.188
1.772,-22.417,-26.715
2.196,-18.664,-25.901
1.221,-18.831,-22.156
2.221,-15.168,-21.699
4.737,-14.846,-24.592
6.286,-11.269,-24.721
10.152,-11.598,-25.3
12.624,-10.779,-22.436
14.215,-7.933,-24.463
15.276,-6.196,-21.188
12.999,-3.12,-21.366
11.397,-0.962,-18.67
11.907,2.583,-17.338
13.786,4.12,-14.329
10.913,6.467,-13.31
11.596,6.388,-9.51
8.307,7.686,-8.09
9.375,5.753,-4.896
6.157,6.7,-2.909
7.27,4.102,-0.262
9.188,6.444,2.158
10.143,3.679,4.718
9.113,-0.04,5.245
8.063,0.957,8.815
7.437,4.743,9.242
5.357,5.863,12.345
1.992,3.963,11.972
-0.403,6.767,13.149
1.73,8.7,15.76
0.792,9.254,19.474
1.405,12.448,21.62
5.155,12.868,22.358
4.4,14.702,25.661
5.653,11.554,27.528
7.992,11.771,30.622
5.134,10.551,32.946
2.883,13.324,31.402
5.41,16.28,31.1
7.568,15.489,34.256
4.207,14.934,36.201
4.837,18.632,37.078
5.107,21.378,34.388
8.806,21.088,33.249
10.883,24.139,31.918
12.839,23.882,35.203
11.453,21.811,38.136
13.892,20.287,40.733
17.395,19.404,39.339
18.563,21.405,36.24
22.137,22.237,37.479
23.696,18.72,36.606
24.305,19.186,32.819
25.119,16.525,30.166
28.934,16.745,29.782
29.876,18.068,33.275
32.825,20.457,32.318
34.002,20.969,35.972
36.709,18.252,36.303
37.335,14.875,34.48
34.147,15.421,32.312
31.45,12.686,32.145
31.815,13.321,28.343
28.048,13.625,27.773
27.33,10.233,29.547
25.581,12.208,32.446
26.995,9.828,35.108
27.112,6.358,33.494
26.19,4.215,36.548
22.552,5.547,36.508
21.117,2.658,34.375
17.631,2.864,36.05
16.191,6.381,35.113
12.739,4.614,34.925
9.714,6.082,36.856
11.28,6.18,40.37
12.969,3.916,43.039
13.335,1.38,40.132
9.517,1.247,39.409
7.441,1.496,42.692
6.224,-2.153,43.193
4.655,-2.727,39.727
6.561,-5.888,38.574
6.233,-4.775,34.901
7.195,-7.288,32.083
10.962,-7.766,32.947
11.033,-4.127,34.268
14.441,-3.358,32.702
16.814,-5.308,30.322
15.175,-6.505,27.032
14.815,-10.265,27.857
11.785,-10.407,25.463
8.213,-11.582,26.246
5.978,-11.807,23.119
5.983,-15.44,21.808
8.15,-18.426,22.976
9.677,-17.639,26.539
6.302,-18.84,27.998
3.866,-19.942,25.192
0.493,-21.75,25.686
2.138,-25.192,26.3
4.512,-25.158,29.36
2.14,-22.71,31.168
-0.182,-24.475,33.681
-2.115,-21.219,34.348
-4.698,-20.857,31.466
-7.237,-18.601,33.3
-8.864,-17.739,29.894
-11.933,-20.017,30.664
-10.651,-23.656,30.334
-9.835,-25.146,26.824
-5.986,-24.712,27.01
-5.707,-25.288,23.198
-2.497,-24.414,21.13
-1.395,-28.133,21.516
0.0,-28.324,17.917
3.14,-30.303,18.951
3.659,-33.501,16.846
3.616,-35.269,20.27
-0.063,-35.431,21.401
0.482,-33.923,24.884
-3.188,-33.496,25.947
30.424,12.001,24.002
27.446,13.488,22.066
25.063,14.714,24.817
21.843,14.002,22.824
20.592,17.616,22.013
17.39,18.254,19.919
15.421,20.882,17.885
11.651,21.532,17.205
9.291,21.525,14.168
6.795,24.442,14.728
4.017,23.717,12.134
3.345,27.057,10.154
-0.236,28.273,11.147
-1.183,24.512,11.541
-0.027,23.278,8.126
0.017,19.77,9.707
2.123,17.26,7.558
2.233,14.738,10.477
-1.104,13.144,9.318
1.36,11.054,7.241
5.123,11.955,7.574
5.648,14.242,4.513
9.454,14.851,4.296
10.162,16.357,0.751
13.121,13.921,0.413
12.895,13.861,-3.445
12.786,16.744,-6.119
9.33,15.962,-7.735
8.69,16.945,-11.482
11.931,15.035,-12.337
11.093,12.515,-15.225
10.126,9.041,-13.813
12.396,8.891,-10.667
12.788,5.097,-10.134
16.272,3.656,-11.187
16.732,7.064,-12.952
15.005,5.288,-15.945
17.38,4.06,-18.733
16.258,6.27,-21.669
19.244,7.479,-23.818
22.425,7.342,-21.518
24.221,9.816,-23.828
27.447,7.937,-23.188
27.843,4.221,-22.333
31.291,2.482,-22.419
30.145,-1.205,-22.147
33.711,-2.388,-23.127
32.358,-5.997,-23.54
30.619,-7.277,-20.366
28.707,-3.988,-19.592
31.279,-2.809,-16.892
28.409,-1.252,-14.868
27.554,1.131,-17.803
23.788,0.392,-17.399
22.822,1.88,-13.931
21.309,5.332,-14.851
20.576,5.316,-11.058
20.192,9.084,-10.614
17.612,11.886,-10.06
17.029,14.9,-12.387
17.874,18.198,-10.529
14.433,19.853,-10.929
12.928,20.327,-7.384
9.295,21.063,-8.618
9.27,24.712,-7.357
12.004,24.765,-4.594
11.944,21.824,-1.997
8.071,21.57,-2.439
6.9,23.149,0.938
10.291,25.062,1.267
10.779,22.773,4.317
14.305,21.366,4.818
15.501,19.108,7.694
13.957,20.715,10.834
11.88,23.153,8.69
14.696,25.755,8.328
17.07,24.79,11.232
18.101,28.402,12.113
19.57,29.611,8.764
15.933,30.41,7.697
16.172,33.581,9.901
19.308,34.687,11.861
17.753,34.526,15.364
20.682,33.566,17.665
21.614,29.843,17.152
22.503,29.739,20.934
20.335,31.549,23.574
20.975,30.04,27.073
17.522,30.992,28.492
17.093,27.421,29.72
19.749,26.501,32.339
18.374,22.99,33.034
17.155,23.581,36.636
14.737,21.007,38.196
11.05,22.068,38.612
10.977,19.483,41.447
8.398,16.868,42.536
6.248,19.305,44.572
3.005,19.026,42.541
4.59,16.922,39.735
3.693,13.109,39.497
6.562,10.693,38.528
5.639,10.329,34.761
1.982,10.168,35.987
0.222,11.778,32.981
-3.38,11.905,34.395
-3.954,8.053,34.669
-0.175,7.313,34.241
-0.932,7.203,30.496
-4.136,7.447,28.442
-3.431,4.019,26.818
-3.699,3.636,22.979
-5.469,0.221,23.123
-7.082,-1.901,25.931
-3.705,-3.452,27.013
-1.849,-0.193,26.063
-0.393,-1.901,22.975
-0.771,-5.746,22.537
-1.035,-7.724,19.229
-3.882,-6.57,16.909
-6.578,-9.083,18.05
-9.258,-6.277,18.208
-11.34,-8.128,15.527
-10.928,-11.343,17.716
-9.947,-13.164,14.45
-6.17,-12.658,15.27
-6.051,-10.88,11.809
-5.57,-14.448,10.372
-8.162,-13.799,7.577
-7.672,-17.274,5.836
-8.289,-15.462,2.436
-9.437,-18.744,0.716
-12.769,-18.442,2.639
-16.229,-16.731,2.206
-17.719,-19.491,0.002
-19.273,-21.428,3.019
-16.754,-19.453,5.265
-15.3,-22.836,6.432
-11.895,-22.62,4.544
-9.778,-25.811,3.964
-9.271,-25.763,7.773
-8.135,-29.516,7.917
-11.901,-30.227,8.012
-12.13,-33.332,5.75
-12.185,-35.714,8.851
-9.771,-37.087,11.593
-8.021,-33.595,11.28
-5.785,-34.311,8.21
-3.136,-31.576,8.803
-0.133,-32.23,11.21
-0.231,-36.023,10.354
-2.316,-36.78,7.123
0.01,-39.648,6.016
0.387,-37.703,2.675
2.915,-34.935,1.582
4.098,-34.271,5.211
6.767,-37.075,5.674
7.052,-36.296,9.412
5.169,-32.97,9.442
5.56,-29.378,8.197
2.608,-28.309,10.476
1.272,-26.663,7.254
0.264,-29.236,4.531
-2.505,-27.285,2.682
-5.717,-25.264,3.45
-5.995,-23.032,0.34
-2.987,-22.154,-1.942
-4.387,-18.542,-2.368
-2.062,-18.073,-5.402
-2.55,-14.423,-6.623
-5.601,-14.37,-4.206
-7.508,-16.663,-6.695
-10.806,-17.696,-4.861
-12.954,-17.22,-8.043
-15.198,-14.138,-7.684
-14.389,-10.563,-6.53
-16.695,-7.49,-6.625
-14.801,-4.877,-8.868
-15.275,-1.761,-6.656
-11.552,-1.106,-5.923
-11.424,2.651,-6.81
-14.328,3.322,-4.384
-14.171,2.794,-0.603
-15.83,6.169,0.433
-14.203,9.342,1.943
-12.106,8.757,5.132
-12.424,10.489,8.542
-8.62,11.185,8.693
-7.659,14.31,6.636
-4.626,12.845,4.805
-3.191,15.936,3.049
-1.237,15.355,-0.215
1.863,17.02,-1.84
2.674,17.84,-5.505
3.241,14.989,-8.037
4.933,14.613,-11.47
2.249,12.111,-12.718
3.27,12.962,-16.337
1.142,10.356,-18.255
2.407,7.746,-15.702
2.518,6.909,-11.889
6.104,8.322,-12.315
6.831,10.766,-9.431
9.857,11.159,-7.09
7.841,10.765,-3.888
9.747,8.093,-1.873
7.952,9.15,1.366
5.979,12.348,0.494
3.335,11.554,3.14
3.509,7.819,3.924
6.114,7.232,6.738
3.48,6.513,9.436
1.238,3.847,7.744
-2.312,4.734,8.96
-3.518,1.101,8.833
-3.205,-0.064,12.51
-3.998,-3.705,11.438
-0.517,-5.187,10.635
1.091,-2.026,12.163
4.445,-0.552,10.884
6.422,-3.824,10.271
3.513,-5.228,8.155
4.641,-8.86,8.873
1.947,-10.983,7.125
2.323,-9.73,3.452
1.654,-13.281,1.995
3.34,-13.807,-1.425
7.129,-13.813,-0.814
7.687,-17.613,-0.986
4.212,-18.521,-2.364
3.742,-22.331,-2.634
4.028,-23.981,-6.099
5.739,-26.968,-7.868
8.176,-25.62,-10.541
11.881,-25.534,-11.61
13.006,-22.458,-13.65
15.336,-19.556,-12.672
12.952,-16.827,-14.017
14.804,-14.113,-11.998
16.097,-10.881,-13.628
19.514,-9.858,-12.167
22.159,-11.297,-9.656
23.825,-14.811,-9.308
24.381,-17.431,-12.097
20.585,-18.094,-12.645
21.575,-20.838,-15.177
22.106,-24.684,-15.549
19.888,-25.715,-12.558
21.433,-23.448,-9.852
22.691,-24.896,-6.55
21.192,-28.485,-6.573
18.183,-27.756,-4.237
16.201,-25.843,-6.899
13.209,-28.265,-6.497
13.279,-30.399,-3.272
9.524,-31.218,-3.106
7.55,-28.215,-1.753
7.965,-24.749,-0.082
6.098,-22.595,2.517
6.022,-18.797,3.18
6.13,-17.069,6.614
6.051,-13.238,6.308
8.329,-10.304,5.19
10.017,-6.906,6.01
13.665,-7.037,7.317
16.221,-5.015,5.239
19.941,-4.573,6.212
19.437,-0.952,7.43
19.914,1.029,4.165
19.594,-2.052,1.767
22.776,-1.368,-0.36
25.363,-2.482,2.28
26.12,-6.143,1.375
30.012,-6.186,1.145
31.86,-9.217,-0.419
29.655,-10.944,-3.187
32.004,-14.02,-3.053
29.969,-17.183,-2.163
33.008,-19.165,-0.89
33.695,-22.52,-2.641
30.349,-24.521,-2.735
31.946,-27.569,-4.581
28.944,-30.016,-4.022
27.824,-30.878,-7.594
30.919,-32.928,-8.655
34.013,-30.758,-7.892
36.96,-32.941,-6.502
40.185,-31.345,-7.975
38.088,-28.135,-8.562
37.068,-28.098,-12.311
38.406,-30.975,-14.554
37.957,-31.822,-18.269
34.572,-31.29,-20.101
32.603,-32.439,-16.925
29.931,-34.767,-18.57
32.54,-36.94,-20.487
31.769,-40.345,-22.222
29.205,-39.652,-25.099
27.618,-36.636,-23.255
30.992,-34.795,-23.573
29.969,-31.529,-21.798
26.897,-30.007,-20.036
27.231,-27.035,-22.502
23.995,-24.869,-22.157
22.887,-21.702,-24.049
25.21,-19.709,-21.652
24.638,-16.421,-23.511
20.872,-15.63,-23.127
21.668,-12.405,-25.111
20.06,-12.766,-28.687
22.661,-10.32,-30.173
24.909,-7.362,-28.932
23.84,-3.735,-29.666
26.082,-2.125,-32.387
26.85,1.126,-30.436
23.173,2.289,-30.378
19.822,0.406,-30.199
17.837,0.545,-33.518
17.983,3.622,-36.005
21.855,3.558,-36.308
22.469,7.212,-35.279
26.018,8.109,-34.018
25.674,7.819,-30.164
23.983,5.252,-27.838
20.356,6.155,-28.833
18.857,4.169,-25.872
19.687,0.513,-24.912
23.452,-0.057,-25.411
23.105,-2.979,-22.931
20.279,-5.216,-21.598
21.329,-5.21,-17.889
24.241,-5.153,-15.367
26.691,-7.979,-16.392
29.733,-9.403,-14.466
31.636,-11.407,-17.174
34.671,-9.064,-17.614
35.002,-6.627,-14.606
38.829,-6.671,-14.225
41.738,-8.912,-12.992
42.004,-10.043,-16.695
39.106,-12.52,-16.147
40.297,-15.841,-14.557
38.36,-18.287,-12.179
35.036,-18.091,-14.232
37.225,-18.209,-17.388
39.672,-21.071,-18.12
42.895,-19.397,-16.836
44.773,-22.788,-17.173
45.651,-22.714,-13.397
42.58,-22.652,-11.114
42.924,-20.278,-8.093
41.062,-22.549,-5.571
43.902,-24.994,-4.491
42.771,-27.605,-7.177
44.126,-30.752,-5.353
47.327,-30.088,-3.256
50.132,-28.296,-5.34
51.537,-26.431,-2.278
53.846,-28.618,-0.101
52.155,-27.517,3.157
52.698,-29.764,6.238
48.913,-30.067,6.756
46.742,-26.88,6.258
45.669,-28.407,2.884
42.013,-27.438,3.803
40.217,-30.544,2.393
42.912,-33.102,3.347
44.349,-32.192,6.85
44.868,-29.191,9.275
47.639,-29.929,11.895
46.073,-30.658,15.304
42.3,-31.088,14.467
41.525,-31.957,18.158
38.703,-29.328,18.643
41.145,-26.909,16.749
44.382,-25.391,18.2
43.958,-22.115,20.277
47.566,-20.893,21.127
47.566,-22.468,24.685
45.139,-25.037,23.102
42.62,-24.625,26.008
42.448,-20.794,25.576
43.975,-18.563,22.82
44.505,-15.22,24.654
42.486,-12.513,26.565
41.09,-12.853,30.158
40.675,-16.686,30.429
38.33,-17.596,33.374
39.26,-14.478,35.48
42.963,-13.803,34.619
44.613,-12.574,31.357
48.151,-13.097,32.802
50.32,-12.066,29.776
50.721,-12.798,25.993
50.815,-16.486,26.892
47.413,-16.24,28.714
48.307,-19.638,30.241
52.037,-20.659,30.607
51.873,-24.109,28.843
52.233,-24.235,25.002
54.558,-21.506,23.375
51.474,-20.098,21.424
52.179,-22.263,18.259
51.281,-19.558,15.607
50.337,-16.607,17.948
53.179,-13.91,18.091
50.541,-11.509,19.498
46.679,-11.62,19.67
47.18,-10.549,23.353
45.374,-7.949,25.538
46.206,-4.785,23.547
45.321,-1.409,25.165
42.269,-0.945,22.844
41.254,-4.624,22.355
38.201,-5.911,24.343
37.076,-2.326,25.198
34.115,-2.921,27.603
31.669,-5.215,25.697
29.553,-5.441,28.898
32.079,-3.453,31.142
30.712,-4.958,34.448
29.948,-1.564,36.149
28.176,-3.512,38.964
31.168,-2.949,41.33
33.635,-1.245,38.925
35.348,-4.331,37.42
36.136,-2.874,33.912
35.593,-6.354,32.281
38.032,-8.807,33.993
35.804,-11.021,36.278
35.076,-13.359,33.345
34.865,-10.715,30.546
31.26,-11.745,29.74
29.959,-11.553,33.355
26.642,-13.352,32.769
24.565,-11.382,35.287
22.32,-9.61,32.737
20.81,-12.619,30.727
17.153,-11.24,30.739
14.387,-13.793,29.861
12.046,-12.604,27.063
9.597,-15.589,27.337
7.699,-14.309,24.212
8.006,-17.678,22.4
6.57,-20.569,24.459
2.733,-20.839,23.797
2.26,-24.617,24.22
4.899,-27.418,23.963
2.663,-30.474,23.165
0.852,-32.515,25.94
2.282,-35.139,28.397
-0.517,-37.635,27.299
1.799,-40.247,25.714
3.636,-42.902,27.824
5.448,-45.019,25.137
5.031,-48.265,27.224
2.064,-50.659,26.482
1.363,-48.17,23.582
1.189,-51.229,21.162
2.075,-49.066,18.098
5.816,-48.37,17.375
6.829,-45.96,20.253
4.436,-42.992,19.492
1.163,-42.477,17.518
0.681,-40.105,14.494
1.689,-36.801,16.184
5.036,-36.158,14.43
4.669,-39.09,11.939
3.044,-38.891,8.465
4.157,-39.963,4.924
5.559,-38.168,1.821
26.42,11.061,25.439
26.471,13.828,22.733
25.908,17.2,24.494
24.13,18.62,21.421
21.587,21.373,22.297
18.467,22.399,20.315
16.132,25.192,19.126
12.437,24.555,18.322
11.069,26.629,15.344
7.566,27.736,16.374
5.329,27.738,13.238
4.861,31.577,12.899
1.675,33.698,12.945
3.048,34.996,9.593
1.433,33.156,6.608
-0.426,30.617,8.862
0.365,29.359,12.49
-0.18,25.615,11.693
1.812,22.666,10.129
2.905,24.23,6.777
6.671,23.835,7.497
6.539,20.406,5.714
3.893,21.111,3.018
5.798,20.887,-0.37
4.532,22.193,-3.739
7.048,22.269,-6.628
7.68,20.627,-10.096
11.356,20.141,-8.812
12.356,22.071,-12.039
12.208,18.711,-13.985
9.705,15.826,-14.582
10.922,13.71,-11.618
8.923,14.594,-8.473
5.894,16.475,-9.874
2.507,14.887,-11.038
-0.378,17.337,-10.354
-1.82,18.528,-13.721
-1.301,22.322,-13.28
-2.688,23.143,-9.791
-4.171,19.776,-8.514
-7.906,20.547,-7.659
-9.877,19.345,-4.603
-10.876,15.854,-5.811
-11.273,14.291,-2.367
-11.782,17.572,-0.392
-8.672,17.783,1.829
-10.586,19.166,4.88
-11.614,22.438,3.067
-10.403,25.26,0.726
-10.336,23.121,-2.48
-7.706,20.647,-1.172
-5.055,23.184,0.011
-6.433,25.286,2.93
-4.824,28.607,1.852
-1.578,27.328,0.211
0.099,27.79,-3.202
3.871,27.771,-4.077
5.835,27.677,-0.762
8.044,24.633,0.126
10.039,21.99,-1.878
11.6,18.445,-1.495
9.87,15.086,-0.649
12.481,12.322,0.413
14.683,14.76,2.521
17.378,14.112,-0.131
19.23,17.422,0.594
20.407,15.973,3.993
17.518,17.741,5.839
14.814,20.296,4.88
16.545,23.438,3.407
19.706,22.25,5.355
18.011,23.755,8.492
14.752,22.071,9.679
15.882,21.174,13.255
17.716,24.434,14.067
19.837,25.135,17.179
23.479,24.627,18.155
25.481,21.608,19.469
26.763,23.847,22.374
29.368,26.607,21.679
32.282,25.49,23.965
31.104,24.432,27.514
30.339,20.849,26.313
30.352,21.214,22.459
29.081,17.716,21.318
31.493,16.274,23.972
30.913,12.518,24.465
33.746,11.468,26.851
33.754,9.658,30.254
37.233,8.194,30.998
36.663,6.54,34.418
33.205,8.192,34.599
31.087,6.605,31.823
27.521,6.376,33.276
24.019,6.191,31.695
22.754,7.975,34.871
20.989,4.933,36.486
24.203,2.981,37.295
23.547,0.896,40.425
24.619,-2.641,39.439
23.216,-5.434,41.743
24.418,-9.093,41.704
20.601,-9.848,41.483
20.971,-12.975,43.719
24.779,-13.632,43.395
24.212,-17.423,42.784
23.414,-16.446,39.13
26.646,-17.73,37.489
25.31,-16.896,33.981
21.547,-17.642,33.539
18.894,-20.403,33.907
19.82,-23.369,31.617
16.953,-25.377,30.032
17.583,-25.246,26.191
14.159,-26.833,25.505
11.02,-25.06,26.835
9.001,-28.355,26.994
6.348,-29.104,24.204
3.466,-27.12,25.843
1.111,-27.428,22.817
2.815,-30.835,22.018
1.571,-31.311,18.365
0.618,-27.611,17.787
-2.636,-27.874,15.716
-1.282,-30.077,12.825
1.934,-31.271,11.078
0.634,-30.026,7.676
-1.856,-27.342,6.483
-1.847,-26.174,2.816
-1.072,-29.766,1.52
0.992,-30.034,-1.809
4.168,-30.74,0.273
5.4,-34.397,0.481
4.708,-34.218,4.26
7.559,-32.366,6.119
9.854,-35.46,6.107
7.77,-37.381,3.5
4.5,-38.571,5.189
5.761,-40.439,8.343
9.512,-39.555,8.314
10.666,-41.427,5.131
11.988,-44.389,7.19
13.291,-46.696,4.428
15.734,-46.873,1.449
13.877,-46.443,-1.928
10.652,-44.822,-0.563
9.812,-42.616,-3.626
12.81,-40.616,-5.091
12.164,-41.703,-8.724
8.524,-42.679,-7.916
8.913,-44.416,-11.344
10.304,-42.06,-14.192
6.717,-41.741,-15.603
7.333,-40.785,-19.26
4.662,-39.646,-21.822
3.321,-37.386,-18.98
1.862,-33.863,-19.758
4.708,-31.464,-18.749
6.696,-33.699,-16.302
8.108,-30.872,-14.065
5.093,-28.505,-14.564
2.947,-31.691,-14.837
3.575,-33.138,-11.33
4.726,-30.014,-9.343
1.632,-28.105,-10.68
-1.03,-28.231,-13.469
0.489,-25.242,-15.362
-1.919,-22.847,-13.529
-3.439,-24.165,-10.237
-5.875,-22.067,-8.119
-5.952,-18.507,-9.592
-8.358,-16.005,-11.315
-9.533,-18.571,-13.958
-12.766,-18.479,-11.926
-12.267,-14.697,-11.313
-14.363,-14.181,-8.116
-12.136,-11.457,-6.577
-12.814,-8.594,-9.222
-16.222,-6.871,-8.559
-16.42,-5.856,-12.257
-13.258,-3.701,-12.403
-13.792,-0.785,-9.991
-15.922,-0.838,-6.808
-16.798,2.895,-6.965
-14.6,5.65,-5.276
-11.796,5.254,-2.673
-13.636,2.744,-0.345
-13.787,-1.115,-0.656
-12.409,-4.422,0.737
-11.827,-7.518,-1.505
-9.712,-10.782,-1.709
-9.987,-14.021,0.316
-6.683,-15.596,1.652
-8.774,-18.411,3.299
-8.105,-20.125,6.701
-6.715,-23.364,5.122
-9.971,-25.092,6.242
-11.765,-23.37,9.228
-10.516,-25.366,12.278
-7.822,-28.124,12.409
-5.749,-28.393,9.114
-6.561,-32.133,8.927
-4.854,-34.028,6.062
-1.893,-35.843,7.724
-1.009,-35.998,11.466
1.652,-38.67,12.265
0.108,-41.07,9.66
2.237,-44.244,9.853
4.405,-42.74,12.637
6.133,-46.056,13.415
8.23,-46.599,16.552
8.996,-48.922,19.536
7.405,-52.099,18.013
9.33,-53.606,15.016
6.364,-55.78,13.771
3.699,-54.176,11.407
6.101,-52.98,8.625
9.156,-54.854,10.003
12.18,-52.752,11.249
9.881,-49.723,10.486
11.167,-50.348,6.891
7.787,-49.238,5.459
8.775,-49.079,1.755
9.056,-52.943,1.397
5.524,-52.695,-0.131
6.225,-49.243,-1.699
8.486,-48.265,-4.629
7.083,-44.869,-5.404
3.597,-43.608,-4.484
2.199,-40.848,-6.781
4.649,-37.877,-6.789
7.08,-38.564,-9.683
9.446,-35.821,-8.431
10.341,-33.61,-11.394
11.671,-30.216,-10.21
11.072,-27.163,-12.477
14.667,-26.422,-13.709
14.137,-22.638,-14.068
15.033,-19.388,-12.263
17.213,-16.545,-13.58
20.597,-14.795,-13.222
20.321,-13.508,-9.539
23.63,-11.546,-9.236
25.999,-14.46,-8.413
25.327,-18.235,-8.042
27.764,-21.214,-7.981
28.155,-25.022,-7.155
25.343,-26.703,-5.13
26.672,-29.645,-3.001
27.073,-30.35,0.803
30.781,-29.462,0.066
31.969,-30.372,3.594
30.772,-33.992,3.242
34.129,-35.763,3.911
32.812,-39.194,5.009
29.104,-38.588,4.115
28.348,-41.955,5.792
25.104,-43.493,4.378
23.318,-40.089,3.776
21.237,-41.257,0.729
21.52,-43.765,-2.199
25.22,-44.845,-1.772
24.635,-47.145,1.289
20.788,-46.98,1.028
19.825,-48.412,-2.449
23.37,-49.13,-3.856
21.658,-49.313,-7.293
20.356,-45.687,-7.04
18.16,-46.117,-10.233
17.069,-42.454,-9.639
15.43,-42.324,-13.143
16.687,-38.667,-13.384
13.886,-37.767,-10.886
14.207,-35.616,-7.672
18.008,-35.913,-7.143
19.639,-32.362,-7.226
22.788,-32.782,-9.426
26.073,-32.197,-7.492
27.782,-30.505,-10.503
27.485,-26.702,-10.874
24.956,-25.478,-13.576
23.826,-22.358,-11.549
20.914,-21.702,-13.972
20.501,-23.726,-17.204
24.191,-23.722,-18.231
26.14,-20.777,-16.659
25.548,-16.912,-16.971
27.399,-17.487,-20.362
29.059,-13.996,-20.537
26.853,-11.417,-18.767
26.909,-10.968,-14.932
24.583,-7.956,-14.4
23.211,-6.508,-17.735
19.625,-5.738,-16.467
20.428,-3.004,-13.912
19.472,0.715,-14.006
18.636,3.671,-11.694
16.558,6.949,-11.74
13.059,5.381,-12.187
10.017,6.469,-14.297
7.59,7.569,-11.503
6.984,7.188,-7.684
10.172,9.265,-6.972
7.954,11.942,-5.101
7.157,8.786,-2.967
3.383,9.424,-3.296
1.735,8.965,-6.822
-1.676,8.337,-5.045
-3.651,11.446,-3.734
-7.285,11.318,-5.199
-7.137,15.119,-6.051
-4.978,15.953,-9.29
-7.621,15.763,-12.076
-7.815,19.05,-14.213
-6.416,17.405,-17.404
-3.238,15.399,-18.213
-3.616,14.771,-22.017
-5.854,13.361,-24.817
-5.262,9.925,-26.61
-4.475,9.549,-30.381
-4.246,5.688,-30.56
-6.64,3.167,-32.224
-7.038,0.474,-29.479
-7.453,-2.449,-32.01
-8.225,-3.377,-35.694
-11.042,-5.894,-36.685
-11.835,-9.588,-37.479
-15.575,-9.982,-36.46
-16.351,-9.035,-32.781
-19.084,-7.226,-30.738
-22.822,-8.199,-30.89
-24.025,-6.984,-34.395
-27.627,-7.621,-33.22
-27.583,-8.937,-29.585
-24.774,-8.385,-27.002
-26.295,-10.957,-24.581
-25.119,-13.804,-26.948
-23.264,-16.486,-24.953
-23.481,-14.214,-21.883
-21.76,-10.885,-22.779
-19.833,-10.475,-26.12
-17.987,-13.882,-25.951
-17.226,-13.386,-29.687
-13.561,-12.38,-30.341
-12.014,-10.683,-33.413
-10.661,-7.082,-33.256
-7.217,-7.449,-31.561
-4.478,-5.949,-33.92
-4.542,-9.299,-35.884
-3.24,-11.124,-32.717
-5.955,-12.602,-30.459
-5.713,-10.424,-27.32
-6.369,-6.653,-27.959
-2.758,-5.358,-27.927
-3.186,-1.489,-27.578
0.59,-1.53,-26.653
1.913,1.628,-28.649
0.783,4.36,-26.172
2.413,7.743,-25.385
4.445,6.409,-22.403
5.583,9.996,-21.505
2.581,11.825,-23.011
-0.969,10.374,-22.697
-0.408,9.29,-19.008
2.074,11.475,-16.968
-0.378,13.462,-14.684
1.191,16.381,-16.64
3.552,18.289,-14.192
3.554,21.779,-12.429
2.164,20.701,-8.991
3.106,17.635,-6.827
-0.195,15.97,-5.56
-0.669,18.762,-2.882
-2.504,16.497,-0.324
0.902,16.682,1.447
-0.501,20.038,2.738
-2.28,17.801,5.298
0.821,17.061,7.471
-1.949,17.632,10.086
-2.559,13.799,9.468
-6.037,12.287,8.698
-8.631,10.974,11.201
-7.242,13.152,14.016
-8.202,11.2,17.189
-4.74,9.579,17.94
-4.078,11.613,21.15
-7.516,13.01,22.273
-7.72,14.811,18.795
-5.441,17.533,20.341
-1.801,16.433,19.714
-1.669,13.992,16.76
1.546,13.678,14.6
4.713,11.565,14.083
7.639,12.987,11.989
9.747,9.741,11.67
13.174,11.592,11.561
11.949,13.062,8.18
12.823,9.694,6.494
10.79,10.559,3.348
7.579,11.259,5.454
4.874,9.206,7.417
2.107,11.163,5.56
4.026,10.746,2.221
0.963,9.139,0.488
-1.821,11.019,2.378
-2.802,9.138,5.702
0.347,8.758,7.875
-1.447,8.176,11.184
-4.997,6.678,11.291
-7.521,5.486,14.007
-7.456,5.977,17.861
-6.673,3.71,20.894
-3.719,1.195,20.796
-2.305,3.623,18.143
-0.692,6.698,19.85
-1.694,6.321,23.539
1.954,6.79,24.697
1.841,9.404,27.489
5.704,9.049,27.835
7.655,8.112,31.101
8.993,4.483,31.081
9.999,4.53,34.838
7.736,1.762,36.337
4.399,3.629,36.813
3.511,5.93,33.904
0.187,7.559,32.856
-1.746,5.286,35.318
-0.003,2.112,36.7
0.69,0.086,33.455
3.194,-1.913,35.604
2.219,-5.618,35.556
5.641,-7.301,34.849
7.337,-4.651,32.637
8.63,-0.989,32.491
10.764,-0.395,35.7
13.942,0.766,33.805
16.005,-2.04,32.188
13.527,-4.899,33.114
12.671,-6.229,29.555
11.621,-9.958,30.192
10.457,-9.724,26.535
8.048,-12.708,25.956
7.195,-10.985,22.586
5.482,-13.893,20.761
2.464,-16.054,21.668
0.986,-19.503,20.592
-0.444,-18.16,17.241
2.686,-16.771,15.416
2.386,-18.324,11.899
3.489,-16.55,8.687
5.533,-18.786,6.334
2.709,-21.329,5.776
0.649,-19.532,3.085
0.279,-16.195,1.189
2.762,-13.503,2.546
3.169,-11.875,6.01
3.463,-8.274,7.267
3.044,-6.258,10.581
-0.133,-7.895,12.096
-3.306,-9.847,11.019
-3.286,-12.802,8.503
-1.443,-15.031,11.093
-3.099,-18.302,9.977
-2.713,-22.114,10.641
0.709,-23.735,11.426
2.763,-26.63,9.938
5.694,-28.77,11.31
7.661,-27.492,8.273
6.374,-24.143,6.959
7.828,-24.247,3.413
4.966,-21.983,2.111
26.419,11.587,17.794
25.034,14.373,20.123
24.949,18.235,19.663
24.684,18.05,15.798
22.094,20.915,16.071
19.076,21.507,13.74
16.982,23.878,11.512
13.116,23.922,11.222
11.299,23.793,7.808
7.674,24.924,8.648
4.789,23.525,6.459
2.218,26.488,6.099
-0.793,24.433,4.803
-1.578,21.757,2.11
2.195,21.265,1.319
2.67,17.522,1.955
4.913,15.24,-0.333
2.018,13.026,-1.66
1.776,12.607,-5.504
1.57,16.458,-6.092
3.047,19.01,-3.58
6.804,18.339,-4.196
7.275,14.532,-3.994
11.058,13.656,-3.342
10.214,10.035,-4.301
10.062,10.231,-8.148
13.773,9.945,-9.535
15.237,6.441,-10.48
11.816,5.887,-12.251
11.227,6.014,-16.065
13.812,3.137,-16.416
13.659,3.071,-20.236
17.011,1.183,-20.573
15.785,-2.067,-18.929
11.99,-2.624,-19.259
11.184,-5.976,-20.942
10.677,-5.495,-24.725
12.677,-2.198,-24.962
15.915,-4.077,-23.977
14.915,-7.603,-25.22
11.381,-8.567,-26.68
11.44,-12.007,-24.943
13.353,-13.851,-27.685
10.997,-13.586,-30.744
10.895,-17.429,-30.739
9.496,-18.904,-27.468
11.853,-21.869,-28.359
10.034,-24.341,-25.95
13.545,-25.085,-24.567
14.224,-27.024,-27.829
17.766,-27.546,-29.21
16.889,-29.882,-32.169
18.78,-32.783,-30.433
18.568,-35.38,-33.29
15.191,-33.603,-34.116
13.82,-36.186,-31.563
12.832,-36.338,-27.832
16.635,-36.524,-27.024
16.379,-32.975,-25.504
14.139,-34.614,-22.822
16.499,-36.777,-20.668
14.952,-39.901,-19.009
12.007,-41.115,-21.286
11.375,-43.626,-18.374
9.411,-46.211,-20.476
9.973,-44.359,-23.842
7.447,-43.376,-26.644
4.436,-42.888,-24.298
1.733,-42.786,-27.034
-1.245,-41.269,-25.075
-0.824,-43.771,-22.161
2.145,-46.224,-21.882
0.843,-47.59,-18.544
-2.244,-49.582,-19.585
-4.651,-49.037,-22.529
-7.799,-48.518,-20.465
-7.506,-45.054,-18.862
-11.091,-45.168,-17.412
-10.214,-42.275,-15.004
-13.709,-41.425,-13.62
-17.357,-41.474,-14.849
-17.811,-39.977,-18.413
-16.43,-36.421,-17.835
-12.579,-36.536,-18.108
-11.822,-38.458,-21.345
-10.963,-35.866,-24.116
-9.807,-36.575,-27.756
-10.11,-40.395,-28.515
-13.461,-40.259,-30.417
-16.099,-40.037,-27.634
-15.385,-36.303,-27.105
-12.686,-34.496,-29.134
-13.798,-31.168,-27.579
-12.924,-28.409,-30.119
-14.005,-25.888,-27.356
-15.773,-23.487,-29.829
-12.726,-21.134,-29.597
-12.495,-20.301,-33.353
-13.391,-17.219,-35.545
-13.893,-15.25,-32.24
-10.178,-13.881,-32.151
-10.509,-10.629,-34.191
-7.959,-10.433,-37.058
-6.465,-7.06,-36.045
-3.751,-5.213,-38.036
-1.899,-4.879,-34.623
0.014,-1.67,-35.561
-1.279,1.239,-33.357
-4.843,1.699,-31.937
-5.09,5.17,-30.294
-8.243,7.343,-29.797
-8.217,11.171,-29.111
-4.368,11.546,-28.88
-4.182,15.387,-28.342
-7.653,16.912,-27.595
-8.365,18.297,-24.06
-6.6,15.507,-22.027
-4.796,16.439,-18.632
-6.233,19.156,-16.229
-4.765,17.264,-13.148
-6.348,18.844,-10.036
-6.181,15.468,-8.139
-9.751,15.312,-6.693
-10.962,13.978,-3.201
-9.607,10.315,-2.938
-12.164,7.499,-2.43
-14.991,6.29,-0.085
-13.524,3.526,2.162
-9.917,2.887,1.001
-8.877,-0.847,1.405
-11.524,-3.69,1.262
-14.243,-1.076,0.328
-17.344,-3.376,0.029
-18.914,-2.994,3.536
-16.471,-0.253,4.791
-16.173,-1.481,8.491
-14.298,1.758,9.524
-11.449,0.744,6.951
-8.653,2.845,8.727
-6.541,2.907,5.539
-4.652,-0.42,6.061
-0.853,0.213,5.796
2.514,-0.765,7.428
5.314,-0.055,4.844
7.31,-3.227,5.859
3.995,-5.137,6.481
0.297,-4.761,5.362
-3.207,-4.804,7.027
-2.284,-7.098,10.018
-4.879,-6.387,12.827
-7.864,-4.244,11.618
-9.122,-5.012,7.94
-12.145,-7.365,8.396
-10.177,-9.811,10.673
-13.17,-9.663,13.097
-15.69,-11.153,10.553
-15.088,-13.685,7.62
-15.108,-11.667,4.297
-11.465,-10.511,4.893
-9.943,-12.294,1.822
-10.068,-16.127,1.777
-12.202,-17.726,-0.955
-9.773,-20.631,-1.642
-12.396,-23.461,-2.126
-14.847,-20.871,-3.627
-11.973,-19.404,-5.728
-13.899,-17.925,-8.732
-11.521,-18.076,-11.782
-8.299,-17.509,-9.68
-5.773,-18.882,-12.298
-3.055,-18.304,-9.603
-1.58,-20.217,-6.593
-4.879,-20.385,-4.553
-5.204,-16.531,-4.948
-8.91,-15.719,-5.623
-10.264,-12.317,-6.848
-13.85,-11.179,-7.716
-14.016,-7.661,-9.421
-17.088,-6.119,-11.191
-15.51,-6.942,-14.591
-12.092,-5.189,-14.329
-12.482,-2.14,-12.052
-14.399,-3.147,-8.851
-16.159,0.303,-8.713
-15.817,3.989,-7.782
-17.782,5.209,-4.695
-21.616,4.615,-4.278
-22.581,3.245,-7.801
-24.546,0.242,-9.236
-23.094,-2.8,-11.148
-24.362,-4.752,-14.213
-23.616,-8.073,-16.063
-20.889,-8.268,-18.878
-21.663,-6.385,-22.175
-19.081,-6.191,-25.058
-18.513,-7.46,-28.661
-14.757,-8.213,-29.056
-13.069,-4.76,-28.729
-9.565,-6.416,-28.916
-7.555,-3.162,-29.651
-4.232,-3.384,-27.577
-2.378,-0.684,-29.601
-2.212,1.712,-26.546
-2.424,5.576,-26.364
1.335,5.606,-27.33
2.283,9.346,-27.62
5.618,8.639,-29.5
7.867,6.367,-27.342
5.447,4.102,-25.433
6.192,5.243,-21.845
7.128,8.925,-21.279
6.319,11.665,-18.679
5.433,9.731,-15.464
3.873,12.948,-13.926
2.111,11.406,-10.852
1.179,7.861,-12.078
2.411,4.859,-9.938
5.546,6.684,-8.444
6.036,4.308,-5.428
3.846,2.019,-3.251
3.916,-0.23,-0.131
4.555,-3.558,-2.04
6.087,-4.966,1.157
7.668,-8.28,2.394
4.223,-9.976,1.857
5.298,-13.448,3.206
4.217,-15.776,0.338
7.391,-17.621,-0.782
8.26,-20.897,1.047
7.367,-24.105,-0.941
4.188,-25.653,-2.515
2.882,-28.202,-5.141
4.884,-27.533,-8.38
8.231,-29.474,-8.168
9.635,-27.294,-11.075
11.205,-28.48,-14.361
13.709,-25.835,-15.543
11.77,-22.605,-14.705
13.381,-19.58,-12.906
16.19,-17.255,-14.205
19.8,-16.107,-13.499
21.932,-15.698,-10.22
21.957,-19.474,-9.659
24.858,-21.839,-10.418
22.02,-24.311,-9.8
24.372,-27.34,-10.188
25.656,-27.616,-6.547
23.901,-30.604,-4.822
20.162,-29.514,-4.953
19.693,-31.876,-1.874
19.803,-35.707,-1.599
16.849,-37.012,-3.683
14.872,-38.792,-0.884
12.878,-41.902,-2.026
15.366,-43.332,-4.576
15.203,-47.171,-4.67
17.156,-47.936,-7.929
14.916,-45.561,-9.973
12.828,-43.754,-7.23
10.572,-46.829,-6.619
8.584,-46.784,-9.896
8.947,-44.828,-13.228
5.188,-44.862,-14.149
3.02,-48.003,-13.357
6.075,-50.267,-14.109
5.487,-52.631,-11.103
1.691,-52.15,-11.803
0.625,-52.846,-8.139
2.007,-49.499,-6.782
1.695,-49.736,-2.948
1.943,-45.878,-2.646
3.582,-46.481,0.789
4.521,-43.484,2.993
8.195,-42.82,2.086
8.833,-39.023,2.122
5.633,-38.234,-0.035
5.92,-34.519,0.962
8.853,-32.768,-0.981
6.467,-29.739,-1.494
3.32,-31.909,-2.107
2.175,-31.387,1.531
3.884,-27.92,1.641
2.89,-27.484,5.392
3.038,-23.644,5.325
0.417,-23.364,2.551
0.334,-19.501,2.19
0.593,-16.98,5.237
-2.774,-18.592,6.331
-1.08,-20.635,9.142
-3.541,-19.396,11.89
-2.001,-16.961,14.509
0.982,-14.629,13.744
-0.157,-10.929,13.08
-1.418,-10.643,16.726
-1.534,-7.265,18.614
-5.165,-5.954,18.365
-6.479,-2.308,18.657
-3.117,-0.337,19.027
-4.34,3.322,19.266
-1.054,4.818,17.898
1.421,3.516,15.139
0.542,6.699,13.046
2.052,10.147,12.175
-0.821,12.574,13.431
-0.764,10.372,16.639
-4.007,12.017,17.939
-6.769,12.982,15.398
-6.88,16.637,16.699
-3.32,17.237,15.285
-3.388,16.727,11.392
-0.488,17.127,8.85
-2.401,19.014,5.953
-5.832,20.824,6.145
-7.444,17.306,5.952
-10.056,18.112,3.204
-10.37,14.437,1.986
-14.173,14.337,1.38
-14.32,18.113,0.564
-11.883,19.106,-2.366
-12.979,22.801,-2.456
-16.631,22.931,-1.224
-18.908,20.597,0.832
-19.854,18.604,-2.364
-18.862,15.478,-0.338
-17.682,12.112,-1.772
-20.097,9.592,-0.149
-18.455,6.72,1.853
-20.335,4.203,-0.398
-22.172,0.947,0.305
-21.936,-2.664,-1.056
-24.904,-2.231,-3.491
-23.226,-3.14,-6.882
-24.734,-6.637,-7.518
-22.532,-9.298,-5.734
-24.917,-12.222,-6.7
-22.826,-14.359,-9.145
-20.505,-12.497,-11.604
-17.774,-15.197,-11.764
-17.268,-18.974,-12.143
-14.543,-21.639,-11.552
-11.715,-22.306,-14.085
-10.853,-26.069,-14.204
-7.15,-25.775,-15.259
-6.34,-28.677,-12.818
-2.801,-29.591,-14.088
0.217,-27.434,-15.151
2.691,-27.643,-18.102
5.64,-28.928,-15.92
7.519,-30.468,-18.966
10.413,-28.103,-19.944
8.761,-24.675,-19.418
9.621,-21.167,-20.743
13.194,-21.54,-22.235
14.53,-24.049,-19.636
16.457,-22.674,-16.556
19.829,-20.815,-16.441
22.41,-23.27,-14.792
25.149,-21.248,-16.553
25.453,-17.761,-18.089
26.475,-19.601,-21.308
29.855,-20.256,-19.527
29.556,-22.11,-16.143
32.013,-19.743,-14.368
29.666,-16.771,-15.172
27.338,-18.017,-12.317
28.697,-20.686,-9.793
28.075,-18.539,-6.61
27.778,-14.697,-6.711
29.031,-12.148,-4.036
32.118,-14.339,-3.106
33.681,-11.544,-0.884
36.285,-13.818,0.872
33.702,-16.173,2.497
32.292,-13.744,5.132
33.103,-14.905,8.698
29.88,-14.466,10.744
31.974,-13.816,13.964
32.942,-10.438,12.391
29.106,-9.763,12.153
29.723,-6.819,9.66
26.846,-4.384,10.442
26.685,-3.211,14.079
28.977,-5.796,15.756
30.516,-3.512,18.418
31.156,-6.091,21.253
33.849,-3.794,22.836
33.505,-1.283,19.891
36.41,-3.318,18.427
35.826,-7.141,18.016
39.45,-8.312,18.734
39.086,-7.159,22.411
37.843,-9.329,25.406
40.779,-11.593,24.304
38.678,-12.798,21.298
41.542,-14.984,20.038
41.211,-18.793,20.108
45.055,-19.167,19.959
45.619,-20.51,23.528
49.325,-21.543,24.021
49.567,-23.299,27.478
48.231,-21.721,30.804
49.107,-25.067,32.518
50.606,-23.418,35.651
49.067,-20.065,36.825
45.9,-19.722,34.643
44.615,-16.024,34.602
42.513,-16.813,31.502
43.646,-13.971,29.126
42.121,-16.105,26.291
38.663,-16.35,24.524
36.505,-14.648,27.285
38.217,-14.038,30.698
40.273,-10.805,30.235
38.344,-7.465,29.902
34.726,-6.595,30.91
34.121,-3.333,28.939
32.055,-2.62,25.798
28.59,-2.394,27.419
26.708,0.062,29.718
24.838,-3.037,31.034
26.476,-6.498,30.562
24.909,-9.869,31.69
27.495,-11.787,29.553
30.157,-10.314,31.944
31.05,-13.981,32.69
29.653,-15.435,29.395
26.573,-17.362,30.664
24.243,-15.387,33.023
26.6,-13.484,35.38
25.954,-11.754,38.793
25.909,-8.448,36.792
22.078,-8.189,36.312
22.128,-4.529,37.432
19.087,-2.436,36.256
17.222,-5.616,35.01
13.999,-3.701,35.982
14.404,-2.308,32.451
14.023,-5.853,30.999
16.036,-5.917,27.727
15.333,-9.706,27.801
12.769,-9.973,24.956
9.367,-11.321,26.179
7.781,-10.665,22.707
5.252,-13.02,20.947
3.785,-13.651,24.46
5.574,-17.113,24.851
2.746,-19.76,24.689
3.129,-23.429,23.58
1.578,-26.966,24.106
-0.823,-26.086,21.189
-2.327,-23.278,23.439
-2.935,-20.869,20.499
-5.791,-18.836,22.074
-3.566,-16.429,24.05
-2.549,-12.794,23.256
0.331,-11.805,25.682
1.395,-12.995,29.2
0.723,-16.784,29.473
1.554,-16.603,33.267
5.283,-17.318,33.987
7.626,-16.872,30.916
8.773,-20.548,30.848
5.669,-21.965,29.015
7.869,-23.038,26.032
6.272,-26.549,26.124
7.279,-27.666,22.584
8.378,-30.988,20.993
11.922,-30.232,22.424
14.102,-33.268,23.246
11.652,-35.931,21.957
8.836,-36.329,24.585
26.947,9.463,20.289
24.661,11.11,22.913
22.621,13.914,21.221
21.424,15.259,24.646
20.315,18.739,23.273
17.85,19.383,20.36
16.104,22.001,18.068
12.342,22.295,17.148
10.744,21.867,13.655
7.781,24.346,13.561
6.963,22.364,10.295
9.426,23.755,7.574
9.915,21.253,4.593
10.401,17.453,3.986
13.621,15.278,4.343
16.529,14.447,1.945
16.175,11.08,-0.059
18.485,8.621,1.829
16.839,5.691,-0.056
17.462,7.828,-3.239
14.777,5.951,-5.332
15.393,5.676,-9.155
13.789,3.591,-11.989
15.804,0.29,-11.507
15.199,-2.232,-14.389
14.455,-1.506,-18.061
10.919,-2.938,-18.921
11.989,-5.365,-21.713
9.766,-8.192,-20.333
11.407,-11.401,-21.917
11.781,-14.9,-20.171
7.927,-15.227,-19.709
8.807,-17.461,-16.69
6.816,-20.775,-16.495
5.226,-19.522,-19.823
2.283,-21.922,-19.253
-0.007,-23.702,-16.786
0.619,-27.294,-15.476
-2.727,-28.265,-17.202
-4.65,-25.046,-18.279
-8.467,-26.102,-18.008
-9.378,-25.897,-14.276
-9.881,-22.226,-13.266
-9.027,-20.135,-10.134
-10.666,-22.872,-7.938
-11.562,-20.736,-4.804
-11.611,-17.041,-3.645
-11.373,-14.828,-0.475
-9.233,-11.636,-0.825
-10.094,-10.016,2.555
-9.725,-11.272,6.15
-12.525,-8.852,7.319
-14.299,-5.482,6.671
-16.573,-3.211,8.837
-16.704,0.691,8.713
-15.717,1.217,4.99
-11.945,0.502,5.805
-11.073,2.983,3.021
-8.492,5.442,4.468
-5.016,4.526,3.081
-1.781,6.124,4.483
-2.137,9.255,2.235
-5.029,10.737,-0.063
-2.85,9.633,-3.113
-2.559,12.856,-5.253
1.077,12.197,-6.593
0.19,11.559,-10.343
2.649,10.484,-13.172
3.908,6.873,-13.925
0.659,5.066,-14.894
-0.294,6.03,-18.557
-1.458,2.558,-19.813
-0.23,-0.66,-21.521
0.947,-1.629,-25.04
-2.032,-4.123,-24.881
-0.149,-6.952,-26.703
-3.246,-7.566,-28.947
-4.995,-11.048,-28.864
-8.676,-10.402,-27.982
-10.904,-13.028,-26.162
-7.924,-15.243,-24.978
-4.659,-16.987,-26.124
-4.454,-19.793,-23.471
-4.948,-23.631,-23.474
-4.39,-24.289,-27.284
-3.151,-27.926,-26.959
-3.058,-29.194,-23.334
-4.744,-32.653,-23.434
-3.757,-36.162,-24.678
-7.231,-37.851,-24.754
-6.146,-40.91,-26.907
-3.68,-41.801,-24.082
-6.512,-43.849,-22.436
-6.917,-46.056,-25.575
-3.093,-46.447,-25.939
-3.03,-47.618,-22.228
-2.827,-51.306,-23.369
0.363,-51.139,-25.54
3.593,-49.034,-25.269
4.951,-50.398,-28.615
7.919,-52.521,-27.218
9.95,-55.256,-28.987
7.708,-58.166,-30.212
8.689,-61.033,-27.849
9.605,-58.602,-25.02
6.667,-56.499,-23.598
7.096,-57.752,-19.985
9.798,-60.486,-19.535
11.693,-60.996,-16.178
15.053,-59.164,-16.824
13.273,-56.028,-18.195
11.019,-55.845,-15.038
10.936,-56.911,-11.327
10.314,-60.478,-12.752
6.533,-59.627,-12.293
6.889,-61.241,-8.773
6.725,-57.814,-7.055
5.22,-55.074,-9.402
4.646,-52.79,-6.319
4.112,-52.731,-2.514
1.299,-50.278,-1.505
2.932,-49.109,1.829
6.441,-48.66,0.242
5.141,-47.322,-3.136
7.643,-44.626,-4.306
4.858,-42.22,-5.382
2.316,-41.564,-2.545
1.075,-38.274,-4.165
2.021,-37.754,-7.884
1.739,-33.952,-8.64
-1.519,-31.921,-9.182
-3.973,-32.145,-12.196
-1.175,-32.836,-14.843
-3.76,-32.801,-17.745
-4.741,-36.321,-16.591
-1.532,-38.246,-15.682
-2.414,-41.636,-17.314
1.316,-42.628,-17.899
2.747,-39.318,-19.33
5.931,-39.316,-17.151
6.282,-43.15,-17.402
6.492,-43.541,-21.241
6.64,-39.97,-22.624
8.177,-40.427,-26.17
5.775,-37.628,-27.441
2.904,-40.264,-27.227
-0.44,-39.947,-29.223
0.891,-42.425,-31.919
-1.009,-41.366,-35.132
-1.146,-37.675,-34.153
2.346,-37.641,-32.505
3.258,-34.018,-31.448
6.473,-32.899,-29.725
6.745,-33.566,-25.9
4.164,-31.125,-24.445
6.167,-28.185,-23.012
5.034,-24.576,-22.366
5.709,-22.915,-25.787
2.569,-22.356,-27.961
0.263,-24.078,-25.39
-1.076,-23.924,-21.763
-0.357,-20.138,-21.416
0.101,-17.748,-18.422
-2.654,-15.703,-16.606
-3.536,-19.034,-14.847
-2.058,-21.936,-12.786
-5.002,-24.253,-11.882
-4.762,-26.202,-8.509
-1.119,-24.922,-8.173
-2.766,-21.497,-7.395
-2.746,-19.947,-3.869
-6.19,-18.297,-3.412
-5.635,-14.779,-2.008
-7.568,-13.584,-5.144
-11.243,-12.41,-5.284
-12.897,-10.244,-8.047
-16.201,-10.166,-6.032
-16.191,-6.386,-4.674
-17.181,-5.364,-8.258
-15.889,-5.384,-11.849
-13.798,-2.354,-10.713
-15.425,0.553,-8.819
-16.628,0.839,-5.161
-18.392,4.178,-5.95
-16.249,6.201,-3.455
-14.691,5.037,-0.122
-16.184,1.572,0.802
-15.388,-2.235,1.118
-16.455,-5.895,0.654
-16.358,-8.781,3.211
-16.24,-12.349,1.771
-14.062,-13.641,4.652
-10.761,-15.71,4.813
-12.552,-19.126,4.58
-9.51,-20.723,2.726
-8.575,-22.596,6.008
-5.665,-25.147,6.164
-8.03,-28.131,6.733
-6.718,-31.117,8.821
-2.951,-31.596,8.062
-0.788,-31.446,11.374
-1.216,-35.1,12.506
0.016,-34.361,16.066
-3.314,-34.246,18.002
-2.105,-35.041,21.608
-2.401,-38.915,21.493
-0.892,-39.561,18.017
1.722,-36.791,18.048
4.889,-38.703,18.933
4.637,-37.922,22.719
7.977,-39.682,23.466
8.8,-39.857,19.705
12.043,-41.449,18.257
10.414,-45.002,18.078
14.019,-46.476,17.702
13.256,-49.367,15.265
10.081,-51.599,15.336
9.291,-53.631,12.114
7.312,-51.171,9.832
4.377,-53.098,8.145
1.594,-50.973,9.768
1.67,-47.729,11.83
-1.345,-46.873,14.082
0.133,-43.339,14.03
0.919,-42.882,10.283
2.254,-39.226,10.417
3.239,-37.09,7.374
5.366,-33.98,6.69
5.767,-31.565,3.76
3.197,-29.19,2.174
4.827,-30.547,-1.054
6.648,-27.983,-3.324
7.909,-28.642,-6.935
7.084,-26.975,-10.318
10.157,-26.419,-12.565
14.008,-26.448,-12.298
14.162,-22.829,-13.665
10.656,-21.153,-13.873
12.476,-17.734,-13.778
15.602,-15.652,-14.521
17.88,-14.808,-11.512
18.696,-12.313,-8.697
22.257,-11.07,-9.301
24.284,-14.32,-9.078
22.696,-17.819,-9.327
25.019,-20.882,-9.725
24.05,-24.076,-7.767
23.15,-27.711,-8.757
19.412,-27.695,-7.799
19.023,-31.458,-7.214
18.774,-33.794,-4.166
22.172,-35.638,-4.175
20.619,-38.083,-1.635
19.192,-40.207,-4.513
18.527,-43.378,-2.453
15.653,-44.976,-4.516
15.929,-48.309,-2.579
13.418,-48.389,0.41
12.386,-44.807,-0.817
14.433,-41.67,0.211
14.473,-37.836,0.515
14.355,-37.326,-3.297
11.604,-39.683,-4.547
7.809,-39.423,-3.753
7.897,-36.18,-1.571
5.521,-35.753,1.493
4.866,-39.576,1.761
1.99,-39.482,4.34
2.227,-43.286,4.905
3.993,-44.865,7.953
6.261,-41.745,8.209
6.221,-41.901,12.093
9.96,-42.861,12.311
9.228,-46.31,10.624
9.839,-44.455,7.389
11.947,-41.496,8.825
12.08,-40.048,5.277
9.588,-37.255,4.281
7.922,-37.199,7.767
9.881,-37.569,11.09
7.558,-35.201,13.076
4.283,-33.546,11.886
3.63,-29.953,13.115
2.494,-26.59,11.668
0.988,-24.243,14.366
0.275,-21.461,11.754
1.421,-18.449,13.984
-0.844,-15.392,13.222
-0.311,-15.331,9.363
0.925,-18.623,7.733
4.371,-18.99,9.531
4.367,-15.638,11.365
3.971,-12.095,9.715
5.632,-12.901,6.306
4.984,-9.236,5.349
3.255,-6.204,6.976
-0.26,-4.985,5.92
0.694,-2.113,3.499
3.835,-1.489,5.686
5.993,-1.36,2.485
5.841,2.496,2.89
4.059,3.37,-0.457
3.8,7.015,-1.65
7.2,8.999,-1.463
9.28,8.13,-4.614
7.986,9.765,-7.907
6.831,13.202,-6.619
5.513,14.318,-10.106
7.299,14.843,-13.487
6.052,18.139,-15.21
7.057,16.924,-18.736
6.012,13.647,-20.552
9.011,11.227,-20.733
8.882,10.099,-24.409
8.884,6.265,-24.896
7.517,5.861,-28.458
5.291,7.841,-30.952
2.711,4.993,-31.04
3.751,2.39,-28.289
0.331,0.674,-28.672
1.204,0.397,-32.467
-1.642,-1.808,-33.93
-2.731,-3.763,-30.81
-6.601,-3.61,-30.932
-7.556,-6.505,-33.318
-10.806,-4.909,-34.729
-14.012,-5.274,-32.598
-14.026,-9.046,-31.801
-16.61,-9.212,-28.901
-15.517,-7.129,-25.778
-15.559,-3.845,-27.808
-18.837,-1.882,-27.3
-21.044,-3.232,-30.178
-21.841,-6.988,-29.726
-25.481,-6.883,-31.052
-24.704,-7.101,-34.805
-28.036,-5.903,-36.31
-28.141,-6.152,-40.175
-26.55,-2.796,-41.062
-24.049,-2.818,-38.133
-21.926,-0.756,-40.648
-18.542,-1.178,-38.81
-16.536,-3.133,-41.464
-12.805,-4.261,-41.373
-11.194,-1.229,-39.689
-10.509,-1.044,-35.922
-10.233,2.794,-35.449
-7.544,3.528,-38.106
-5.458,2.702,-35.004
-2.089,2.283,-36.78
-1.895,6.125,-36.893
-1.761,7.686,-33.294
-4.029,4.822,-31.906
-5.722,6.745,-29.019
-5.424,10.574,-28.712
-2.182,10.869,-26.657
-3.374,13.928,-24.496
-0.936,13.652,-21.493
1.939,11.106,-21.349
1.918,10.733,-17.527
5.418,9.119,-17.16
8.882,10.29,-16.026
11.256,10.473,-13.046
11.63,13.519,-10.722
12.139,12.166,-7.138
14.154,14.048,-4.368
11.119,16.038,-3.104
10.232,12.788,-1.2
11.512,10.837,1.902
9.387,11.085,5.094
8.36,9.279,8.301
5.595,6.846,7.182
2.062,8.012,8.158
1.021,4.36,8.858
-2.411,2.715,8.423
-5.56,4.94,8.598
-3.316,8.046,9.274
-1.136,8.019,12.477
-1.976,4.446,13.771
1.614,3.456,14.687
0.846,3.016,18.43
2.182,6.489,19.468
0.118,6.607,22.67
-1.736,3.33,23.475
-4.543,5.388,25.161
-5.388,8.434,22.902
-4.482,9.425,19.259
-3.105,12.828,18.006
-4.252,15.164,20.889
-8.031,15.942,20.857
-10.963,17.172,18.656
-9.917,20.88,18.949
-12.002,22.02,15.883
-13.236,18.952,13.842
-9.596,17.596,14.073
-8.586,20.638,11.914
-5.701,22.947,12.96
-7.082,26.047,11.061
-6.007,28.747,13.697
-8.562,28.862,16.631
-6.384,31.522,18.56
-8.732,32.554,21.442
-10.562,29.166,21.196
-9.304,27.256,24.307
-11.216,24.727,26.486
-9.226,21.288,26.605
-7.815,20.476,30.096
-10.459,22.587,31.959
-9.817,21.228,35.535
-6.039,20.433,35.427
-6.417,17.459,32.945
-3.318,16.352,30.867
-1.027,17.564,33.777
0.152,13.863,34.108
1.751,14.663,37.554
4.094,11.634,37.992
5.244,8.305,36.452
9.026,8.27,37.211
8.311,5.963,40.221
6.336,3.472,37.993
9.3,2.701,35.556
11.023,-0.809,35.147
10.534,-1.185,38.945
7.528,-1.017,41.445
5.647,-4.096,40.051
6.864,-7.764,40.158
8.668,-7.421,43.577
10.232,-4.009,42.386
13.927,-5.153,42.629
13.136,-8.912,42.266
16.399,-10.963,42.583
18.496,-7.807,41.818
16.991,-5.289,39.33
14.654,-4.82,36.242
11.887,-6.67,38.222
13.509,-10.066,37.419
17.333,-9.59,37.273
17.385,-10.184,33.429
15.502,-8.201,30.673
11.976,-9.668,31.532
12.268,-11.956,28.481
8.789,-13.361,27.675
8.503,-13.28,23.792
7.966,-17.076,23.186
7.346,-20.069,25.534
9.14,-23.154,23.932
9.556,-25.854,26.668
9.207,-22.92,29.212
9.36,-24.835,32.576
13.217,-24.868,32.994
14.136,-21.567,31.212
14.599,-18.567,33.626
12.756,-15.233,33.1
9.5,-16.92,31.938
6.579,-15.599,29.849
5.242,-12.898,32.248
2.53,-11.638,29.825
0.375,-14.862,29.444
1.81,-18.247,28.19
2.628,-17.725,24.427
3.012,-21.537,24.372
5.425,-22.971,21.726
5.982,-26.119,23.834
5.077,-29.198,21.675
7.731,-30.979,23.881
10.021,-29.597,21.054
11.976,-32.221,18.989
14.393,-32.788,21.946
14.599,-29.275,23.525
17.523,-29.604,26.014
16.796,-25.926,27.041
24.166,12.489,25.802
24.182,13.421,29.557
22.94,16.924,28.615
22.223,17.233,24.854
20.105,20.04,23.352
17.526,20.212,20.521
15.392,22.524,18.24
11.621,22.797,17.289
9.149,23.242,14.321
5.943,25.323,14.831
2.755,23.892,13.011
-1.153,24.801,13.255
-4.068,22.625,14.857
-6.38,22.784,17.987
-6.493,21.72,21.749
-7.026,23.137,25.371
-4.515,24.663,28.041
-3.732,22.49,31.222
-0.169,21.527,32.492
2.327,24.423,33.155
6.011,24.002,34.314
9.116,26.017,33.104
12.816,26.747,33.88
14.994,30.046,33.811
14.782,31.763,30.361
18.345,33.119,30.654
19.191,31.12,27.337
15.941,32.56,25.763
17.769,33.917,22.617
19.698,31.618,20.204
19.954,31.508,16.354
21.836,28.157,16.111
19.18,25.516,15.37
20.631,22.031,14.596
20.465,18.225,15.252
16.733,17.702,14.556
14.421,18.717,11.682
10.98,18.051,10.047
12.817,15.294,8.017
12.37,17.754,5.1
15.843,16.438,3.769
13.979,13.093,3.364
11.441,14.556,0.855
10.89,16.812,-2.2
7.5,18.479,-3.114
5.441,15.254,-2.953
8.059,12.704,-4.164
10.683,13.491,-6.917
8.244,13.213,-9.856
10.111,16.216,-11.36
11.293,14.908,-14.79
10.749,18.265,-16.659
11.995,17.522,-20.239
9.21,16.048,-22.423
5.87,14.138,-22.475
7.41,11.183,-24.482
5.557,12.368,-27.704
5.443,8.787,-29.218
1.836,8.062,-28.036
1.416,4.802,-30.034
2.97,2.176,-27.632
5.019,0.108,-30.118
5.707,-3.678,-29.434
8.503,-3.553,-32.166
8.075,-7.329,-32.782
4.608,-9.011,-33.332
3.767,-6.74,-36.347
3.826,-9.825,-38.686
2.328,-12.381,-36.208
-0.082,-11.13,-33.458
1.693,-13.092,-30.629
4.997,-13.754,-32.563
4.284,-17.512,-32.269
5.266,-19.229,-35.562
2.982,-22.224,-34.676
3.826,-25.321,-36.759
2.881,-28.251,-34.5
3.186,-31.804,-35.961
5.517,-30.545,-38.749
8.605,-32.566,-39.892
10.752,-32.719,-36.592
10.091,-36.421,-35.628
6.406,-36.405,-36.708
6.456,-33.859,-33.843
8.58,-33.161,-30.676
7.158,-30.977,-27.75
6.735,-27.153,-28.221
6.037,-26.598,-31.983
2.545,-25.337,-30.956
4.544,-22.174,-29.955
1.946,-20.518,-27.65
0.308,-22.834,-25.068
-1.496,-22.486,-21.696
-1.221,-18.688,-20.919
2.651,-18.592,-21.345
4.387,-15.448,-19.902
6.55,-15.103,-23.083
3.909,-13.782,-25.541
0.326,-12.291,-25.56
0.543,-11.189,-21.849
4.039,-9.358,-21.652
4.286,-6.602,-24.343
7.249,-4.103,-24.323
5.521,-0.976,-22.878
2.124,0.803,-22.806
0.877,4.152,-21.373
-0.649,6.453,-24.175
-0.386,9.209,-21.477
2.869,10.037,-19.674
1.412,11.38,-16.357
4.948,12.724,-15.491
5.092,11.059,-11.987
6.129,7.573,-13.223
9.722,7.734,-11.845
11.572,7.253,-8.498
10.315,6.447,-4.941
11.539,3.146,-3.422
10.086,2.613,0.133
12.532,-0.222,1.034
12.634,-1.23,4.771
11.525,1.468,7.268
10.064,-1.19,9.693
6.734,-1.428,7.767
5.16,-4.068,10.088
1.627,-2.951,11.094
-0.543,-6.023,10.252
-1.35,-5.287,6.546
-2.79,-8.85,6.153
-4.19,-10.843,9.155
-6.713,-13.421,7.73
-4.99,-13.301,4.292
-2.66,-16.349,4.613
-3.897,-19.65,2.997
-4.829,-18.018,-0.37
-8.672,-18.066,-0.656
-9.098,-19.365,2.979
-7.791,-22.931,2.274
-8.774,-24.848,5.453
-10.754,-28.146,5.88
-11.919,-28.346,2.212
-12.868,-32.048,1.782
-10.875,-33.263,4.89
-10.682,-36.834,3.52
-14.388,-37.734,3.027
-14.877,-36.138,-0.471
-15.905,-39.643,-1.767
-12.258,-41.033,-1.65
-11.319,-40.134,-5.262
-8.783,-37.63,-3.807
-8.947,-38.584,-0.068
-5.399,-37.559,1.14
-2.488,-38.803,-1.275
-2.23,-35.62,-3.422
0.594,-36.847,-5.716
2.48,-34.725,-8.357
0.743,-32.221,-10.777
-1.489,-35.316,-11.525
-2.271,-33.61,-14.967
-6.109,-33.845,-14.584
-6.098,-32.204,-11.113
-3.978,-29.294,-12.518
-6.302,-29.188,-15.606
-9.334,-28.343,-13.403
-7.43,-26.224,-10.856
-3.599,-25.867,-10.548
-3.929,-25.506,-6.705
-0.585,-23.635,-6.784
0.749,-21.894,-3.61
0.19,-18.066,-3.509
-1.665,-18.192,-6.917
-3.98,-15.492,-5.328
-6.825,-15.711,-7.959
-8.539,-12.254,-8.135
-11.953,-13.541,-9.441
-13.286,-9.915,-9.614
-10.969,-7.08,-10.832
-12.406,-3.958,-9.082
-11.09,-2.624,-5.628
-13.212,0.611,-5.306
-13.555,1.646,-8.999
-11.017,4.518,-8.331
-12.628,6.464,-5.349
-12.849,6.303,-1.485
-12.3,9.561,0.547
-10.707,13.084,0.506
-7.913,14.299,2.934
-5.375,17.183,3.626
-2.664,17.82,0.915
-2.068,20.025,-2.235
-2.285,19.182,-6.008
-0.93,20.664,-9.328
0.32,19.384,-12.75
-2.105,19.893,-15.789
-1.874,17.657,-18.935
-4.229,15.735,-21.353
-4.524,12.728,-23.807
-5.869,9.238,-22.864
-7.788,6.154,-24.169
-6.532,3.223,-26.337
-9.148,0.694,-27.695
-6.546,-1.812,-29.317
-4.613,-1.689,-25.975
-6.354,-4.892,-24.77
-5.269,-8.583,-24.967
-7.594,-10.707,-27.208
-7.001,-14.16,-25.606
-3.649,-15.94,-26.342
-3.702,-19.1,-28.495
-3.706,-21.686,-25.689
-4.37,-24.706,-27.954
-1.746,-25.879,-30.498
0.268,-28.831,-29.136
-2.388,-31.61,-28.761
-1.36,-34.159,-26.073
-2.698,-37.604,-24.95
-5.811,-37.787,-27.203
-4.758,-39.213,-30.634
-1.715,-36.881,-30.984
1.045,-37.615,-28.339
-0.98,-40.791,-27.558
-0.972,-41.123,-23.689
2.876,-41.027,-23.481
5.538,-42.261,-25.995
7.762,-43.45,-23.079
4.502,-44.893,-21.514
3.364,-42.969,-18.346
5.068,-39.778,-16.997
8.43,-41.452,-16.15
10.422,-40.365,-19.236
12.991,-37.582,-19.907
14.871,-38.639,-16.664
15.797,-34.914,-16.313
14.042,-32.03,-14.428
15.83,-28.852,-15.631
14.276,-26.064,-17.814
15.046,-22.469,-18.997
13.861,-21.245,-15.505
11.259,-18.403,-15.355
13.446,-16.641,-12.705
16.139,-14.027,-13.398
19.316,-13.763,-11.232
21.196,-11.667,-8.596
24.077,-13.985,-7.615
25.368,-17.173,-9.326
22.195,-19.308,-8.884
22.446,-23.159,-9.092
20.035,-26.099,-8.445
21.202,-28.629,-5.763
20.541,-32.411,-5.519
18.053,-34.514,-3.503
20.838,-35.884,-1.206
18.688,-38.976,-0.539
14.969,-37.919,-0.444
14.614,-40.566,2.364
11.734,-42.978,1.646
11.264,-45.599,-1.164
8.441,-46.903,1.067
5.867,-44.114,1.691
7.699,-40.942,2.868
9.27,-39.287,-0.28
7.079,-41.332,-2.644
5.209,-38.251,-3.972
4.041,-36.938,-0.526
1.822,-39.974,0.517
1.813,-38.845,4.249
-0.363,-40.712,6.847
-3.738,-39.062,5.983
-3.1,-35.542,7.539
-5.956,-32.976,7.951
-5.642,-29.109,7.418
-7.143,-29.221,3.835
-3.847,-29.618,1.829
-1.278,-27.416,3.695
1.06,-30.02,5.329
-0.233,-32.994,3.184
2.393,-32.328,0.308
5.049,-31.311,2.948
6.883,-34.34,4.478
8.907,-32.514,7.187
9.842,-36.152,8.211
6.369,-36.063,9.99
6.269,-36.661,13.804
5.749,-33.597,16.119
4.808,-31.46,13.078
1.554,-30.234,14.681
-0.045,-27.624,17.018
0.064,-24.086,15.433
-0.553,-21.389,18.127
-3.207,-19.504,16.092
-5.66,-16.67,17.087
-4.342,-16.629,20.742
-1.256,-14.62,19.663
-1.75,-13.684,15.895
-5.075,-11.695,16.108
-4.249,-8.987,18.749
-3.259,-6.439,16.001
-4.484,-4.791,12.736
-3.32,-1.348,11.397
-0.497,0.482,13.243
-0.088,4.341,13.432
-2.807,6.996,14.206
-3.709,6.865,10.453
-1.65,7.036,7.142
-0.473,10.681,5.958
3.351,11.253,5.914
5.7,14.306,5.574
5.628,15.601,1.938
5.287,19.376,1.171
8.877,20.809,1.433
10.187,21.924,-2.125
13.709,20.307,-1.977
16.993,20.29,0.111
20.572,19.726,-1.258
19.901,17.899,-4.612
23.265,18.049,-6.49
25.868,15.887,-4.656
23.803,12.716,-5.284
26.263,9.76,-5.739
28.283,11.294,-8.725
31.374,10.055,-10.718
30.123,6.383,-10.58
27.435,6.897,-13.302
28.375,4.299,-16.009
26.044,5.673,-18.752
22.616,5.814,-16.835
21.927,9.548,-17.776
19.195,10.138,-20.419
19.568,6.674,-22.158
16.015,6.865,-23.802
14.384,3.795,-25.571
17.504,1.768,-24.443
17.992,-1.047,-21.832
14.331,-2.306,-22.177
14.981,-4.245,-18.875
13.211,-7.536,-19.876
13.749,-7.332,-23.676
17.311,-8.752,-23.52
18.855,-5.895,-21.434
21.473,-4.781,-24.02
23.633,-2.635,-21.627
24.306,-4.817,-18.549
26.394,-3.218,-15.736
29.439,-5.541,-16.192
31.153,-4.407,-12.927
29.41,-5.277,-9.643
25.699,-4.836,-10.624
25.037,-4.728,-6.806
23.158,-1.328,-7.185
26.738,-0.141,-6.471
26.204,3.652,-6.764
23.287,3.668,-4.196
23.884,4.582,-0.446
26.974,2.44,0.452
30.261,2.318,2.491
28.564,3.321,5.813
27.378,6.706,4.334
23.932,7.886,2.926
25.882,9.955,0.262
25.943,12.704,2.95
23.967,15.119,0.687
20.841,15.723,2.843
23.015,16.077,6.008
24.336,19.418,4.65
20.802,21.01,4.797
18.528,21.31,7.913
16.08,23.895,6.487
13.17,23.806,9.028
10.454,24.257,6.308
7.176,22.231,6.53
4.414,23.893,8.69
0.846,22.495,7.882
0.948,18.624,8.124
2.078,15.824,10.622
0.687,14.434,13.932
-2.743,15.237,15.522
-4.145,16.068,12.028
-6.642,13.247,12.906
-5.786,13.61,16.685
-6.519,11.256,19.714
-3.461,10.247,21.843
-3.989,11.563,25.411
-6.685,9.529,27.219
-6.063,11.625,30.369
-3.181,13.131,32.471
-3.874,11.246,35.804
-3.587,7.454,35.113
-3.541,6.246,31.481
-4.198,2.637,29.952
-7.848,3.885,29.878
-7.819,3.689,26.031
-8.152,0.083,24.711
-5.395,-2.111,26.395
-2.389,-1.378,24.032
-2.956,-3.518,20.863
-2.536,-2.822,17.075
0.812,-1.151,17.944
2.504,-2.191,14.64
3.738,-5.902,14.382
2.633,-9.046,12.378
2.268,-9.513,8.533
5.045,-8.62,5.919
7.349,-6.116,7.737
8.195,-4.696,4.294
4.787,-3.025,3.525
2.299,-1.471,6.027
1.608,2.296,6.879
2.835,2.269,10.528
6.358,3.646,11.254
5.456,6.652,13.514
2.846,6.359,16.377
1.65,3.222,18.25
-1.066,3.597,20.995
-1.656,4.789,24.617
0.367,6.378,27.518
0.701,10.092,28.51
1.902,9.997,32.178
4.559,7.62,33.638
5.913,5.709,36.671
8.939,6.355,38.958
12.155,5.526,36.909
11.898,1.62,36.677
9.266,0.63,39.363
9.469,-3.155,38.562
12.843,-4.737,39.53
16.252,-3.569,38.254
19.338,-4.883,40.061
19.138,-5.43,43.888
16.021,-3.177,43.282
18.667,-0.394,43.45
22.099,-0.514,41.684
25.713,-1.958,41.868
24.971,-5.178,39.806
24.476,-3.653,36.278
24.696,-7.142,34.649
22.076,-8.58,37.013
21.381,-11.483,34.55
18.79,-12.817,37.045
15.881,-12.845,34.596
15.011,-9.879,32.273
13.662,-12.442,29.665
11.132,-12.066,26.819
7.355,-12.084,27.589
6.646,-13.154,23.974
7.07,-16.835,22.941
9.425,-18.089,25.724
9.014,-21.917,26.249
5.331,-21.741,25.036
4.869,-25.472,24.071
6.543,-25.257,20.57
6.321,-21.398,19.934
4.678,-22.072,16.495
3.525,-18.492,15.555
3.057,-18.104,19.362
3.364,-14.306,19.938
1.929,-14.85,23.469
2.841,-13.435,26.934
4.299,-16.686,28.418
7.583,-15.154,29.811
10.888,-16.89,28.813
12.437,-19.471,31.171
14.781,-20.974,28.482
13.793,-24.702,28.427
15.055,-25.442,24.858
18.218,-27.511,25.484
16.825,-30.861,24.239
15.605,-32.443,20.954
13.009,-34.3,23.178
12.694,-37.435,20.971
16.357,-36.997,19.844
18.162,-38.629,22.828
18.291,-42.279,21.579
20.321,11.877,26.622
19.145,12.393,30.287
16.46,15.088,29.616
15.73,16.985,26.315
12.717,19.372,26.463
9.995,19.302,23.704
7.435,21.379,21.727
3.65,20.941,21.012
1.593,22.554,18.159
-2.089,22.091,19.358
-2.395,20.914,15.659
-3.283,24.238,13.686
-0.238,22.929,11.763
1.293,19.386,11.927
4.469,17.599,10.749
4.008,13.86,10.025
7.15,11.619,9.3
7.775,12.774,5.667
8.92,9.454,4.077
7.623,6.785,1.633
10.648,4.89,0.172
13.674,7.294,0.516
15.572,5.314,-2.179
13.063,3.137,-4.233
15.599,0.45,-5.235
13.679,-1.299,-8.141
14.082,0.668,-11.588
17.879,-0.095,-11.492
17.706,-3.235,-13.791
18.705,-1.588,-17.109
20.456,1.482,-15.616
23.837,-0.441,-15.757
23.624,-4.283,-15.792
27.107,-4.997,-14.325
26.969,-8.72,-15.494
23.737,-9.944,-17.148
23.291,-13.491,-15.673
21.28,-15.499,-18.289
22.104,-19.19,-17.283
19.36,-21.059,-19.27
16.486,-22.346,-17.005
14.327,-22.896,-20.117
10.513,-22.517,-20.083
9.196,-26.165,-19.927
12.062,-28.565,-20.892
10.653,-30.824,-23.72
7.532,-31.343,-21.476
5.119,-31.274,-24.514
2.051,-31.772,-22.234
1.609,-34.952,-20.157
5.096,-36.575,-20.421
3.836,-39.386,-18.09
0.792,-41.569,-19.118
-2.881,-40.503,-18.549
-5.657,-42.489,-16.719
-6.57,-44.275,-20.068
-8.302,-47.453,-18.704
-9.494,-46.853,-15.048
-12.064,-49.785,-15.261
-13.041,-51.431,-11.908
-13.505,-54.824,-13.77
-9.734,-55.482,-13.364
-8.273,-58.004,-10.698
-7.356,-54.936,-8.53
-6.685,-56.591,-5.106
-7.05,-60.338,-5.973
-3.947,-60.891,-8.176
-0.762,-63.106,-8.026
1.266,-59.795,-8.016
4.909,-61.129,-7.58
4.078,-63.447,-4.596
6.837,-66.033,-3.948
9.595,-64.383,-1.829
10.675,-62.084,-4.71
9.48,-63.751,-7.928
10.107,-60.836,-10.357
11.907,-58.537,-7.868
14.921,-60.814,-6.969
16.091,-57.921,-4.681
17.713,-58.094,-1.117
18.032,-61.964,-1.387
21.208,-62.775,-3.498
20.725,-66.429,-2.202
23.999,-66.107,-0.109
23.554,-69.232,2.193
27.255,-70.314,2.206
29.132,-67.161,1.117
30.704,-63.897,2.519
33.603,-65.95,4.006
37.341,-65.503,3.137
37.956,-62.929,5.942
40.881,-61.279,4.073
38.985,-57.946,3.921
38.237,-55.509,6.822
35.001,-54.259,5.152
31.626,-53.399,6.732
32.321,-54.524,10.377
28.948,-52.836,11.388
29.622,-52.262,15.139
32.175,-55.054,15.945
34.898,-52.785,17.706
32.289,-50.19,18.875
31.225,-51.927,22.151
28.127,-50.934,24.242
30.598,-48.966,26.458
29.813,-49.22,30.233
26.655,-50.69,31.866
23.767,-48.745,30.239
21.274,-48.197,33.114
18.756,-47.216,30.364
15.531,-45.202,31.105
17.311,-42.201,29.416
14.79,-39.272,29.764
12.143,-42.069,29.735
8.863,-40.196,29.006
9.562,-37.058,31.094
6.381,-36.118,29.29
4.443,-38.184,26.577
5.205,-34.978,24.556
2.988,-32.83,22.303
1.965,-34.292,18.892
1.606,-30.592,17.799
3.633,-30.51,14.509
0.957,-28.695,12.396
3.098,-28.793,9.155
0.42,-28.013,6.513
0.108,-24.229,5.813
-1.66,-23.127,2.508
0.581,-25.775,0.767
-1.944,-28.234,2.366
-4.519,-27.255,-0.336
-2.113,-28.249,-3.179
-3.85,-31.555,-4.248
-5.088,-32.049,-0.616
-4.059,-33.052,2.955
-4.335,-36.794,2.014
-2.753,-39.682,0.012
-3.944,-43.054,-1.497
-2.734,-46.568,-0.474
0.958,-46.68,-1.559
1.56,-43.773,-3.967
5.387,-44.054,-3.516
6.534,-44.513,-7.162
8.911,-41.525,-7.674
11.802,-43.542,-9.225
11.601,-46.597,-6.936
8.105,-47.877,-7.839
5.612,-49.493,-5.461
4.148,-52.684,-7.064
1.041,-52.406,-4.762
-1.284,-55.025,-6.392
-1.907,-54.953,-10.288
1.851,-55.52,-11.174
1.749,-53.816,-14.654
-2.062,-53.741,-15.484
-2.69,-51.454,-18.525
-0.763,-48.983,-16.324
0.136,-49.962,-12.705
-1.667,-46.751,-11.658
-1.119,-43.938,-14.245
0.284,-40.578,-12.95
-2.304,-38.767,-15.161
-5.01,-39.506,-12.547
-5.054,-36.732,-9.865
-6.97,-33.548,-8.888
-4.047,-31.181,-8.116
-4.69,-27.478,-7.337
-4.105,-25.226,-10.452
-6.449,-22.474,-9.065
-3.844,-20.988,-6.634
-4.589,-17.261,-7.239
-7.395,-17.35,-9.883
-10.067,-19.521,-8.084
-13.466,-18.736,-9.755
-15.194,-15.53,-11.077
-12.874,-13.105,-12.946
-15.855,-10.757,-13.502
-16.303,-7.716,-11.129
-18.66,-6.084,-13.727
-16.459,-5.624,-16.827
-13.184,-4.005,-15.702
-14.361,-3.348,-12.087
-17.569,-1.2,-11.857
-17.638,2.671,-11.675
-16.791,5.821,-9.563
-15.956,4.565,-5.995
-17.553,1.073,-6.321
-16.359,-2.453,-5.322
-16.925,-6.097,-6.394
-14.294,-8.734,-5.425
-14.645,-12.561,-5.616
-14.445,-15.317,-2.984
-16.032,-18.669,-4.145
-14.667,-20.62,-1.076
-14.062,-23.836,-3.192
-14.675,-25.79,0.164
-10.798,-26.349,0.416
-11.616,-29.884,-1.041
-13.411,-32.749,0.859
-10.081,-34.557,1.553
-11.475,-38.01,2.933
-13.022,-38.703,-0.532
-12.88,-41.722,-2.956
-9.654,-43.4,-1.558
-7.105,-42.758,1.257
-6.094,-45.95,3.146
-8.367,-48.623,1.569
-8.176,-49.051,-2.228
-5.711,-51.091,-4.331
-4.373,-48.384,-6.72
-1.297,-46.918,-4.96
1.822,-48.006,-6.944
2.456,-45.235,-9.577
4.562,-47.356,-11.993
2.722,-47.77,-15.35
5.609,-49.897,-16.775
8.406,-51.729,-14.822
11.902,-52.906,-15.919
12.565,-55.041,-12.755
12.849,-58.169,-14.99
16.255,-56.62,-16.02
16.822,-59.377,-18.683
13.681,-57.649,-20.07
13.478,-53.811,-19.895
10.544,-51.446,-20.748
10.539,-47.679,-21.825
12.643,-48.573,-24.93
15.161,-45.773,-24.159
12.984,-43.083,-25.84
10.663,-42.19,-22.929
13.001,-40.831,-20.181
11.872,-38.857,-17.097
13.764,-35.502,-17.285
14.516,-33.534,-14.041
12.199,-30.79,-12.612
12.265,-27.845,-15.039
13.708,-24.775,-13.227
10.791,-22.363,-13.84
12.85,-19.922,-11.73
15.309,-17.616,-13.573
18.148,-16.73,-11.128
19.506,-14.209,-8.609
23.28,-14.094,-9.257
23.329,-17.705,-10.451
21.568,-20.761,-8.846
22.298,-24.382,-7.705
20.149,-27.593,-7.754
21.412,-30.424,-5.445
19.501,-33.499,-4.109
18.661,-33.197,-0.346
16.765,-36.176,1.255
17.709,-38.503,-1.651
19.22,-42.03,-1.137
20.035,-41.681,2.645
19.563,-37.873,3.202
16.125,-38.723,4.699
17.991,-40.882,7.348
15.334,-43.15,9.107
13.353,-40.93,11.561
10.033,-41.036,13.536
9.39,-37.413,12.243
8.502,-34.443,14.559
5.181,-36.244,15.322
3.955,-38.531,12.393
0.652,-39.032,14.351
-0.123,-35.332,13.444
-2.188,-36.185,10.277
-5.698,-37.206,8.972
-5.687,-41.069,9.201
-2.724,-40.595,11.697
-1.537,-44.218,11.04
2.109,-43.235,10.172
2.523,-40.6,7.381
-0.642,-38.922,5.948
0.858,-35.426,6.613
0.734,-32.402,4.177
4.58,-32.521,4.51
7.105,-30.733,2.206
5.829,-27.117,2.035
6.416,-23.411,2.763
6.515,-22.432,6.494
5.33,-18.763,6.691
3.67,-19.486,3.28
1.64,-16.229,2.917
4.874,-14.17,3.042
3.517,-11.645,0.475
2.839,-8.009,1.911
5.634,-5.462,2.667
6.031,-6.383,6.378
8.314,-8.578,8.611
11.458,-6.574,7.573
11.863,-3.593,9.986
14.946,-1.803,8.353
13.572,-2.533,4.798
16.587,-4.383,3.229
19.581,-1.971,3.806
20.624,0.546,1.043
22.952,-1.366,-1.31
22.27,0.851,-4.379
20.71,-2.124,-6.25
19.389,-4.294,-3.282
20.745,-7.702,-4.445
24.353,-8.928,-3.941
24.743,-7.911,-0.175
28.296,-9.324,0.506
27.329,-12.797,-0.893
29.385,-15.6,0.706
32.442,-13.186,1.208
34.586,-16.335,0.674
32.837,-18.14,-2.358
31.226,-21.619,-1.835
34.111,-24.206,-2.152
31.598,-27.137,-1.417
32.399,-30.735,-0.236
31.086,-34.349,-0.275
30.142,-35.683,3.203
32.892,-38.387,3.41
30.745,-41.492,2.529
28.07,-40.851,-0.261
25.216,-43.114,0.996
26.732,-45.712,3.402
23.374,-46.407,5.2
23.159,-47.817,8.833
23.877,-45.644,12.038
20.294,-44.161,12.288
18.877,-47.257,14.108
16.588,-45.567,16.782
14.725,-48.927,17.239
13.938,-48.404,20.998
14.75,-46.173,24.083
13.328,-42.547,24.236
9.806,-40.986,24.849
6.456,-42.555,23.676
6.874,-41.046,20.136
9.85,-43.425,19.547
10.19,-47.255,20.208
7.705,-48.137,17.416
11.03,-48.741,15.57
12.339,-46.98,12.423
10.336,-45.65,9.417
10.197,-48.625,6.969
6.396,-49.182,7.453
4.945,-47.674,4.194
8.272,-46.048,3.171
8.955,-44.421,-0.312
10.418,-41.253,1.28
14.164,-42.126,1.221
15.307,-42.298,-2.467
12.826,-39.842,-4.19
14.096,-39.618,-7.854
17.843,-39.302,-6.814
20.557,-38.69,-9.53
18.472,-41.383,-11.398
16.102,-40.096,-14.159
17.947,-38.414,-17.111
20.832,-36.001,-18.01
18.901,-32.922,-19.573
17.796,-30.786,-16.578
18.02,-27.779,-18.92
17.075,-29.235,-22.369
19.187,-27.54,-25.162
20.887,-25.343,-22.467
21.387,-22.477,-24.995
17.765,-21.285,-24.336
19.062,-18.164,-22.495
17.202,-14.812,-22.12
19.051,-12.915,-24.914
22.77,-11.835,-24.563
21.657,-9.833,-21.495
19.523,-6.945,-22.971
21.082,-4.837,-20.153
18.931,-6.883,-17.619
20.666,-7.18,-14.187
21.025,-4.155,-11.79
23.516,-1.319,-10.957
27.176,-2.015,-9.892
26.549,-4.885,-7.41
30.323,-4.905,-6.514
29.336,-3.119,-3.227
29.181,-4.621,0.299
25.697,-4.217,1.953
25.97,-1.77,4.827
28.372,0.53,3.037
27.695,3.329,5.589
27.27,1.261,8.879
28.036,3.358,12.037
29.833,6.116,10.002
29.9,6.946,6.234
32.549,4.493,4.865
31.001,3.842,1.393
32.567,5.602,-1.723
33.732,2.426,-3.568
31.774,-0.482,-1.963
33.175,-0.07,1.59
36.637,1.214,2.684
38.324,-2.069,3.752
41.42,-2.219,1.45
41.974,-6.031,1.098
41.875,-6.688,4.937
38.123,-7.71,4.851
36.496,-7.829,8.446
37.066,-11.562,9.212
35.986,-11.773,12.906
37.002,-10.252,16.381
35.051,-6.948,15.846
31.414,-7.497,14.57
30.804,-3.97,16.055
28.344,-5.08,18.811
31.461,-6.183,20.786
32.67,-4.084,23.794
35.777,-1.96,22.783
36.315,-3.878,19.475
33.949,-1.759,17.339
33.933,1.271,14.855
34.576,1.138,10.963
31.537,-1.207,10.563
29.196,-3.406,12.719
25.59,-2.276,12.046
25.221,0.614,14.575
27.389,-0.649,17.581
25.144,1.331,19.986
24.508,4.664,18.148
25.196,5.095,14.372
26.576,8.664,14.957
30.17,9.303,16.184
30.194,6.037,18.253
28.422,7.59,21.353
29.449,4.416,23.278
28.723,5.831,26.779
30.814,4.541,29.769
31.771,1.008,28.49
28.588,-0.105,26.509
27.897,-2.615,29.39
26.134,-5.988,28.727
23.682,-5.11,31.564
19.863,-5.612,31.985
20.274,-8.993,33.836
20.526,-10.506,30.265
16.679,-9.985,30.095
15.729,-13.641,29.233
12.509,-12.727,27.527
9.902,-15.546,28.014
7.766,-15.292,24.781
8.397,-18.655,23.089
7.444,-20.722,26.167
6.938,-24.0,24.111
10.197,-25.734,22.991
9.125,-26.085,19.292
6.658,-23.116,19.494
5.498,-23.189,15.756
2.627,-20.816,16.801
-1.01,-20.276,15.675
-1.733,-17.851,12.719
-0.588,-14.567,14.397
1.548,-12.074,12.33
2.242,-9.452,15.112
2.692,-12.231,17.748
0.58,-10.272,20.326
0.252,-13.506,22.403
2.337,-15.853,24.643
1.66,-19.232,26.393
3.68,-21.087,29.066
3.399,-24.813,28.122
5.877,-27.669,28.83
9.335,-27.408,27.169
9.11,-31.02,25.825
10.42,-32.241,22.375
7.606,-30.238,20.624
4.969,-27.82,22.105
2.746,-25.382,20.116
1.713,-21.841,21.254
24.037,11.034,24.568
25.988,12.751,27.452
23.423,15.638,27.391
23.703,16.402,23.641
20.788,18.98,23.879
17.935,19.771,21.339
15.938,22.563,19.578
12.224,22.646,18.473
11.214,22.653,14.772
8.112,24.934,15.181
6.549,25.505,11.716
8.017,28.973,10.715
6.415,32.247,12.005
9.22,34.054,13.938
12.766,33.484,15.367
14.489,35.495,18.178
16.319,34.718,21.551
14.191,37.482,23.236
11.692,36.234,25.88
12.483,32.544,26.766
10.196,30.435,29.131
9.937,27.543,31.647
6.469,25.926,32.392
7.061,22.05,32.351
6.815,21.616,36.167
3.013,21.008,36.306
0.82,23.047,33.68
1.56,20.42,30.945
-1.737,18.609,29.99
-3.255,15.841,27.766
-4.409,16.671,24.204
-6.847,15.357,21.498
-3.619,13.921,19.863
-2.029,16.277,17.286
-3.556,14.876,14.049
-2.651,15.69,10.402
-4.191,15.995,6.907
-2.409,12.813,5.57
-4.601,12.124,2.407
-3.768,15.048,-0.028
-1.843,17.898,1.924
1.52,16.235,2.753
4.723,15.46,0.797
6.805,12.816,-1.054
6.534,14.168,-4.656
3.02,15.719,-5.424
2.895,19.049,-7.405
6.726,19.201,-7.31
6.974,19.331,-11.116
3.771,17.481,-12.032
2.25,20.332,-14.171
4.814,22.411,-16.187
8.375,21.337,-15.148
8.14,17.653,-16.291
4.793,18.48,-18.081
1.701,16.213,-17.5
2.261,12.523,-18.505
3.937,11.366,-21.803
0.942,9.898,-23.761
2.493,9.366,-27.243
-0.491,9.361,-29.653
-1.579,5.607,-29.785
0.812,3.059,-31.552
-1.608,0.073,-31.169
-4.869,0.257,-33.217
-6.049,-3.085,-31.694
-9.239,-4.365,-29.981
-9.487,-7.131,-27.289
-10.773,-10.109,-29.39
-10.932,-12.727,-26.572
-9.212,-13.66,-23.264
-6.689,-16.551,-23.613
-7.2,-19.841,-21.612
-9.82,-20.432,-18.798
-9.425,-22.07,-15.304
-10.681,-18.927,-13.409
-12.965,-20.54,-10.757
-10.613,-23.649,-10.646
-12.825,-24.853,-13.627
-14.757,-27.268,-11.264
-11.517,-29.435,-11.13
-11.455,-28.941,-7.306
-15.074,-30.344,-7.275
-14.989,-34.215,-7.105
-18.694,-34.374,-8.283
-20.04,-36.117,-5.08
-17.883,-34.502,-2.307
-15.308,-36.949,-0.883
-15.493,-40.351,-2.694
-14.698,-43.625,-0.834
-11.783,-42.699,1.501
-9.045,-44.392,-0.529
-7.623,-47.813,-1.489
-6.697,-48.777,2.152
-10.258,-49.617,3.43
-8.697,-52.145,5.886
-6.208,-54.121,3.718
-3.311,-54.034,6.257
-2.129,-52.358,9.586
-2.515,-55.722,11.473
0.964,-55.003,13.224
-0.749,-51.668,14.278
2.587,-49.79,14.687
4.647,-52.225,12.517
7.922,-50.88,14.06
7.782,-49.243,17.553
6.822,-51.67,20.392
10.048,-52.495,22.36
8.412,-52.749,25.87
5.414,-50.316,26.051
4.271,-48.107,23.098
0.965,-46.625,21.78
-0.398,-48.939,19.012
-2.994,-47.945,16.296
-5.706,-47.726,19.048
-8.377,-46.705,16.524
-8.868,-44.649,13.296
-6.732,-45.272,10.033
-4.112,-42.873,11.548
-5.644,-39.492,10.493
-8.363,-40.938,8.101
-9.722,-37.504,6.852
-7.926,-36.951,3.485
-10.876,-34.592,2.639
-11.1,-34.188,-1.223
-8.732,-31.685,-2.999
-5.082,-32.284,-4.127
-3.143,-35.653,-4.31
-5.373,-36.856,-7.25
-5.172,-33.148,-8.282
-1.851,-31.109,-8.519
-1.891,-32.235,-12.168
-5.456,-32.238,-13.67
-7.738,-35.29,-12.997
-5.282,-38.182,-13.49
-2.043,-39.578,-11.9
1.24,-41.339,-12.902
0.079,-44.223,-15.203
-2.208,-46.221,-12.745
-3.364,-49.879,-13.08
0.159,-51.037,-12.046
-1.078,-51.729,-8.445
-1.103,-55.551,-8.009
-0.218,-55.758,-4.272
-2.354,-54.06,-1.538
-0.312,-55.363,1.474
2.374,-52.873,2.821
1.987,-50.87,-0.478
1.49,-47.088,-1.01
-2.17,-46.132,-0.524
-2.952,-42.351,-1.135
-0.647,-40.129,-3.345
0.703,-36.893,-1.702
3.77,-35.505,-3.646
1.952,-33.499,-6.423
2.414,-35.815,-9.457
6.025,-35.957,-10.824
8.469,-34.044,-13.074
12.149,-34.067,-14.186
12.759,-30.898,-12.041
9.652,-28.735,-11.214
7.904,-26.656,-13.959
4.566,-26.502,-12.045
2.574,-25.522,-15.219
0.087,-28.012,-16.943
-2.671,-25.334,-16.58
-2.383,-21.491,-16.846
-1.446,-21.643,-13.073
-1.809,-17.821,-12.815
-2.337,-18.251,-8.989
-4.486,-15.318,-7.593
-3.996,-13.537,-10.981
-7.548,-12.971,-12.362
-8.878,-10.141,-10.134
-8.994,-9.024,-6.472
-12.241,-10.592,-5.059
-14.446,-7.456,-4.826
-12.913,-4.984,-7.464
-14.011,-1.362,-8.261
-12.87,-1.693,-11.937
-10.636,1.439,-11.494
-13.088,3.831,-9.72
-12.103,6.215,-6.844
-15.144,8.635,-6.676
-13.971,11.59,-4.519
-12.135,9.872,-1.576
-13.81,6.41,-1.059
-13.017,3.209,0.984
-13.061,-0.593,0.308
-14.495,-3.083,2.872
-13.977,-6.901,2.629
-15.038,-10.013,4.624
-11.946,-12.375,4.986
-12.314,-16.213,5.021
-12.489,-18.209,8.314
-8.812,-18.897,9.207
-8.192,-21.49,11.985
-4.625,-21.962,13.397
-2.722,-22.146,10.024
-4.141,-25.239,8.194
-5.234,-27.953,10.818
-7.783,-29.597,8.472
-5.815,-32.205,6.42
-2.817,-29.733,6.327
-1.915,-29.599,2.545
-4.956,-31.644,1.274
-4.275,-35.404,0.696
-7.412,-36.281,-1.4
-6.19,-39.563,-2.949
-9.32,-41.768,-3.26
-7.835,-43.556,-6.304
-5.032,-43.306,-8.906
-2.535,-44.297,-6.124
-0.584,-46.518,-8.626
2.448,-47.045,-6.261
3.922,-43.452,-6.217
7.576,-43.936,-7.379
8.663,-40.529,-5.899
7.876,-41.697,-2.308
10.026,-44.788,-1.428
9.222,-46.797,-4.688
12.239,-45.258,-6.578
13.452,-42.399,-4.238
16.442,-41.256,-6.482
13.763,-39.812,-8.879
14.397,-36.06,-8.306
11.407,-34.306,-9.925
9.184,-32.402,-7.491
6.652,-30.912,-9.933
3.024,-30.745,-11.133
3.167,-33.079,-14.23
5.456,-30.556,-16.056
8.699,-31.213,-18.071
12.097,-30.062,-16.579
11.852,-26.296,-15.807
14.027,-25.165,-12.836
15.21,-21.481,-12.811
12.127,-19.34,-13.684
14.104,-16.489,-11.947
16.19,-13.669,-13.483
19.701,-13.02,-12.064
21.655,-11.718,-8.995
24.428,-14.096,-7.702
23.236,-17.403,-9.259
20.761,-20.314,-9.09
21.056,-24.057,-7.999
19.442,-27.266,-6.581
15.988,-28.882,-5.94
16.904,-31.627,-3.406
14.908,-34.683,-2.196
14.042,-36.788,0.92
14.31,-40.538,0.009
12.494,-41.695,3.23
12.838,-38.573,5.467
9.293,-37.875,6.809
7.172,-40.921,5.813
7.337,-43.645,8.553
5.139,-46.1,6.505
1.919,-44.027,5.921
2.617,-40.982,3.603
3.994,-37.967,5.502
3.051,-37.894,9.269
5.122,-34.618,9.539
2.754,-31.84,8.345
0.535,-31.332,11.489
3.667,-30.992,13.719
4.982,-28.382,11.194
1.66,-26.478,10.709
0.841,-25.892,14.435
2.419,-26.269,17.966
5.693,-24.389,17.062
7.773,-26.438,19.644
7.94,-29.282,22.271
9.667,-31.616,19.704
6.429,-33.015,18.103
8.032,-36.005,16.158
6.941,-37.125,12.621
6.089,-40.555,14.191
2.429,-40.736,13.112
0.748,-37.317,12.554
0.85,-36.501,16.359
0.559,-32.876,17.779
-3.24,-32.309,17.596
-4.412,-34.759,14.847
-4.687,-38.487,15.843
-2.631,-38.092,19.09
-3.82,-34.956,21.059
-0.634,-34.398,23.143
-0.461,-31.431,25.598
0.328,-28.276,23.572
2.563,-26.735,26.343
1.257,-23.133,25.95
1.72,-21.338,22.485
-0.389,-23.958,20.489
-1.416,-21.588,17.582
2.185,-20.092,17.714
1.384,-17.196,20.177
-1.002,-14.413,18.91
-1.616,-11.425,21.235
-0.296,-8.259,19.47
-3.933,-6.907,19.658
-3.086,-3.991,17.28
-1.242,-1.366,19.376
-1.284,-1.067,23.303
-1.479,2.738,22.765
-1.562,4.554,19.355
1.032,7.397,19.726
0.112,9.927,22.476
-2.882,7.955,23.836
-1.412,7.908,27.502
0.143,10.818,29.465
3.839,10.368,30.646
3.903,8.725,34.164
7.576,10.001,34.548
10.087,7.731,36.427
11.411,7.605,40.002
14.327,5.618,41.629
16.61,6.818,38.772
19.963,5.287,40.279
18.194,1.935,39.44
21.23,-0.278,40.335
22.763,1.675,43.287
24.079,-1.592,44.887
25.955,-4.004,42.554
28.066,-5.103,45.631
30.754,-2.868,43.958
32.038,-5.99,42.118
29.145,-8.042,40.565
30.872,-11.426,41.139
34.7,-11.067,40.609
35.168,-14.605,42.173
34.661,-16.301,38.729
37.576,-14.237,37.248
40.309,-16.797,36.317
41.525,-18.866,33.244
44.279,-16.297,32.239
46.688,-17.995,34.753
47.165,-20.967,32.333
43.973,-23.099,32.14
44.107,-24.516,28.545
41.763,-27.001,26.745
42.246,-30.438,28.472
38.928,-32.209,27.538
39.894,-31.893,23.81
43.373,-31.929,22.15
44.293,-32.422,18.419
41.096,-34.562,17.978
39.307,-31.659,16.093
35.737,-32.357,17.433
36.101,-33.86,20.989
38.733,-36.049,22.715
37.391,-39.057,24.738
33.708,-37.86,24.477
31.404,-37.799,21.343
33.264,-40.983,20.127
30.12,-42.953,21.199
28.627,-43.188,17.558
32.264,-44.146,16.543
31.675,-41.999,13.412
31.229,-45.001,11.083
28.586,-46.992,13.052
27.597,-48.903,9.843
24.533,-46.773,8.927
25.311,-45.838,5.267
22.617,-43.432,3.872
24.879,-40.694,2.353
28.746,-40.389,2.068
28.7,-36.496,2.288
30.864,-36.593,5.514
33.773,-38.24,3.546
33.197,-37.664,-0.238
34.708,-34.179,-1.1
34.447,-30.833,0.843
38.02,-29.553,-0.014
38.306,-27.884,3.502
40.431,-25.099,1.82
38.565,-22.363,3.719
39.698,-22.848,7.369
43.011,-21.1,6.399
41.251,-17.785,5.447
38.548,-18.471,8.114
41.253,-18.09,10.795
41.044,-14.261,10.595
41.654,-13.848,14.391
40.865,-10.055,14.046
38.048,-7.817,15.472
37.276,-6.767,11.807
38.619,-3.153,12.441
37.344,-2.216,8.878
40.371,0.178,8.294
38.483,3.552,8.432
35.707,2.434,5.986
37.583,0.005,3.618
36.015,-3.281,4.927
36.641,-5.462,1.815
36.158,-8.945,3.545
34.517,-10.145,0.213
31.743,-11.869,2.275
29.769,-9.873,4.975
30.381,-12.597,7.659
34.112,-13.828,7.538
34.119,-14.997,11.249
36.531,-17.602,12.844
35.208,-21.116,13.774
38.801,-22.476,14.162
39.076,-23.233,18.015
42.896,-22.793,17.82
42.197,-19.019,17.59
39.649,-19.157,20.524
41.899,-16.761,22.582
39.92,-17.426,25.866
42.897,-16.871,28.29
43.883,-13.852,26.136
41.227,-11.398,27.442
42.574,-8.199,25.784
40.505,-7.739,22.565
41.745,-6.139,19.31
38.966,-3.598,20.003
37.347,-3.42,23.497
33.459,-3.33,23.284
31.64,-4.91,20.26
33.26,-3.357,17.124
31.704,-6.389,15.382
32.844,-9.367,17.534
34.928,-8.547,20.644
34.799,-8.677,24.492
33.149,-12.055,25.361
30.428,-10.964,27.911
33.169,-8.964,29.788
33.93,-11.518,32.615
32.358,-10.905,36.117
33.415,-7.274,37.079
29.989,-5.61,36.574
28.28,-7.785,33.85
26.22,-5.536,31.439
23.247,-7.982,31.271
21.094,-6.275,33.947
17.402,-7.53,34.083
16.154,-8.156,30.425
14.478,-11.481,31.473
12.55,-11.544,28.099
9.39,-13.697,28.894
8.486,-13.566,25.102
7.721,-16.708,22.948
8.471,-19.243,25.713
11.878,-19.225,27.586
10.155,-21.625,30.067
9.507,-24.905,28.175
9.339,-28.204,30.169
10.353,-26.563,33.507
10.133,-29.503,36.039
13.103,-28.119,38.107
13.654,-24.399,38.92
17.377,-24.259,39.782
20.315,-23.442,37.418
21.844,-20.506,39.394
25.013,-22.316,40.652
28.463,-21.635,39.044
28.292,-25.185,37.547
25.203,-23.977,35.539
22.499,-26.71,35.217
20.126,-27.263,32.245
18.016,-24.034,32.185
14.28,-23.834,31.174
15.049,-24.162,27.393
13.65,-27.271,25.614
16.254,-29.7,24.079
19.529,-30.315,26.061
18.945,-27.219,28.273
21.643,-24.577,28.952
23.462,-24.923,25.583
23.449,9.391,24.009
23.057,11.232,27.396
23.517,14.776,25.887
21.583,14.299,22.574
19.614,17.546,22.191
16.528,17.883,19.902
14.372,20.381,17.877
10.493,20.476,17.511
8.778,19.419,14.254
6.375,22.432,14.651
4.298,21.335,11.582
4.368,25.023,10.195
1.298,25.581,7.845
1.919,22.507,5.522
5.61,21.578,6.255
5.686,17.74,6.681
6.875,14.617,4.605
3.071,13.876,4.296
2.491,17.361,2.635
1.81,15.56,-0.723
1.609,11.898,-1.886
5.25,11.827,-3.116
6.161,8.169,-2.376
10.074,8.341,-2.206
10.3,4.636,-3.277
12.608,5.21,-6.287
14.866,8.079,-7.699
11.761,8.686,-9.983
13.464,11.282,-12.259
17.029,10.303,-13.373
16.387,12.38,-16.58
19.443,11.444,-18.731
18.795,7.744,-19.537
19.64,7.288,-23.258
21.149,3.795,-23.986
22.646,2.429,-20.712
22.314,-1.337,-19.995
19.334,-2.794,-21.939
17.556,-4.502,-18.982
15.446,-6.735,-21.364
11.938,-6.321,-19.704
8.659,-8.251,-20.318
8.386,-8.366,-24.124
8.234,-11.739,-25.977
7.677,-14.652,-23.51
8.667,-18.361,-23.732
6.256,-21.283,-24.52
8.524,-24.404,-24.428
5.378,-26.581,-24.061
3.184,-25.003,-21.35
5.541,-25.793,-18.347
3.943,-28.807,-16.53
4.205,-26.68,-13.313
2.118,-29.214,-11.341
1.977,-29.981,-7.535
2.763,-26.19,-6.981
4.491,-26.799,-3.569
2.925,-30.266,-2.814
2.471,-29.053,0.81
-0.932,-29.84,2.378
-2.9,-27.539,4.715
-2.349,-27.489,8.517
-5.336,-25.869,10.443
-3.563,-27.08,13.701
-6.694,-26.779,15.928
-9.06,-25.414,13.156
-10.563,-22.743,15.52
-7.468,-20.398,15.291
-9.088,-17.537,17.338
-12.541,-19.08,18.173
-14.714,-16.878,15.885
-18.44,-16.178,16.579
-21.414,-16.28,14.145
-20.85,-13.4,11.654
-17.668,-12.768,13.766
-19.532,-10.381,16.149
-18.249,-6.857,15.393
-19.544,-3.225,15.021
-23.369,-3.917,14.979
-24.133,-0.165,15.553
-20.416,0.666,16.314
-21.513,0.135,19.949
-20.789,-3.572,20.745
-17.535,-3.375,22.757
-16.96,-1.446,26.048
-18.271,1.903,24.596
-17.162,3.678,21.349
-16.148,7.239,20.324
-18.818,8.356,17.789
-21.462,5.636,17.158
-22.446,7.232,13.794
-25.464,4.956,13.113
-27.138,7.142,10.458
-26.535,10.718,11.779
-26.135,11.88,8.106
-25.295,8.705,6.107
-23.718,9.842,2.781
-24.312,13.672,2.948
-20.861,14.844,1.752
-18.117,12.19,2.064
-14.745,13.814,3.229
-12.398,12.942,0.323
-9.541,11.912,2.713
-11.111,8.454,3.251
-14.336,6.394,3.248
-16.383,9.067,5.158
-14.149,9.029,8.317
-10.284,8.878,7.947
-9.839,5.337,6.454
-12.149,2.587,5.027
-14.188,0.391,7.404
-12.591,-2.453,5.294
-10.213,-3.561,8.1
-10.204,-5.787,11.273
-13.038,-3.649,12.849
-15.898,-1.328,11.695
-17.237,-3.493,8.796
-17.561,-7.325,9.222
-19.067,-9.518,6.473
-19.98,-13.189,5.782
-20.344,-15.88,3.091
-20.271,-19.436,4.721
-22.229,-20.836,1.661
-22.096,-20.731,-2.198
-18.406,-19.63,-1.81
-17.444,-21.772,-4.901
-13.892,-23.295,-5.119
-12.881,-25.859,-2.402
-10.365,-24.627,0.278
-6.982,-25.164,-1.545
-6.462,-28.896,-2.428
-8.003,-29.92,0.997
-10.971,-32.145,-0.157
-11.77,-35.339,-2.157
-9.186,-37.4,-0.243
-10.598,-37.814,3.335
-13.669,-35.792,1.971
-13.845,-33.307,4.936
-10.197,-32.149,5.298
-6.999,-33.327,3.5
-4.019,-32.253,5.741
-2.063,-35.398,4.48
-2.814,-38.243,6.974
0.748,-39.58,6.483
4.107,-39.496,8.397
5.439,-35.938,7.464
5.033,-37.068,3.708
8.502,-38.673,2.977
8.145,-40.582,-0.377
8.227,-38.335,-3.519
5.747,-35.618,-2.314
2.164,-37.004,-1.314
3.803,-40.411,-0.367
2.353,-43.034,-2.843
-1.124,-41.345,-2.484
-1.326,-41.409,-6.299
0.285,-44.706,-7.503
-0.352,-43.374,-11.028
1.955,-40.313,-10.881
-0.116,-38.059,-13.207
1.274,-35.012,-11.272
-2.304,-33.952,-10.305
-1.421,-33.928,-6.554
-3.883,-36.428,-4.918
-7.271,-35.016,-6.152
-5.916,-32.725,-8.905
-4.856,-29.5,-7.087
-3.992,-28.011,-10.571
-3.604,-24.497,-8.987
-1.837,-22.511,-11.781
-1.0,-25.875,-13.54
-4.513,-26.01,-15.156
-4.074,-22.508,-16.784
-7.832,-22.417,-17.744
-10.017,-19.646,-16.191
-11.096,-18.509,-12.682
-13.946,-16.462,-11.065
-12.711,-12.764,-11.234
-14.555,-9.472,-10.424
-16.405,-7.098,-12.835
-13.326,-4.786,-12.876
-12.816,-3.334,-9.393
-15.18,-3.189,-6.346
-17.432,-0.029,-6.789
-17.614,3.245,-4.731
-17.715,2.72,-0.883
-20.963,0.599,-0.68
-19.386,-2.913,-0.401
-20.333,-6.257,1.148
-16.886,-7.923,1.378
-13.873,-8.214,3.777
-13.598,-7.399,7.523
-12.558,-8.807,10.99
-10.951,-12.142,9.976
-9.526,-14.837,12.327
-6.52,-15.153,9.854
-6.876,-19.028,9.65
-3.016,-19.398,9.612
-2.742,-22.068,12.461
-2.229,-19.594,15.462
-0.411,-16.191,14.486
-1.295,-13.437,11.942
1.413,-14.562,9.45
-0.531,-13.527,6.262
-4.134,-14.663,5.444
-6.712,-15.425,2.715
-9.391,-13.471,4.766
-11.409,-16.742,4.656
-13.644,-16.919,1.566
-13.027,-20.462,0.224
-10.516,-21.564,2.927
-11.562,-23.865,5.86
-15.074,-24.278,4.287
-15.224,-27.414,2.077
-17.857,-25.843,-0.247
-17.569,-29.01,-2.429
-17.738,-27.842,-6.105
-14.35,-26.877,-7.735
-12.767,-29.692,-5.638
-8.938,-29.337,-5.155
-8.73,-26.834,-8.119
-9.57,-23.958,-5.679
-11.121,-22.197,-8.805
-8.931,-18.986,-8.728
-5.866,-21.183,-9.713
-3.473,-18.313,-8.57
-3.559,-15.838,-11.53
-5.328,-18.36,-13.829
-5.197,-16.673,-17.26
-1.687,-15.227,-16.765
0.549,-18.347,-16.288
3.153,-18.306,-19.095
6.838,-19.397,-19.009
9.182,-16.376,-18.506
11.207,-14.337,-21.05
14.589,-15.453,-19.635
13.438,-18.863,-18.233
11.711,-18.569,-14.805
13.93,-16.395,-12.54
15.875,-13.318,-13.718
19.02,-12.102,-11.867
20.244,-10.604,-8.521
23.704,-8.881,-8.648
27.389,-9.83,-9.267
26.922,-13.276,-7.614
29.847,-15.549,-6.532
30.727,-18.674,-4.441
32.6,-18.188,-1.112
32.707,-21.72,0.339
36.268,-22.174,1.736
36.696,-19.274,4.298
38.951,-21.398,6.565
40.949,-22.609,3.479
44.06,-22.742,5.694
43.715,-20.295,8.655
45.655,-22.274,11.331
48.456,-22.811,8.713
49.535,-26.245,10.16
52.597,-26.089,12.48
54.693,-23.094,13.669
56.511,-24.393,16.808
53.006,-24.985,18.32
50.468,-27.182,16.423
47.675,-25.081,14.768
49.323,-21.889,16.238
47.117,-19.949,13.727
48.79,-16.477,14.127
47.379,-14.641,10.999
43.691,-15.287,12.02
44.134,-13.959,15.656
47.65,-12.706,16.697
48.136,-9.055,15.477
46.666,-9.394,11.899
43.438,-11.162,13.146
42.508,-11.448,9.418
43.541,-14.333,7.005
40.879,-14.241,4.178
38.337,-11.318,4.112
37.5,-12.122,0.405
34.934,-14.767,1.568
33.068,-12.009,3.519
31.629,-8.848,1.775
31.603,-6.915,5.149
28.044,-8.319,5.631
26.937,-7.819,1.961
28.845,-5.001,0.165
26.461,-2.03,-0.74
26.735,-1.503,-4.547
24.993,1.05,-6.835
23.32,0.715,-10.332
22.175,-2.733,-8.995
18.55,-2.49,-10.289
16.372,0.635,-11.119
19.058,2.896,-12.738
16.371,4.326,-15.093
13.16,4.375,-13.01
10.524,4.148,-15.844
13.021,6.588,-17.547
11.707,9.879,-16.119
8.741,8.532,-14.061
6.132,11.272,-14.935
8.781,14.06,-14.269
6.98,15.812,-11.378
7.919,17.755,-8.126
5.792,17.408,-4.926
2.709,18.828,-6.871
3.891,22.466,-6.074
0.491,24.172,-6.752
-0.999,23.015,-3.348
0.091,25.568,-0.595
-1.729,26.419,2.721
-3.006,30.058,3.179
-3.319,30.426,7.015
-4.749,33.544,8.787
-2.56,33.604,11.984
-4.259,30.263,12.79
-4.066,27.306,10.328
-7.238,25.244,11.128
-9.001,27.836,13.563
-10.522,31.126,12.143
-10.554,29.456,8.629
-13.78,30.825,6.911
-15.676,30.448,10.259
-15.144,29.071,13.889
-12.528,31.575,15.172
-11.193,29.715,18.284
-13.572,26.865,19.249
-17.231,26.663,18.035
-18.382,23.165,19.162
-21.404,21.258,20.579
-21.584,20.603,24.377
-23.014,17.055,23.9
-24.721,15.491,20.803
-26.823,12.407,21.842
-25.503,10.208,18.977
-25.76,7.042,21.176
-29.434,8.172,21.864
-29.408,6.495,25.334
-31.301,3.485,23.888
-32.294,1.833,27.265
-28.497,1.816,28.079
-28.072,-1.252,25.764
-25.182,-2.553,23.535
-22.867,0.16,25.133
-20.941,-2.307,27.402
-22.803,-2.527,30.767
-26.05,-3.871,29.167
-27.977,-5.304,32.236
-24.988,-7.597,33.219
-21.777,-6.497,35.036
-18.412,-8.111,36.089
-18.431,-10.183,39.343
-15.612,-9.645,41.951
-13.162,-9.105,39.013
-13.122,-12.893,38.279
-12.6,-15.024,41.452
-10.896,-13.965,44.845
-8.885,-17.253,45.303
-8.144,-17.279,41.529
-6.48,-13.804,41.584
-3.756,-14.817,44.139
-1.309,-13.502,41.481
-1.101,-11.441,38.218
-3.788,-8.745,38.924
-2.971,-8.464,42.704
-1.668,-4.926,41.91
-4.977,-4.335,39.921
-5.471,-2.114,36.8
-4.447,1.131,38.572
-3.308,3.441,35.694
-4.056,6.693,37.617
-2.971,5.375,41.111
0.823,4.779,40.559
3.177,6.343,37.921
0.549,7.672,35.362
2.244,11.004,34.232
3.49,12.127,37.699
6.78,10.108,37.502
8.408,12.442,40.154
10.528,9.823,41.997
8.432,6.687,42.838
11.405,5.818,45.085
15.214,5.348,44.88
16.679,3.16,42.048
15.988,-0.349,43.443
12.839,-2.231,42.259
12.326,-4.376,45.409
9.458,-6.985,44.918
8.306,-5.376,41.586
11.597,-6.455,39.824
10.535,-9.756,38.163
9.128,-12.845,40.033
8.481,-15.276,37.107
5.552,-16.828,39.105
7.363,-19.749,40.912
9.808,-21.356,38.355
12.612,-18.781,39.184
12.977,-17.892,35.456
11.629,-19.614,32.221
12.376,-23.327,33.14
12.516,-24.507,36.87
16.202,-25.699,36.793
17.273,-27.284,33.441
20.797,-28.813,32.916
22.912,-25.556,32.911
21.051,-22.688,34.803
23.633,-20.001,35.795
23.81,-18.978,39.504
26.228,-16.058,40.393
29.323,-17.543,38.612
28.66,-18.784,35.019
29.043,-16.318,32.047
26.641,-13.277,32.223
25.229,-13.944,35.759
25.567,-10.781,37.971
28.928,-9.814,36.337
28.241,-8.497,32.792
24.674,-7.595,33.868
25.627,-3.873,34.014
23.235,-0.978,34.968
21.482,-3.534,37.34
22.555,-1.558,40.473
22.331,2.248,39.822
22.027,3.352,43.578
21.065,-0.01,45.156
20.48,-3.68,44.187
16.939,-4.313,45.696
19.069,-6.167,48.353
22.622,-4.749,48.827
24.022,-8.011,50.349
27.417,-7.834,48.491
25.268,-6.281,45.631
24.471,-9.919,44.681
22.152,-9.554,41.621
22.491,-13.282,40.679
20.284,-12.869,37.562
19.985,-9.919,35.121
16.168,-10.561,35.199
15.895,-9.157,31.619
12.508,-10.693,30.567
12.97,-11.907,26.956
10.639,-14.96,27.192
8.441,-14.056,24.161
8.556,-17.412,22.293
7.732,-19.937,25.021
8.067,-23.443,23.335
4.512,-24.645,24.201
4.661,-28.365,23.281
3.575,-31.433,25.397
-0.137,-30.425,25.999
-2.586,-27.436,26.172
-3.525,-28.519,29.771
-4.68,-25.423,31.755
-4.565,-23.008,28.755
-7.886,-24.234,27.113
-6.714,-22.421,23.871
-6.486,-25.839,22.023
-2.905,-24.936,20.829
-2.034,-28.625,21.495
0.887,-30.582,20.009
0.713,-33.845,22.058
3.244,-35.475,19.673
5.266,-32.159,19.67
6.921,-33.08,16.307
6.323,-36.801,15.549
8.175,-38.016,18.758
11.429,-37.628,20.824
13.212,-34.23,20.233
15.281,-34.446,23.481
12.543,-32.355,25.21
8.889,-32.937,26.321
24.043,11.855,23.191
23.723,14.303,26.166
25.011,17.476,24.413
23.197,16.795,21.07
20.331,19.239,21.894
17.094,19.805,19.913
14.992,22.459,18.046
11.12,22.627,17.856
9.368,22.299,14.441
6.057,24.209,15.223
4.904,23.221,11.627
5.083,26.917,10.34
4.914,28.544,6.803
7.743,26.186,5.583
9.067,22.703,6.553
11.933,20.562,5.09
11.366,16.741,5.669
13.082,13.636,4.094
11.156,14.456,0.821
14.002,16.871,-0.151
17.169,15.279,1.407
16.435,11.59,0.654
20.087,10.582,1.48
21.12,6.8,1.86
20.439,5.582,-1.735
23.806,3.896,-2.465
22.36,1.392,-5.171
22.742,3.287,-8.487
19.409,2.366,-10.27
19.703,-1.435,-9.577
23.423,-1.456,-8.506
24.626,-2.991,-11.825
28.535,-3.001,-11.78
29.711,-0.456,-14.435
28.053,-0.402,-17.95
24.535,-1.899,-17.605
22.7,-4.879,-15.916
24.05,-7.063,-13.007
26.138,-9.687,-14.956
26.124,-12.111,-17.978
22.622,-13.871,-17.892
23.568,-17.578,-17.83
20.296,-19.515,-17.365
22.47,-22.641,-16.924
21.8,-26.112,-15.32
19.275,-26.774,-18.177
19.734,-30.598,-18.11
16.204,-31.808,-19.159
14.457,-29.133,-17.011
11.609,-31.582,-16.125
9.801,-29.253,-13.59
6.844,-31.778,-13.637
7.968,-34.816,-11.499
5.636,-34.358,-8.435
6.552,-30.713,-7.614
4.863,-30.054,-4.219
2.712,-26.867,-4.191
-0.912,-27.207,-5.4
-2.088,-30.214,-3.307
-0.008,-32.825,-5.309
-0.297,-35.657,-2.692
0.145,-34.026,0.762
0.283,-30.101,0.476
2.118,-29.992,3.925
-1.281,-28.94,5.475
-0.238,-25.293,6.166
-3.865,-24.444,7.213
-2.952,-22.502,10.45
-1.957,-25.531,12.676
-3.348,-28.921,13.913
-5.038,-27.511,17.093
-6.262,-31.031,18.075
-8.82,-33.241,16.251
-10.516,-36.415,17.546
-13.034,-37.469,14.839
-14.436,-33.914,15.225
-16.303,-33.658,11.885
-19.125,-31.885,13.871
-21.666,-32.251,11.016
-24.777,-34.126,12.327
-22.866,-36.55,14.646
-26.136,-37.996,16.14
-23.928,-38.842,19.186
-25.332,-38.066,22.696
-23.066,-37.689,25.773
-25.837,-37.59,28.494
-26.151,-40.057,31.448
-27.055,-42.644,28.729
-23.919,-42.467,26.521
-21.61,-41.285,29.383
-18.807,-40.885,26.754
-17.17,-37.806,28.278
-15.293,-36.292,31.277
-18.496,-35.019,33.126
-17.005,-31.413,32.935
-20.239,-29.909,31.473
-18.36,-28.69,28.33
-17.049,-32.266,27.58
-20.143,-32.964,25.334
-17.933,-32.127,22.27
-18.135,-34.041,18.86
-15.501,-36.709,19.758
-17.502,-39.382,17.824
-20.371,-39.945,15.331
-22.965,-42.703,14.642
-21.464,-44.327,11.448
-21.034,-42.512,8.032
-23.036,-39.278,8.351
-25.408,-39.459,5.319
-27.364,-36.345,6.476
-24.485,-33.733,6.553
-26.246,-31.077,4.363
-28.461,-31.925,1.286
-27.28,-35.6,1.849
-25.623,-36.117,-1.612
-26.527,-32.73,-3.237
-23.211,-31.248,-1.991
-21.281,-34.128,-0.181
-21.948,-36.294,-3.28
-21.846,-39.912,-1.993
-23.873,-41.687,-4.778
-21.566,-40.248,-7.507
-18.142,-41.763,-6.458
-17.167,-39.481,-3.486
-17.685,-35.891,-4.894
-14.384,-36.486,-6.794
-13.217,-34.309,-9.751
-10.2,-34.767,-12.118
-8.387,-33.396,-15.288
-8.707,-29.776,-13.974
-5.476,-28.138,-12.614
-7.379,-27.299,-9.375
-8.733,-30.743,-8.21
-6.897,-33.084,-10.662
-3.706,-32.602,-8.582
-5.497,-34.715,-5.841
-7.541,-32.778,-3.174
-5.692,-34.687,-0.328
-8.738,-37.063,0.156
-7.075,-40.435,1.029
-8.996,-43.757,0.787
-12.4,-42.234,-0.245
-13.937,-45.706,-0.98
-12.757,-45.775,-4.649
-9.141,-46.208,-3.319
-7.15,-43.273,-4.961
-4.259,-44.106,-2.544
-0.968,-42.744,-4.041
0.429,-43.542,-7.572
-2.973,-45.329,-7.648
-5.767,-44.631,-10.251
-5.507,-41.789,-12.943
-5.309,-38.04,-11.91
-3.123,-37.031,-8.775
0.081,-36.667,-10.866
-2.265,-36.453,-13.937
0.503,-37.777,-16.349
2.203,-34.361,-15.642
1.351,-32.498,-18.942
3.023,-29.055,-19.606
6.818,-28.705,-20.438
6.438,-28.481,-24.273
4.477,-25.141,-24.082
3.544,-22.356,-21.548
0.276,-20.312,-21.244
-0.459,-19.152,-17.641
-3.455,-17.057,-16.319
-6.151,-19.495,-14.894
-4.035,-22.451,-16.117
-1.376,-23.575,-13.552
-2.28,-22.05,-10.127
-3.134,-18.326,-10.486
-6.954,-17.965,-10.041
-8.403,-14.884,-11.867
-12.189,-14.865,-11.09
-12.36,-11.019,-10.626
-11.906,-10.609,-6.829
-13.216,-6.858,-6.631
-16.483,-5.323,-8.048
-14.649,-5.472,-11.409
-12.465,-2.361,-11.119
-12.957,-0.277,-7.895
-14.291,3.278,-8.559
-14.432,4.688,-4.946
-13.738,8.468,-5.477
-11.882,10.403,-2.703
-11.754,14.025,-1.379
-9.786,16.864,-3.117
-10.355,20.405,-4.541
-8.703,21.712,-7.787
-9.091,21.971,-11.646
-6.985,22.296,-14.872
-5.362,25.734,-15.889
-7.328,26.102,-19.265
-5.122,27.405,-22.157
-5.171,26.151,-25.864
-4.451,22.347,-26.498
-4.751,21.361,-22.789
-2.613,18.126,-22.997
-4.94,16.589,-20.296
-3.364,17.493,-16.798
-6.442,16.189,-14.919
-9.795,17.039,-16.596
-12.768,15.133,-18.396
-13.339,11.508,-19.636
-13.57,10.308,-23.344
-11.205,7.26,-23.67
-7.381,7.14,-23.886
-6.62,5.746,-27.349
-4.021,3.389,-28.974
-5.755,0.123,-27.854
-7.478,-1.049,-31.078
-7.654,-4.774,-30.094
-11.26,-5.963,-29.399
-11.859,-8.523,-32.23
-8.911,-10.651,-30.826
-9.859,-13.485,-33.284
-7.106,-16.108,-32.457
-4.391,-13.349,-32.955
-1.547,-15.899,-33.528
-3.624,-17.214,-36.554
-2.286,-20.741,-35.666
-1.223,-23.116,-32.769
-3.263,-21.428,-29.902
-2.042,-23.958,-27.245
-0.855,-26.769,-29.657
-2.928,-29.54,-27.917
-3.815,-27.915,-24.564
-2.757,-28.586,-20.949
0.577,-26.712,-21.192
1.581,-24.353,-18.311
5.277,-24.55,-17.198
7.696,-21.948,-18.705
10.786,-23.664,-20.25
14.029,-21.631,-19.813
15.829,-24.183,-17.531
12.846,-23.593,-15.223
10.153,-20.879,-15.009
12.885,-18.887,-13.079
15.825,-16.685,-14.055
18.88,-16.163,-11.791
20.629,-13.828,-9.328
24.239,-14.205,-10.528
26.861,-17.062,-10.368
25.177,-20.201,-8.849
27.709,-22.8,-7.513
26.247,-26.364,-7.064
26.782,-28.905,-4.232
23.648,-30.209,-2.468
25.742,-32.129,0.193
27.092,-35.601,-0.751
24.676,-37.031,-3.404
27.664,-39.108,-4.659
26.533,-41.628,-1.947
23.244,-43.587,-2.494
22.961,-45.355,-5.924
20.617,-48.209,-4.834
18.731,-45.656,-2.592
16.698,-48.39,-0.807
18.163,-51.665,0.621
17.372,-53.963,-2.407
13.632,-54.828,-1.818
11.055,-52.758,0.167
8.55,-51.529,-2.536
7.051,-48.688,-0.367
9.289,-49.584,2.675
6.891,-48.228,5.363
5.632,-44.925,3.816
3.075,-43.63,1.235
4.277,-39.959,0.971
5.321,-38.803,-2.557
4.84,-35.15,-1.397
5.521,-33.782,2.169
7.409,-35.835,4.853
8.818,-38.102,2.033
10.374,-40.402,4.764
13.119,-42.31,2.876
15.407,-41.926,5.952
15.845,-44.85,8.379
18.69,-43.237,10.377
16.848,-44.377,13.53
13.957,-46.919,13.756
11.211,-48.124,16.197
11.498,-45.293,18.819
9.956,-42.431,16.768
6.084,-42.563,16.77
5.815,-45.635,19.191
8.086,-46.41,22.236
8.81,-42.69,23.127
11.185,-42.71,26.162
11.07,-39.895,28.783
14.85,-39.189,28.937
15.73,-38.716,32.705
15.959,-42.218,34.326
16.26,-40.212,37.584
15.062,-36.544,37.459
17.858,-35.249,39.722
20.881,-32.955,39.251
23.672,-31.408,41.343
25.556,-34.744,40.89
26.438,-35.471,37.175
26.312,-31.908,35.691
30.139,-31.364,35.766
30.531,-27.802,37.363
33.885,-27.628,35.44
31.862,-26.927,32.208
28.639,-25.726,34.017
28.39,-22.636,31.699
29.62,-24.704,28.618
32.53,-22.354,27.238
35.899,-23.726,28.554
38.349,-20.903,27.156
37.806,-18.658,30.251
40.476,-16.045,29.274
38.41,-13.874,26.834
37.19,-11.244,29.303
40.138,-9.265,30.93
37.739,-9.151,33.985
35.104,-6.641,32.496
33.579,-5.937,35.956
29.86,-6.154,35.087
28.5,-5.117,38.531
25.085,-5.939,36.882
23.217,-6.439,40.195
20.269,-4.131,39.336
17.564,-6.574,38.07
15.191,-5.069,35.443
13.586,-8.396,34.357
11.281,-9.248,37.327
11.494,-13.123,37.288
13.192,-15.154,34.482
10.04,-17.214,33.591
6.579,-17.271,35.436
4.73,-15.508,32.539
2.095,-18.369,32.437
3.891,-20.369,29.667
1.1,-22.964,28.958
-0.467,-25.882,30.901
-0.078,-28.345,27.927
2.538,-29.167,25.198
2.499,-32.667,23.558
-1.396,-32.472,23.31
-1.565,-36.365,22.997
-1.966,-35.385,19.258
-2.804,-38.382,17.006
-5.429,-37.27,14.426
-4.615,-36.726,10.665
-1.131,-38.366,11.102
-2.33,-41.541,12.934
1.101,-43.29,12.978
3.514,-43.115,9.953
6.672,-44.395,11.806
8.915,-42.102,9.571
11.662,-44.744,10.009
11.806,-45.965,6.387
14.845,-48.315,6.138
17.805,-46.625,4.141
19.557,-43.194,3.928
17.531,-42.3,0.794
18.571,-38.631,0.394
19.037,-36.474,-2.763
19.295,-32.719,-3.617
19.871,-30.778,-6.887
20.394,-34.034,-8.979
22.467,-34.425,-12.254
26.389,-34.57,-12.527
26.854,-35.222,-8.728
30.579,-35.697,-9.605
31.544,-32.014,-10.252
35.312,-32.282,-9.218
36.607,-30.057,-6.333
33.381,-28.707,-4.625
33.438,-30.55,-1.22
34.509,-29.669,2.366
37.982,-30.181,3.991
39.494,-29.858,7.541
41.437,-26.727,6.452
39.056,-23.9,7.55
41.731,-21.323,6.39
41.245,-19.317,9.638
42.594,-20.859,12.938
38.985,-20.937,14.329
40.004,-17.598,15.923
37.22,-14.992,15.557
36.779,-13.857,19.241
34.327,-11.285,20.817
31.867,-12.257,17.942
32.264,-8.836,16.072
31.821,-10.04,12.423
32.882,-13.658,13.223
34.567,-14.139,9.817
31.56,-12.356,8.166
28.416,-13.906,9.836
26.817,-10.72,11.355
25.17,-7.752,9.51
25.314,-9.76,6.253
25.827,-6.947,3.634
29.068,-5.211,4.956
31.174,-6.932,2.17
28.45,-8.403,-0.127
30.436,-8.255,-3.569
31.682,-11.88,-4.178
32.796,-12.662,-0.521
34.988,-10.917,2.163
38.028,-11.928,-0.022
37.863,-8.465,-1.938
39.702,-7.241,1.224
39.172,-5.882,4.758
41.644,-4.351,7.278
39.515,-1.998,9.441
36.563,-3.719,11.129
37.414,-3.467,14.914
34.475,-1.115,15.911
33.448,-0.839,19.635
33.75,-4.671,19.426
30.367,-4.39,17.676
27.894,-4.724,20.619
30.715,-4.96,23.247
30.007,-8.765,23.778
33.305,-9.492,25.764
31.712,-7.423,28.601
29.896,-10.576,29.958
32.917,-12.051,31.911
32.601,-15.193,29.637
33.599,-17.625,32.452
35.661,-15.305,34.734
33.213,-15.187,37.644
33.955,-18.381,39.604
30.57,-19.893,40.626
28.799,-20.333,37.193
28.996,-16.495,36.749
25.997,-15.91,39.192
26.533,-12.11,38.494
22.799,-11.96,37.505
20.727,-9.542,35.303
22.46,-10.306,31.904
20.927,-13.752,31.063
17.871,-12.753,33.175
16.884,-9.826,30.824
15.634,-12.514,28.33
12.866,-12.191,25.725
9.377,-13.719,26.207
7.766,-13.368,22.697
7.16,-17.106,21.763
8.966,-20.426,21.012
7.477,-23.492,22.815
4.264,-23.736,24.887
5.708,-25.28,28.068
8.913,-24.555,30.1
7.94,-23.55,33.644
4.714,-24.077,35.808
4.109,-27.571,34.246
7.43,-28.718,35.836
6.068,-28.075,39.406
9.742,-27.175,40.155
11.074,-24.264,42.276
12.065,-21.091,40.335
15.186,-19.964,42.339
17.558,-22.236,40.348
15.96,-25.294,38.64
12.943,-24.967,36.156
14.215,-28.11,34.234
12.934,-27.232,30.713
13.634,-30.642,29.059
11.682,-32.158,26.026
9.754,-28.794,25.618
12.873,-27.468,23.755
12.321,-30.319,21.169
9.637,-29.503,18.515
7.159,-26.535,18.631
3.911,-28.423,17.886
26.037,8.992,18.03
24.337,11.069,20.767
23.202,14.585,19.567
22.638,15.623,23.273
20.971,19.08,22.828
18.026,19.673,20.42
15.902,22.256,18.484
12.058,22.236,18.05
10.283,21.742,14.666
7.125,24.0,15.122
6.213,22.702,11.563
7.087,25.756,9.285
6.824,23.57,6.143
6.797,19.731,6.174
5.646,17.627,3.175
6.957,14.049,3.373
6.416,12.01,0.088
3.335,9.975,1.223
2.234,9.839,-2.452
5.851,8.669,-3.098
5.398,8.024,-6.847
2.823,5.337,-8.158
1.807,7.764,-10.996
0.624,6.499,-14.489
4.014,5.965,-16.248
2.168,5.683,-19.578
-1.664,6.536,-19.871
-2.109,3.318,-21.943
0.169,1.082,-24.135
-1.238,-1.463,-26.728
-5.026,-1.701,-27.629
-5.59,-5.511,-27.659
-3.106,-8.322,-26.913
-5.584,-11.209,-27.62
-3.991,-14.15,-25.651
-6.255,-16.836,-24.03
-5.582,-19.755,-26.441
-6.997,-18.068,-29.636
-10.622,-19.37,-29.77
-12.505,-16.486,-27.958
-11.172,-14.325,-25.024
-12.297,-10.709,-24.303
-14.493,-10.04,-21.28
-16.012,-12.116,-18.44
-19.27,-10.005,-18.941
-20.346,-10.228,-15.224
-23.324,-7.755,-15.026
-23.692,-3.971,-14.281
-22.245,-4.629,-10.784
-23.4,-1.16,-9.601
-26.922,-2.132,-8.31
-26.565,0.805,-5.806
-26.468,4.649,-5.642
-22.775,5.645,-5.969
-22.63,9.485,-5.529
-18.819,9.545,-4.918
-17.881,10.828,-1.401
-14.522,12.642,-2.078
-15.297,14.236,-5.494
-17.422,17.007,-3.872
-18.307,18.377,-0.327
-14.713,17.789,0.959
-12.2,17.616,-1.994
-8.624,17.347,-0.527
-6.94,18.182,-3.91
-3.359,17.383,-2.605
-2.055,17.261,-6.268
1.497,15.773,-6.766
2.459,18.882,-8.916
4.457,20.607,-6.092
7.505,18.309,-6.564
5.837,15.574,-4.437
7.069,12.584,-6.51
10.329,10.588,-5.972
12.064,13.22,-3.808
8.902,14.905,-2.418
9.906,18.121,-0.519
10.945,16.476,2.842
12.691,13.517,1.09
15.115,13.174,4.067
15.917,16.879,4.791
19.781,16.826,5.093
19.992,14.31,8.05
23.182,14.693,10.176
24.865,11.381,9.03
21.381,9.621,9.285
22.693,6.203,10.572
25.721,3.761,10.473
28.684,6.19,10.851
27.005,8.711,13.176
30.397,9.178,14.902
31.612,11.312,17.819
30.352,8.822,20.508
29.242,11.762,22.813
29.249,9.588,26.017
25.644,8.211,25.952
26.096,7.066,29.592
26.069,10.525,31.293
26.176,9.051,34.822
25.823,12.005,37.281
22.006,13.037,37.779
20.962,9.404,38.674
19.887,10.064,42.309
16.674,10.768,44.277
14.789,9.125,47.201
12.135,7.222,45.136
10.854,10.508,43.541
9.83,9.651,39.937
7.015,12.254,39.946
5.758,12.171,36.287
2.759,14.37,37.411
0.318,12.939,34.743
-2.095,15.919,35.285
-5.293,15.354,33.166
-3.339,12.224,32.009
-2.028,14.024,28.838
-0.39,10.782,27.606
-0.965,9.061,24.124
-2.39,5.66,23.025
-0.496,2.514,21.861
-1.058,-0.059,19.0
-3.529,2.514,17.57
-3.003,1.272,13.913
-0.776,4.401,13.552
0.781,3.766,10.088
-0.658,0.196,10.56
1.036,-0.784,13.889
0.734,-4.615,14.505
-2.427,-4.974,12.286
-0.917,-7.509,9.78
-1.885,-11.229,9.434
0.412,-14.318,9.126
0.042,-17.992,7.923
-3.812,-17.912,7.794
-5.307,-15.613,10.486
-3.803,-12.823,12.718
-2.909,-15.202,15.603
-1.045,-17.816,13.422
-3.83,-20.425,12.674
-6.15,-19.848,15.708
-9.425,-19.533,13.76
-11.579,-20.036,16.888
-8.472,-19.275,19.049
-9.584,-21.75,21.741
-10.37,-24.307,18.958
-10.967,-27.577,20.98
-9.582,-26.623,24.478
-13.021,-25.32,25.658
-16.534,-24.839,24.183
-16.466,-21.315,25.776
-14.696,-18.039,24.629
-15.837,-17.591,20.903
-13.021,-14.963,20.33
-14.983,-13.534,17.345
-18.575,-12.546,18.379
-19.897,-11.487,14.911
-19.629,-14.605,12.629
-17.363,-17.691,12.135
-17.252,-19.555,8.778
-13.703,-20.088,7.372
-11.003,-22.806,7.849
-8.2,-20.29,7.053
-4.494,-21.335,6.738
-2.415,-20.68,3.56
1.125,-21.331,2.234
2.583,-18.338,4.166
0.043,-15.902,2.639
-3.397,-16.139,0.886
-2.647,-17.189,-2.738
-5.001,-17.445,-5.807
-5.545,-21.245,-5.276
-9.311,-21.69,-6.018
-9.382,-20.85,-9.798
-8.286,-17.17,-8.924
-11.921,-17.015,-7.536
-14.993,-15.919,-9.605
-16.549,-13.697,-6.834
-14.444,-10.514,-7.907
-15.952,-8.392,-10.736
-12.905,-8.984,-13.059
-12.08,-5.227,-12.953
-13.973,-2.493,-10.936
-17.692,-2.859,-10.016
-18.586,0.889,-9.829
-17.029,3.813,-7.907
-16.5,3.548,-4.077
-19.376,1.448,-2.563
-18.77,-2.211,-3.545
-15.431,-3.402,-1.969
-15.359,-7.262,-2.39
-11.873,-8.839,-2.123
-9.688,-11.278,-0.123
-10.606,-13.401,3.007
-12.633,-12.023,5.973
-9.485,-12.134,8.237
-10.262,-8.399,8.891
-13.565,-9.605,10.553
-16.839,-10.042,8.567
-17.612,-13.707,7.728
-14.589,-14.449,9.981
-12.58,-17.709,10.674
-13.66,-20.35,13.235
-16.12,-23.228,12.65
-18.483,-23.74,9.607
-21.114,-21.527,11.412
-23.635,-24.432,11.451
-22.445,-27.988,10.534
-25.813,-29.155,9.098
-27.556,-30.322,12.306
-28.479,-28.753,15.725
-25.975,-25.844,15.747
-22.742,-27.66,14.956
-23.596,-31.143,16.418
-19.802,-31.833,16.545
-19.714,-28.686,18.834
-16.301,-27.724,17.336
-14.655,-28.894,14.037
-11.216,-27.285,14.611
-7.744,-29.016,14.574
-8.845,-29.829,10.944
-5.143,-30.174,9.832
-4.779,-33.419,11.866
-2.729,-36.377,10.447
-2.22,-34.795,6.967
-1.085,-31.385,8.321
0.102,-30.582,4.699
3.896,-30.105,4.243
3.114,-27.187,1.896
5.085,-28.66,-0.999
5.917,-31.78,-3.057
9.42,-32.897,-1.806
12.446,-31.328,-3.708
10.309,-30.431,-6.802
11.755,-30.681,-10.362
12.67,-27.088,-11.399
16.02,-26.714,-13.279
16.598,-22.906,-13.614
13.784,-20.301,-13.75
14.574,-17.093,-11.823
16.756,-14.235,-13.082
20.017,-12.722,-11.796
21.496,-11.542,-8.436
25.241,-11.967,-7.642
25.25,-15.36,-9.408
22.413,-17.701,-8.342
22.876,-21.501,-7.916
20.963,-24.74,-7.205
23.062,-26.614,-4.58
21.802,-30.228,-4.418
23.927,-33.323,-3.548
21.912,-36.566,-4.065
19.801,-36.833,-0.826
19.907,-38.167,2.8
21.818,-41.52,3.169
18.524,-43.541,2.967
18.67,-42.731,-0.801
14.826,-43.29,-1.211
15.591,-47.11,-1.619
13.253,-47.813,1.387
11.238,-50.061,-1.06
7.855,-48.609,0.171
6.501,-48.58,3.822
10.146,-47.905,5.034
9.379,-48.77,8.705
5.539,-48.318,8.659
4.351,-46.415,11.782
0.585,-45.586,11.924
1.061,-42.333,13.917
1.89,-39.37,11.581
4.039,-37.952,14.488
5.126,-34.795,12.43
8.88,-35.761,12.855
9.136,-37.307,9.32
10.517,-40.707,10.558
9.216,-43.024,7.726
9.304,-41.02,4.326
12.854,-39.626,3.581
11.245,-38.371,0.325
8.288,-40.628,-0.545
7.202,-38.6,-3.629
3.516,-39.692,-4.019
1.318,-37.653,-1.584
1.729,-34.832,1.007
-0.371,-31.864,-0.139
0.207,-28.09,-0.422
-2.184,-25.368,1.02
-4.996,-24.314,-1.512
-7.917,-24.919,1.01
-10.679,-22.94,-0.883
-9.984,-19.177,-1.169
-12.616,-16.551,-2.036
-13.457,-12.845,-1.54
-16.33,-12.457,1.067
-16.163,-8.576,0.86
-13.134,-8.577,3.318
-14.97,-6.451,5.957
-17.083,-4.026,3.75
-15.463,-1.012,5.573
-16.195,1.303,2.59
-14.475,4.327,4.191
-11.424,2.103,5.132
-9.864,4.342,7.857
-6.174,4.74,6.783
-5.935,5.29,2.873
-9.703,5.995,2.103
-9.16,7.203,-1.559
-6.335,9.16,-3.306
-7.982,12.544,-4.203
-5.001,13.501,-6.463
-6.195,15.04,-9.853
-3.765,13.547,-12.452
-2.788,15.984,-15.387
-4.198,15.665,-18.967
-0.934,13.962,-20.104
-1.719,12.517,-23.611
-5.26,12.335,-25.155
-4.3,9.758,-27.84
-5.031,6.07,-26.97
-2.651,3.811,-29.143
-5.151,1.992,-31.45
-6.094,1.411,-35.144
-9.836,1.043,-36.072
-10.692,-2.648,-35.744
-9.76,-3.506,-32.126
-11.808,-6.685,-32.781
-10.559,-8.825,-29.852
-12.524,-12.009,-30.831
-15.684,-12.324,-28.632
-16.793,-8.979,-26.857
-19.284,-8.28,-29.74
-20.354,-11.91,-30.585
-19.813,-15.622,-29.527
-22.472,-15.366,-26.702
-21.295,-15.202,-23.013
-17.53,-16.163,-23.423
-15.681,-16.713,-20.031
-18.846,-15.857,-17.931
-20.238,-19.417,-18.242
-18.124,-20.971,-21.047
-14.402,-21.822,-21.437
-15.544,-22.726,-25.019
-12.223,-24.286,-26.221
-9.476,-22.286,-24.339
-6.779,-25.065,-24.534
-9.505,-27.343,-23.032
-8.0,-26.603,-19.57
-6.458,-23.148,-18.856
-3.624,-24.454,-16.593
-0.547,-23.794,-18.847
-1.493,-26.595,-21.267
1.96,-27.645,-22.709
2.437,-24.098,-24.192
5.802,-22.383,-25.055
4.784,-19.811,-22.342
8.011,-17.624,-22.15
7.413,-18.007,-18.356
10.42,-20.524,-17.777
14.196,-19.635,-17.793
16.098,-16.879,-15.943
19.36,-15.573,-17.508
22.777,-17.406,-17.039
22.798,-20.884,-15.348
24.061,-21.825,-11.845
27.243,-19.697,-12.147
28.08,-18.229,-8.648
29.537,-14.707,-9.277
29.88,-11.166,-7.681
31.199,-11.196,-4.053
28.509,-9.936,-1.6
28.947,-9.597,2.205
26.964,-6.945,4.222
25.223,-8.142,7.432
26.826,-11.172,9.36
25.708,-9.391,12.641
29.055,-7.525,12.01
30.902,-8.987,15.071
31.187,-12.791,15.594
33.179,-12.019,18.795
31.359,-9.209,20.766
32.415,-10.631,24.269
30.39,-8.446,26.701
30.93,-10.736,29.722
27.249,-10.62,30.939
27.179,-6.717,30.672
26.984,-6.486,34.556
23.953,-8.875,34.084
22.173,-5.483,33.211
21.022,-5.078,36.97
17.952,-3.064,35.675
14.547,-3.616,33.836
13.731,-6.688,36.012
10.26,-8.09,36.948
9.373,-5.207,39.394
11.698,-2.741,37.467
13.592,-2.077,40.748
13.52,-5.248,42.977
15.625,-5.733,46.172
18.919,-3.864,45.566
22.102,-6.063,45.676
20.654,-9.6,46.423
17.045,-10.758,45.557
16.082,-14.344,44.393
13.243,-15.144,41.872
11.121,-12.615,43.909
11.497,-8.969,42.807
8.781,-7.82,45.397
10.216,-10.422,47.845
11.105,-8.723,51.174
11.793,-5.116,52.54
9.828,-3.928,49.461
8.779,-0.567,50.967
8.704,1.569,47.798
10.849,0.259,44.838
13.712,-0.811,47.269
16.118,1.295,45.072
15.736,1.033,41.244
18.612,-1.382,40.477
22.162,-1.596,41.926
23.152,1.162,39.446
26.778,1.229,38.043
28.31,-0.808,40.963
26.329,-4.112,40.347
26.336,-7.026,42.922
27.961,-9.403,40.295
27.63,-13.248,40.62
28.974,-14.845,37.394
27.453,-18.297,38.264
24.32,-16.594,39.836
25.384,-17.755,43.399
25.71,-14.397,45.33
22.806,-12.136,44.197
21.089,-14.918,42.089
18.263,-12.723,40.534
20.982,-9.954,40.388
18.416,-7.086,40.882
17.906,-7.746,37.133
18.737,-11.239,35.761
19.836,-9.949,32.266
17.555,-8.551,29.501
15.581,-11.811,28.862
12.577,-12.137,26.48
9.196,-13.735,27.372
6.92,-13.688,24.248
6.385,-17.199,22.729
8.184,-20.585,22.904
8.717,-21.681,26.605
5.645,-22.606,28.76
5.128,-24.191,32.225
4.44,-27.982,32.088
2.079,-29.235,34.884
2.825,-32.839,33.688
1.386,-34.797,36.716
-1.406,-32.219,37.198
-2.23,-29.004,39.114
-4.192,-27.722,42.164
-5.207,-24.586,40.133
-8.2,-25.971,38.151
-8.638,-29.344,36.276
-6.971,-28.41,32.933
-3.723,-29.074,30.934
-4.543,-32.789,31.361
-1.746,-35.02,29.847
0.298,-31.811,29.001
3.622,-33.705,29.287
6.845,-33.314,27.252
6.923,-36.842,25.743
9.705,-38.271,23.51
7.77,-36.611,20.614
4.794,-34.152,20.658
1.185,-34.961,21.735
-2.147,-34.198,19.911
25.071,11.019,21.326
26.523,13.678,23.747
24.036,16.397,24.952
22.421,16.43,21.458
19.997,19.384,21.808
17.11,20.429,19.542
14.937,23.202,17.968
11.102,23.211,17.45
9.485,25.028,14.39
6.354,26.905,15.667
3.747,26.067,12.951
0.938,28.802,12.968
-1.738,26.359,11.619
0.82,25.761,8.762
-0.547,22.159,8.251
-1.586,22.792,4.6
0.575,20.65,2.116
-0.711,22.083,-1.228
-0.303,18.926,-3.51
3.372,18.496,-2.386
2.713,15.872,0.382
-0.812,14.432,1.162
-0.824,13.095,-2.45
2.877,12.82,-3.704
2.868,13.83,-7.427
5.774,12.242,-9.405
7.101,13.743,-12.787
4.408,11.704,-14.719
6.538,8.393,-15.045
3.389,6.358,-16.04
4.269,5.6,-19.716
3.097,1.917,-19.651
-0.531,2.403,-20.851
-0.233,-0.578,-23.326
-3.085,0.929,-25.522
-3.761,-2.3,-27.496
-0.553,-3.147,-29.414
-1.222,-6.221,-31.657
-3.346,-8.16,-29.005
-0.904,-8.059,-26.012
0.436,-11.657,-26.869
2.759,-11.548,-23.781
0.716,-14.198,-21.903
0.734,-17.219,-24.31
-3.111,-17.409,-24.45
-4.254,-17.749,-20.808
-2.554,-18.347,-17.383
-1.35,-21.639,-15.723
2.081,-22.154,-17.364
2.642,-25.82,-18.387
6.266,-24.975,-19.433
7.45,-28.639,-19.806
4.798,-30.852,-18.073
5.476,-31.029,-14.291
8.134,-28.732,-12.707
9.411,-30.316,-9.405
6.091,-32.383,-9.092
3.115,-31.116,-6.933
1.301,-32.002,-3.603
3.682,-31.505,-0.575
1.466,-28.866,1.161
-0.71,-30.795,3.678
-3.345,-32.826,1.526
-2.756,-35.95,-0.699
-3.811,-39.231,1.055
-4.092,-37.69,4.615
-6.291,-40.282,6.427
-4.312,-43.544,6.491
-6.568,-46.612,7.013
-6.293,-47.64,10.723
-5.585,-51.254,9.573
-4.712,-52.818,6.149
-3.055,-49.522,4.889
0.177,-51.322,5.699
-0.016,-55.068,6.537
2.273,-55.064,9.618
5.951,-53.936,9.805
8.557,-55.42,7.392
10.05,-58.161,9.649
11.632,-59.723,6.461
14.52,-57.313,7.178
13.752,-54.738,10.003
16.399,-53.126,12.37
19.03,-52.213,9.641
22.481,-52.889,11.247
21.474,-55.683,13.711
24.683,-55.124,15.751
24.9,-51.272,16.103
21.806,-49.629,14.508
23.177,-46.186,15.549
24.729,-43.568,13.216
27.001,-42.16,15.941
29.916,-44.413,17.063
32.269,-43.834,20.087
31.062,-41.153,22.619
34.259,-39.131,22.03
35.575,-36.774,19.311
38.9,-35.604,17.777
37.377,-32.105,17.187
40.411,-29.73,16.842
40.489,-26.321,18.82
38.391,-24.093,16.444
35.876,-21.114,16.772
38.281,-19.054,18.989
40.098,-16.614,16.61
41.387,-16.835,12.931
39.162,-19.977,12.404
35.855,-17.988,12.086
34.512,-14.499,11.226
32.435,-12.437,13.78
32.56,-12.992,17.617
29.332,-11.449,19.14
28.846,-7.597,19.55
28.188,-6.579,15.874
24.437,-7.217,15.527
22.65,-3.967,14.369
21.956,-4.466,10.574
19.473,-2.346,8.384
15.674,-3.09,8.094
14.937,-1.497,11.544
11.05,-1.493,11.407
9.922,-0.319,7.85
13.26,-0.311,5.823
14.784,-2.89,3.327
12.546,-5.971,4.116
11.494,-5.459,7.786
8.131,-7.093,8.772
8.316,-9.028,5.421
7.803,-12.839,5.779
5.702,-15.646,4.086
1.919,-14.891,4.378
2.937,-11.462,5.827
4.253,-13.184,9.01
2.303,-16.505,8.951
-0.825,-14.404,9.794
-1.252,-15.296,13.579
1.543,-13.092,15.055
0.216,-9.496,14.444
0.195,-8.383,18.163
-1.672,-11.623,19.106
-4.961,-13.414,18.22
-5.024,-15.069,21.774
-6.289,-18.466,20.451
-3.035,-20.473,19.831
-0.259,-18.156,18.42
2.855,-19.626,20.161
1.332,-22.813,21.75
-1.551,-22.571,24.342
-3.699,-25.685,25.118
-7.425,-26.028,24.239
-7.743,-29.539,22.592
-8.563,-29.721,18.762
-6.229,-29.12,15.776
-8.82,-26.673,14.24
-6.849,-26.524,10.896
-3.419,-28.059,11.853
-1.924,-29.681,15.036
0.829,-26.959,15.111
-0.298,-23.257,15.458
-3.498,-23.955,13.298
-1.436,-22.664,10.251
-4.242,-22.696,7.549
-5.013,-18.957,8.172
-2.568,-18.41,5.206
-5.763,-18.659,3.052
-6.391,-15.037,1.899
-3.026,-13.713,0.605
-2.23,-16.926,-1.385
-1.687,-17.45,-5.189
-4.481,-15.19,-6.646
-7.134,-16.525,-4.153
-9.32,-19.546,-3.362
-12.199,-19.792,-5.913
-14.725,-19.242,-2.982
-16.045,-16.095,-4.834
-13.7,-13.722,-6.795
-15.676,-10.42,-6.506
-13.883,-7.844,-4.156
-15.932,-4.979,-5.778
-15.408,-4.779,-9.594
-11.992,-3.146,-10.307
-12.073,0.055,-8.16
-12.815,0.157,-4.359
-15.456,2.811,-5.268
-13.536,5.302,-3.016
-11.64,4.67,0.298
-14.69,3.056,2.072
-14.942,-0.559,0.779
-17.195,-3.477,1.875
-14.147,-5.884,2.056
-14.301,-6.5,5.872
-15.973,-8.662,8.566
-13.698,-10.694,11.014
-16.833,-12.971,11.487
-15.529,-13.876,15.003
-16.783,-12.251,18.283
-14.553,-14.426,20.552
-13.423,-18.122,20.693
-17.003,-19.63,20.456
-18.177,-18.278,23.903
-15.533,-18.689,26.822
-12.677,-17.049,24.8
-10.06,-18.704,27.077
-9.059,-22.418,26.597
-12.201,-24.553,27.385
-11.019,-27.86,25.782
-13.497,-28.932,23.012
-13.55,-31.823,20.473
-13.368,-34.368,23.304
-14.829,-37.938,23.459
-13.561,-38.595,19.869
-10.098,-39.896,20.897
-7.916,-38.801,17.844
-8.616,-41.932,15.626
-6.882,-44.862,17.497
-4.67,-47.689,16.077
-1.538,-45.424,16.132
0.665,-48.52,16.75
2.798,-47.958,13.585
2.888,-50.761,10.9
1.091,-48.433,8.344
3.392,-45.922,6.48
6.486,-45.764,8.782
8.32,-48.866,7.497
6.306,-48.939,4.205
6.599,-45.189,3.31
9.138,-42.466,4.271
10.045,-40.652,1.046
7.746,-40.001,-1.956
8.954,-36.373,-1.613
8.46,-34.011,-4.59
11.811,-32.956,-6.196
12.447,-32.88,-10.038
13.597,-29.472,-11.429
16.87,-27.797,-12.518
16.138,-24.06,-11.738
12.481,-24.734,-12.939
11.481,-21.191,-14.055
14.101,-18.953,-12.293
16.884,-16.624,-13.46
19.722,-15.55,-11.113
20.749,-13.664,-7.937
24.483,-13.516,-8.634
24.735,-17.319,-8.83
22.557,-20.432,-8.231
22.681,-24.254,-7.794
20.804,-27.272,-6.344
21.492,-30.947,-5.474
19.973,-34.238,-4.22
19.276,-35.332,-0.575
22.055,-38.038,-0.939
19.07,-40.421,-1.386
18.68,-42.343,1.955
14.85,-42.851,1.51
13.174,-40.105,3.582
12.888,-38.595,7.127
11.225,-41.825,8.534
7.4,-41.881,9.346
5.22,-39.19,7.656
1.842,-39.333,9.497
-0.426,-36.825,7.59
1.232,-33.471,8.63
4.952,-34.129,9.427
6.851,-36.936,11.283
4.546,-37.722,14.342
6.898,-40.688,15.193
5.859,-43.055,18.065
7.685,-41.206,20.963
11.165,-42.089,19.54
9.819,-44.151,16.583
8.995,-47.598,18.167
10.585,-49.111,14.999
14.336,-49.923,15.553
13.271,-50.433,19.235
14.678,-47.348,21.098
18.033,-45.782,19.751
16.784,-43.982,16.584
20.213,-42.815,15.139
21.492,-41.571,18.573
20.677,-40.353,22.135
18.675,-37.237,23.189
16.119,-38.295,25.862
15.947,-42.123,25.327
18.216,-43.2,28.259
15.645,-42.5,31.079
18.03,-42.679,34.137
19.933,-40.341,36.672
21.023,-37.659,34.133
24.616,-38.604,33.001
27.855,-36.517,33.624
29.319,-39.482,35.63
29.291,-42.312,33.015
32.41,-43.702,31.145
33.362,-43.488,27.433
32.613,-47.277,27.127
35.357,-47.642,24.474
34.988,-51.425,23.871
35.031,-50.771,20.042
32.059,-53.127,19.416
31.194,-54.494,15.961
30.429,-50.967,14.606
28.888,-52.898,11.642
28.919,-50.45,8.661
29.371,-46.84,10.155
25.804,-45.475,9.438
26.08,-47.852,6.386
27.35,-44.933,4.105
28.284,-47.243,1.156
24.832,-47.523,-0.515
23.86,-48.265,-4.229
20.405,-47.124,-5.574
18.008,-49.53,-3.652
14.865,-47.279,-4.165
12.858,-49.537,-6.574
9.368,-48.458,-5.268
10.847,-46.159,-2.529
7.532,-45.423,-0.693
4.592,-44.679,-3.048
3.323,-47.461,-5.527
3.874,-45.291,-8.695
1.647,-46.949,-11.361
1.926,-44.284,-14.121
1.963,-40.512,-14.954
-0.827,-38.056,-16.214
-3.578,-37.279,-13.579
-1.063,-38.804,-11.176
-0.533,-36.137,-8.447
-4.205,-36.228,-7.181
-6.873,-33.402,-7.043
-6.0,-32.31,-10.691
-9.571,-30.917,-11.189
-11.471,-28.102,-9.301
-13.933,-29.273,-6.58
-16.928,-27.015,-7.566
-15.427,-24.026,-5.566
-16.789,-20.898,-7.466
-19.983,-22.814,-8.414
-20.622,-23.208,-4.635
-19.46,-22.203,-1.116
-16.829,-25.046,-0.921
-18.51,-26.606,2.182
-16.733,-30.017,2.029
-12.932,-29.447,2.332
-12.583,-33.197,3.178
-14.119,-33.913,-0.278
-11.781,-31.511,-2.141
-11.719,-33.372,-5.526
-10.19,-36.891,-6.033
-7.955,-37.017,-2.888
-6.111,-40.269,-1.889
-7.709,-42.271,-4.793
-5.762,-40.788,-7.82
-4.624,-42.916,-10.894
-0.837,-43.419,-10.17
-0.592,-42.91,-6.334
2.186,-40.233,-6.863
4.869,-40.592,-9.726
7.613,-41.176,-7.017
8.881,-37.532,-7.032
12.232,-39.017,-5.797
14.339,-37.895,-8.808
16.081,-35.388,-6.511
16.093,-32.235,-8.69
18.768,-33.382,-11.21
21.595,-34.686,-8.874
25.383,-34.155,-9.69
25.234,-30.243,-9.736
26.974,-29.807,-6.309
30.806,-29.442,-5.733
30.246,-25.705,-6.458
32.913,-22.923,-6.904
32.966,-23.08,-2.978
32.155,-19.278,-2.692
35.372,-18.87,-0.584
37.453,-20.069,-3.66
40.419,-20.929,-1.369
40.852,-21.129,2.458
43.384,-18.268,2.949
41.729,-17.5,6.373
40.428,-13.98,5.571
38.566,-14.131,8.931
39.841,-13.457,12.49
37.851,-11.689,15.254
35.675,-8.529,15.24
37.025,-6.565,18.278
34.16,-3.968,18.093
34.67,-3.689,14.291
38.361,-4.237,13.11
39.406,-3.026,9.585
42.912,-3.68,8.077
45.714,-5.264,10.244
44.466,-4.352,13.835
43.236,-0.757,13.157
39.913,-0.031,14.94
37.881,0.727,11.726
41.059,2.64,10.564
40.417,6.047,12.284
43.087,7.842,10.005
46.457,8.328,11.847
45.466,8.703,15.602
42.781,11.441,16.444
41.839,11.431,20.226
43.079,7.753,20.399
45.55,9.132,23.048
48.616,6.843,22.309
49.096,3.955,24.942
46.76,1.089,23.875
43.808,3.41,22.897
42.083,3.047,26.377
40.076,6.352,25.894
39.507,6.776,29.743
35.796,7.87,29.341
32.658,5.619,29.596
33.348,3.533,26.43
36.866,1.901,26.868
36.424,0.398,23.324
39.769,-1.536,23.155
38.068,-4.585,24.786
36.673,-4.617,28.428
33.444,-2.714,27.506
31.482,-2.517,24.155
32.518,-6.159,23.253
31.49,-7.228,26.79
31.602,-5.713,30.317
32.033,-8.88,32.419
32.657,-12.587,31.55
28.89,-12.789,30.856
25.679,-11.036,32.093
24.041,-13.727,34.329
27.501,-15.247,35.002
26.661,-16.838,38.401
25.783,-13.555,40.355
24.072,-11.481,37.52
26.7,-8.745,36.94
24.23,-5.908,35.981
21.079,-6.561,33.874
19.646,-9.468,35.974
16.342,-9.545,33.969
16.943,-9.332,30.092
14.809,-12.547,29.718
12.563,-12.253,26.601
9.097,-13.568,27.61
7.689,-13.697,24.017
7.771,-17.362,22.828
7.696,-18.604,26.454
10.64,-18.878,28.968
14.369,-19.44,28.101
14.069,-22.609,30.323
15.239,-25.182,27.71
15.197,-27.873,30.521
18.767,-29.172,31.226
17.729,-32.198,33.381
14.879,-34.059,31.582
16.026,-37.705,31.795
18.608,-37.825,28.94
20.831,-40.888,29.824
23.39,-41.967,32.556
26.319,-43.72,30.817
27.684,-40.728,28.712
29.636,-37.599,29.882
29.969,-34.391,27.713
28.365,-31.036,28.723
25.111,-29.671,30.266
21.863,-29.124,28.211
20.108,-31.878,26.146
22.145,-31.027,23.0
25.744,-32.24,23.644
24.951,-36.04,23.903
26.975,-39.192,22.951
24.978,-42.228,21.643
24.28,-44.132,24.896
27.98,11.557,18.3
26.947,13.17,21.688
26.768,17.018,22.347
25.503,17.388,18.702
23.14,20.35,19.283
20.067,21.027,17.166
17.735,23.508,15.396
13.924,23.058,14.949
12.573,22.564,11.373
9.436,24.728,12.01
7.164,23.451,9.16
6.243,26.658,7.136
3.609,27.287,4.375
5.793,25.05,2.075
6.596,21.402,3.136
4.244,19.302,0.883
5.606,15.838,-0.423
4.697,16.722,-4.096
8.511,16.72,-4.709
8.128,12.868,-4.845
5.196,13.019,-7.376
7.004,10.43,-9.575
6.773,7.29,-7.396
5.06,5.444,-10.388
7.18,6.337,-13.473
6.245,3.503,-15.908
7.867,4.065,-19.389
4.685,4.203,-21.581
5.388,1.051,-23.684
2.074,-0.813,-24.141
0.298,0.083,-27.454
-0.687,-3.557,-28.345
0.691,-6.036,-25.751
-0.573,-9.135,-27.663
2.197,-11.466,-26.298
0.095,-13.754,-24.068
-2.474,-16.487,-25.069
0.076,-19.379,-25.363
1.513,-18.322,-21.921
0.26,-21.271,-19.763
2.84,-23.824,-18.283
0.854,-27.103,-18.686
2.278,-30.248,-17.031
3.997,-28.049,-14.328
7.318,-29.794,-15.396
7.981,-31.34,-11.94
7.416,-29.449,-8.62
6.176,-32.601,-6.627
6.878,-30.746,-3.316
3.387,-29.196,-3.039
1.58,-32.277,-1.535
-0.721,-33.397,-4.438
-3.546,-34.935,-2.25
-1.862,-38.416,-1.909
-2.508,-39.182,1.87
-1.359,-42.841,1.147
-2.908,-46.198,2.357
-6.484,-45.185,3.502
-7.189,-44.923,7.291
-5.879,-47.851,9.478
-4.366,-45.813,12.389
-5.758,-43.15,14.815
-8.325,-45.414,16.674
-9.592,-42.404,18.7
-10.752,-39.874,15.996
-11.408,-37.074,18.616
-9.859,-38.623,21.792
-11.862,-41.959,21.888
-14.586,-39.968,23.754
-16.894,-37.574,21.752
-19.974,-35.838,23.353
-18.559,-34.343,26.607
-19.197,-37.685,28.286
-21.119,-36.605,31.407
-23.201,-39.751,30.647
-20.668,-42.57,31.461
-23.173,-43.979,34.009
-21.761,-47.512,34.638
-17.955,-47.903,33.906
-15.151,-47.442,31.16
-16.02,-43.719,30.535
-16.48,-43.55,34.372
-13.016,-45.232,34.764
-11.727,-42.396,32.458
-8.007,-43.468,32.112
-7.313,-44.99,35.61
-4.883,-42.078,36.45
-4.686,-42.859,40.242
-5.772,-45.969,42.221
-2.525,-47.595,43.574
-3.219,-51.077,42.01
-2.213,-50.2,38.419
-0.817,-53.703,37.625
2.307,-55.056,39.456
4.886,-57.938,39.246
5.357,-57.98,35.458
2.02,-58.052,33.613
1.954,-59.244,29.933
0.025,-56.006,29.033
2.49,-53.063,28.585
0.704,-49.573,28.664
0.93,-47.764,25.218
4.745,-48.086,24.418
4.372,-49.112,20.692
1.241,-46.926,20.387
3.744,-43.986,20.124
5.579,-45.496,17.034
7.614,-42.181,16.611
11.062,-43.858,16.837
11.141,-45.438,13.308
13.253,-42.499,12.042
15.444,-42.175,15.181
18.952,-43.489,14.367
20.726,-42.624,11.05
19.246,-42.012,7.501
15.829,-43.246,6.153
12.218,-41.965,5.801
9.253,-43.898,7.531
7.938,-42.259,10.793
5.972,-39.235,9.47
2.735,-39.057,7.393
2.91,-38.784,3.532
6.464,-37.103,3.436
5.397,-33.532,2.507
2.077,-33.443,4.52
1.762,-29.575,4.322
4.8,-28.949,1.994
7.75,-28.073,4.363
5.49,-26.073,6.784
3.184,-24.32,4.207
2.974,-20.916,6.041
2.416,-19.417,9.533
-1.447,-19.332,9.914
-3.42,-19.184,6.596
-6.38,-20.606,4.563
-7.592,-23.148,7.223
-6.073,-20.916,10.046
-5.566,-24.243,12.065
-3.258,-23.063,14.951
-5.379,-19.889,15.255
-2.858,-17.208,16.391
-5.197,-14.168,15.783
-8.359,-16.278,15.01
-10.396,-19.146,16.64
-8.69,-18.29,19.994
-9.769,-21.302,22.146
-13.259,-21.449,20.473
-15.112,-18.082,20.207
-13.798,-14.605,21.435
-13.028,-13.325,17.88
-15.573,-15.681,16.156
-18.854,-13.567,15.744
-20.934,-15.623,13.198
-22.296,-18.94,14.578
-25.427,-18.768,12.298
-24.336,-21.302,9.599
-20.607,-21.226,8.607
-21.712,-22.743,5.211
-23.282,-19.296,4.341
-19.679,-18.183,3.533
-19.53,-19.988,0.133
-16.12,-18.737,-1.136
-16.998,-14.967,-1.123
-13.349,-13.634,-1.507
-12.389,-16.57,-3.845
-11.858,-14.604,-7.085
-8.504,-14.768,-8.96
-6.817,-15.372,-5.555
-3.337,-16.379,-6.91
-5.311,-17.427,-10.112
-6.876,-20.942,-10.659
-4.327,-21.775,-13.432
-5.062,-19.255,-16.254
-7.333,-16.174,-16.846
-10.064,-16.466,-14.108
-10.834,-12.678,-14.701
-14.198,-13.12,-12.89
-14.34,-10.568,-9.888
-14.257,-6.728,-9.412
-15.335,-5.753,-13.028
-12.038,-3.809,-12.791
-13.416,-1.084,-10.362
-15.482,-1.857,-7.18
-15.49,1.534,-5.261
-16.705,5.183,-5.963
-18.495,3.818,-9.041
-19.561,0.287,-10.134
-22.608,-2.057,-10.18
-21.794,-3.021,-6.567
-23.653,-2.382,-3.258
-21.582,0.56,-1.878
-21.997,3.892,-0.021
-25.821,4.704,0.116
-26.24,0.886,0.477
-25.202,0.91,4.211
-21.388,0.276,3.864
-19.043,0.527,0.822
-15.906,-1.691,1.24
-14.717,-4.2,3.958
-18.187,-4.886,5.548
-16.492,-5.526,9.014
-19.742,-6.387,10.892
-20.421,-9.251,8.422
-17.2,-11.152,9.344
-18.38,-14.669,8.339
-15.361,-16.553,9.76
-15.737,-20.348,10.231
-13.073,-20.25,13.009
-10.964,-23.378,12.293
-12.402,-23.24,8.704
-13.957,-26.746,8.495
-12.382,-27.814,11.823
-13.058,-31.656,12.104
-15.375,-34.323,10.581
-13.783,-37.54,11.951
-10.251,-36.418,12.889
-8.299,-35.132,9.815
-4.387,-35.064,9.81
-4.31,-38.946,9.509
-0.789,-39.138,11.155
1.274,-42.385,10.543
-0.343,-45.433,8.665
0.986,-44.084,5.304
3.742,-46.805,5.641
5.384,-48.242,2.426
8.515,-46.03,2.028
11.962,-46.753,3.527
14.95,-45.426,1.54
12.756,-43.157,-0.669
14.948,-40.077,-0.028
17.709,-38.193,-1.989
15.0,-35.968,-3.583
16.699,-34.803,-6.835
14.35,-32.679,-9.02
15.017,-29.314,-10.798
13.549,-26.711,-13.192
15.477,-23.595,-14.458
12.343,-21.397,-14.739
14.297,-18.982,-12.422
16.645,-16.167,-13.593
20.251,-15.474,-12.447
22.171,-14.573,-9.207
25.666,-15.809,-8.0
25.449,-19.532,-9.023
23.086,-22.235,-7.64
25.352,-25.121,-6.389
23.91,-27.479,-3.705
26.329,-30.189,-2.423
25.688,-33.061,0.047
24.31,-36.654,0.208
22.616,-38.57,3.102
22.986,-42.318,2.328
25.593,-43.067,5.036
24.145,-46.159,6.899
20.326,-46.723,7.272
18.668,-47.543,10.687
21.498,-50.022,11.672
19.461,-53.262,11.021
18.72,-55.457,14.198
21.253,-53.248,16.156
18.381,-51.394,17.946
17.81,-54.216,20.54
14.992,-51.854,21.752
11.802,-53.413,20.267
11.214,-57.096,19.147
13.957,-59.661,20.157
14.193,-57.618,23.405
12.784,-57.174,26.967
10.042,-54.991,25.337
9.066,-57.496,22.567
5.387,-57.176,23.78
5.575,-53.794,21.929
4.154,-55.998,19.015
5.854,-53.598,16.517
9.464,-52.929,15.361
11.168,-49.912,13.574
13.31,-50.663,10.436
14.957,-49.171,7.269
11.781,-50.173,5.3
8.039,-50.902,5.944
7.394,-48.256,8.698
7.268,-49.464,12.37
3.931,-51.385,12.448
3.455,-55.082,13.422
2.181,-57.645,10.834
1.304,-60.051,13.728
-2.021,-59.12,15.562
-2.495,-60.158,19.268
-5.752,-61.964,18.148
-9.24,-61.747,19.919
-8.882,-57.854,19.86
-10.487,-57.241,23.322
-10.668,-53.364,23.374
-12.549,-52.401,20.139
-10.919,-48.964,19.403
-12.925,-48.917,16.095
-13.541,-45.142,15.598
-16.764,-44.094,13.741
-19.223,-41.232,13.074
-22.4,-43.398,12.928
-23.956,-45.899,15.522
-22.224,-47.678,18.538
-22.445,-44.571,20.846
-22.594,-44.545,24.773
-24.53,-41.205,24.445
-27.866,-40.292,22.74
-27.053,-36.569,21.915
-29.852,-35.174,24.178
-31.125,-37.039,27.322
-34.835,-36.289,26.319
-35.009,-37.913,22.841
-38.938,-37.805,22.281
-39.344,-34.088,23.461
-42.562,-33.353,21.439
-42.021,-35.449,18.257
-43.614,-38.467,20.063
-47.13,-37.078,20.825
-49.214,-33.873,21.74
-51.154,-31.49,19.307
-48.76,-29.4,17.109
-45.857,-31.968,16.745
-43.378,-29.438,15.154
-41.302,-31.252,12.404
-41.801,-34.99,13.203
-43.925,-35.288,10.028
-41.273,-34.164,7.46
-39.094,-37.266,6.739
-35.705,-35.429,6.481
-36.815,-33.383,3.362
-36.472,-36.655,1.298
-40.099,-37.429,0.161
-39.786,-40.634,-2.03
-36.033,-40.227,-1.1
-34.532,-38.141,-3.983
-32.74,-35.507,-1.781
-29.353,-37.227,-2.323
-28.068,-40.848,-2.5
-24.661,-40.001,-0.925
-22.934,-42.269,-3.471
-19.313,-42.106,-2.138
-17.954,-45.372,-3.746
-15.059,-45.119,-1.221
-12.961,-48.198,-2.182
-10.106,-49.487,0.089
-6.422,-50.582,-0.305
-5.396,-48.175,-3.119
-8.514,-46.103,-2.18
-10.31,-43.704,-4.658
-9.61,-40.833,-2.185
-5.841,-41.695,-2.058
-4.581,-43.505,-5.257
-1.045,-42.52,-4.071
1.937,-43.89,-6.044
4.713,-41.445,-4.836
6.166,-41.208,-8.461
9.895,-41.705,-9.418
12.062,-44.348,-7.491
14.179,-41.216,-6.632
17.392,-43.299,-6.305
19.81,-40.24,-6.214
20.518,-40.717,-10.038
24.35,-40.854,-9.362
26.712,-40.981,-6.32
26.954,-37.124,-6.406
30.552,-36.802,-7.912
33.271,-37.482,-5.252
36.675,-36.907,-6.957
38.65,-34.259,-4.944
35.085,-33.001,-4.36
33.963,-34.64,-1.008
32.508,-31.518,0.825
35.627,-29.656,-0.564
33.694,-26.54,-1.644
34.211,-24.037,1.229
35.344,-25.507,4.665
37.142,-22.098,5.472
39.412,-23.528,8.271
41.245,-20.313,9.41
38.086,-18.13,8.996
35.345,-18.09,11.718
34.487,-14.34,11.451
32.143,-14.517,14.491
33.87,-12.822,17.456
31.981,-9.791,18.965
32.071,-9.47,22.821
33.577,-12.167,25.164
34.411,-14.909,22.556
38.042,-13.763,21.986
39.396,-15.144,25.298
36.257,-17.366,25.571
36.118,-20.186,22.884
39.787,-19.185,22.183
40.771,-21.704,19.47
42.369,-20.947,16.057
41.496,-24.617,15.123
43.323,-24.523,11.744
47.134,-24.809,12.358
47.642,-22.606,9.189
47.364,-19.524,11.466
50.055,-19.62,14.215
48.912,-16.256,15.978
46.361,-17.784,18.433
47.648,-16.839,21.92
49.932,-14.244,20.239
47.211,-11.767,19.073
44.645,-10.954,21.965
47.107,-11.631,24.882
46.23,-8.761,27.328
46.202,-6.145,24.488
43.605,-4.004,26.352
44.503,-1.612,29.248
41.546,-3.057,31.325
40.898,0.355,33.052
38.258,1.066,35.736
35.781,1.454,32.801
32.993,1.734,35.491
30.868,4.339,33.646
30.979,2.157,30.469
30.194,-1.164,32.304
27.205,0.506,34.121
25.117,-2.368,32.632
27.021,-4.771,35.018
26.289,-4.634,38.829
25.296,-0.839,38.884
22.86,-1.043,41.888
21.315,-4.536,41.517
22.366,-5.846,45.029
21.538,-9.478,43.886
24.918,-9.041,42.134
25.69,-10.953,38.884
29.257,-11.937,40.027
30.677,-11.363,36.476
27.645,-12.725,34.507
28.035,-9.744,32.022
24.49,-8.284,32.698
22.335,-6.496,30.083
21.525,-10.06,28.904
17.707,-10.551,28.414
16.359,-7.02,29.087
12.827,-8.361,30.08
10.716,-9.427,27.005
6.944,-10.298,27.236
6.695,-10.939,23.448
6.339,-14.764,23.132
4.568,-17.157,25.538
2.809,-20.619,25.722
0.55,-21.81,22.82
-3.217,-21.975,23.692
-3.374,-25.796,23.275
-5.305,-28.308,25.551
-5.683,-27.747,29.405
-8.17,-24.766,28.931
-10.758,-25.831,31.583
-14.13,-27.424,30.647
-14.686,-28.733,34.268
-18.534,-28.951,34.119
-18.967,-27.309,30.666
-19.205,-30.058,27.946
-17.733,-28.795,24.586
-15.806,-30.966,22.012
-12.647,-28.72,22.432
-10.994,-31.473,24.648
-9.424,-32.706,21.305
-5.85,-33.204,22.741
-3.761,-34.931,20.01
-0.234,-33.491,20.455
3.247,-34.829,19.34
1.973,-36.015,15.889
-0.332,-32.915,15.881
-0.884,-29.461,17.487
-3.84,-27.157,18.38
