x,y,z
215.988,346.667,216.69
214.275,344.282,214.26
217.441,342.227,213.776
218.048,342.27,217.537
214.523,341.144,218.419
214.534,338.576,215.609
217.982,337.399,216.726
216.621,336.987,220.254
213.79,335.068,218.599
216.373,332.75,217.028
218.331,332.349,220.299
215.013,331.607,222.017
211.251,331.302,221.519
210.393,328.456,219.165
211.819,324.987,219.851
215.386,323.812,219.178
215.718,325.214,215.663
219.361,325.815,214.663
220.594,325.461,218.26
222.955,322.608,217.345
225.25,324.649,215.097
224.775,327.721,217.298
225.839,325.799,220.409
229.542,325.947,219.464
230.042,329.701,219.075
227.079,330.692,221.254
228.41,328.447,224.025
231.942,329.779,223.604
231.014,333.459,223.689
228.429,332.584,226.337
231.319,331.114,228.327
233.397,334.234,227.644
233.955,337.038,230.157
230.668,338.654,231.27
232.097,342.141,230.745
228.864,343.001,228.945
226.97,341.838,232.037
229.213,344.008,234.209
228.884,347.171,232.111
225.166,346.562,231.574
224.812,345.958,235.314
226.418,349.341,235.996
224.51,350.895,233.078
221.379,351.654,235.124
220.402,355.156,233.959
219.528,356.657,237.377
216.115,356.951,239.082
215.925,360.485,237.686
215.169,359.537,234.073
212.464,357.048,233.025
213.466,354.732,230.157
215.224,356.581,227.304
217.687,354.329,225.436
221.388,353.543,224.919
223.432,351.834,222.168
224.743,348.262,222.339
227.127,345.879,220.57
225.816,342.366,219.931
227.486,339.403,218.264
226.15,337.994,215.001
225.099,334.863,216.899
222.996,336.996,219.248
224.327,335.245,222.356
225.698,338.43,223.974
224.978,342.164,223.932
227.74,344.561,225.001
226.73,347.92,226.488
229.196,350.646,225.48
227.404,353.213,227.674
229.903,355.408,229.525
228.034,358.47,230.854
230.185,361.606,230.985
227.49,363.563,232.839
228.974,366.338,234.965
229.206,366.197,238.755
226.774,369.065,239.589
224.108,367.612,237.277
224.02,364.275,239.111
224.516,366.043,242.452
221.448,368.228,241.936
219.632,365.204,240.489
220.218,362.92,243.481
219.705,365.905,245.778
216.243,366.552,244.362
215.55,362.813,244.572
216.491,362.9,248.26
214.339,365.981,248.878
211.386,364.374,247.093
212.093,361.116,248.937
212.078,362.737,252.382
209.185,365.1,251.645
207.252,362.36,249.833
207.973,359.738,252.504
206.932,362.096,255.312
203.575,362.644,253.56
203.14,358.946,252.722
201.829,356.851,255.605
200.96,353.921,253.343
202.248,350.336,253.511
203.448,350.233,249.893
206.436,347.924,249.379
207.598,345.246,246.963
207.592,341.52,247.714
210.635,339.554,248.88
211.49,337.755,245.586
211.583,339.184,242.062
209.126,338.075,239.372
208.245,334.408,239.804
211.045,331.84,239.637
209.27,329.764,236.976
208.561,332.801,234.796
210.389,332.863,231.431
212.465,335.905,230.416
209.216,337.319,228.939
210.931,339.385,226.257
207.58,339.782,224.486
206.06,342.131,227.067
209.369,343.991,227.339
209.5,344.531,223.571
206.025,346.102,223.334
205.078,348.317,226.282
204.268,351.883,225.162
203.7,352.951,228.767
205.778,353.954,231.793
205.269,355.912,235.024
207.592,358.752,233.991
206.858,360.413,237.35
209.39,358.419,239.407
211.441,360.425,241.922
211.461,363.423,239.579
209.971,366.506,241.228
208.41,369.481,239.448
210.851,372.393,239.286
209.811,375.907,240.238
209.174,378.164,237.211
210.914,381.111,238.909
214.355,380.072,240.168
214.701,376.796,238.23
213.752,378.328,234.855
217.34,378.427,233.471
218.048,374.941,234.871
214.681,373.486,233.806
216.175,372.136,230.573
219.273,370.676,232.252
217.382,369.187,235.212
215.379,366.94,232.859
218.277,364.824,231.582
222.016,365.431,231.34
222.785,363.471,228.16
220.38,365.37,225.833
221.685,368.644,227.283
225.231,367.665,226.286
224.264,366.939,222.667
222.503,370.32,222.401
225.875,372.135,221.961
224.295,375.333,223.336
225.985,377.367,226.09
229.131,375.248,225.676
227.386,371.921,226.295
230.785,370.2,226.266
230.544,368.761,222.733
229.911,364.997,223.21
231.191,363.218,226.34
233.531,366.013,227.486
233.745,368.81,230.044
230.606,370.963,229.929
230.436,374.66,230.801
227.515,376.4,232.503
226.567,379.931,233.558
226.388,381.645,236.94
222.595,381.222,237.437
222.871,377.547,236.469
225.636,377.058,239.037
223.49,378.923,241.58
220.384,376.775,241.07
222.408,373.559,240.881
224.412,374.894,243.834
221.26,375.296,245.937
219.737,371.97,244.88
223.016,370.082,245.3
223.786,372.118,248.435
220.404,371.24,249.99
222.266,368.696,252.125
225.942,369.002,253.136
228.036,370.056,256.146
230.549,372.098,254.162
231.301,375.586,255.463
235.012,375.942,256.283
237.915,373.57,256.922
237.832,373.945,260.724
236.745,370.731,262.467
236.619,368.364,259.48
240.124,369.526,258.549
241.62,368.246,261.807
239.731,364.952,262.224
239.418,363.793,258.591
242.967,364.844,257.671
244.666,362.099,255.669
247.958,363.042,257.33
246.448,362.624,260.798
244.934,359.283,259.787
248.144,357.986,258.2
250.246,359.184,261.137
247.601,357.641,263.395
248.109,354.308,261.631
251.913,354.428,261.642
252.102,355.763,265.212
250.152,352.758,266.6
247.784,355.218,268.267
244.52,356.495,266.808
241.916,359.102,267.717
238.782,357.766,269.468
235.572,357.053,267.577
235.927,356.955,263.802
239.558,355.849,263.203
239.929,352.237,262.045
243.604,351.9,263.026
244.894,348.397,263.898
247.872,346.878,265.855
250.477,349.219,264.364
252.369,348.059,261.27
255.807,346.467,261.606
255.642,345.716,265.338
253.594,345.833,268.546
254.384,348.799,270.825
257.671,348.547,272.74
257.235,347.08,276.248
260.963,347.245,276.987
262.109,349.269,279.999
260.047,348.925,283.171
261.313,352.051,284.957
263.514,354.382,282.897
264.883,357.868,283.58
261.854,359.487,281.944
259.559,356.733,283.228
260.526,357.47,286.851
257.567,358.049,289.182
258.589,360.835,291.569
260.71,362.424,288.836
257.674,362.94,286.583
255.061,365.562,287.451
252.54,366.702,284.836
249.204,368.53,284.841
247.061,367.074,282.065
247.457,363.422,280.986
247.56,364.293,277.273
245.77,361.684,275.154
246.591,360.391,271.669
245.047,363.584,270.283
247.903,365.695,271.65
250.306,362.89,270.736
249.194,363.019,267.098
249.592,366.8,267.226
253.29,366.447,268.081
254.555,363.203,266.491
258.163,364.407,266.461
257.833,365.182,270.183
255.595,362.715,272.041
256.121,359.68,269.802
259.381,357.75,270.148
261.114,357.106,266.799
258.188,357.454,264.36
258.237,355.564,261.061
256.576,357.188,258.025
254.451,359.524,260.162
253.513,363.041,259.033
251.391,365.604,260.886
250.647,368.944,259.231
248.024,371.52,258.167
247.701,373.828,261.16
244.325,375.505,261.692
243.37,378.236,259.205
241.758,381.579,260.196
238.275,380.137,259.519
236.21,381.807,256.767
233.825,384.532,257.996
232.137,384.164,254.59
228.656,383.84,256.164
226.011,385.513,253.996
222.461,386.772,254.52
219.462,384.47,254.969
217.159,385.614,252.156
217.821,387.795,249.077
216.56,390.988,250.743
219.276,393.311,252.063
221.507,395.012,249.452
224.712,393.319,248.293
226.658,395.624,250.629
225.039,395.522,254.072
225.835,394.708,257.696
223.923,391.846,259.268
223.723,392.555,263.007
226.157,389.822,264.004
229.067,392.275,263.754
230.228,394.47,266.606
229.633,398.211,266.152
232.582,400.35,265.094
232.688,404.099,265.712
236.019,405.324,267.132
237.522,408.234,265.165
238.438,410.65,267.96
241.25,412.78,266.487
240.096,416.413,266.39
237.528,418.601,264.64
237.825,418.252,260.864
235.114,420.867,260.273
237.689,423.694,260.227
239.239,424.868,256.914
242.411,422.827,257.612
245.617,423.018,255.525
243.882,420.592,253.164
241.553,423.284,251.805
244.404,425.786,251.47
246.484,423.257,249.524
243.595,421.98,247.38
242.333,425.507,246.656
245.603,426.426,244.919
245.475,423.466,242.501
242.045,421.799,242.328
241.374,418.528,240.496
239.435,417.713,237.33
239.063,414.073,236.323
236.451,411.601,237.644
237.467,408.25,239.261
239.776,405.711,237.661
237.627,403.964,235.059
233.944,404.126,236.026
231.244,402.504,238.125
228.63,401.288,235.673
226.211,399.465,238.051
224.98,399.644,241.614
226.1,396.045,241.34
223.107,393.76,241.909
221.587,390.87,243.811
223.54,388.603,241.431
226.745,389.38,243.35
225.38,387.261,246.207
225.481,384.24,243.892
229.203,384.731,243.301
229.924,385.557,246.943
228.161,382.315,247.859
229.894,380.52,244.975
233.387,381.303,246.287
232.149,380.04,249.667
231.127,376.73,248.089
232.968,373.405,247.559
235.139,372.696,244.486
232.309,371.123,242.413
230.1,374.145,243.095
233.13,376.467,242.907
234.476,375.087,239.62
234.251,377.094,236.41
232.594,374.046,234.797
232.111,370.306,235.241
235.293,368.294,234.657
233.682,365.062,235.863
232.886,362.148,233.555
232.024,358.764,235.083
228.667,358.392,236.815
230.083,355.941,239.371
232.601,358.679,240.217
230.662,361.221,242.309
230.158,359.49,245.684
227.471,361.72,247.211
228.881,360.024,250.312
232.245,361.348,251.527
230.684,364.479,253.039
228.917,362.351,255.656
232.083,360.269,256.071
234.203,363.339,256.897
231.356,364.85,258.954
232.864,362.985,261.961
229.394,361.426,262.456
226.435,362.667,264.529
225.708,361.432,268.047
223.281,358.55,268.498
223.738,355.521,270.669
224.254,352.506,268.365
227.411,350.474,267.89
226.69,350.856,264.179
227.604,354.547,264.261
231.195,353.903,265.341
231.236,350.731,263.235
230.152,352.562,260.066
232.576,355.371,260.93
235.37,352.794,261.12
234.312,351.298,257.775
234.369,354.692,256.045
237.67,355.536,257.745
239.187,352.267,256.513
237.839,352.588,252.96
239.041,356.22,252.841
242.397,355.17,254.311
243.086,352.349,251.85
241.498,354.094,248.853
243.642,357.091,249.807
246.961,355.243,250.114
246.498,352.951,247.089
245.132,355.661,244.776
248.243,356.529,242.81
249.492,353.951,240.366
249.858,355.636,236.976
248.9,352.29,235.405
250.143,352.8,231.863
248.66,350.148,229.55
249.029,350.124,225.769
246.303,347.455,225.472
242.863,349.012,225.896
239.474,349.504,224.209
238.812,345.759,224.074
235.063,346.33,223.731
235.668,348.702,220.815
237.822,346.161,218.973
235.253,343.431,219.643
232.46,345.568,218.187
234.627,346.38,215.164
234.831,342.667,214.333
232.774,341.194,211.499
231.174,338.816,214.011
229.454,341.634,215.953
226.722,344.148,215.134
225.791,347.588,216.464
222.297,348.58,217.587
220.516,350.829,220.079
217.724,349.635,222.368
216.209,350.248,225.788
218.048,349.333,228.978
215.274,346.993,230.147
215.374,345.085,226.854
219.167,344.774,227.056
218.829,343.535,230.631
216.221,340.943,229.676
218.313,339.828,226.697
221.383,339.567,228.941
219.456,337.564,231.544
218.118,335.21,228.869
221.643,334.946,227.449
222.875,333.914,230.89
220.085,331.381,231.387
220.643,329.834,227.954
224.38,330.016,228.67
224.146,327.977,231.878
221.656,325.65,230.177
224.04,325.015,227.276
226.949,324.562,229.692
225.035,322.052,231.825
223.728,320.262,228.723
227.225,320.1,227.197
228.366,317.48,229.74
225.143,315.423,229.368
225.145,315.181,233.17
222.0,317.327,233.389
219.659,316.378,236.237
218.788,319.503,238.245
216.996,322.081,236.108
218.103,325.723,236.098
215.444,328.073,237.454
215.154,331.679,236.298
215.686,332.714,239.954
219.204,331.221,239.731
218.601,328.292,242.057
219.68,324.688,241.596
218.289,321.491,243.137
217.775,317.912,241.882
214.479,316.206,241.033
214.51,312.564,242.146
217.251,313.538,244.635
219.698,310.726,243.901
223.396,311.343,244.415
225.768,308.363,244.123
228.364,309.033,241.427
225.905,311.315,239.623
225.898,314.067,242.249
229.221,312.815,243.603
230.983,313.8,240.38
228.312,316.353,239.451
229.444,318.754,242.192
232.436,320.687,240.882
233.539,324.173,239.947
233.968,327.643,241.429
232.98,330.123,238.703
229.856,327.995,238.275
228.503,328.874,241.727
230.029,332.364,241.599
228.507,332.993,238.168
225.24,331.637,239.572
225.51,334.281,242.299
226.281,337.125,239.881
223.41,335.944,237.682
221.232,335.821,240.804
221.933,339.441,241.75
221.82,340.679,238.148
218.611,338.75,237.454
217.069,340.013,240.7
217.899,343.638,239.877
216.904,343.42,236.205
213.706,341.553,237.091
213.019,344.041,239.892
213.289,346.919,237.415
211.232,345.054,234.803
208.408,344.3,237.241
208.845,347.818,238.637
208.4,349.723,235.363
205.489,347.401,234.518
203.443,346.732,237.645
204.803,349.19,240.228
207.537,351.738,239.319
206.335,355.089,240.738
208.514,356.272,243.67
207.865,354.512,246.99
207.915,350.935,245.677
210.861,351.725,243.386
213.152,353.191,246.053
212.08,350.531,248.556
212.931,347.944,245.911
216.346,349.541,245.426
217.251,349.7,249.123
215.738,346.284,249.855
217.54,345.048,246.734
220.904,346.272,248.048
220.42,345.017,251.611
218.692,341.806,250.506
221.352,341.353,247.813
224.178,341.752,250.319
222.715,339.626,253.106
220.703,337.249,250.895
221.558,336.955,247.201
224.665,334.958,246.333
225.59,333.907,249.882
229.195,332.715,250.297
228.932,330.738,247.033
231.222,333.17,245.191
233.889,333.95,247.812
234.46,335.785,251.091
235.379,339.044,249.32
231.636,339.423,248.714
231.155,338.923,252.458
233.591,341.726,253.271
232.26,344.133,250.637
228.77,343.044,251.675
229.743,343.921,255.252
230.9,347.382,254.172
227.704,347.675,252.123
225.785,346.746,255.274
227.577,349.45,257.264
226.907,351.902,254.432
223.261,350.803,254.499
223.009,351.392,258.251
224.75,354.755,257.85
222.523,355.8,254.939
219.386,354.643,256.76
220.553,356.373,259.942
221.352,359.603,258.076
218.229,359.629,255.868
215.401,357.861,257.74
216.274,359.684,261.003
213.505,362.125,260.091
209.936,362.402,261.368
208.884,358.759,260.908
211.802,356.392,260.321
209.778,353.236,261.0
208.465,352.67,257.48
210.635,351.311,254.673
211.381,353.046,251.383
213.752,355.752,250.202
217.365,354.594,250.358
218.467,355.615,246.871
221.117,353.328,245.394
224.495,355.026,244.949
227.212,353.389,247.045
225.478,350.052,246.494
225.678,350.201,242.705
229.154,351.753,242.886
230.472,349.15,245.336
228.859,346.282,243.422
230.115,347.657,240.1
233.631,348.043,241.513
233.641,344.534,242.999
232.361,343.114,239.707
234.922,345.125,237.729
237.718,343.791,239.932
236.363,340.231,239.874
235.978,340.336,236.077
239.484,339.048,235.148
239.302,336.251,237.734
236.018,334.83,236.433
237.346,335.513,232.928
240.435,333.353,233.464
238.483,330.656,235.312
235.605,330.661,232.814
238.015,330.743,229.879
239.994,327.864,231.369
236.825,325.824,231.92
235.621,326.528,228.376
239.059,325.682,226.97
239.119,322.421,228.939
235.596,321.525,227.799
236.487,322.22,224.15
239.831,320.379,224.295
262.897,323.465,248.453
263.286,319.798,249.386
263.082,317.666,246.233
264.78,320.431,244.239
267.963,320.198,246.335
268.643,316.484,245.848
267.107,316.77,242.372
269.641,319.245,240.974
272.289,317.662,243.208
272.038,314.2,241.648
271.274,315.717,238.242
274.809,317.116,237.969
276.461,313.755,238.686
274.505,312.169,235.836
275.884,314.607,233.258
279.441,314.175,234.549
279.23,310.372,234.614
277.537,310.465,231.208
280.149,312.647,229.508
283.147,311.088,231.287
282.627,307.41,230.513
282.369,306.472,226.809
279.099,305.181,225.387
280.147,301.547,224.952
281.997,301.605,228.28
279.123,303.181,230.247
277.193,299.9,230.535
279.205,298.338,233.37
280.171,301.717,234.869
276.573,302.961,235.164
275.793,301.4,238.55
279.35,301.978,239.805
279.002,305.774,239.725
275.727,305.691,241.666
277.085,303.233,244.239
280.241,305.333,244.6
278.115,308.456,245.072
275.974,306.763,247.727
279.088,305.464,249.49
280.514,308.992,249.332
277.347,310.45,250.867
277.389,307.833,253.633
281.091,308.56,254.152
280.459,312.302,254.492
277.595,311.501,256.868
279.877,309.25,258.941
282.788,311.752,258.962
285.031,309.064,257.469
286.712,310.325,254.265
287.368,306.772,253.062
285.1,307.327,250.048
286.321,305.971,246.686
289.987,305.054,247.339
292.198,304.424,244.316
289.593,305.944,242.002
290.629,308.418,239.286
291.403,311.969,240.398
288.515,313.438,238.332
286.096,311.095,240.111
287.421,312.45,243.412
287.046,316.01,242.109
283.409,315.532,241.09
282.772,313.57,244.294
284.226,316.489,246.258
282.077,318.949,244.296
278.765,317.111,244.707
279.737,316.084,248.244
280.43,319.686,249.281
277.247,320.958,247.622
275.122,318.145,249.068
276.594,318.806,252.516
276.003,322.568,252.117
272.356,322.318,251.026
271.731,319.506,253.527
273.14,321.513,256.445
271.257,324.674,255.459
268.065,322.628,255.083
268.661,321.086,258.516
269.185,324.519,260.083
266.054,325.904,258.414
264.058,322.859,259.545
265.325,323.209,263.125
264.586,326.944,263.264
261.149,326.27,261.765
260.599,323.501,264.329
261.48,325.953,267.108
258.716,328.353,266.008
255.787,326.012,265.395
255.081,322.355,264.667
251.422,321.259,264.67
251.191,318.071,262.592
254.601,316.9,261.366
256.283,313.495,261.176
258.931,313.011,258.486
260.207,316.576,258.904
260.763,316.079,262.636
262.315,312.657,262.025
264.77,313.773,259.335
265.527,316.96,261.269
266.194,314.926,264.421
268.447,312.511,262.547
270.413,315.205,260.735
270.692,317.158,263.991
271.969,314.027,265.737
274.547,313.55,262.978
275.67,317.177,263.268
275.933,316.924,267.059
277.914,313.696,266.686
280.267,315.352,264.192
280.75,318.34,266.502
281.379,316.085,269.502
283.907,314.152,267.411
285.635,317.374,266.349
285.84,318.611,269.944
286.993,315.151,271.028
289.834,314.97,268.5
290.68,318.6,269.274
290.912,317.886,273.007
292.87,314.693,272.337
295.64,316.403,270.363
296.356,319.1,272.959
293.607,319.529,275.551
294.508,322.824,277.295
291.995,322.156,280.076
293.373,321.467,283.574
295.387,324.689,283.901
297.725,322.905,286.31
298.05,326.005,288.493
294.279,326.282,288.929
294.156,322.481,289.105
296.589,322.41,292.032
294.473,325.182,293.536
291.323,323.088,293.062
292.793,319.919,294.566
294.343,322.15,297.243
291.071,323.758,298.361
289.383,320.366,297.988
291.821,318.587,300.311
291.564,321.523,302.717
287.768,321.262,302.645
287.778,317.515,303.311
290.437,317.97,306.001
288.451,320.76,307.666
285.356,318.552,307.522
287.257,315.866,309.485
285.154,313.066,307.999
285.758,309.53,306.76
286.308,308.922,303.021
284.46,306.28,300.994
285.903,302.885,302.004
286.337,299.966,299.649
283.248,297.716,299.672
283.516,295.006,302.341
282.621,291.377,301.67
280.862,291.129,305.058
278.478,294.04,304.42
274.886,293.026,305.16
273.453,296.014,303.253
274.604,294.725,299.85
271.42,292.656,299.518
269.224,295.735,299.957
271.383,297.701,297.508
271.255,294.979,294.847
267.511,294.612,295.435
267.131,298.379,295.016
269.139,298.494,291.781
267.345,295.445,290.374
264.037,296.94,291.528
264.721,300.194,289.67
265.993,298.426,286.544
263.044,296.017,286.49
260.445,298.671,287.351
261.808,300.906,284.582
262.1,297.899,282.235
258.46,296.893,282.728
255.28,298.989,282.664
252.435,297.148,280.93
253.087,294.085,278.724
256.311,295.339,277.162
259.265,293.116,276.262
261.749,292.763,273.391
264.812,290.7,272.457
267.405,292.722,274.365
264.693,293.592,276.893
264.068,289.91,277.626
267.829,289.324,277.735
268.41,292.123,280.251
265.292,291.177,282.223
266.418,287.552,282.352
269.924,288.545,283.419
268.496,290.804,286.132
266.225,287.965,287.258
269.204,285.598,287.398
271.095,288.202,289.431
268.143,288.593,291.812
267.876,284.807,292.175
271.512,284.438,293.332
272.533,287.556,295.294
275.825,286.017,296.448
277.121,285.1,292.986
275.873,288.385,291.52
277.493,290.347,294.356
280.843,288.557,294.074
280.763,288.92,290.286
279.782,292.581,290.684
282.643,293.436,293.045
285.2,291.247,291.263
283.958,292.547,287.905
284.066,296.165,289.098
287.544,296.052,290.642
289.003,293.564,288.152
287.839,295.108,284.861
289.594,298.377,284.014
287.597,298.852,280.791
284.029,298.498,279.546
282.107,297.682,276.374
281.144,300.397,273.893
277.915,302.284,274.594
275.465,303.606,272.028
274.48,307.246,271.624
270.889,308.308,270.937
269.462,311.808,270.529
266.047,312.392,272.107
264.488,315.535,270.617
262.317,317.364,273.151
261.235,320.983,272.667
263.995,323.489,271.847
267.205,321.529,272.48
267.66,317.771,272.122
269.074,315.655,274.964
271.579,312.776,274.678
270.515,309.206,275.441
273.178,306.605,276.259
272.631,302.837,276.146
274.618,300.83,278.704
275.116,297.079,278.703
273.103,295.109,281.297
276.26,294.001,283.118
277.734,297.513,283.187
274.35,298.908,284.245
273.99,296.34,287.041
277.531,296.773,288.366
277.459,300.553,287.915
274.007,300.606,289.523
275.266,298.661,292.545
278.306,300.936,292.84
276.077,304.008,292.505
273.648,302.804,295.178
276.509,301.824,297.492
278.256,305.152,296.887
275.03,307.069,297.547
274.145,305.125,300.702
277.679,305.138,302.118
278.194,308.757,301.047
274.9,309.864,302.61
275.689,307.928,305.796
278.924,309.904,306.27
277.221,313.212,305.324
279.615,313.756,302.424
277.276,316.022,300.436
277.262,319.337,302.336
274.247,321.612,302.906
275.527,323.918,300.135
273.714,322.409,297.148
271.43,319.39,297.285
267.802,318.725,296.395
268.046,315.804,298.831
264.84,314.42,300.355
263.254,317.592,301.789
260.874,318.4,298.926
262.113,318.434,295.323
260.641,321.781,294.173
258.095,322.611,296.826
259.794,323.171,300.178
263.081,324.039,298.527
261.548,327.063,296.789
259.003,327.712,299.553
261.701,327.328,302.209
263.904,329.547,300.044
261.304,332.323,300.192
260.653,331.747,303.9
264.408,331.717,304.47
264.811,335.019,302.64
261.954,336.358,304.778
263.664,334.999,307.915
266.549,337.479,307.655
266.935,340.173,310.314
266.279,343.732,309.083
267.269,342.858,305.506
264.213,344.573,303.971
265.148,348.095,305.143
266.644,350.203,302.342
266.511,353.464,304.326
270.07,352.943,305.618
271.505,352.605,302.1
271.704,348.807,302.068
270.544,346.824,299.047
269.737,343.159,298.44
271.273,341.33,295.475
269.827,337.988,294.345
271.544,336.416,291.334
270.674,333.134,289.613
273.254,331.879,287.117
273.16,328.758,284.96
276.64,327.293,284.559
276.1,324.855,281.627
279.73,323.855,282.245
278.63,321.659,285.167
279.361,318.453,283.284
280.425,319.338,279.751
284.193,319.654,279.266
285.094,318.839,282.894
288.513,317.199,282.827
288.54,313.446,283.359
291.974,313.668,284.994
290.735,316.235,287.52
287.753,313.964,288.179
290.206,311.095,288.694
292.269,313.059,291.221
289.242,314.493,293.033
287.525,311.098,292.952
290.744,309.495,294.21
290.753,311.956,297.117
287.054,311.5,297.911
286.889,307.712,297.464
289.267,304.761,297.198
291.82,304.677,294.392
290.361,301.422,293.05
286.759,302.647,292.867
287.928,305.967,291.423
290.129,304.143,288.907
287.216,301.95,287.801
284.658,304.77,287.658
287.03,307.194,285.925
288.261,304.32,283.753
284.815,303.291,282.482
283.843,306.953,282.006
285.805,307.281,278.749
284.632,304.072,277.029
283.464,304.658,273.447
280.473,306.311,271.768
279.138,304.58,268.644
276.04,305.82,266.805
274.958,304.242,263.492
278.1,304.066,261.291
279.988,306.734,263.279
282.014,305.821,266.356
284.29,308.002,268.474
285.777,307.704,271.955
285.032,310.159,274.766
288.099,312.446,274.588
285.812,314.882,276.377
284.266,315.736,279.747
282.308,313.551,282.166
279.462,311.229,281.179
275.69,311.07,281.654
274.057,307.685,281.097
276.349,306.18,283.728
274.419,305.256,286.866
277.167,306.762,289.054
277.241,310.049,287.109
274.923,311.599,289.712
277.549,311.416,292.463
280.212,312.488,289.955
278.284,315.588,288.875
277.447,316.326,292.516
281.122,315.992,293.466
282.319,318.2,290.603
279.619,320.745,291.423
280.55,320.614,295.103
284.207,321.225,294.229
283.277,324.092,291.898
280.972,325.537,294.576
283.863,326.156,296.99
285.383,328.667,294.544
282.894,331.549,294.58
281.569,330.66,298.039
284.987,330.241,299.657
286.2,328.061,302.495
284.994,330.596,305.074
281.351,330.686,303.963
281.225,326.946,303.261
282.936,326.262,306.595
280.468,328.482,308.46
277.477,326.876,306.731
278.876,323.361,307.213
279.25,323.956,310.951
281.615,321.992,313.188
283.147,318.756,311.864
280.786,316.731,314.062
277.639,318.585,315.208
274.053,319.292,314.071
274.137,321.301,310.835
271.215,322.534,308.739
270.884,324.19,305.317
269.625,327.723,306.031
270.771,327.678,309.682
274.19,329.118,310.526
276.31,329.006,313.674
274.962,332.341,314.95
273.329,335.554,313.765
276.606,337.489,313.658
278.283,334.662,311.735
275.384,334.597,309.263
275.5,338.388,308.827
279.307,338.591,308.63
279.632,337.36,305.05
278.121,339.537,302.295
276.323,336.506,300.821
273.407,335.542,303.066
272.021,332.332,301.538
273.092,330.38,298.464
271.522,327.236,297.019
272.217,325.455,293.729
270.435,322.656,291.856
272.222,320.644,289.149
273.726,323.153,286.707
271.77,326.117,288.131
272.957,328.183,291.101
271.133,330.836,293.128
272.607,333.161,295.76
271.325,336.119,297.773
273.769,338.792,298.941
273.211,342.036,300.851
275.962,344.656,300.655
276.317,348.021,302.359
276.275,351.266,300.388
280.031,351.588,300.938
280.61,348.012,299.767
278.356,348.696,296.778
280.42,351.8,295.999
283.626,349.755,296.235
282.296,346.983,293.988
280.793,349.408,291.465
283.989,351.479,291.55
286.119,348.367,291.002
283.987,347.001,288.156
283.538,350.387,286.471
287.225,351.154,287.041
288.296,347.842,285.499
285.848,348.294,282.586
285.414,352.006,281.801
282.048,352.829,280.212
281.813,356.519,279.278
278.799,355.942,277.012
276.993,354.179,279.906
276.419,351.055,277.816
275.331,349.152,280.947
271.827,350.44,280.194
271.551,348.554,276.891
272.87,345.193,278.075
271.022,344.072,281.199
268.954,341.383,282.929
265.534,340.225,281.726
262.135,339.123,283.032
258.55,338.562,281.904
256.243,337.933,284.86
255.561,340.766,287.319
255.33,343.466,284.604
256.722,347.012,284.5
254.606,347.981,287.507
256.102,345.173,289.608
259.203,344.623,287.456
262.688,345.455,288.693
263.707,349.025,287.906
266.74,349.654,285.7
269.108,352.253,287.164
272.778,353.151,286.839
273.634,352.115,290.4
271.447,349.0,290.19
272.833,347.765,286.865
276.342,348.722,287.993
275.947,346.754,291.229
274.505,343.743,289.414
277.216,343.808,286.755
279.793,344.186,289.535
278.453,341.157,291.416
278.363,339.17,288.171
281.931,340.274,287.419
283.158,339.212,290.864
281.311,335.884,290.715
282.554,335.312,287.162
286.129,336.123,288.209
285.903,333.906,291.306
285.411,330.687,289.305
288.27,329.272,287.208
288.178,329.987,283.489
287.205,327.363,280.897
286.261,324.955,283.686
283.426,326.329,285.839
283.031,329.436,283.658
279.407,330.548,283.252
278.046,333.07,280.741
276.541,336.295,282.115
274.091,336.616,279.209
272.03,333.57,280.191
272.27,334.575,283.849
269.845,337.059,285.395
270.621,339.196,288.449
267.993,341.109,290.433
268.886,344.083,292.644
266.51,344.964,295.487
267.038,348.607,296.454
265.098,351.677,297.584
264.127,352.244,293.942
262.889,348.665,293.449
259.709,348.149,295.523
259.91,344.351,295.172
262.452,341.672,294.258
261.511,338.969,291.745
263.736,335.956,291.085
263.547,332.367,289.835
264.039,329.436,292.219
264.036,325.966,290.609
260.846,325.961,288.488
258.093,328.541,287.924
258.971,331.967,289.409
258.923,333.894,292.677
258.31,337.589,293.351
258.593,338.804,296.95
256.897,342.087,297.863
257.538,343.312,301.429
254.617,344.485,303.533
256.446,347.721,304.396
256.139,348.857,300.757
252.405,348.123,300.423
249.366,350.043,301.662
247.973,347.557,304.226
248.619,344.023,305.53
250.471,342.02,302.873
248.779,342.279,299.466
245.666,341.468,297.43
246.515,339.923,294.039
244.056,337.2,293.005
244.784,333.641,294.219
248.314,332.214,294.344
249.818,335.082,296.341
251.808,333.599,299.229
252.15,335.328,302.607
255.684,335.162,303.997
255.796,335.05,307.799
258.573,335.538,310.346
259.116,333.356,313.401
259.844,336.247,315.771
257.314,338.656,314.249
254.511,336.041,314.084
252.933,338.107,311.287
253.166,338.54,307.514
256.133,340.758,306.634
255.965,340.148,302.87
253.746,338.876,300.064
255.066,336.35,297.537
253.697,336.673,294.011
253.52,333.433,292.036
253.847,332.77,288.306
254.991,329.914,286.087
258.114,329.385,283.988
258.402,330.291,280.323
260.507,327.213,279.542
257.952,325.045,281.354
255.172,326.492,279.194
257.224,325.928,276.039
257.894,322.386,277.272
254.19,321.746,277.886
253.143,323.12,274.493
256.028,321.236,272.867
255.075,317.995,274.625
251.506,318.531,273.428
252.908,319.16,269.941
254.72,315.813,270.02
251.677,314.062,271.504
249.711,315.543,268.591
252.489,314.762,266.085
253.758,311.215,266.647
250.199,310.051,267.416
247.143,309.625,265.182
247.728,305.939,264.481
247.427,305.16,268.209
244.24,304.116,269.959
242.35,306.748,271.939
243.445,305.174,275.24
247.072,306.102,274.541
246.248,309.715,273.652
243.953,310.162,276.658
246.635,308.487,278.777
249.345,310.893,277.597
247.126,313.962,278.0
245.809,312.895,281.412
249.336,312.012,282.552
250.712,315.368,281.39
247.908,317.401,282.977
248.019,315.347,286.183
251.781,315.838,286.352
251.636,319.581,285.698
248.732,320.061,288.135
250.651,318.771,291.185
253.443,321.377,291.01
252.583,324.555,289.087
248.899,324.463,290.145
248.939,327.686,292.172
251.486,329.2,289.776
249.609,328.284,286.589
246.367,329.449,288.212
247.894,332.816,289.155
248.922,333.352,285.503
246.475,333.861,282.643
248.887,332.766,279.9
249.318,329.368,281.569
245.551,328.838,281.791
245.167,329.945,278.165
247.528,327.286,276.782
245.72,324.504,278.67
242.404,325.145,276.903
244.204,324.997,273.549
245.621,321.59,274.502
242.258,320.293,275.737
240.564,321.44,272.53
243.52,320.045,270.564
243.009,316.579,272.052
239.206,316.706,271.817
239.25,317.894,268.201
242.064,315.391,267.653
239.74,312.524,268.588
237.005,314.232,266.566
239.405,314.253,263.611
240.04,310.567,264.304
236.271,309.969,264.164
235.165,311.663,260.914
237.079,313.197,258.019
235.068,316.426,257.751
234.735,316.469,261.594
231.457,317.002,263.481
229.817,320.357,264.05
229.814,319.573,267.78
230.441,316.648,270.121
228.91,315.426,273.393
230.997,316.5,276.402
230.143,313.266,278.244
232.159,311.228,275.727
235.578,312.499,276.813
234.432,313.226,280.382
233.203,309.702,281.175
235.524,307.659,283.423
237.357,304.632,282.078
235.307,302.383,284.369
232.13,303.705,282.711
233.459,303.197,279.174
234.72,306.711,278.422
238.22,308.08,277.96
238.251,310.077,281.197
240.249,313.045,279.923
241.062,315.454,282.758
241.033,319.085,281.602
240.488,322.404,283.359
238.659,325.471,282.121
234.978,326.096,281.462
233.368,323.696,278.966
229.64,324.278,278.467
227.606,321.057,278.59
224.275,321.118,276.696
221.328,320.739,279.061
219.318,318.831,276.428
221.423,315.674,276.912
220.505,315.23,280.596
217.135,313.632,279.798
216.77,309.967,280.746
213.89,307.601,280.033
212.753,304.272,281.47
210.098,301.887,280.135
208.039,300.21,282.862
205.131,297.775,282.691
202.59,300.611,283.022
204.321,302.854,280.481
207.487,304.76,279.631
208.537,307.364,282.207
211.162,309.958,281.264
212.776,312.517,283.568
215.669,314.988,283.438
217.813,315.192,286.573
217.964,318.958,287.153
215.22,321.33,286.103
214.614,324.116,288.635
216.893,322.636,291.329
220.234,323.509,289.714
221.864,325.628,286.995
223.943,324.859,283.917
227.294,323.478,285.081
230.546,323.268,283.132
233.369,320.718,283.38
235.0,320.905,286.834
238.593,322.053,287.205
241.273,320.108,289.066
242.494,323.285,290.796
239.526,323.297,293.186
240.204,319.698,294.271
243.969,320.213,294.764
245.454,321.387,298.063
247.95,324.271,298.162
251.568,323.767,299.147
251.176,326.064,302.166
248.417,324.03,303.822
250.3,320.861,302.867
253.416,322.194,304.611
251.594,323.362,307.749
249.514,320.184,307.969
252.691,318.287,307.047
254.647,319.605,310.033
251.577,319.196,312.245
251.148,315.626,310.984
254.811,314.86,311.695
254.603,316.339,315.199
251.361,314.446,315.833
253.048,311.263,314.594
255.992,311.784,316.951
253.622,312.484,319.848
251.571,309.396,318.974
254.71,307.241,318.835
255.937,308.695,322.134
252.597,308.096,323.864
252.353,304.61,322.345
255.869,303.693,323.484
255.188,305.185,326.927
251.948,303.168,327.142
253.748,299.894,326.254
251.407,299.588,323.262
252.409,299.173,319.636
250.988,301.56,317.061
247.587,300.78,315.556
246.283,300.816,311.995
243.744,303.43,313.089
246.525,305.428,314.748
248.43,305.445,311.456
245.068,306.052,309.783
244.441,309.194,311.864
245.787,311.443,309.113
245.613,309.692,305.725
245.615,312.814,303.562
249.076,314.226,302.876
251.713,314.791,305.541
255.296,315.611,304.603
255.79,311.903,303.773
252.96,309.545,302.843
251.501,307.784,305.887
250.49,304.847,303.689
254.037,304.715,302.314
255.414,304.863,305.858
253.12,301.98,306.813
254.214,300.187,303.635
256.9,297.493,303.688
258.686,299.572,301.054
259.517,302.018,303.854
261.293,299.373,305.938
263.013,297.879,302.885
263.726,301.308,301.352
264.985,302.883,304.598
268.569,302.338,303.382
267.971,304.261,300.133
269.157,307.851,299.742
269.274,310.345,296.894
266.092,309.249,295.141
265.542,312.61,293.427
269.048,312.87,291.952
268.766,309.256,290.799
265.361,310.081,289.292
266.722,313.023,287.29
269.861,311.147,286.232
267.697,308.162,285.29
265.459,310.556,283.35
268.445,311.803,281.344
269.789,308.253,280.951
266.51,306.886,279.531
264.629,307.951,276.411
261.184,307.798,278.054
259.994,311.264,279.093
257.69,311.057,282.12
256.568,313.742,284.597
258.867,312.261,287.26
260.584,315.64,287.74
257.65,316.527,290.022
257.903,313.895,292.783
258.318,310.15,293.373
255.697,307.678,294.58
258.346,305.659,296.426
259.671,308.396,298.722
257.269,311.346,298.54
254.341,308.934,298.321
250.903,309.796,296.938
250.736,312.779,294.59
247.146,313.672,293.67
243.814,312.019,294.458
241.38,311.926,291.529
238.481,310.436,293.521
236.948,313.889,294.03
237.081,314.84,290.344
235.516,311.503,289.385
232.921,311.861,292.155
231.708,315.347,291.22
232.282,314.608,287.525
229.979,311.577,287.629
227.455,313.435,289.795
227.379,316.361,287.349
227.574,314.083,284.283
224.109,312.589,284.88
225.189,309.424,286.68
224.524,305.887,285.549
221.17,306.938,284.068
222.621,309.508,281.673
225.844,307.586,281.068
223.812,304.489,280.197
221.427,306.601,278.107
224.245,308.06,275.99
225.894,304.637,275.567
224.781,301.377,273.95
224.43,299.528,277.275
220.648,299.966,277.066
220.645,297.855,273.896
222.47,294.964,275.58
219.353,294.045,277.62
221.364,294.356,280.823
219.191,293.816,283.92
221.252,296.144,286.119
224.779,297.462,286.679
227.157,294.547,287.221
230.37,293.057,285.852
230.454,293.854,282.139
233.703,295.169,280.665
236.283,292.615,279.522
239.341,294.701,280.515
241.869,293.857,277.794
240.452,294.159,274.274
240.03,290.551,273.124
241.83,287.232,272.714
242.063,287.443,268.93
244.135,290.63,268.991
246.087,289.437,272.039
246.956,286.088,270.443
247.612,287.538,266.977
249.69,290.438,268.312
251.438,287.997,270.66
252.34,285.621,267.81
253.559,287.898,264.999
252.45,290.637,262.586
253.886,292.983,259.969
253.182,296.363,258.366
249.5,296.902,257.556
248.577,293.656,259.329
250.115,295.01,262.534
248.624,298.49,262.09
245.178,297.056,261.378
245.584,294.662,264.297
246.245,297.674,266.553
242.974,299.376,265.522
240.691,296.775,267.143
239.96,298.68,270.41
238.983,301.773,268.402
236.069,299.888,266.829
234.779,298.836,270.254
235.194,302.357,271.644
233.296,303.726,268.641
230.591,301.078,269.083
230.033,301.844,272.776
229.566,305.554,271.999
227.771,304.9,268.688
224.327,305.99,270.026
225.758,309.36,271.082
228.133,309.544,268.098
225.309,309.625,265.512
222.502,312.152,266.066
221.19,315.436,264.687
223.396,317.392,267.108
226.492,315.704,265.651
226.004,316.945,262.08
223.416,318.237,259.607
224.983,315.828,257.132
222.511,312.92,257.235
221.609,311.428,253.898
222.036,307.64,253.829
220.561,304.155,254.132
222.525,301.07,255.115
220.918,297.614,255.337
218.936,295.259,257.597
216.465,296.934,259.962
217.762,300.477,259.535
220.591,302.932,260.188
221.447,306.61,259.75
224.921,307.954,259.003
226.125,311.558,258.934
229.258,310.799,256.93
232.053,308.303,256.439
232.454,306.998,260.015
234.707,304.036,259.082
234.613,302.467,262.568
230.808,302.797,262.817
230.157,301.499,259.288
232.581,298.573,259.505
231.489,297.934,263.097
227.777,297.95,262.245
228.301,295.809,259.135
229.88,293.108,261.301
227.304,293.613,264.065
224.415,293.196,261.622
226.28,290.452,259.724
223.794,287.933,258.337
220.391,288.822,256.868
218.913,287.476,260.134
217.777,291.034,260.913
214.968,290.76,258.354
214.397,287.349,259.947
213.85,289.261,263.197
211.269,291.436,261.44
209.466,288.414,259.984
210.157,286.597,263.267
208.308,289.222,265.303
205.596,289.284,262.628
205.291,285.492,262.794
205.336,285.689,266.598
202.437,288.154,266.614
200.553,286.133,263.991
201.063,282.946,266.017
200.13,284.633,269.306
196.982,286.095,267.709
195.735,282.696,266.499
194.927,281.365,269.978
193.214,284.643,270.944
190.973,284.776,267.855
188.178,282.923,269.669
188.155,285.215,272.714
188.54,288.405,270.647
185.919,287.289,268.075
188.5,287.691,265.307
187.156,286.588,261.931
190.445,285.462,260.373
194.208,285.97,260.561
196.268,286.083,257.361
199.897,286.795,256.498
200.891,289.602,254.15
202.276,288.828,250.692
204.577,291.875,250.652
208.15,291.251,249.546
210.897,291.01,252.196
212.567,294.082,250.659
209.853,296.277,252.208
211.203,295.61,255.713
214.531,297.274,254.836
212.762,300.311,253.378
211.134,302.876,255.655
209.648,305.023,252.857
206.34,303.172,252.523
204.246,301.259,255.06
202.383,297.959,254.756
200.474,295.79,257.211
202.308,292.544,257.977
199.205,290.729,259.277
195.486,290.779,258.491
192.528,290.667,260.876
188.761,291.072,260.763
185.668,290.948,262.958
182.47,289.023,262.272
179.926,291.81,262.795
179.675,295.215,264.496
183.233,295.782,265.652
184.546,298.704,267.715
187.479,300.816,266.506
188.787,303.231,269.128
190.302,306.587,268.251
194.091,306.6,267.714
195.87,306.649,271.065
199.004,305.405,272.779
199.148,301.849,274.102
199.223,303.139,277.702
196.082,305.278,277.252
193.01,303.575,278.734
190.699,306.555,278.097
190.132,305.716,274.418
186.481,305.322,273.406
185.688,302.364,271.145
182.435,303.922,269.868
184.205,306.244,267.407
184.295,303.831,264.45
182.287,300.64,263.937
184.408,299.403,261.011
185.43,295.75,261.319
188.547,295.983,259.107
191.713,296.443,261.166
195.236,295.042,261.339
198.716,295.721,262.708
202.086,296.665,261.22
205.54,296.208,262.758
208.134,298.996,262.618
211.725,298.483,263.786
214.395,301.19,263.764
217.597,302.104,265.589
217.449,305.121,267.883
220.015,307.821,268.552
220.99,310.428,271.142
218.399,312.825,269.68
215.08,310.955,269.994
215.184,308.173,272.593
211.389,307.666,272.589
209.386,305.73,269.996
206.036,307.357,270.832
206.657,310.415,268.645
207.812,308.283,265.709
204.831,305.987,266.307
202.268,308.799,266.172
204.038,310.483,263.248
204.179,307.153,261.402
200.528,306.329,262.125
199.121,309.725,261.136
201.686,310.099,258.339
201.495,306.689,256.652
197.756,306.669,257.378
197.275,310.173,255.931
199.577,309.593,252.934
199.353,307.277,249.931
202.389,304.989,250.308
201.168,301.384,250.113
197.916,299.61,250.967
197.236,299.788,254.688
194.01,298.63,256.389
191.397,300.83,254.721
189.35,302.424,257.564
192.052,302.47,260.259
195.193,300.607,261.228
197.482,299.765,264.124
201.237,300.301,264.113
203.766,298.489,266.307
207.023,300.364,266.91
210.276,298.844,268.175
213.507,300.653,269.079
216.676,298.629,268.539
219.135,301.062,270.141
216.969,302.176,273.076
215.444,298.681,273.521
211.95,300.185,273.752
208.631,299.397,272.094
205.193,301.0,271.917
202.116,301.232,269.705
199.773,303.989,268.54
196.668,303.819,266.383
193.171,302.391,266.394
192.498,300.227,269.445
190.264,297.18,269.855
188.517,295.981,273.035
190.816,293.686,274.99
193.618,294.214,272.457
195.538,296.685,274.641
196.458,294.209,277.439
197.252,291.454,274.93
199.433,293.855,272.934
201.168,295.047,276.116
201.94,291.638,277.621
202.455,290.075,274.187
204.946,292.817,273.299
206.86,292.526,276.581
207.014,288.721,276.643
207.473,288.537,272.868
210.24,291.146,273.099
212.107,289.469,275.967
211.581,285.909,274.678
212.416,286.677,271.034
215.335,284.425,270.003
216.331,286.875,267.263
216.421,289.783,269.72
218.588,287.614,271.971
220.739,286.947,268.902
221.154,290.696,268.402
221.933,291.252,272.087
224.43,288.391,271.852
225.959,289.977,268.746
226.378,293.358,270.444
227.619,291.53,273.541
230.24,289.666,271.507
231.307,292.763,269.586
231.467,295.03,272.632
232.967,292.387,274.978
229.903,292.709,277.227
230.249,289.228,278.797
228.481,289.036,282.163
227.976,286.857,285.243
231.24,285.582,286.714
234.687,284.955,285.179
234.8,281.27,286.101
238.047,279.585,285.089
237.234,276.166,283.594
240.456,274.474,284.817
239.094,271.197,283.392
237.043,271.581,280.188
237.024,268.673,277.722
239.501,268.727,274.832
242.377,269.341,277.271
242.781,266.509,279.776
245.788,266.31,282.071
244.272,263.855,284.558
245.236,260.795,282.492
248.939,261.376,283.12
249.47,263.726,286.053
252.189,262.742,288.549
251.363,266.094,290.145
249.989,264.334,293.246
246.438,265.649,292.84
243.179,264.505,294.418
239.457,264.835,293.73
236.664,265.515,296.227
232.884,265.171,295.967
230.502,266.865,298.41
227.314,265.501,296.807
227.301,262.517,299.2
227.212,264.671,302.353
223.401,264.92,302.444
221.38,261.934,301.244
218.156,260.089,302.025
216.928,256.553,301.386
213.901,255.726,299.222
211.436,253.167,300.565
207.836,251.935,300.455
207.807,250.042,297.149
204.137,249.099,297.44
201.277,250.878,299.232
203.067,254.118,298.498
203.153,256.912,301.055
206.034,258.65,299.215
208.16,258.559,302.35
211.886,258.665,303.093
214.307,257.803,305.883
217.399,259.694,307.068
220.777,258.114,306.362
224.367,258.796,307.364
226.461,261.166,305.27
229.838,260.619,303.659
232.645,262.466,301.884
234.439,260.981,298.864
238.053,262.135,298.481
240.291,260.16,296.119
243.647,260.781,294.451
243.992,259.283,290.944
247.792,259.615,291.072
248.331,257.206,293.982
244.94,255.494,293.673
244.222,256.125,297.359
240.696,257.063,298.447
240.117,258.874,301.745
236.509,258.525,302.92
234.94,260.317,305.889
231.758,259.247,307.683
229.045,261.645,308.863
226.643,260.451,311.546
222.919,261.087,311.151
222.684,262.486,314.695
224.23,265.803,313.598
221.667,266.335,310.825
218.662,266.495,313.16
218.194,269.701,315.13
220.081,271.892,312.626
218.21,273.955,310.045
219.55,275.319,306.745
220.987,271.922,305.835
221.963,273.284,302.426
224.262,276.051,303.642
225.42,274.162,306.741
226.07,271.016,304.7
227.808,273.026,301.97
230.027,274.75,304.537
230.833,271.45,306.281
232.493,270.016,303.153
235.634,272.161,302.835
235.906,272.277,306.645
236.995,268.714,307.437
238.823,268.624,304.094
241.04,271.484,305.284
241.984,269.586,308.445
242.594,266.434,306.399
244.827,268.384,304.003
246.692,270.161,306.817
247.149,266.858,308.69
249.329,265.507,305.857
252.992,266.178,304.988
253.903,268.786,302.389
254.666,265.968,299.947
251.066,264.789,300.457
249.632,268.27,299.706
246.617,268.31,297.349
248.612,270.215,294.696
245.838,271.919,292.69
243.109,269.448,293.64
239.753,269.629,291.855
236.142,268.915,292.792
233.554,266.854,290.907
230.521,269.084,290.467
231.659,272.52,291.56
229.152,275.082,292.753
231.539,276.032,295.531
235.018,277.539,295.23
235.406,280.289,297.866
234.773,277.792,300.725
237.723,275.612,299.677
239.957,278.662,299.244
238.887,280.055,302.624
239.359,276.844,304.606
242.422,275.871,302.534
243.736,279.453,302.577
246.298,278.253,305.131
248.085,276.889,302.048
247.079,279.393,299.346
249.487,277.832,296.822
246.949,275.02,296.293
244.709,275.889,293.346
240.965,275.235,293.518
239.482,273.709,290.373
236.287,272.129,289.105
235.411,269.238,286.821
233.292,269.239,283.676
232.414,265.527,283.791
230.726,264.264,286.937
232.683,261.482,288.63
230.296,258.583,289.388
230.951,258.51,293.134
227.439,257.185,293.824
228.544,253.828,292.41
231.529,253.866,294.772
229.175,254.56,297.686
226.752,251.914,296.353
229.208,249.016,296.724
228.249,246.064,298.925
230.938,246.403,301.597
231.105,250.183,301.153
227.353,250.717,301.448
226.971,248.232,304.298
229.931,249.587,306.275
228.87,253.177,305.557
225.225,252.629,306.525
226.199,250.525,309.564
228.571,253.136,311.033
227.141,254.575,314.257
229.91,257.174,314.699
231.728,259.508,312.295
235.171,258.295,311.27
237.728,258.663,308.484
238.731,255.526,306.565
241.254,255.206,303.737
241.383,252.677,300.912
243.095,252.075,297.573
240.858,251.578,294.54
243.736,250.27,292.405
244.204,247.226,294.704
246.885,244.989,293.102
246.53,246.54,289.628
249.336,249.001,290.44
251.894,246.231,289.808
250.572,245.673,286.259
249.124,248.814,284.62
250.061,252.42,285.328
247.862,255.026,287.008
246.197,256.023,283.723
244.761,252.588,282.923
244.102,251.743,286.577
242.405,255.03,287.481
240.631,255.457,284.136
239.621,251.791,284.3
238.213,252.439,287.776
236.282,255.313,286.194
234.935,252.907,283.568
233.832,250.382,286.198
232.396,253.209,288.312
230.499,254.653,285.343
229.118,251.24,284.377
228.247,250.568,288.023
226.453,253.922,288.268
224.53,253.446,285.012
223.337,249.888,285.715
223.885,248.154,289.051
222.609,244.734,287.941
224.631,244.452,284.721
227.892,245.732,286.211
227.236,243.769,289.409
226.839,240.547,287.424
229.822,241.375,285.2
232.278,241.627,288.123
231.589,238.093,289.474
231.937,235.512,286.656
230.175,232.98,288.817
231.794,232.347,292.203
235.227,232.951,290.692
235.767,236.431,292.176
237.594,236.331,295.508
237.359,239.519,297.575
240.298,240.237,299.856
239.97,242.638,302.817
242.826,244.722,301.408
241.797,244.634,297.723
238.637,246.664,297.092
238.004,245.261,293.625
237.44,241.494,293.279
240.591,239.555,292.437
240.728,238.605,288.763
243.258,238.018,285.988
244.404,240.862,283.732
242.575,239.206,280.835
239.569,238.761,283.129
239.486,242.465,284.007
240.082,243.128,280.302
237.036,241.161,279.135
234.961,242.485,282.039
236.147,245.975,281.078
235.069,245.495,277.458
231.711,244.159,278.654
231.384,247.14,281.004
232.135,249.57,278.171
229.579,247.811,275.967
227.079,247.937,278.841
227.571,251.668,279.423
227.518,252.447,275.696
224.423,250.267,275.303
222.783,252.052,278.242
223.487,255.496,276.776
222.423,254.413,273.292
219.247,252.819,274.638
218.444,255.841,276.82
219.046,258.275,273.941
217.435,255.926,271.362
220.366,255.757,268.955
222.475,253.031,267.363
225.674,252.484,269.339
227.326,250.84,266.323
226.917,254.037,264.267
228.625,256.245,266.865
232.049,257.749,266.212
235.16,257.68,268.405
234.554,261.17,269.805
230.933,260.267,270.558
232.095,257.091,272.313
234.647,259.036,274.363
232.119,261.72,275.312
229.463,259.101,276.084
231.885,257.084,278.217
233.094,260.268,279.935
229.535,261.168,280.945
229.127,264.237,278.739
225.692,265.68,277.989
224.39,267.564,274.964
191.849,274.803,252.079
194.433,272.017,251.957
196.142,272.847,255.26
192.817,273.561,256.971
191.559,270.307,255.43
194.402,268.266,256.943
194.189,270.002,260.327
190.419,269.597,260.017
191.018,265.901,259.294
193.088,265.429,262.454
190.453,267.478,264.28
187.886,265.177,262.65
189.575,262.067,264.052
189.789,263.783,267.44
186.151,264.774,266.905
185.251,261.095,266.499
187.329,260.021,269.506
185.699,262.799,271.535
182.344,261.909,269.95
182.484,258.337,271.272
182.769,259.771,274.808
179.865,262.201,274.31
177.526,262.106,277.312
174.571,264.441,277.83
173.954,266.037,281.234
170.433,265.505,282.588
171.287,266.7,286.112
170.06,270.271,285.546
166.383,270.335,284.543
163.114,271.845,285.747
161.445,268.382,285.766
158.136,270.162,285.073
158.684,270.351,281.303
158.652,267.995,278.346
161.334,265.365,277.758
163.461,264.967,274.623
164.572,261.552,273.348
167.378,261.826,270.793
168.767,258.667,269.142
172.523,258.274,269.47
172.905,257.496,265.754
171.872,260.961,264.551
174.009,262.574,267.258
177.004,260.396,266.359
176.67,261.12,262.634
176.073,264.843,263.178
178.992,265.02,265.616
181.137,263.097,263.122
180.301,265.398,260.191
180.646,268.563,262.282
183.754,270.749,262.165
185.801,271.741,265.2
186.227,275.343,263.977
183.122,276.253,261.976
179.906,275.446,263.827
177.124,273.515,262.1
173.375,273.599,262.702
170.395,271.402,261.925
166.632,271.196,262.256
164.944,268.556,264.416
161.501,267.08,263.755
159.51,264.426,265.565
156.26,263.465,267.248
155.109,262.27,270.658
154.571,258.502,271.014
151.281,256.928,272.13
150.296,257.026,275.811
153.185,259.388,276.503
152.116,263.065,276.506
155.438,264.069,278.069
158.482,262.98,276.068
158.857,263.832,272.373
160.987,261.565,270.174
162.597,263.015,267.042
163.155,260.259,264.47
164.459,262.566,261.719
166.924,265.466,261.61
166.501,267.863,258.683
169.765,269.48,257.559
169.328,272.626,255.455
172.324,274.055,253.543
173.904,276.874,255.526
177.186,278.685,256.094
178.411,280.673,259.07
181.23,281.488,261.452
182.292,279.67,264.622
180.044,281.736,266.911
177.099,282.056,264.498
175.553,280.442,261.427
173.509,281.9,258.571
170.632,279.913,257.069
168.203,280.854,254.275
164.509,281.607,254.728
163.178,278.449,253.067
161.638,276.158,255.673
162.337,272.414,255.331
159.396,270.618,253.73
158.95,266.982,252.729
156.212,264.42,252.191
157.329,262.066,254.972
158.483,264.933,257.224
155.146,266.791,257.091
153.599,264.47,259.709
156.167,265.334,262.412
156.149,268.401,264.645
159.312,270.546,264.758
161.511,269.762,267.76
163.645,272.895,267.369
167.176,273.528,266.173
170.294,271.597,267.204
173.735,273.126,266.663
177.268,272.475,267.882
179.909,274.97,269.084
183.68,274.961,269.71
183.193,276.33,273.243
181.148,274.901,276.117
179.181,277.339,278.273
176.426,276.727,280.845
174.415,279.735,279.617
172.925,280.076,276.146
174.226,282.811,273.872
171.932,285.777,273.121
172.445,285.177,269.391
171.089,281.628,269.675
168.046,282.792,271.647
167.483,285.65,269.19
167.763,283.377,266.147
165.612,280.683,267.769
163.022,283.244,268.879
163.011,284.919,265.457
162.687,281.574,263.668
159.966,280.46,266.091
158.095,283.758,265.718
158.472,283.761,261.922
156.982,280.249,261.687
153.371,279.876,262.916
153.846,276.104,263.24
156.687,276.617,265.727
155.837,277.129,269.392
157.704,277.733,272.625
156.399,274.546,274.249
157.525,272.414,271.274
160.673,273.754,269.588
163.824,273.843,271.714
167.575,274.47,271.42
170.079,271.606,271.686
173.731,272.629,272.04
176.6,270.193,271.441
179.527,270.988,273.74
183.136,270.19,272.824
185.568,269.334,275.629
189.09,267.873,275.641
188.953,264.083,275.564
185.173,264.109,276.043
181.96,265.811,274.933
178.728,267.122,276.425
175.182,267.824,275.264
172.518,270.083,276.761
169.017,271.143,275.709
167.775,274.658,276.471
164.221,276.003,276.469
163.148,279.45,275.282
161.512,281.502,278.024
158.652,283.903,277.205
160.863,286.843,278.186
163.639,285.393,276.037
161.21,284.69,273.2
159.801,288.228,273.175
163.186,289.847,273.836
165.038,287.646,271.352
162.263,287.899,268.768
161.989,291.687,269.126
165.779,292.182,268.878
167.054,291.818,265.305
170.588,292.974,266.165
173.335,290.658,264.901
175.935,292.029,267.325
177.919,289.879,269.716
176.361,291.122,272.987
172.903,292.634,272.409
171.462,294.818,275.143
168.899,293.305,277.494
170.387,289.835,278.001
169.4,288.135,281.257
169.988,284.639,282.679
166.203,284.235,283.046
165.682,284.552,279.272
166.294,280.796,278.897
165.485,277.613,280.799
166.772,274.051,280.904
165.093,270.942,279.474
165.082,267.175,279.968
167.077,265.285,277.329
167.848,261.573,277.089
169.461,259.217,274.581
167.54,256.195,273.279
169.361,253.567,271.215
166.31,251.316,270.77
165.253,253.217,267.629
167.342,254.316,264.645
166.702,257.822,263.349
167.001,259.278,259.864
168.178,262.473,258.182
167.194,264.803,255.35
169.537,266.375,252.797
168.976,268.397,249.629
169.142,266.235,246.518
170.107,269.022,244.089
172.869,270.554,246.236
175.179,269.755,249.125
174.229,270.533,252.721
177.517,272.369,253.435
177.552,275.937,252.1
180.739,276.932,253.954
182.902,275.921,250.977
181.222,278.264,248.469
179.254,281.246,249.742
178.746,282.925,246.378
176.069,280.376,245.42
174.206,280.708,248.743
171.099,282.906,248.747
168.398,283.419,251.398
165.612,283.227,248.791
166.947,280.044,247.168
164.668,277.0,247.278
165.89,273.497,248.109
164.222,270.082,247.848
165.105,267.896,250.826
165.62,264.172,250.3
166.265,261.249,252.628
170.011,260.582,252.919
172.985,260.733,255.275
175.217,263.837,255.169
178.996,263.785,254.724
182.038,265.522,256.166
183.118,268.937,254.881
186.4,267.347,253.758
184.806,265.859,250.625
186.73,266.87,247.505
183.496,267.422,245.553
182.903,270.701,247.421
186.592,271.76,247.331
187.643,272.841,243.813
191.089,273.725,245.199
191.921,270.007,245.334
191.29,269.741,241.58
192.823,273.158,240.83
196.346,271.699,241.164
198.99,274.354,241.853
199.943,277.75,240.413
202.955,280.021,239.885
266.13,391.635,234.631
269.872,391.238,234.044
272.92,390.437,236.155
274.377,393.913,235.569
271.453,395.644,237.291
271.708,393.372,240.341
275.513,393.425,240.515
275.765,397.201,240.098
272.692,397.439,242.337
274.437,395.752,245.273
277.643,397.593,244.34
275.68,400.842,243.903
275.012,403.594,246.45
272.756,403.479,249.529
269.672,403.278,247.257
269.719,399.5,247.8
267.912,398.607,251.036
266.546,395.614,252.936
263.565,394.703,255.115
261.486,391.777,256.394
257.77,391.002,256.133
255.928,389.862,259.265
252.341,388.8,259.764
249.853,386.653,261.648
249.968,382.893,260.972
252.075,383.631,257.863
249.037,385.01,256.031
250.112,386.662,252.79
253.712,386.802,254.004
255.223,384.726,251.187
252.514,385.707,248.686
253.809,389.285,248.463
257.329,388.042,247.723
255.752,385.579,245.284
254.059,388.393,243.35
257.017,390.787,243.521
259.435,388.02,242.535
256.832,386.908,239.986
257.009,390.275,238.22
260.768,390.66,238.791
262.068,387.241,237.734
262.022,386.727,233.935
261.39,382.962,234.187
258.644,383.39,236.803
255.239,382.078,235.72
252.529,381.802,238.389
251.468,379.92,241.537
249.538,377.282,239.518
247.057,375.299,241.639
247.231,376.994,245.05
249.351,379.718,246.656
253.048,378.906,246.156
255.47,380.384,248.68
258.635,379.513,246.698
260.622,381.466,249.308
260.801,378.392,251.547
261.734,375.347,249.434
261.506,373.247,252.607
259.267,370.226,253.13
258.889,371.022,256.838
257.77,374.616,256.249
255.414,373.831,253.36
254.1,370.678,255.073
252.688,372.199,258.268
251.596,375.289,256.311
253.456,377.678,258.635
256.992,378.903,258.129
259.881,377.76,260.294
263.129,379.529,259.382
263.612,382.813,257.546
265.139,382.725,254.071
266.867,385.53,252.147
265.531,386.897,248.874
267.297,389.232,246.444
265.564,390.803,243.442
265.808,394.105,241.564
262.362,395.685,241.572
261.78,398.48,239.019
258.943,399.729,241.208
259.546,403.46,241.751
258.46,405.513,238.733
261.219,405.694,236.139
263.727,404.008,238.458
264.736,400.656,239.974
266.054,399.489,243.35
267.6,396.402,244.95
265.458,394.977,247.758
266.542,392.203,250.132
263.446,390.373,251.395
263.339,388.081,254.433
260.215,386.041,255.185
259.229,386.17,258.86
256.667,383.512,259.861
253.791,384.276,262.206
254.922,381.942,264.994
256.297,382.831,268.421
259.578,380.972,267.927
259.554,382.228,264.339
259.059,385.689,265.854
262.221,385.168,267.907
264.05,384.146,264.734
262.329,387.146,263.138
263.992,389.317,265.79
267.398,387.692,265.276
267.035,388.287,261.541
265.397,391.665,262.161
268.495,392.953,263.975
270.204,393.074,260.551
267.671,394.638,258.186
266.816,398.285,258.834
263.058,397.824,258.392
260.162,395.478,259.071
256.906,395.08,257.124
253.719,394.157,258.99
250.82,392.226,257.448
247.394,392.307,259.114
244.168,390.81,257.79
241.372,393.232,256.933
238.82,390.943,258.623
240.251,389.666,261.909
242.588,392.626,262.411
245.849,393.016,264.27
246.979,390.371,266.758
249.521,390.035,269.557
252.216,389.257,266.976
251.859,392.696,265.381
251.855,394.358,268.81
254.986,392.555,270.013
256.733,393.056,266.666
255.739,396.735,266.686
256.969,397.245,270.254
260.264,395.427,269.671
260.754,396.992,266.231
259.955,400.495,267.49
262.183,399.91,270.527
265.022,399.048,268.116
264.63,402.387,266.263
263.609,400.634,263.039
260.939,402.006,260.716
257.865,399.792,260.315
255.344,399.795,257.461
251.999,398.017,257.774
250.582,396.194,254.746
246.845,395.53,254.622
246.029,392.046,253.335
242.872,390.117,252.434
241.004,393.207,251.256
238.842,391.109,248.925
237.725,389.097,251.961
236.578,392.168,253.897
234.948,393.515,250.715
233.476,390.116,249.778
233.04,387.686,252.687
231.977,390.237,255.303
230.441,392.404,252.539
230.598,395.467,254.782
229.802,398.93,253.37
232.791,401.108,252.421
232.011,403.431,255.343
232.308,400.646,257.928
235.468,399.392,256.213
237.018,402.87,256.254
236.059,403.366,259.909
237.467,399.955,260.851
240.707,400.437,258.907
240.979,403.944,260.36
240.469,402.489,263.843
243.188,399.877,263.301
245.544,402.509,261.88
244.695,404.699,264.877
245.535,401.823,267.229
248.861,401.086,265.524
249.584,404.821,265.464
248.718,404.96,269.163
251.054,402.101,270.056
253.837,403.558,267.902
253.136,406.944,269.496
253.456,405.394,272.958
256.677,403.694,271.84
258.533,406.856,270.801
258.084,410.475,269.711
259.14,409.83,266.093
257.125,411.884,263.612
257.25,409.134,260.95
255.347,406.775,263.26
252.272,408.375,264.859
249.457,409.112,262.387
250.943,408.405,258.975
248.28,406.64,256.847
248.847,408.83,253.791
252.623,409.03,254.23
252.883,405.544,252.752
253.328,403.516,255.939
250.021,401.744,255.233
249.509,400.027,251.869
246.41,398.002,251.0
247.155,394.775,249.125
245.489,391.492,248.177
247.495,388.281,248.491
244.867,386.139,246.746
244.639,388.238,243.569
248.316,389.299,243.879
247.723,393.056,243.755
249.521,395.702,245.827
248.72,399.375,245.29
248.838,402.581,247.317
246.991,405.87,246.875
249.733,407.019,244.501
249.251,403.869,242.424
245.527,404.462,241.91
246.276,408.131,241.247
248.938,406.851,238.836
246.424,404.731,236.886
243.679,407.368,236.877
246.355,409.973,236.17
247.594,407.709,233.364
244.273,407.54,231.507
243.201,411.166,231.722
244.553,412.689,234.9
245.177,415.654,237.166
248.591,417.147,237.97
251.391,415.023,239.428
250.341,412.287,241.846
252.214,413.98,244.706
249.437,416.585,244.838
246.772,414.107,243.67
246.925,411.278,246.219
247.594,413.897,248.914
243.89,414.804,248.816
242.839,411.137,248.534
243.267,410.498,252.281
240.276,409.36,254.319
237.77,411.583,256.123
238.377,414.227,253.447
235.127,415.248,251.773
234.921,416.118,248.078
232.512,418.636,246.558
231.256,417.344,243.175
229.788,420.762,242.321
233.135,422.586,242.192
235.132,419.348,241.649
237.483,419.86,244.577
238.324,418.375,247.966
237.499,420.238,251.17
237.774,419.347,254.849
234.277,420.754,255.445
231.38,418.388,256.025
230.025,416.983,252.74
226.702,418.133,251.334
223.935,416.181,249.57
225.159,412.655,248.653
228.872,413.54,248.631
231.112,411.271,250.698
234.743,410.94,251.78
237.385,410.932,249.056
238.675,407.525,250.174
235.196,405.946,250.15
234.188,407.268,246.721
237.496,407.629,244.879
239.206,404.678,246.6
236.545,402.201,247.723
234.065,402.959,244.917
236.137,401.525,242.006
237.251,398.595,244.189
233.946,397.083,245.338
232.373,397.914,241.963
234.974,395.9,240.042
234.84,393.054,242.582
231.055,392.593,242.541
230.847,392.858,238.746
233.564,390.198,238.508
231.636,387.828,240.78
228.033,388.091,239.601
227.321,388.908,235.941
231.011,388.536,235.109
230.376,388.707,231.354
228.101,391.764,231.677
230.665,394.321,232.868
233.577,392.64,231.061
233.167,394.396,227.658
232.846,397.867,229.234
235.39,397.55,232.049
237.858,395.52,229.984
237.41,397.615,226.833
238.028,400.781,228.867
241.097,399.18,230.492
242.649,396.074,228.943
242.537,392.259,228.867
242.343,391.762,225.093
243.061,388.05,225.569
241.114,385.657,223.363
237.815,384.078,224.439
239.73,380.898,225.299
241.46,382.807,228.115
238.14,384.415,229.099
236.614,380.987,229.854
239.058,380.228,232.684
238.185,379.818,236.353
237.022,382.679,238.571
240.043,382.958,240.88
242.767,382.931,238.161
240.716,385.386,236.092
240.479,387.795,239.036
244.173,387.326,239.842
245.238,387.861,236.224
242.872,390.798,235.691
243.938,392.259,239.04
247.591,391.848,238.055
246.799,393.584,234.754
245.006,396.512,236.422
247.845,397.268,238.875
251.119,396.945,236.987
253.808,397.36,239.629
254.734,398.414,243.173
255.401,402.108,242.299
253.003,403.372,244.962
254.218,400.992,247.669
257.964,401.362,247.046
257.733,405.046,246.108
255.919,405.648,249.409
258.092,403.057,251.205
261.81,403.474,250.398
261.368,407.189,251.099
260.27,406.29,254.635
262.773,403.413,254.822
266.023,404.552,256.499
269.2,404.574,254.451
271.839,401.891,255.141
274.099,404.599,256.58
271.348,406.644,258.254
269.899,403.428,259.67
273.356,402.017,260.332
274.276,404.857,262.699
271.696,403.924,265.392
272.229,400.237,264.593
275.97,400.518,265.236
275.205,402.777,268.21
272.872,400.346,270.003
274.52,397.181,268.612
278.31,397.26,269.014
279.432,397.049,272.634
282.205,399.554,271.924
281.895,403.235,271.179
281.197,404.875,267.83
283.979,407.44,268.38
286.696,404.942,267.405
288.054,404.418,263.894
286.023,401.263,263.251
282.942,402.778,264.887
283.008,406.069,262.987
284.118,404.466,259.709
280.978,402.282,259.695
278.5,405.144,260.193
278.431,406.179,256.527
278.014,403.381,253.992
281.119,402.927,251.843
283.514,399.988,251.501
286.207,402.461,252.569
288.444,400.325,254.767
288.914,396.755,255.926
286.038,394.301,255.722
283.438,394.64,258.479
280.309,392.524,258.874
277.917,391.087,261.454
276.455,387.592,261.124
272.931,386.757,262.296
272.116,383.068,261.695
273.554,380.114,259.793
271.899,378.846,256.61
271.529,375.097,256.158
272.951,373.3,253.13
272.451,370.011,251.283
274.953,368.343,253.637
274.229,368.172,257.36
277.849,369.004,258.243
277.869,372.321,256.335
276.06,375.517,257.342
276.208,378.612,255.151
276.921,381.947,256.836
274.357,384.672,256.101
274.967,388.292,257.041
275.274,391.869,255.85
278.602,393.673,255.446
278.497,397.083,257.12
281.849,398.134,255.633
284.559,396.775,253.368
284.426,394.5,250.34
284.35,390.706,250.657
286.266,388.881,247.921
286.808,385.201,247.201
289.963,383.752,248.734
290.489,386.649,251.153
291.174,385.649,254.777
288.921,386.994,257.521
289.105,386.755,261.312
285.835,385.433,262.752
285.412,386.639,266.339
283.244,384.559,268.647
280.446,385.84,270.84
282.725,385.663,273.9
285.516,387.584,272.149
286.391,390.852,273.883
289.385,392.992,274.819
290.125,390.81,277.855
290.13,387.456,276.019
291.275,387.593,272.388
291.477,383.794,272.01
287.804,383.477,270.986
288.586,384.726,267.457
289.881,382.612,264.579
291.105,383.47,261.088
289.618,381.762,258.04
289.269,382.225,254.29
286.017,382.573,252.353
285.739,379.803,249.78
282.697,381.086,247.896
280.308,384.031,248.189
276.993,384.0,246.325
273.674,385.825,246.597
270.738,383.585,247.525
267.627,384.286,245.432
264.797,381.715,245.699
266.319,378.227,245.157
269.248,379.466,243.033
272.539,381.128,243.959
274.292,383.714,241.781
278.068,383.509,242.132
279.864,386.823,242.669
283.6,387.489,242.754
283.392,390.523,245.065
280.772,391.299,247.718
280.497,395.067,248.368
279.388,396.766,251.577
275.718,396.789,252.524
274.846,393.712,250.461
273.631,390.497,252.099
275.06,387.28,250.628
275.918,383.773,251.796
279.508,382.72,252.481
281.21,379.362,252.947
284.258,378.115,254.817
283.72,380.385,257.838
281.198,377.919,259.261
283.76,376.164,261.471
285.114,379.194,263.414
281.701,380.898,263.552
279.493,379.741,266.435
276.141,381.432,267.204
276.638,385.208,266.761
279.906,386.333,265.185
281.484,389.238,263.319
283.741,389.188,260.257
286.972,391.187,260.386
290.181,391.352,258.383
293.401,389.906,259.851
295.275,393.131,258.982
294.174,396.621,260.007
291.018,395.405,261.782
292.876,394.542,265.0
291.743,395.891,268.393
288.211,396.124,266.998
285.266,394.595,268.853
282.235,392.542,267.817
278.501,393.253,267.85
275.947,390.732,269.097
272.146,390.9,268.785
269.986,391.704,271.79
267.211,389.576,273.277
264.463,388.239,271.021
261.736,389.88,273.175
260.633,386.348,274.088
261.806,383.988,276.835
262.551,380.269,276.714
260.712,378.493,279.534
259.689,374.909,278.684
262.571,372.451,278.347
262.854,368.836,277.2
265.687,366.324,277.54
266.872,364.328,274.522
267.852,360.759,275.412
269.291,358.616,272.593
267.727,355.208,272.07
271.131,353.642,271.373
273.954,354.417,273.843
276.513,354.026,271.033
274.862,356.954,269.202
275.963,359.468,271.874
278.617,361.138,269.645
276.159,361.336,266.739
273.532,362.878,269.024
276.157,365.309,270.332
277.187,366.378,266.825
273.526,366.713,265.869
272.87,368.745,269.011
275.784,371.057,268.193
274.701,371.497,264.568
271.089,372.039,265.648
272.157,374.486,268.365
274.226,376.385,265.792
271.378,376.327,263.258
268.674,377.547,265.654
269.661,380.817,267.39
267.203,380.193,270.25
268.441,376.626,270.811
270.205,376.063,274.133
271.682,372.785,275.388
272.712,372.374,279.028
273.815,369.239,280.883
272.572,368.675,284.436
273.744,366.589,287.384
271.647,363.661,286.121
274.061,363.255,283.195
271.59,363.84,280.35
271.358,366.589,277.721
268.516,369.045,278.372
267.373,371.366,275.577
265.032,374.353,275.765
262.549,375.952,273.401
259.987,378.691,272.978
256.943,376.44,272.586
255.723,372.976,271.688
255.958,373.77,267.968
259.6,374.796,268.397
260.405,371.569,270.256
258.593,369.415,267.69
260.129,371.187,264.689
263.541,371.144,266.384
263.257,367.425,267.14
262.136,366.656,263.584
264.797,368.879,262.003
267.651,367.637,264.199
266.609,363.978,264.368
265.503,363.847,260.718
268.295,366.095,259.395
271.262,366.811,261.67
271.64,363.177,262.775
270.774,359.806,261.258
270.029,358.193,264.651
266.793,358.614,266.591
266.329,359.545,270.256
263.696,359.315,272.997
262.248,362.743,273.783
261.534,363.206,277.482
258.313,364.782,278.696
258.634,368.588,278.463
258.954,370.59,281.676
258.978,374.336,282.34
261.779,376.256,284.074
261.04,376.925,287.738
262.154,380.12,289.475
262.981,381.202,293.024
262.027,384.182,295.173
261.797,385.354,298.787
258.325,385.507,300.343
259.568,387.063,303.603
262.594,388.749,305.123
265.303,386.756,306.878
264.404,386.158,310.522
267.994,385.487,311.641
271.398,386.703,310.475
273.714,384.048,309.039
277.501,384.468,309.106
279.447,382.629,306.395
283.05,382.239,307.56
286.099,380.808,305.841
287.694,377.618,307.224
290.529,379.811,308.538
287.934,382.226,310.02
289.828,385.105,308.395
286.695,386.485,306.693
283.135,386.651,308.038
280.371,387.609,305.595
276.777,388.255,306.656
273.804,389.419,304.603
270.029,389.662,304.963
267.456,388.694,302.335
264.413,390.846,301.585
261.648,390.612,298.975
261.539,393.019,296.047
258.564,394.633,294.344
257.292,393.279,291.036
257.54,396.693,289.381
261.176,397.142,290.388
262.037,393.632,289.18
260.221,394.179,285.878
262.099,397.473,285.533
265.498,395.915,286.273
264.791,393.078,283.829
263.296,395.643,281.408
266.67,397.449,281.215
265.354,400.624,282.842
268.527,401.463,284.769
271.458,401.0,282.391
275.049,400.007,283.14
276.133,403.659,282.867
274.548,405.699,285.648
275.543,407.905,288.585
274.749,407.638,292.294
272.163,410.44,292.17
270.627,408.966,289.007
269.935,405.55,290.537
269.093,407.144,293.882
266.688,409.452,292.061
265.106,406.551,290.164
264.646,404.344,293.231
263.8,407.341,295.429
261.341,408.673,292.827
259.832,405.218,292.156
259.873,403.093,295.34
260.253,406.158,297.623
263.431,404.652,299.073
265.824,406.686,301.196
268.598,408.56,299.408
271.364,406.84,301.382
269.778,403.431,300.756
268.998,404.013,297.07
272.488,405.409,296.413
274.099,402.401,298.146
273.3,399.932,295.342
276.317,397.816,294.424
275.869,395.909,291.164
273.255,394.318,288.923
272.662,390.58,288.822
273.851,388.034,286.256
274.596,389.682,282.892
272.964,392.804,284.408
269.595,391.161,283.67
269.069,389.978,287.244
266.095,391.218,289.277
268.319,391.409,292.365
269.754,394.462,294.123
272.807,394.497,296.385
273.581,397.251,298.894
275.471,397.648,302.173
274.148,400.13,304.752
275.557,400.065,308.303
277.987,401.896,310.567
280.813,399.283,310.424
280.533,399.253,306.616
282.026,402.761,306.472
285.175,401.925,308.45
285.614,398.658,306.521
284.884,400.301,303.147
288.608,400.213,302.324
289.103,396.475,302.861
285.607,395.429,301.771
285.929,397.821,298.836
289.227,396.276,297.761
287.626,392.829,298.16
284.358,393.913,296.501
285.509,392.337,293.219
285.317,388.768,294.528
282.202,389.679,296.528
280.521,390.833,293.315
281.822,387.706,291.574
280.227,385.463,294.204
276.906,387.323,293.989
275.733,386.847,290.393
277.343,383.395,290.305
275.441,382.326,293.421
272.113,383.808,292.321
272.178,382.046,288.933
271.629,378.627,290.562
269.11,378.361,293.381
269.894,376.348,296.509
266.73,374.261,296.03
265.551,374.134,292.407
269.061,374.826,291.011
267.641,377.604,288.819
267.665,381.39,288.622
266.223,383.548,291.401
264.053,386.651,291.127
263.034,389.509,293.434
265.841,388.877,295.935
267.331,391.888,297.729
270.675,391.189,299.417
271.616,393.693,302.136
275.186,393.357,303.405
275.458,394.103,307.132
278.799,392.976,308.63
281.698,392.339,306.235
284.947,391.057,307.764
288.05,391.041,305.559
291.296,389.167,306.123
294.303,391.203,307.227
296.692,389.032,305.189
296.523,389.393,301.379
297.042,385.625,301.06
293.655,384.954,302.69
292.044,387.83,300.75
292.099,385.982,297.421
289.033,385.032,295.438
289.237,381.393,296.495
288.524,382.255,300.135
286.072,385.047,299.231
283.797,384.174,296.304
282.856,380.687,297.624
282.255,382.166,301.086
280.199,385.06,299.697
277.894,382.772,297.701
277.155,380.736,300.84
275.468,383.744,302.461
272.968,383.96,299.593
271.969,380.323,300.102
271.979,380.779,303.893
269.75,383.861,304.042
267.763,382.594,301.049
266.98,379.383,302.945
266.219,381.244,306.188
263.991,383.697,304.275
261.282,381.047,303.621
261.544,381.015,299.809
258.663,380.22,297.477
258.614,378.698,294.006
257.641,380.668,290.904
256.402,379.443,287.532
256.113,381.285,284.196
252.67,382.385,283.035
251.713,382.158,279.358
249.232,384.719,278.046
246.536,383.41,275.694
244.701,385.904,273.47
242.396,384.489,270.792
239.278,385.483,268.861
236.19,383.287,268.574
232.373,383.42,268.272
230.044,383.388,271.279
229.715,379.593,271.309
233.464,379.14,270.838
233.994,381.727,273.58
231.828,379.664,275.94
233.578,376.408,275.017
237.015,378.034,275.226
235.927,379.526,278.555
235.023,376.051,279.823
238.346,374.644,278.6
240.179,377.54,280.256
238.191,376.871,283.434
239.263,373.216,283.34
242.838,374.388,282.641
243.061,376.222,286.009
243.592,379.53,284.204
242.068,383.0,284.357
240.518,385.033,281.539
241.852,388.589,281.638
239.314,390.198,279.296
236.649,389.047,276.839
235.044,391.586,274.514
233.217,391.674,271.086
236.083,393.358,269.216
234.703,395.905,266.722
234.983,395.679,262.957
234.541,391.891,262.876
231.921,389.401,264.22
234.534,387.918,266.555
234.987,388.128,270.33
238.607,388.379,271.453
239.269,386.352,274.612
242.373,387.275,276.617
243.548,384.795,279.244
246.653,383.82,281.207
247.438,380.159,281.894
250.494,378.619,283.6
253.054,376.931,281.378
252.884,373.704,283.41
249.204,373.167,282.555
249.501,374.765,279.094
250.645,371.497,277.493
248.055,370.368,274.968
246.047,373.595,275.08
245.685,373.736,271.289
244.465,370.128,271.158
241.893,370.67,273.915
240.777,373.984,272.407
240.496,372.44,268.935
238.613,369.47,270.407
236.092,371.491,272.429
235.511,374.223,269.82
235.696,371.652,266.978
238.838,372.881,265.227
237.5,376.442,265.072
238.859,379.896,265.995
242.636,379.885,266.662
245.183,379.215,269.396
247.927,381.603,270.493
250.215,381.567,273.527
252.971,383.914,274.699
254.946,383.868,277.94
254.368,386.988,280.051
256.314,387.645,283.266
256.031,384.94,285.931
253.668,383.709,288.637
254.776,382.712,292.131
253.638,379.238,293.174
250.851,379.397,295.797
252.504,376.533,297.656
255.555,376.702,299.911
258.392,374.322,298.843
260.134,374.589,302.213
258.548,372.53,304.994
257.737,368.885,304.263
254.135,367.98,305.102
252.048,366.905,302.095
253.786,365.381,299.069
252.392,363.356,296.187
252.713,359.593,296.605
250.567,358.772,293.505
250.676,360.295,290.005
248.536,363.476,289.902
249.473,367.158,290.307
247.769,367.365,293.73
244.71,369.228,294.986
247.03,371.172,297.233
250.439,372.916,297.547
251.541,369.284,297.379
251.734,370.163,293.673
254.446,372.694,294.52
256.228,370.263,296.841
255.873,367.666,294.081
257.347,370.241,291.702
260.337,370.521,294.043
260.713,366.74,294.328
260.263,366.267,290.576
262.642,369.11,289.711
265.195,367.781,292.204
264.934,364.174,291.008
265.045,365.324,287.378
268.029,367.611,288.001
269.735,364.962,290.154
269.484,366.697,293.53
268.127,364.911,296.586
264.363,365.206,297.025
264.601,365.291,300.835
265.954,368.878,300.798
268.273,368.44,303.789
270.477,371.44,302.913
268.459,373.669,305.262
270.419,372.335,308.247
273.811,372.656,306.533
273.077,376.193,305.281
272.235,377.566,308.745
275.843,378.517,309.62
275.299,379.979,313.119
277.683,382.292,314.973
250.217,237.304,230.216
248.944,238.973,233.37
250.995,241.675,235.074
250.961,243.637,238.33
251.569,247.399,238.162
252.419,248.88,241.566
251.565,252.59,241.744
251.379,255.16,244.535
248.331,254.584,246.727
246.884,252.023,244.302
247.795,248.593,242.931
246.779,247.867,239.334
246.618,244.254,238.124
245.664,243.64,234.487
245.17,240.37,232.611
244.689,239.725,228.865
241.949,237.725,227.165
241.865,233.945,227.423
243.368,231.836,224.657
240.866,230.313,222.205
240.261,226.565,222.339
240.85,224.395,219.256
237.835,223.309,217.244
236.64,219.784,218.008
233.988,217.575,216.453
231.271,219.658,214.748
232.788,222.809,216.274
233.305,224.539,212.917
230.962,227.275,211.733
227.88,225.737,210.114
226.233,227.733,207.295
222.491,228.306,207.371
222.136,226.121,204.262
223.213,223.041,206.25
220.107,223.327,208.445
217.281,220.83,207.85
214.326,221.752,205.664
212.252,222.44,208.783
214.934,224.635,210.392
216.197,226.094,207.095
214.09,229.225,207.638
214.093,231.625,210.577
217.651,232.936,210.118
218.273,236.545,209.064
221.607,238.343,209.336
223.771,235.32,210.231
225.165,233.252,207.355
227.187,230.95,209.645
226.41,229.443,213.037
228.7,229.94,216.014
230.513,226.988,217.573
228.337,227.128,220.692
225.425,227.76,218.317
226.532,224.759,216.236
226.595,222.364,219.195
223.495,223.877,220.808
221.853,223.926,217.37
222.654,220.252,216.76
221.548,219.029,220.191
218.669,221.501,220.555
217.505,221.38,216.927
218.031,217.613,216.574
215.969,216.693,219.656
212.91,218.029,221.467
214.329,217.208,224.909
215.24,219.955,227.356
218.747,221.408,227.092
220.662,223.699,229.463
223.706,225.389,227.919
226.325,227.299,229.921
227.667,230.26,227.945
229.001,233.722,228.842
226.728,236.737,228.62
226.315,237.964,225.059
227.094,234.614,223.419
224.197,234.779,220.955
221.758,232.52,222.818
218.919,234.116,220.821
219.972,231.936,217.881
219.759,228.826,220.074
216.337,229.782,221.44
215.254,230.645,217.895
216.592,227.233,216.841
214.539,225.39,219.466
211.466,227.456,218.583
212.262,226.854,214.907
212.258,223.113,215.624
208.997,223.254,217.587
207.463,225.233,214.719
209.155,222.894,212.236
207.49,219.774,213.619
204.129,221.443,212.889
205.155,222.493,209.362
202.271,221.898,206.965
202.747,220.206,203.605
201.145,223.162,201.777
201.405,226.263,203.961
204.041,227.172,206.529
203.284,225.531,209.898
200.083,226.858,211.477
199.038,229.807,213.622
197.002,227.928,216.249
198.979,224.653,216.212
201.402,225.628,218.997
202.463,228.482,221.259
205.672,229.514,223.015
206.591,231.349,226.218
209.795,233.361,226.691
210.888,234.742,230.066
213.093,237.834,230.226
214.475,239.617,233.312
213.909,243.135,231.929
210.908,244.59,230.124
213.082,246.234,227.454
214.858,242.909,226.918
211.431,241.276,226.617
210.512,243.849,223.969
213.761,243.322,222.055
213.687,239.52,222.262
209.94,239.561,221.581
210.626,241.745,218.553
213.311,239.385,217.271
210.988,236.416,217.792
208.351,238.43,215.945
210.737,238.969,213.04
211.778,235.312,212.855
208.154,234.232,213.29
207.057,236.787,210.687
209.603,235.321,208.266
207.996,231.9,208.768
204.444,233.287,208.709
203.694,233.409,212.451
203.281,236.301,214.88
205.084,236.858,218.189
204.839,239.959,220.38
205.116,240.96,224.034
201.974,241.627,226.087
201.056,245.316,225.989
198.504,245.054,228.795
195.684,247.034,227.172
192.403,246.095,228.86
190.111,248.08,226.537
190.858,247.914,222.807
193.456,245.116,222.804
191.765,243.077,225.554
190.141,240.881,222.895
193.417,240.197,221.059
195.306,239.406,224.277
193.264,236.252,224.909
193.875,235.006,221.351
197.563,236.019,221.352
200.145,233.24,221.068
203.937,233.013,221.343
204.37,235.948,223.736
207.336,237.006,225.871
206.85,238.53,229.318
208.53,238.875,232.69
208.13,235.929,235.096
206.277,238.19,237.535
203.726,239.202,234.895
203.465,235.558,233.817
202.922,234.49,237.434
200.261,237.134,238.09
198.642,236.412,234.719
198.744,232.676,235.438
197.219,233.21,238.896
194.627,235.623,237.452
192.778,232.808,235.663
194.575,232.866,232.31
196.016,229.381,232.822
192.744,227.784,231.679
193.123,228.711,228.004
196.92,228.312,228.208
196.815,224.81,229.727
198.742,222.406,227.461
198.722,225.114,224.763
202.531,225.46,224.598
204.809,222.557,223.667
208.001,224.588,224.198
209.197,227.101,226.792
212.146,229.514,226.662
214.03,230.227,229.896
216.959,232.648,230.065
219.031,234.659,232.556
219.717,232.129,235.295
221.346,234.999,237.195
217.874,236.548,237.345
216.676,233.203,238.715
219.312,233.743,241.422
218.173,237.361,241.932
215.28,238.841,243.919
212.924,237.943,241.053
214.245,234.371,241.204
211.561,232.936,243.518
208.916,233.811,240.91
210.591,231.692,238.221
211.343,228.997,240.807
207.724,228.705,241.952
206.509,228.898,238.346
209.0,226.203,237.316
208.067,223.927,240.222
204.346,224.415,239.585
204.961,223.87,235.865
206.811,220.611,236.557
204.196,219.368,239.029
201.431,220.369,236.611
203.284,218.743,233.704
203.68,215.463,235.596
200.113,215.732,236.922
198.504,216.387,233.526
200.827,213.837,231.838
201.677,216.45,229.185
205.349,217.075,228.444
206.398,220.712,228.029
209.826,221.413,226.556
211.881,223.975,228.485
215.093,225.369,226.982
217.22,226.841,229.748
220.134,229.266,229.594
223.018,228.869,232.045
225.745,231.347,232.952
229.54,230.932,232.977
229.547,230.136,236.706
229.678,226.844,238.651
226.642,224.827,239.755
224.87,225.083,236.405
224.194,221.331,236.54
221.73,222.005,239.363
219.745,224.26,237.027
220.126,221.615,234.314
218.615,219.01,236.646
215.877,221.407,237.773
215.0,221.907,234.088
214.443,218.139,233.607
217.208,217.965,230.981
219.338,214.893,230.317
222.893,215.8,231.419
224.496,213.803,228.591
222.914,215.526,225.575
221.436,218.555,227.353
224.528,220.04,229.002
226.85,222.362,227.07
229.71,224.042,228.945
231.436,226.987,227.254
234.381,228.792,228.839
235.224,232.491,228.522
237.103,231.804,225.267
233.817,230.934,223.51
232.497,234.492,223.815
232.109,236.364,220.501
234.014,239.427,221.767
236.754,238.612,224.319
237.152,240.91,227.315
240.352,241.797,229.181
239.698,242.177,232.904
241.876,244.492,234.993
241.642,244.835,238.778
242.804,248.001,240.549
243.054,248.038,244.332
242.775,251.053,246.63
244.699,250.968,249.918
243.771,254.512,250.993
242.191,254.49,254.453
241.037,258.119,254.43
237.765,258.963,252.699
239.086,262.2,251.19
242.245,260.427,250.02
240.102,257.672,248.493
237.846,260.172,246.709
240.662,262.362,245.379
242.866,259.347,244.631
239.893,257.667,242.943
239.226,260.727,240.778
242.924,261.004,239.911
243.132,257.29,239.092
240.005,257.618,236.947
241.592,260.612,235.209
244.76,258.593,234.573
242.937,255.516,233.262
240.697,257.778,231.175
243.761,259.664,229.92
245.389,256.38,228.868
242.402,255.546,226.644
241.828,259.193,225.679
241.815,259.857,221.948
241.443,256.155,221.099
237.833,254.883,221.186
234.601,255.184,223.158
234.611,254.799,226.942
231.851,254.156,229.462
231.614,254.563,233.233
229.138,253.414,235.878
227.802,256.257,238.03
225.2,256.553,240.786
223.525,259.037,243.159
223.073,262.533,241.695
226.065,264.885,242.135
228.419,261.99,241.286
227.806,262.118,237.519
227.846,265.921,237.3
230.859,266.304,239.576
232.709,263.469,237.828
232.08,264.794,234.312
233.071,268.319,235.356
236.411,267.095,236.724
237.108,264.988,233.628
236.261,267.841,231.251
238.443,270.294,233.182
241.238,267.724,233.489
241.107,267.202,229.722
241.055,270.986,229.286
244.296,271.274,231.267
245.535,268.316,229.174
245.677,270.482,226.007
242.607,268.787,224.484
243.341,265.148,225.292
240.206,263.019,225.026
237.953,266.098,224.861
237.433,268.441,221.899
239.357,266.231,219.478
239.078,265.385,215.774
238.088,262.275,213.82
240.455,259.728,212.296
239.16,259.705,208.729
239.792,263.31,207.669
239.345,266.169,210.144
237.371,267.485,213.117
233.776,266.245,213.13
232.807,268.638,215.972
230.577,270.534,213.533
227.934,267.789,213.562
228.157,267.678,217.36
227.681,271.462,217.469
224.61,271.259,215.227
222.892,268.801,217.6
224.302,270.439,220.759
221.003,272.235,221.464
219.427,271.03,224.733
218.881,272.004,228.386
220.935,269.762,230.677
224.072,269.661,232.772
225.048,267.134,230.09
224.132,269.828,227.571
226.9,271.817,229.255
228.997,268.627,229.206
228.203,266.394,226.183
228.78,269.072,223.481
232.162,269.855,225.114
233.669,266.459,224.28
232.19,264.474,227.164
228.958,262.497,227.575
226.528,261.467,230.312
223.641,258.998,230.453
220.801,258.789,232.974
217.854,256.422,232.651
215.666,258.501,234.971
216.522,262.007,233.768
215.036,261.683,230.268
214.099,258.833,227.937
215.422,260.619,224.844
218.678,261.309,226.692
219.521,257.597,226.758
218.827,256.998,223.063
220.544,260.269,222.145
223.529,259.393,224.347
223.903,255.891,222.912
223.294,257.166,219.376
225.758,260.021,219.889
228.29,257.521,221.236
227.704,255.276,218.212
228.028,258.301,215.889
231.702,258.761,216.877
231.332,262.102,218.67
231.787,261.77,222.438
234.43,259.196,223.354
233.996,259.747,227.117
230.564,258.724,228.414
229.123,258.203,231.902
226.121,256.004,232.676
224.515,253.819,235.351
223.852,250.116,235.87
220.343,250.628,234.458
221.948,251.108,231.038
223.791,247.796,231.436
220.679,245.906,232.573
218.568,247.776,229.997
219.109,248.278,226.29
222.694,247.193,225.662
225.002,249.808,224.133
228.546,248.38,223.993
231.813,250.248,224.478
235.49,249.706,223.741
236.558,250.118,227.384
234.444,250.348,230.539
235.544,251.358,234.033
233.695,251.213,237.362
234.467,254.002,239.838
234.708,253.01,243.494
232.686,249.768,243.195
230.647,250.998,246.181
227.651,253.23,246.876
225.673,254.514,249.856
223.15,252.042,251.261
219.748,253.419,252.321
218.928,250.327,254.382
222.335,250.646,256.09
223.495,254.277,256.062
227.113,253.43,255.284
229.183,252.541,252.209
227.794,249.361,250.645
229.39,246.783,248.336
228.127,246.08,244.815
227.438,242.471,243.839
228.887,240.421,241.013
226.139,241.623,238.661
227.952,244.943,238.237
231.256,243.316,237.26
229.406,240.807,235.079
227.515,243.595,233.306
230.641,245.732,232.919
232.622,242.782,231.553
229.941,241.914,229.007
229.738,245.513,227.817
233.462,245.503,227.022
234.056,245.6,223.28
231.843,246.481,220.33
230.847,243.475,218.172
230.378,245.808,215.193
233.904,247.247,215.446
236.101,246.168,218.358
237.31,242.576,218.104
238.309,242.376,221.787
237.046,244.249,224.832
238.681,245.642,227.951
237.524,246.651,231.411
238.741,248.102,234.692
237.43,247.85,238.26
238.49,250.21,241.058
237.911,248.794,244.545
239.736,247.843,247.736
242.767,245.554,247.682
240.756,242.818,249.38
237.955,243.581,246.937
240.611,243.403,244.212
241.627,239.859,245.16
237.948,239.007,245.625
237.546,240.546,242.167
240.202,238.176,240.819
238.229,235.3,242.341
235.058,237.057,241.096
235.494,237.628,237.353
236.958,234.146,236.823
233.407,232.835,237.474
234.123,230.724,240.551
230.837,231.632,242.255
227.981,229.097,242.486
224.339,230.1,242.089
222.068,230.401,245.129
218.307,230.437,245.679
216.464,233.47,247.064
213.185,231.569,247.559
213.666,231.63,251.345
212.462,235.245,251.506
209.469,234.882,249.157
208.484,231.433,250.479
205.32,232.669,252.293
204.18,234.553,249.181
204.443,231.466,246.965
202.881,229.41,249.768
199.83,231.678,249.99
199.592,231.933,246.196
199.792,228.144,245.856
197.279,227.635,248.672
194.822,230.025,247.008
195.286,228.181,243.696
194.694,224.77,245.282
198.157,223.455,244.421
198.979,222.277,247.963
196.06,221.552,250.299
198.228,220.366,253.216
201.815,220.195,254.46
202.573,217.023,252.482
201.75,218.575,249.105
203.658,221.664,250.25
206.687,219.469,250.958
206.334,217.846,247.526
205.985,221.174,245.709
208.854,222.514,247.818
210.897,219.451,246.853
210.102,219.906,243.155
211.825,223.317,243.049
215.491,224.29,242.802
215.741,224.843,246.569
215.667,221.077,247.148
218.504,220.471,244.679
220.565,223.398,245.978
219.956,222.507,249.63
220.466,218.788,248.967
223.664,219.25,246.947
225.123,221.886,249.308
223.507,221.789,252.764
226.17,224.082,254.244
225.368,226.75,251.641
221.698,226.851,252.698
222.475,226.89,256.426
221.369,223.315,257.144
222.713,221.938,260.415
224.547,218.62,260.587
221.892,217.165,262.91
219.003,217.906,260.544
221.043,216.768,257.539
222.062,213.579,259.357
218.491,212.872,260.459
216.963,213.706,257.067
219.491,213.321,254.227
216.688,213.78,251.666
215.849,217.25,253.079
212.305,216.094,253.848
212.372,217.582,257.353
213.591,220.897,255.924
210.708,221.009,253.44
208.276,219.911,256.16
209.485,222.616,258.551
209.139,225.101,255.688
205.844,226.901,254.981
205.003,226.451,258.668
205.77,230.099,259.433
203.917,230.925,256.207
200.733,229.302,257.517
201.331,230.884,260.93
201.66,234.325,259.33
198.619,233.747,257.113
196.662,232.671,260.2
197.865,235.661,262.233
196.856,237.987,259.376
193.528,236.125,258.913
194.476,235.377,255.296
193.876,231.626,255.791
192.667,229.121,258.394
195.244,226.474,259.337
195.429,223.985,262.211
198.502,222.185,263.526
196.5,219.025,264.275
194.884,218.779,260.835
197.996,219.868,258.935
195.881,221.257,256.08
195.436,224.869,254.988
192.135,226.53,254.072
192.208,229.477,251.678
190.152,232.595,252.388
188.902,235.591,250.425
191.599,237.761,252.022
194.419,235.533,250.787
192.628,235.073,247.464
192.398,238.821,246.833
195.911,239.477,248.15
197.297,236.619,246.05
195.251,237.729,243.033
196.578,241.299,243.272
200.105,240.159,244.287
200.257,241.897,247.662
203.022,241.287,250.184
202.292,239.914,253.644
203.826,243.006,255.259
201.394,245.295,253.433
198.585,242.932,254.452
199.594,243.131,258.117
200.073,246.91,258.095
196.881,247.444,256.09
195.06,245.044,258.424
196.226,246.823,261.588
195.643,250.275,260.048
192.121,249.476,258.801
189.483,251.498,260.664
185.901,252.468,259.75
186.509,256.079,260.852
189.408,256.627,258.432
188.921,259.724,256.282
190.289,260.624,252.855
193.481,261.89,254.498
193.823,258.68,256.515
193.147,256.724,253.315
195.827,258.661,251.419
198.434,258.299,254.172
197.491,254.664,254.819
197.624,253.995,251.075
201.031,255.708,250.971
202.205,253.525,253.884
201.915,250.379,251.747
204.986,248.32,250.87
204.717,249.51,247.247
206.738,252.648,247.99
208.891,250.501,250.34
212.135,252.145,251.565
212.552,254.702,248.742
214.125,257.807,250.277
212.919,261.403,249.984
215.539,264.086,249.397
215.702,267.258,251.476
215.274,269.498,248.43
212.502,267.139,247.324
211.022,267.587,250.81
210.992,271.388,250.554
209.676,271.329,246.985
207.336,268.556,248.159
205.946,270.936,250.79
205.618,273.852,248.36
203.891,271.545,245.875
202.083,269.896,248.8
200.29,273.16,249.6
198.813,272.93,246.073
197.194,269.517,246.693
193.795,268.851,248.331
195.068,266.462,251.035
198.197,267.922,252.691
200.875,265.829,254.389
201.058,268.188,257.396
199.285,265.541,259.51
202.686,263.832,259.87
206.354,264.77,259.667
208.068,264.949,256.286
208.649,261.426,254.982
208.448,259.378,251.747
204.726,258.984,252.49
204.451,262.71,251.763
205.991,262.179,248.318
203.746,259.163,247.695
200.5,260.883,248.708
201.502,264.169,247.065
202.563,262.124,244.032
199.135,260.476,243.847
197.256,263.754,244.323
199.581,265.356,241.766
198.936,262.528,239.298
195.197,263.031,239.799
195.665,266.79,239.331
197.941,266.335,236.272
200.911,268.113,237.877
203.942,267.993,235.587
206.634,270.061,233.846
209.695,270.144,236.112
208.084,270.676,239.49
210.178,267.761,240.746
211.12,264.269,239.661
208.438,261.764,240.663
208.958,259.77,237.475
210.155,256.537,239.092
207.694,256.841,241.982
205.007,258.286,239.692
205.006,255.383,237.228
205.903,252.687,239.761
203.649,254.097,242.484
201.033,254.733,239.785
200.819,251.092,238.695
201.281,249.807,242.248
198.721,252.422,243.299
196.245,251.03,240.776
196.778,247.394,241.743
196.989,248.196,245.46
193.965,250.471,245.004
191.928,247.616,243.527
193.137,245.28,246.282
192.3,247.825,248.987
188.924,248.29,247.287
188.263,244.544,247.426
189.386,244.316,251.06
187.278,247.343,252.0
184.353,245.804,250.109
184.784,242.544,252.039
185.115,244.41,255.35
181.584,245.823,255.147
182.319,249.522,255.713
180.173,251.681,253.433
182.282,254.838,253.758
185.547,252.947,253.23
184.16,251.175,250.158
182.743,254.43,248.774
185.988,256.36,249.261
187.982,253.395,247.941
185.823,253.054,244.823
185.945,256.821,244.288
189.73,256.711,244.709
190.164,253.851,242.232
187.815,255.462,239.706
189.526,258.813,240.301
192.949,257.292,239.619
191.708,255.393,236.553
189.889,258.415,235.097
192.591,260.894,236.235
189.887,263.22,237.575
188.716,264.221,241.048
185.18,263.927,242.442
184.386,267.586,241.699
185.389,267.131,238.049
182.777,267.438,235.335
181.317,264.134,234.07
181.964,265.184,230.464
185.537,266.119,231.392
186.094,262.606,232.758
185.082,261.089,229.404
187.074,263.71,227.425
184.039,264.225,225.201
184.324,268.039,225.135
186.887,270.851,225.547
188.096,272.002,228.952
186.72,275.52,228.394
183.066,274.543,228.849
184.119,272.176,231.642
185.866,275.07,233.384
182.869,277.36,232.85
180.488,274.751,234.271
182.955,274.061,237.084
183.054,277.75,238.021
179.242,277.899,238.08
179.027,274.649,240.111
176.185,273.287,237.988
174.87,270.008,239.466
174.934,267.058,237.085
171.522,265.855,238.287
170.027,269.244,237.368
171.151,268.941,233.73
167.797,267.334,232.877
166.113,270.742,233.048
169.041,272.374,231.236
168.485,272.781,227.493
170.872,273.728,224.705
170.479,277.491,225.168
169.855,277.164,228.915
173.025,275.217,229.733
174.918,277.061,226.991
173.981,280.491,228.351
176.997,280.742,230.677
179.747,280.687,228.024
177.179,281.841,225.44
177.437,278.687,223.356
174.037,277.212,222.386
175.773,274.802,220.008
178.159,273.584,222.715
175.143,273.3,225.019
173.323,271.104,222.505
176.38,268.919,221.904
176.833,268.756,225.68
173.124,267.901,225.856
173.568,264.911,223.535
176.835,263.766,225.12
175.324,264.357,228.567
172.219,262.485,227.412
174.52,259.573,226.503
175.806,259.342,230.081
174.982,256.051,231.847
171.941,256.142,234.114
169.688,253.568,235.752
166.355,253.414,237.581
165.552,250.548,239.948
162.381,249.344,241.66
162.41,247.638,245.06
159.823,245.032,246.069
160.199,243.404,249.489
158.034,240.865,251.309
158.594,239.505,254.826
159.706,235.904,255.299
159.969,235.45,259.086
159.754,237.767,262.081
163.553,237.754,262.439
164.287,237.987,258.689
163.016,239.709,255.557
163.309,239.203,251.802
163.682,241.908,249.146
163.63,241.77,245.332
165.081,244.653,243.307
164.344,245.143,239.598
166.714,247.597,237.894
166.053,248.76,234.334
168.89,250.959,232.992
167.684,254.076,231.167
170.392,255.848,229.141
171.968,256.011,225.685
174.608,253.294,225.362
177.52,254.023,223.019
179.25,251.003,221.492
182.669,252.664,221.728
182.236,254.37,225.107
180.329,251.656,226.977
181.942,248.737,225.158
180.673,245.201,225.635
179.216,245.665,229.129
179.166,248.056,232.081
179.985,246.937,235.62
177.941,248.057,238.622
178.042,247.42,242.37
174.755,247.005,244.255
175.19,247.075,248.033
172.648,247.387,250.844
173.37,249.79,253.701
172.009,250.172,257.222
170.139,253.202,258.569
173.459,254.842,259.506
175.045,254.001,256.112
178.087,252.542,257.903
177.96,248.718,257.903
176.939,247.108,254.612
174.302,244.424,255.144
174.62,242.874,251.677
176.49,243.581,248.453
176.472,242.287,244.887
178.2,242.971,241.571
176.003,243.76,238.561
176.983,243.719,234.881
174.765,245.216,232.164
175.683,244.05,228.663
174.773,245.622,225.324
172.345,242.876,224.28
170.817,242.854,227.784
170.636,246.661,227.931
167.296,248.446,228.388
165.993,245.41,230.287
164.84,245.095,233.892
167.183,242.864,235.91
165.49,241.289,238.933
167.917,240.964,241.858
166.866,239.167,245.048
168.967,239.989,248.108
167.965,239.58,251.743
169.615,240.568,255.018
167.609,240.438,258.276
168.91,243.635,259.936
166.056,242.905,262.333
167.569,242.837,265.837
167.123,246.591,266.545
165.251,246.909,263.238
165.6,250.231,261.386
163.043,252.909,260.555
164.123,252.148,256.984
167.125,250.886,255.022
169.424,252.256,252.315
169.978,250.547,248.954
172.815,252.073,246.92
173.906,250.979,243.438
177.051,252.551,241.964
178.862,251.754,238.726
182.496,250.646,238.786
183.329,252.675,235.648
181.363,255.927,235.294
182.282,258.505,237.925
179.672,260.104,240.203
177.066,257.47,239.287
174.932,256.379,242.24
171.284,255.524,242.882
169.677,255.44,246.335
166.332,253.716,246.965
165.46,253.554,250.673
162.838,251.049,251.822
160.622,251.973,254.765
160.767,249.402,257.57
157.599,250.618,259.327
155.504,248.663,256.785
156.706,245.241,258.0
154.029,242.608,257.353
155.84,239.827,259.246
153.196,237.178,260.037
152.061,234.763,262.783
153.333,235.286,266.358
156.043,234.436,268.896
159.308,234.696,266.874
159.905,230.241,269.089
158.464,226.924,267.869
158.852,223.558,269.578
162.295,221.951,269.608
163.378,218.307,269.541
163.262,216.671,272.98
165.115,213.473,273.842
162.774,210.508,274.311
163.176,206.813,275.039
163.312,204.815,271.772
161.629,201.459,271.149
162.592,198.348,269.158
160.586,196.705,266.371
158.682,194.719,269.025
156.782,197.852,270.11
154.15,197.111,267.454
151.059,195.407,268.86
150.575,193.322,265.692
152.805,190.362,264.874
152.625,191.017,261.126
153.335,194.733,261.562
156.283,194.042,263.871
157.558,191.305,261.541
157.31,193.54,258.46
159.359,196.258,260.187
161.845,193.812,261.736
163.7,193.529,258.416
164.102,197.317,258.169
166.228,197.63,261.316
166.38,196.238,264.862
165.051,199.445,266.434
163.472,202.773,265.515
164.663,206.294,266.23
163.425,208.009,269.421
161.588,210.629,267.348
159.947,207.759,265.465
159.211,206.096,268.819
157.379,209.107,270.268
155.746,210.154,266.987
154.899,206.546,266.119
153.68,206.002,269.685
151.321,208.973,269.334
150.348,207.835,265.815
149.54,204.241,266.864
147.207,204.178,269.884
145.665,207.568,268.995
143.324,207.967,266.024
143.4,211.777,266.148
145.081,213.805,263.421
148.781,214.28,264.194
151.296,216.317,262.188
154.94,216.003,263.258
157.632,217.836,261.319
160.983,216.145,260.761
164.088,217.027,258.729
164.827,215.302,255.444
166.181,211.824,256.114
164.514,211.283,259.506
162.456,208.309,258.301
158.958,209.781,258.44
157.763,206.812,256.358
157.972,204.706,259.53
155.537,207.031,261.307
153.265,207.22,258.257
153.476,203.423,258.072
152.538,203.335,261.766
149.427,205.464,261.232
148.549,203.43,258.135
149.242,200.328,260.236
146.69,201.547,262.782
144.165,202.278,260.027
144.825,198.834,258.532
144.551,197.122,261.927
141.278,198.932,262.675
139.588,197.88,259.419
140.754,195.524,256.681
138.744,197.304,253.962
139.84,200.789,255.058
141.143,202.88,252.163
144.157,205.179,252.505
145.025,208.051,250.153
148.704,208.99,249.865
149.947,212.158,248.155
153.571,212.81,247.202
154.956,215.892,245.423
157.373,213.877,243.254
156.631,210.851,241.081
159.964,209.238,241.996
159.073,209.29,245.697
155.714,207.734,244.797
157.506,205.057,242.754
159.973,204.154,245.513
157.308,204.382,248.224
155.009,202.403,245.916
157.595,199.646,245.416
158.586,199.414,249.087
155.046,200.024,250.353
153.722,197.501,247.826
156.406,194.993,248.862
155.958,195.191,252.636
152.227,195.94,252.365
150.874,193.621,249.664
153.481,190.932,250.366
153.283,190.733,254.164
149.815,192.146,254.909
148.09,191.067,251.651
146.89,194.664,251.172
146.705,195.645,247.506
148.368,198.93,246.536
148.062,200.774,243.215
149.246,204.072,241.744
147.59,206.551,239.394
148.859,206.151,235.828
147.333,209.437,234.614
144.366,207.995,232.701
140.815,208.561,233.917
139.701,205.005,233.118
142.897,203.303,234.311
143.179,205.219,237.589
139.392,205.156,238.013
139.271,201.36,237.712
142.442,200.857,239.77
141.335,203.096,242.651
139.22,201.622,245.429
140.301,198.018,244.842
143.381,198.332,247.07
143.92,199.24,250.708
146.515,201.975,250.068
146.324,204.297,247.055
149.453,206.247,246.104
148.408,209.324,244.127
149.859,212.669,243.064
148.361,216.171,243.438
148.151,216.367,239.633
145.807,213.368,239.488
144.166,214.382,242.778
143.102,217.685,241.182
141.06,216.429,238.22
140.18,213.37,240.306
139.066,215.655,243.149
136.88,217.726,240.81
134.813,214.591,240.102
134.67,213.628,243.798
131.07,214.887,243.91
130.001,212.005,241.645
132.787,209.683,242.87
132.016,207.72,246.035
135.613,206.496,246.384
136.765,209.919,247.604
133.986,210.22,250.196
134.587,206.648,251.422
138.293,207.243,252.124
139.421,206.694,255.71
142.959,208.013,256.239
144.534,210.832,254.222
148.327,210.856,253.858
149.995,214.131,252.847
153.782,214.456,252.758
156.378,217.175,252.119
154.472,220.369,252.825
157.752,222.2,252.19
157.38,221.074,248.576
153.8,222.365,248.745
155.297,225.753,249.603
157.249,225.516,246.339
156.231,224.553,242.825
152.986,222.607,242.353
151.739,224.464,245.426
148.143,225.22,244.405
147.692,221.531,243.546
148.469,220.313,247.071
146.68,223.274,248.664
143.617,222.755,246.461
143.682,219.033,247.249
143.917,219.768,250.981
141.124,222.353,250.837
138.925,220.051,248.748
139.705,217.158,251.1
138.809,219.305,254.118
135.568,220.572,252.57
134.649,217.077,251.37
135.551,215.647,254.784
133.386,218.249,256.537
130.509,217.706,254.094
130.6,213.925,254.646
130.127,214.449,258.416
132.902,211.951,259.174
136.215,212.378,261.153
138.629,211.741,258.294
142.148,211.196,259.609
144.854,213.407,258.095
148.534,212.486,258.484
150.774,215.399,257.486
154.511,214.971,256.887
156.674,218.065,256.49
160.139,219.457,257.132
160.964,221.982,259.856
158.766,225.063,259.456
157.916,227.961,261.759
154.42,228.119,260.206
153.569,224.534,261.222
151.275,225.928,263.935
148.812,227.255,261.35
149.152,224.004,259.39
148.272,221.935,262.462
145.414,224.317,263.279
144.106,224.049,259.708
144.474,220.249,259.55
142.808,219.789,262.948
145.934,218.46,264.666
145.945,218.804,268.442
148.694,220.689,270.255
149.875,217.472,271.916
149.7,215.613,268.587
151.651,218.337,266.743
155.425,217.954,267.104
158.126,220.294,265.792
161.773,219.286,265.387
164.814,221.39,264.458
166.203,220.862,260.932
169.776,220.354,262.169
168.563,218.073,264.991
168.447,214.475,263.768
169.163,211.034,265.244
172.102,210.802,262.807
174.343,213.892,263.165
175.521,215.582,259.974
178.495,217.916,259.511
177.604,220.927,257.357
180.28,222.891,255.499
179.698,226.003,253.378
182.26,226.828,250.675
181.991,230.35,249.293
182.952,231.443,245.789
183.778,235.056,244.927
184.048,234.425,241.172
181.488,236.493,239.275
181.381,234.242,236.204
179.385,231.064,236.792
181.519,229.115,234.307
184.737,230.026,236.129
183.249,229.458,239.59
181.733,226.086,238.676
184.758,225.118,236.566
187.257,225.998,239.318
185.322,224.075,242.0
186.424,220.628,240.783
189.714,220.601,242.704
188.176,221.633,246.075
185.527,218.943,245.562
188.258,216.377,244.878
190.246,217.424,247.954
187.099,217.367,250.098
186.083,213.969,248.706
189.593,212.662,249.442
189.574,214.399,252.853
186.24,214.201,254.703
185.191,210.654,253.712
187.971,208.964,251.716
186.889,205.432,252.697
183.143,206.155,252.674
180.723,206.43,249.728
180.068,209.911,248.36
177.649,211.386,245.819
178.328,214.584,243.858
175.352,216.371,242.298
175.829,218.575,239.235
173.209,220.864,237.631
174.284,219.936,234.082
174.834,216.561,232.443
178.234,217.614,231.061
179.56,218.635,234.496
179.549,215.044,235.785
182.019,213.843,233.145
184.308,216.853,233.6
184.11,216.448,237.382
184.954,212.746,237.083
187.909,213.436,234.78
189.083,216.252,237.058
188.806,213.908,240.048
190.765,211.236,238.165
193.557,213.632,237.189
193.491,215.175,240.671
193.789,211.705,242.204
196.622,210.962,239.76
198.493,214.128,240.775
199.002,212.607,244.242
200.324,209.332,242.74
197.466,207.104,243.916
195.671,204.283,242.105
192.372,202.562,242.944
191.76,205.061,245.745
188.004,205.38,245.12
187.562,201.675,244.256
187.01,199.338,247.202
187.038,196.142,245.116
189.337,194.978,242.324
188.884,195.257,238.56
188.041,191.555,238.19
184.805,191.991,240.149
183.92,195.066,238.064
184.817,193.379,234.746
181.257,192.023,234.242
179.863,195.446,235.168
182.105,197.089,232.568
181.117,194.429,230.022
177.413,195.094,230.696
177.85,198.808,229.893
177.354,200.169,226.376
179.574,203.24,226.921
183.369,203.24,226.834
183.739,206.316,229.051
181.353,204.815,231.617
183.436,201.633,231.864
186.769,203.48,231.84
185.666,205.96,234.509
183.82,203.195,236.371
186.965,201.047,236.537
188.714,203.786,238.539
185.84,203.977,241.035
184.348,207.323,239.977
182.108,207.152,236.923
179.37,209.608,236.047
175.588,209.76,235.76
173.585,211.98,233.408
170.141,212.151,231.819
171.368,210.739,228.5
172.283,207.403,230.071
169.865,204.485,230.018
167.928,203.513,233.168
169.738,200.157,233.151
173.127,201.892,233.262
171.923,204.128,236.1
170.641,201.05,237.944
173.99,199.297,237.46
176.016,202.312,238.613
173.63,202.822,241.536
173.894,199.12,242.393
177.701,199.235,242.284
177.861,202.428,244.355
175.252,201.213,246.851
176.859,197.758,247.054
180.179,199.326,248.076
182.107,198.86,244.826
182.187,202.594,244.002
182.934,205.082,246.785
182.29,208.119,244.544
179.379,208.894,242.216
178.658,211.942,240.046
175.0,212.392,239.102
172.914,215.196,237.65
170.858,217.512,239.845
167.669,216.34,238.108
168.333,212.834,239.479
168.664,214.086,243.07
164.912,213.675,243.599
164.995,210.235,241.954
168.121,208.837,243.618
167.302,205.627,245.5
170.732,205.379,247.175
172.47,207.504,249.801
176.061,208.124,250.876
178.143,209.62,253.673
178.889,212.916,251.889
177.193,215.142,249.31
178.158,218.135,247.164
176.695,220.505,244.564
178.043,222.953,241.976
177.784,226.576,243.203
174.258,227.982,243.692
172.995,227.87,240.107
171.89,225.661,237.215
171.52,226.052,233.451
168.577,227.861,231.848
167.897,227.957,228.117
164.888,230.273,228.153
166.756,233.436,229.197
170.133,232.136,227.915
171.622,232.609,231.387
172.039,230.821,234.721
169.27,230.435,237.298
169.611,229.589,240.975
168.208,226.341,242.346
165.271,226.343,244.786
165.848,225.539,248.442
163.827,222.329,248.037
166.607,220.717,245.993
169.119,221.757,248.659
166.833,220.234,251.299
166.561,216.923,249.438
170.262,216.778,248.547
171.167,217.81,252.099
168.812,215.168,253.498
170.3,212.525,251.195
173.446,212.45,253.371
171.543,211.233,256.46
171.349,207.439,256.819
170.133,206.72,260.365
169.58,203.027,259.58
173.307,202.367,259.087
175.676,205.333,259.344
175.87,206.748,262.867
177.282,210.053,261.566
177.369,212.02,258.333
178.887,215.016,256.59
177.687,217.524,254.002
179.715,220.003,251.937
177.693,222.696,250.15
179.681,224.916,247.784
178.065,228.106,246.497
178.705,231.787,245.87
179.857,234.043,248.684
176.618,236.028,248.535
174.382,232.936,248.746
176.338,231.315,251.595
174.54,233.302,254.306
171.047,232.519,253.001
171.758,228.801,252.59
173.603,228.709,255.925
170.901,230.434,257.983
168.068,228.748,256.067
169.334,225.197,256.63
170.029,225.766,260.345
166.523,227.087,261.106
162.97,225.97,260.276
161.906,227.498,256.968
158.306,228.773,256.84
156.058,228.132,253.856
154.002,230.556,251.778
150.548,230.161,250.244
150.675,229.907,246.446
146.884,229.594,246.076
146.731,233.279,245.101
148.729,232.56,241.934
146.376,229.887,240.546
142.745,231.013,240.735
140.768,230.671,237.495
141.931,227.05,237.174
140.45,225.927,240.496
137.574,228.415,240.242
136.649,227.013,236.823
137.152,223.378,237.848
134.93,223.972,240.883
132.539,226.096,238.804
131.9,223.195,236.426
131.422,220.951,239.478
128.85,223.477,240.806
130.666,223.632,244.148
130.474,227.436,244.478
127.546,229.089,242.687
128.182,232.579,244.102
130.945,234.841,245.376
129.817,234.106,248.941
130.322,230.363,248.451
133.745,231.145,246.979
134.493,233.231,250.074
133.517,230.273,252.271
135.591,227.844,250.194
138.508,230.276,250.401
137.843,230.528,254.145
138.105,226.725,254.42
141.55,226.702,252.76
145.022,227.534,254.062
144.978,230.985,252.433
142.529,232.302,255.035
144.606,230.659,257.774
147.826,232.342,256.628
146.231,235.703,255.78
144.022,235.644,258.889
147.012,236.095,261.206
148.627,238.903,259.172
146.29,240.545,256.634
149.17,242.855,255.657
150.902,239.954,253.887
147.89,239.844,251.528
148.313,243.561,250.664
145.115,244.452,252.532
144.387,248.018,253.628
143.126,246.895,257.046
143.574,244.172,259.641
139.878,244.027,260.577
137.378,241.381,259.487
135.561,243.694,257.063
138.787,244.331,255.139
139.561,240.611,254.834
136.005,239.633,253.876
135.667,242.566,251.47
139.101,241.781,250.022
138.105,238.134,249.552
134.81,239.089,247.898
136.522,241.653,245.664
139.237,239.115,244.829
136.601,236.511,243.952
134.814,239.096,241.8
138.046,240.069,240.035
138.947,236.409,239.487
135.418,235.711,238.232
135.697,238.641,235.814
139.102,237.409,234.636
137.591,233.96,234.088
134.684,235.605,232.247
137.038,237.476,229.9
138.109,234.082,228.511
134.44,233.171,227.83
134.849,230.17,230.147
132.006,231.285,232.453
129.01,233.636,232.482
128.436,236.012,235.4
124.839,236.895,236.299
124.276,240.241,238.057
127.917,240.102,239.246
126.964,237.401,241.771
126.107,234.016,240.27
128.439,232.277,237.818
127.72,229.411,235.426
130.238,227.334,233.45
130.528,227.502,229.67
131.578,225.058,226.961
135.228,226.096,227.292
135.023,225.924,231.083
133.32,222.527,231.103
135.664,221.115,228.45
138.74,222.56,230.167
137.594,221.358,233.598
136.605,217.908,232.311
139.779,217.456,230.235
141.977,219.046,232.957
143.466,221.811,230.82
144.524,225.384,231.493
142.292,228.328,230.636
145.011,229.831,228.425
144.875,226.816,226.103
141.074,227.062,225.952
141.096,230.787,225.165
143.954,230.494,222.663
142.349,227.405,221.115
138.981,229.169,220.832
140.509,232.349,219.371
143.022,230.456,217.189
141.505,227.462,215.38
138.901,228.112,212.686
136.976,226.22,210.005
140.018,226.329,207.687
142.282,224.562,210.2
144.059,221.34,209.243
146.382,218.77,210.81
149.296,221.187,210.415
147.293,224.03,211.948
146.078,221.798,214.772
149.647,220.651,215.453
151.09,224.175,215.357
148.264,225.501,217.537
148.521,222.491,219.86
152.279,223.029,220.264
151.623,226.522,221.684
149.512,225.23,224.586
150.632,225.782,228.171
151.117,222.029,228.645
153.854,221.947,225.98
155.685,224.991,227.402
156.988,223.014,230.409
159.766,221.295,228.414
163.146,222.648,229.6
165.854,223.777,227.193
169.14,221.974,227.813
172.63,223.36,227.263
174.113,223.559,223.753
170.684,222.801,222.263
170.86,225.555,219.626
173.134,223.508,217.352
171.095,220.304,217.695
167.808,222.107,217.024
169.216,223.554,213.792
170.53,220.177,212.619
167.217,218.496,213.45
165.339,221.393,211.829
167.369,221.122,208.612
166.081,217.57,208.057
162.544,218.463,209.214
159.871,218.381,206.474
158.794,221.954,207.327
161.644,224.469,207.333
161.665,227.986,208.776
163.299,231.321,207.967
165.546,232.64,210.767
164.536,230.118,213.456
164.577,230.952,217.158
165.42,228.222,219.671
164.656,230.438,222.689
160.961,229.448,222.569
160.013,225.957,223.813
157.031,225.878,221.434
159.4,225.593,218.466
161.226,222.731,220.195
157.975,220.898,220.956
156.671,221.468,217.423
159.975,220.342,215.893
160.076,217.266,218.135
156.465,216.459,217.235
157.099,216.951,213.511
160.237,214.798,213.714
158.415,212.13,215.736
155.515,212.022,213.267
158.024,211.654,210.404
159.52,208.491,211.988
162.977,210.059,212.267
165.705,208.884,214.629
166.226,211.189,217.612
168.167,211.252,220.866
166.842,209.578,224.005
166.194,213.027,225.487
164.206,213.939,222.372
162.43,210.578,222.682
161.346,211.264,226.267
160.382,214.829,225.339
158.449,213.384,222.392
156.729,211.003,224.826
155.681,213.763,227.23
154.678,215.943,224.275
152.88,212.879,222.89
150.756,212.407,226.017
150.191,216.149,226.435
149.436,216.256,222.702
146.929,213.422,223.177
145.113,215.194,226.012
145.311,218.507,224.142
144.107,216.643,221.043
141.061,215.389,222.95
140.326,218.839,224.386
140.898,220.4,220.96
138.532,217.805,219.483
135.91,218.71,222.089
136.312,222.433,221.392
136.289,221.828,217.632
133.135,219.72,217.979
131.518,222.359,220.209
132.35,225.128,217.717
130.084,223.518,215.106
132.765,222.98,212.44
132.814,219.394,211.172
136.039,219.493,209.134
138.292,220.665,212.023
136.676,217.935,214.137
137.431,215.224,211.569
140.974,216.575,211.235
141.2,216.555,215.043
140.168,212.902,215.337
142.404,211.923,212.414
145.195,213.978,213.993
144.656,212.097,217.262
144.79,208.711,215.524
147.843,209.761,213.506
149.427,211.085,216.707
148.769,207.763,218.451
150.232,205.849,215.498
153.035,208.46,215.177
152.61,209.122,211.471
151.705,211.915,209.06
148.625,211.248,206.934
149.75,213.877,204.408
153.153,212.331,203.647
151.95,208.729,203.349
148.899,206.708,204.361
150.895,203.487,204.903
152.927,204.885,207.824
150.299,203.853,210.401
151.861,200.37,210.458
154.601,199.432,212.966
158.309,199.925,212.253
158.966,198.896,208.658
161.12,199.697,205.634
160.38,200.42,201.981
160.461,196.691,201.214
157.969,195.951,203.997
155.765,198.829,202.822
155.842,197.465,199.269
155.003,194.026,200.673
152.061,195.467,202.619
150.879,197.234,199.461
151.252,194.025,197.439
149.336,192.058,200.091
146.343,194.375,199.658
146.44,196.02,203.094
144.834,199.467,202.908
141.796,199.802,205.183
141.785,198.264,208.663
138.087,197.32,208.501
138.597,193.887,206.926
142.308,193.742,207.843
141.092,192.798,211.249
137.682,191.489,210.337
138.805,188.358,208.546
141.718,186.53,210.157
145.093,186.947,208.444
146.791,183.603,207.762
149.465,185.112,205.492
152.895,183.698,206.29
155.967,185.888,206.729
157.788,184.007,203.937
155.433,185.26,201.205
157.097,188.587,200.383
159.484,190.23,202.857
162.145,188.673,205.078
162.634,189.282,208.831
159.653,187.315,210.122
159.911,189.153,213.461
158.693,192.437,211.966
156.015,190.581,209.994
154.96,188.949,213.27
154.736,192.296,215.074
152.794,193.764,212.146
150.638,190.62,212.155
149.82,190.964,215.859
149.208,194.706,215.502
147.141,194.148,212.348
145.115,191.369,213.983
144.727,193.558,217.092
142.883,196.236,215.105
139.266,196.766,216.221
136.471,195.224,214.15
133.17,197.087,214.543
130.058,196.198,212.532
127.204,198.506,213.539
123.693,199.362,212.359
122.087,202.798,212.042
118.394,203.287,212.789
116.017,206.165,213.522
113.627,205.912,216.47
110.08,207.024,215.578
111.08,208.241,212.121
107.492,207.991,210.859
106.194,210.377,213.544
108.841,213.006,212.725
107.701,216.216,211.04
109.217,219.409,209.634
111.402,221.048,212.264
110.939,218.163,214.687
113.467,216.2,216.73
115.342,213.374,215.008
116.912,210.639,217.153
119.544,208.447,215.477
120.307,205.21,217.333
123.416,203.159,216.522
124.448,199.835,218.077
127.922,198.415,217.442
129.401,195.004,218.221
132.83,193.378,218.018
133.814,189.727,217.688
137.085,189.983,219.623
137.027,191.005,223.276
138.685,194.222,224.425
141.885,193.501,226.358
144.84,195.71,227.204
145.413,199.344,226.249
145.276,200.903,222.785
147.516,199.285,220.166
150.376,201.36,218.7
154.163,200.866,218.521
155.19,204.429,219.418
152.448,205.233,221.955
154.187,205.969,225.281
151.002,206.005,227.38
148.722,203.006,227.903
145.057,203.992,227.699
141.777,202.351,226.762
140.51,202.403,223.18
137.76,204.974,222.681
135.419,205.914,219.857
133.801,209.087,218.523
130.368,208.916,216.882
129.454,212.15,215.086
126.619,213.016,212.703
126.398,216.015,210.392
125.851,217.27,206.868
128.904,216.937,204.623
127.609,219.497,202.105
127.285,222.39,204.574
130.275,221.227,206.685
128.236,221.487,209.891
128.202,219.036,212.803
124.649,218.417,214.009
125.6,216.177,216.939
128.494,214.093,218.251
129.171,211.576,221.008
132.057,209.616,222.502
132.018,206.27,224.301
134.211,203.236,224.883
133.822,200.346,222.451
133.994,197.531,225.048
133.268,195.068,222.193
129.613,196.157,222.323
128.002,199.588,222.464
124.648,201.319,222.027
124.578,205.028,221.158
121.651,207.354,220.437
122.202,210.803,218.927
119.499,213.473,218.904
119.196,216.092,216.171
116.681,218.472,214.591
115.018,217.998,211.22
115.746,220.807,208.731
112.975,223.096,207.513
113.711,222.243,203.856
111.951,218.872,204.061
113.479,215.462,203.498
117.275,215.588,203.383
120.226,213.204,203.572
122.815,213.236,206.363
126.175,211.552,206.965
127.135,209.53,210.046
130.887,209.43,210.702
132.62,207.002,213.071
136.305,207.303,213.957
138.502,206.508,216.947
141.403,208.352,218.583
143.996,205.597,218.061
143.412,203.203,215.163
144.057,204.81,211.773
142.475,203.667,208.52
139.335,202.19,210.112
137.36,205.441,209.803
134.162,204.972,207.796
131.087,207.033,206.946
127.429,206.02,206.664
124.933,208.171,204.765
121.446,208.298,206.281
118.222,210.043,205.291
115.863,212.091,207.465
112.23,212.662,206.495
269.055,363.713,180.313
269.202,361.018,182.913
267.178,360.539,185.991
268.814,361.956,189.071
266.793,362.3,192.186
263.124,362.252,193.005
261.737,364.828,195.376
258.775,363.822,197.464
256.98,365.79,200.118
254.049,367.547,198.523
250.739,366.108,199.673
248.917,366.971,196.478
249.606,367.662,192.838
252.58,369.853,192.153
251.654,372.985,190.233
254.985,374.474,189.249
258.731,374.288,189.709
261.351,376.927,189.08
265.089,377.184,189.523
266.558,380.121,191.403
268.544,382.383,189.155
271.725,381.71,191.078
271.14,378.022,190.438
271.262,377.083,194.114
267.663,376.131,194.665
264.471,374.824,193.16
261.119,376.138,194.32
257.937,374.181,193.996
254.292,375.095,194.477
251.416,372.728,194.943
247.727,372.166,195.421
248.607,371.388,198.993
248.919,375.146,199.464
252.619,374.869,200.183
255.81,376.134,198.615
258.889,374.001,199.041
262.562,374.766,198.505
264.914,372.052,197.351
268.627,371.889,196.549
269.178,372.244,192.799
272.309,370.094,192.542
270.756,367.074,194.071
267.728,367.827,196.028
268.011,365.072,198.482
267.727,367.934,200.794
264.481,369.708,201.039
265.58,373.072,202.251
262.315,374.133,203.785
258.607,374.746,203.426
256.924,378.089,203.103
253.287,378.242,204.069
250.591,380.849,204.485
248.266,380.506,201.504
244.705,379.538,202.345
244.179,377.526,199.183
246.055,375.724,196.431
248.821,377.511,194.578
248.993,377.629,190.774
252.398,379.214,190.335
255.515,380.506,192.053
258.338,382.563,190.655
261.711,383.905,191.703
263.002,387.421,191.714
266.095,387.989,189.61
268.266,388.276,192.705
266.808,385.014,193.974
265.987,386.7,197.243
262.232,386.658,196.861
259.402,384.478,195.64
255.962,385.437,194.38
253.106,382.952,194.538
249.633,382.942,192.982
246.834,381.14,194.741
243.178,380.123,194.645
242.818,382.246,197.755
242.816,385.063,195.211
245.936,386.601,196.583
249.568,386.643,195.689
252.229,386.574,198.317
255.724,387.958,198.182
258.068,385.915,200.269
261.541,386.456,201.605
263.194,383.15,200.91
265.812,383.277,203.609
263.464,384.332,206.386
260.443,382.523,205.02
258.458,385.587,205.971
255.569,386.833,203.913
256.541,390.368,203.034
253.233,391.286,201.52
249.955,389.816,200.437
248.654,391.279,197.237
244.908,391.607,197.196
242.758,393.004,194.451
241.962,390.138,192.128
238.301,389.196,192.133
239.034,385.568,191.365
241.741,382.932,191.574
245.241,384.072,190.724
246.71,381.658,188.159
250.122,382.99,187.174
252.76,385.463,188.24
256.242,386.752,187.446
258.564,389.449,188.574
259.912,391.981,186.107
263.623,392.058,185.392
263.769,394.869,187.912
262.304,392.213,190.108
261.558,393.805,193.357
260.345,396.643,191.27
257.24,395.005,189.86
255.183,391.859,189.641
252.613,390.866,187.043
249.759,388.532,187.704
246.998,386.873,185.724
243.685,385.811,187.169
240.467,383.931,186.51
238.914,387.348,186.863
240.277,387.884,183.389
242.502,390.733,184.376
246.222,391.239,184.49
247.507,393.304,187.346
250.798,395.091,187.838
251.965,395.419,191.406
254.714,397.35,193.132
256.75,394.854,195.08
258.047,397.122,197.798
254.685,398.784,198.452
252.639,395.702,197.488
250.068,398.068,196.045
248.483,397.474,192.674
249.635,400.048,190.162
247.397,399.096,187.288
244.641,396.732,186.266
244.362,395.616,182.662
241.119,394.328,181.222
242.874,391.629,179.232
239.975,389.235,178.093
238.965,385.845,179.707
240.816,383.73,182.333
244.537,384.425,182.069
246.809,381.392,181.828
250.191,383.095,181.924
251.939,386.437,182.152
255.568,387.324,181.598
257.765,390.39,181.221
260.034,391.08,178.282
263.784,391.311,178.814
263.578,395.09,179.37
260.322,394.756,181.33
258.853,397.323,178.983
256.307,394.829,177.742
254.104,392.163,179.226
252.73,389.215,177.337
249.648,387.427,178.495
247.779,384.384,177.315
244.256,383.302,177.961
241.385,380.903,177.484
240.016,383.585,175.174
242.535,382.115,172.669
244.562,385.252,172.44
248.095,386.258,173.255
248.44,389.92,173.878
251.312,392.249,174.42
250.848,395.145,176.755
252.859,398.273,177.371
253.85,398.142,180.993
253.784,401.882,181.518
250.815,402.731,179.307
248.807,399.521,179.897
247.704,399.825,176.294
247.302,396.694,174.235
250.05,396.803,171.671
249.094,393.689,169.791
247.145,390.501,169.787
248.419,387.331,168.237
246.416,384.324,167.127
246.726,381.664,164.453
244.024,379.925,162.501
242.556,378.179,165.509
241.383,379.304,168.904
243.224,377.965,172.012
246.066,379.415,174.457
247.451,377.889,177.748
250.969,379.245,178.33
253.189,382.008,177.04
256.616,383.481,177.692
259.252,385.592,175.999
262.492,384.078,174.774
265.693,384.785,176.622
266.596,387.061,173.739
263.243,388.764,174.088
262.807,388.506,170.343
260.202,385.795,170.374
257.331,384.42,172.373
256.727,380.75,172.973
253.096,379.891,173.332
251.33,376.678,174.113
247.843,375.886,172.974
245.28,373.289,174.02
245.598,371.637,170.664
248.807,369.798,171.524
250.987,372.441,169.974
253.768,374.807,170.956
254.728,377.682,168.738
257.483,380.239,168.561
256.364,383.596,167.291
258.142,386.727,166.219
256.069,389.282,168.065
258.081,392.148,166.55
257.725,395.621,167.782
256.329,398.28,165.512
254.325,396.488,162.917
254.34,393.114,164.443
256.074,390.315,162.72
253.187,388.453,164.207
254.48,385.42,162.438
254.902,381.888,163.657
258.519,380.899,163.162
258.322,377.351,164.423
255.835,374.768,165.585
256.66,371.986,167.987
254.426,368.963,168.149
254.487,365.289,168.949
253.588,365.632,172.561
250.255,365.574,174.103
251.633,368.633,175.817
248.09,369.412,176.311
245.899,367.15,174.403
243.008,368.968,175.684
243.726,370.88,178.745
246.366,371.438,181.33
248.268,374.644,181.588
251.681,373.116,181.089
254.713,375.336,181.158
257.346,375.348,178.461
260.924,376.461,178.612
263.892,377.383,176.515
266.978,375.477,177.465
269.991,377.632,176.977
272.452,374.918,177.73
271.919,373.631,174.15
269.119,375.258,172.261
266.062,373.224,173.02
262.42,373.614,173.9
261.244,371.637,176.89
257.744,370.884,178.026
255.677,368.477,180.045
253.007,366.373,178.434
249.661,364.744,179.147
251.176,361.378,178.423
253.346,361.747,181.524
256.538,362.401,179.616
258.932,365.297,179.318
259.589,366.323,175.746
262.673,368.044,174.436
262.845,369.496,170.953
265.601,371.055,168.943
264.549,374.653,168.729
265.719,375.159,165.17
264.989,371.751,163.679
261.898,371.3,165.839
262.654,367.601,165.911
262.206,365.747,169.168
265.599,365.033,170.672
264.523,363.067,173.701
261.624,362.065,175.938
261.931,361.511,179.661
259.892,358.747,181.161
259.317,358.071,184.842
256.412,360.124,186.103
253.131,358.492,187.042
250.928,361.321,185.863
250.764,364.423,183.726
253.854,366.535,183.863
252.505,369.973,184.557
255.747,371.87,184.884
259.376,371.777,183.862
262.278,374.104,184.515
265.807,374.366,183.192
268.791,375.102,185.406
270.523,378.267,184.427
274.13,377.06,184.474
274.031,373.308,184.143
272.167,370.893,181.994
269.575,370.016,184.592
265.855,369.74,184.133
263.265,369.648,186.868
259.915,368.071,186.178
256.813,368.034,188.315
253.691,366.041,187.981
250.379,365.146,189.439
252.435,362.043,190.69
253.125,364.539,193.387
256.786,364.096,192.871
259.395,366.328,191.332
262.352,364.845,189.647
265.672,366.165,188.478
267.355,365.039,185.32
271.031,365.54,184.66
272.684,365.009,181.376
276.42,364.635,181.397
296.357,258.3,259.396
294.764,260.029,262.381
291.264,261.331,261.721
290.357,265.006,262.079
287.706,266.124,264.572
285.662,268.324,262.227
286.194,265.819,259.408
284.969,262.856,261.462
281.976,264.827,262.746
281.142,265.992,259.218
281.358,262.405,257.963
279.117,261.298,260.835
276.499,263.952,260.067
276.694,263.15,256.351
276.281,259.417,256.977
273.425,259.883,259.452
271.672,262.388,257.185
272.175,260.078,254.201
270.736,257.128,256.13
267.744,259.091,257.43
267.121,260.608,253.995
267.427,257.192,252.343
265.032,255.52,254.784
262.632,258.463,254.504
262.751,258.315,250.702
262.195,254.55,250.747
259.287,254.963,253.172
257.66,257.603,250.971
258.255,255.876,247.609
257.783,252.384,249.039
255.597,250.467,251.468
258.405,248.514,253.156
258.755,250.614,256.349
255.723,250.513,258.632
256.395,253.974,260.126
254.284,253.466,263.267
254.551,256.406,265.716
254.822,254.426,268.954
255.233,256.075,272.37
256.243,255.359,275.964
255.253,256.14,279.573
253.135,259.269,280.001
253.506,260.155,276.315
251.251,257.229,275.39
248.836,258.11,278.201
247.897,261.334,276.409
247.875,259.248,273.219
245.209,256.965,274.738
242.757,256.403,271.925
239.63,254.783,273.334
238.91,254.426,277.053
241.066,252.514,279.524
242.047,249.024,280.751
242.255,246.384,278.0
243.166,248.303,274.828
245.825,250.662,276.313
247.216,247.709,278.265
247.712,245.504,275.199
248.948,248.41,273.078
251.102,249.689,275.948
252.669,246.288,276.6
252.94,246.005,272.813
254.864,249.286,272.609
257.116,248.435,275.552
257.455,244.945,274.074
258.343,246.464,270.697
260.989,248.809,272.1
262.173,246.16,274.562
262.226,243.707,271.648
264.34,246.186,269.694
266.743,246.424,272.637
266.807,242.622,272.808
267.666,242.53,269.106
270.406,245.131,269.572
271.751,243.078,272.478
271.356,239.963,270.328
273.604,241.358,267.595
275.821,242.98,270.233
276.499,239.773,272.18
276.366,237.911,268.855
279.386,239.792,267.512
280.966,239.657,270.989
281.962,235.972,271.198
283.809,236.342,274.499
285.4,232.902,274.149
286.279,233.344,270.47
287.449,236.946,270.861
289.316,236.096,274.067
291.049,233.063,272.551
291.702,235.058,269.372
293.169,237.942,271.373
295.351,235.678,273.514
296.287,233.624,270.442
297.181,236.647,268.318
298.952,238.279,271.263
300.693,235.053,272.337
303.734,235.292,270.067
303.689,237.31,266.86
306.732,239.257,265.66
310.062,239.314,263.822
312.213,241.485,261.584
315.811,240.262,261.69
316.923,240.184,265.32
315.213,240.877,268.655
315.975,242.74,271.868
316.62,240.703,275.017
316.769,241.365,278.761
318.62,239.427,281.464
317.183,239.308,284.985
319.068,238.22,288.094
317.262,236.855,291.149
318.829,235.232,294.193
316.413,232.426,295.152
312.836,231.754,296.264
310.289,229.191,297.47
306.802,229.828,296.105
306.277,228.652,292.486
304.683,232.051,291.786
307.916,232.961,290.0
307.314,229.995,287.689
303.762,231.322,287.41
305.285,234.567,286.146
307.102,232.295,283.699
303.661,230.909,282.831
302.144,234.302,282.012
305.467,235.09,280.36
304.752,231.947,278.337
301.432,233.631,277.615
303.564,236.295,275.943
306.08,233.477,275.217
309.799,234.334,275.003
313.217,233.438,273.661
316.273,232.218,275.606
315.387,230.732,278.987
315.547,230.934,282.764
317.99,229.35,285.226
317.613,228.577,288.92
319.441,227.545,292.114
323.187,228.242,292.512
323.62,231.574,294.324
321.478,233.423,291.763
318.828,232.834,289.106
319.562,233.77,285.495
316.435,234.673,283.511
316.623,235.953,279.926
313.836,236.69,277.434
314.269,238.021,273.89
311.077,239.51,272.457
309.313,242.683,271.326
308.917,245.916,273.236
305.63,245.154,275.031
306.667,241.568,275.766
310.0,242.337,277.44
308.556,245.479,279.033
305.623,243.404,280.287
307.829,240.683,281.768
310.265,243.241,283.184
307.3,245.277,284.428
305.652,242.329,286.185
308.945,241.023,287.568
309.994,244.616,288.265
307.886,244.951,291.432
306.456,241.645,292.709
307.441,238.621,294.842
309.936,240.869,296.649
310.04,239.645,300.26
316.101,237.499,301.265
315.11,237.514,297.59
316.34,240.316,295.342
315.486,240.531,291.638
317.673,242.745,289.443
318.276,243.194,285.717
321.746,241.974,284.748
321.664,242.689,281.003
319.318,244.112,278.384
319.15,245.329,274.768
320.867,242.385,273.053
321.621,242.033,269.344
319.502,239.299,267.758
318.816,235.953,269.403
316.801,233.191,267.802
314.597,230.981,269.986
314.501,228.757,273.076
312.037,227.454,275.654
311.713,228.176,279.394
311.833,225.771,282.335
312.645,225.557,286.052
316.112,224.276,285.057
318.307,221.311,285.959
321.038,223.682,287.166
322.147,223.166,290.764
325.637,224.418,291.685
328.429,225.321,289.244
328.024,222.05,287.354
324.696,221.731,285.538
324.693,225.525,284.907
327.85,225.128,282.815
326.445,222.11,280.964
323.065,223.638,280.107
324.747,226.956,279.314
327.224,225.159,277.049
324.241,223.493,275.361
322.707,226.888,274.518
325.141,229.814,274.365
328.579,230.475,275.824
327.76,234.16,276.332
324.926,233.201,278.683
327.461,231.411,280.888
329.803,234.394,281.068
326.889,236.729,281.757
325.453,234.376,284.385
328.844,234.145,286.089
329.212,237.919,285.767
325.9,238.617,287.511
326.602,235.728,289.91
329.736,237.419,291.296
328.012,239.28,294.164
331.367,240.47,295.501
332.208,244.09,294.627
261.438,251.983,240.151
264.524,250.092,241.369
266.044,253.401,242.468
267.425,252.045,245.759
270.175,250.032,244.062
271.044,252.955,241.784
271.153,255.335,244.753
273.299,252.968,246.823
275.653,252.374,243.891
275.793,256.116,243.205
276.649,256.656,246.876
279.281,253.914,246.453
280.915,255.835,243.573
283.967,256.714,245.743
286.829,257.539,243.284
288.467,260.932,243.84
288.492,264.654,242.999
291.36,265.32,240.551
291.977,261.692,239.548
288.315,261.28,238.587
288.832,263.914,235.891
291.364,261.796,233.997
289.039,258.839,234.557
286.209,260.976,233.171
288.239,261.672,230.031
289.172,257.972,229.975
285.62,256.654,230.377
284.258,259.025,227.74
285.163,261.863,225.402
282.888,264.553,226.967
285.274,265.256,229.848
283.61,268.675,230.263
280.147,270.169,229.768
278.647,273.613,229.265
278.402,275.452,232.572
279.724,272.423,234.436
281.862,272.711,237.549
284.423,270.364,239.1
281.859,268.931,241.524
279.371,268.489,238.678
282.05,266.864,236.518
283.006,264.459,239.311
279.365,263.689,240.11
278.61,263.101,236.424
281.719,260.967,235.876
281.459,258.821,239.01
277.654,258.737,238.817
277.717,257.578,235.19
280.312,254.965,236.138
278.313,253.663,239.104
275.126,253.669,237.012
276.788,251.518,234.321
279.216,249.004,235.791
282.644,248.396,237.286
285.4,250.363,235.539
288.806,248.688,235.607
291.51,251.018,236.914
293.744,249.441,239.567
292.605,245.919,238.658
327.372,240.257,242.208
329.041,239.329,245.513
332.013,241.729,245.612
332.594,241.208,241.866
332.884,245.003,241.633
336.14,244.68,243.58
337.306,241.809,241.367
336.397,243.819,238.268
339.448,246.086,238.438
341.91,245.815,241.367
343.826,248.399,239.336
346.569,248.18,236.727
349.037,250.308,238.684
347.86,252.295,241.741
346.804,249.407,243.988
349.906,247.518,242.819
352.301,250.246,243.976
350.309,250.875,247.157
350.301,247.084,247.487
354.104,247.116,247.291
354.303,249.812,249.975
351.467,248.442,252.126
352.916,244.94,251.823
356.392,246.448,252.249
355.263,247.668,255.665
353.247,244.477,256.179
356.084,241.937,255.96
358.123,243.599,258.756
354.855,243.836,260.702
354.297,240.099,260.246
357.885,239.349,261.273
357.286,241.697,264.21
354.173,239.658,264.984
356.195,236.435,264.992
358.826,238.188,267.111
356.222,239.402,269.607
354.765,235.889,269.601
358.266,234.585,270.321
358.689,237.024,273.213
355.256,236.125,274.585
355.852,232.451,273.751
356.783,231.066,277.161
356.333,233.198,280.277
353.912,231.206,282.491
354.835,232.837,285.798
355.842,236.215,284.353
352.803,236.747,282.099
350.54,235.043,284.643
351.538,237.226,287.599
352.196,240.235,285.36
348.775,239.851,283.745
347.135,239.389,287.15
348.918,242.478,288.482
348.011,244.325,285.279
344.312,243.547,285.702
344.531,244.374,289.412
346.156,247.694,288.503
343.534,248.38,285.83
340.736,247.724,288.325
342.419,249.982,290.91
343.086,252.733,288.353
341.774,256.187,289.215
338.458,256.908,287.491
337.579,260.485,286.501
340.891,262.15,287.33
339.4,265.484,286.196
336.538,267.041,284.237
337.162,269.881,281.785
334.424,272.181,280.522
333.72,272.419,276.809
331.495,273.997,274.198
327.731,273.566,274.394
327.827,271.589,271.146
328.216,267.816,271.661
331.747,266.52,271.138
331.685,263.954,268.337
334.972,262.186,269.102
337.963,262.783,271.381
341.253,261.469,269.986
344.579,261.287,271.815
347.772,262.613,270.271
350.533,260.087,269.469
352.727,261.749,272.108
349.863,261.266,274.627
350.653,264.734,275.999
347.735,266.404,274.179
344.17,265.555,273.186
341.854,266.726,270.404
338.069,266.821,270.829
336.044,267.063,267.61
332.693,268.867,267.709
330.694,271.508,265.86
332.396,274.768,264.8
335.693,272.831,264.65
337.956,270.996,267.059
339.94,272.56,269.898
343.123,270.949,271.212
343.545,270.379,274.946
346.262,269.094,277.261
345.911,265.532,278.538
347.983,265.243,281.733
347.866,269.013,282.488
344.075,268.856,281.896
344.045,272.312,280.3
343.445,273.858,276.889
345.999,273.757,274.071
344.614,275.446,270.931
341.374,275.869,268.987
340.992,275.177,265.257
337.943,277.042,263.946
338.491,276.282,260.24
337.199,272.71,260.497
333.726,271.478,259.679
331.108,273.463,261.59
328.216,271.002,261.091
328.185,267.419,262.412
331.896,266.778,262.807
333.151,263.216,262.485
335.952,261.139,263.937
339.512,262.487,263.887
342.107,260.101,262.436
345.333,260.666,264.342
348.699,261.359,262.695
351.448,258.678,262.808
353.655,258.09,265.847
356.259,260.503,267.227
359.828,261.402,266.185
358.295,262.775,262.985
358.42,266.357,261.698
355.606,266.855,264.239
353.519,270.042,264.355
354.82,272.532,261.755
354.768,270.767,258.377
354.595,267.049,257.644
352.468,265.486,260.402
348.782,266.279,259.848
345.812,264.684,261.589
342.884,263.629,259.408
339.326,264.61,260.312
335.913,263.888,258.798
332.316,265.098,259.144
328.839,264.659,257.688
329.37,267.522,255.212
331.399,265.219,252.945
334.596,267.295,253.1
337.523,265.885,255.09
339.826,268.575,256.484
343.284,267.632,257.752
344.251,269.073,261.134
347.69,269.487,262.717
349.328,269.011,266.112
349.384,272.725,266.956
348.183,275.022,264.169
344.738,276.537,264.809
344.833,277.682,261.194
344.309,274.552,259.04
344.58,275.23,255.303
343.883,271.621,254.305
340.561,270.783,252.67
339.64,267.625,250.765
336.333,266.069,249.67
336.239,262.531,248.31
332.48,262.047,248.55
329.38,264.223,248.792
327.684,261.769,251.169
328.072,262.082,254.927
331.329,260.489,256.092
331.148,258.11,259.063
334.709,257.492,260.275
338.255,257.837,258.953
341.466,255.876,259.411
345.131,256.021,258.438
347.44,253.294,257.195
350.169,252.06,259.574
352.827,253.241,257.108
351.088,256.61,256.696
351.226,256.524,252.889
347.422,256.327,252.59
344.373,257.331,254.626
341.132,255.373,254.507
337.652,256.866,254.678
334.257,255.283,255.342
331.145,257.218,254.308
327.41,256.537,254.187
327.79,255.164,250.647
328.116,251.471,249.818
331.866,251.7,249.109
334.811,252.748,251.283
337.194,255.047,249.41
340.925,255.051,250.164
342.753,258.317,249.483
346.496,258.581,248.897
348.433,261.19,250.859
351.202,261.729,248.292
349.016,262.182,245.202
346.143,263.774,247.193
343.774,261.467,245.292
341.872,258.248,245.9
343.203,254.767,245.138
340.503,252.082,245.059
336.8,252.183,245.943
334.983,248.862,246.335
331.472,248.168,247.633
331.185,244.89,249.521
327.979,245.86,251.311
324.641,247.197,250.109
324.121,249.544,253.069
326.485,252.229,254.334
329.858,251.774,256.002
329.652,252.327,259.756
333.381,252.219,260.533
336.709,250.981,259.174
339.534,249.636,261.345
342.846,248.487,259.893
344.691,245.546,261.407
347.8,246.136,263.501
349.924,244.57,260.751
348.417,246.622,257.917
348.011,243.871,255.313
344.204,243.673,255.524
341.776,246.309,256.805
338.253,245.361,257.835
335.422,247.875,257.485
332.218,247.401,259.455
329.201,248.182,257.291
325.548,248.896,257.973
324.692,245.718,256.021
325.735,243.827,259.197
328.345,241.793,257.288
331.838,242.088,258.732
334.297,242.111,255.835
338.101,242.149,256.04
339.502,243.004,252.607
343.088,242.572,251.431
344.818,245.576,249.887
347.107,243.766,247.437
344.741,241.083,246.133
341.426,242.86,246.703
339.559,239.778,247.955
337.58,240.097,251.189
336.837,237.305,253.662
333.446,238.219,255.116
331.001,236.644,257.561
327.445,237.983,257.536
326.326,235.759,260.434
328.477,237.579,262.997
325.956,240.312,263.826
322.353,240.72,262.704
322.054,244.457,263.441
324.296,247.233,262.155
327.777,246.939,263.656
328.639,250.093,265.599
332.394,249.593,265.244
335.202,247.161,264.524
338.528,246.551,266.249
341.534,244.243,266.076
343.612,242.401,268.651
347.083,243.626,269.672
348.736,240.418,268.442
346.454,240.199,265.402
344.97,236.929,266.685
341.441,238.305,267.179
338.988,240.921,265.924
336.315,242.476,268.154
333.385,244.194,266.429
330.622,245.789,268.474
327.099,245.15,267.235
324.112,247.489,267.177
323.138,246.825,270.781
325.196,244.587,273.07
326.659,241.259,271.964
330.104,241.549,270.376
331.567,238.731,268.286
335.305,238.11,268.687
336.545,236.484,265.482
339.413,236.456,262.953
341.892,234.16,264.644
345.425,233.823,263.279
343.927,230.873,261.422
340.833,231.965,259.514
337.643,230.614,261.089
334.402,231.8,262.65
334.616,232.089,266.439
332.097,232.641,269.231
330.774,235.931,270.621
331.06,237.679,273.986
328.197,238.773,276.275
327.351,242.402,277.029
324.681,244.576,278.637
323.362,248.155,278.908
322.765,249.94,275.559
324.277,250.36,272.102
328.069,250.272,272.192
330.176,253.119,270.807
333.723,251.825,270.324
336.375,249.477,271.655
339.923,250.018,272.892
341.122,248.127,269.79
344.809,247.332,270.214
346.78,249.268,272.843
349.394,246.672,271.899
351.33,246.669,275.144
349.65,245.448,278.334
346.07,246.616,278.058
342.909,244.607,277.415
339.836,245.612,275.384
337.518,248.292,276.798
334.127,248.862,275.16
332.069,251.967,275.871
328.337,252.305,275.307
325.46,254.75,275.773
325.346,253.606,279.408
326.934,255.711,282.137
329.463,252.932,282.862
331.983,251.047,280.73
333.894,247.824,281.381
337.252,246.447,280.245
338.145,242.795,279.687
340.602,240.735,277.668
339.405,239.216,274.398
339.928,235.508,275.255
339.652,236.099,279.008
336.612,238.383,279.086
335.346,238.77,282.649
333.608,241.528,284.632
336.945,243.011,285.679
335.663,246.484,286.646
333.527,249.387,285.448
334.404,252.979,284.543
332.084,255.502,286.197
331.947,259.299,286.199
329.684,259.945,283.186
326.299,261.592,283.698
324.918,260.931,280.209
325.913,258.685,277.325
329.378,258.478,275.729
329.82,259.866,272.218
333.468,258.891,271.781
336.653,258.044,273.622
340.266,257.098,272.972
342.873,255.301,275.071
346.194,256.952,275.853
349.175,256.203,273.627
351.571,254.832,276.254
350.257,255.145,279.807
346.923,253.85,281.085
344.172,256.474,280.859
340.635,256.913,279.526
339.248,260.172,278.13
335.598,260.221,277.059
333.628,263.092,275.533
329.882,263.305,274.946
326.926,265.701,274.749
327.456,266.512,278.452
329.844,269.296,277.306
332.487,267.962,279.697
335.724,266.054,279.107
336.186,263.29,281.683
339.712,261.866,281.983
339.924,258.54,283.84
343.509,257.557,284.651
260.03,291.639,233.306
259.573,290.003,229.891
257.708,293.09,228.666
260.906,295.144,228.936
261.981,293.966,225.482
258.387,294.16,224.263
258.003,297.725,222.919
257.282,297.047,219.268
253.53,297.83,219.436
252.47,298.144,215.796
248.726,297.511,216.09
248.259,297.21,219.855
245.103,298.879,221.162
245.046,301.466,224.002
243.342,301.124,227.383
240.047,301.155,225.501
241.263,297.876,224.028
242.491,296.888,227.48
238.962,297.259,228.86
239.515,300.455,230.823
236.591,302.234,232.466
285.373,266.35,251.174
281.876,265.216,252.148
278.579,264.294,250.52
276.864,267.2,252.289
279.136,269.583,250.383
277.611,268.776,246.988
274.072,268.939,248.384
274.355,272.443,249.842
276.58,273.427,246.91
273.746,272.522,244.543
271.318,274.244,246.914
273.162,277.569,246.747
273.933,277.063,243.052
270.233,276.591,242.3
269.391,279.391,244.737
271.45,282.061,242.974
270.29,280.739,239.578
266.563,281.094,240.31
265.584,284.611,239.216
266.199,288.353,239.556
264.693,291.754,238.723
266.062,294.547,236.562
265.994,298.309,237.12
267.147,300.371,234.132
269.863,300.57,231.464
272.948,302.727,230.856
271.17,304.354,227.913
268.019,304.695,230.024
269.89,306.639,232.708
271.411,308.883,230.038
267.961,309.417,228.524
266.644,310.274,231.99
269.495,312.761,232.408
268.634,314.291,229.031
264.961,314.522,229.998
266.041,316.064,233.304
268.12,318.629,231.41
265.168,319.165,229.068
263.416,321.201,231.789
265.503,324.29,232.707
269.307,324.649,232.52
269.529,324.874,236.313
272.994,326.207,237.194
275.687,323.509,237.478
278.49,325.975,236.701
281.078,324.462,239.049
279.887,321.096,237.746
280.745,322.391,234.27
284.243,323.562,235.207
284.931,320.339,237.105
283.192,318.611,234.195
285.886,319.817,231.794
288.714,319.35,234.304
287.194,315.906,234.882
286.801,315.432,231.113
290.559,315.824,230.594
290.975,312.26,231.911
291.633,309.278,229.657
288.874,306.739,229.047
291.001,303.588,229.447
292.239,304.047,233.022
288.907,305.563,234.067
286.945,302.597,232.706
288.55,299.699,234.584
289.18,301.638,237.811
285.842,302.061,239.611
284.814,299.386,242.112
281.587,299.061,244.118
280.065,297.372,247.152
279.633,298.087,250.843
279.971,296.582,254.344
278.778,292.979,254.197
278.332,292.362,257.936
275.621,295.035,258.039
273.757,293.071,255.366
274.393,289.904,257.379
272.906,291.109,260.668
269.968,293.071,259.223
267.662,290.244,257.985
267.073,288.812,261.461
264.384,290.781,263.312
262.946,289.041,266.381
259.769,287.838,268.099
257.598,289.506,270.73
257.489,287.466,273.969
255.815,290.05,276.249
257.011,290.368,279.834
255.34,288.442,282.695
256.676,291.002,285.19
253.307,292.8,285.221
252.364,290.299,287.93
255.269,291.652,289.984
254.067,295.232,289.51
250.669,293.992,290.68
252.466,292.407,293.638
254.035,295.803,294.348
250.873,296.678,296.302
251.652,297.368,299.96
249.957,297.241,303.356
250.507,296.296,307.007
249.998,299.491,309.017
250.48,299.696,312.797
253.341,297.402,313.874
255.736,298.078,310.977
255.153,301.792,311.669
255.418,301.362,315.449
259.234,301.632,315.965
261.286,304.811,315.584
263.131,303.322,312.599
261.006,305.503,310.29
260.41,309.226,310.688
259.259,312.187,308.615
262.091,313.812,306.668
247.672,260.611,311.42
244.136,259.793,310.312
242.614,259.908,313.8
245.078,262.665,314.767
243.828,265.022,312.033
241.527,266.6,314.648
240.235,270.03,313.63
241.076,273.763,313.495
242.837,274.298,310.173
242.88,278.063,309.601
245.038,280.565,307.645
248.106,282.392,308.964
250.188,285.557,308.452
249.053,287.008,305.181
246.923,289.707,303.607
247.575,288.651,300.031
243.905,287.542,299.99
241.27,289.743,298.353
239.138,292.329,300.167
236.027,291.241,298.214
232.629,291.707,299.865
231.86,288.301,298.358
234.589,286.813,300.54
233.231,288.873,303.434
229.791,287.373,302.779
231.48,283.965,302.796
232.874,284.882,306.217
229.359,285.764,307.384
227.916,282.488,306.081
230.825,280.741,307.814
229.773,282.627,310.945
226.129,281.602,310.547
225.566,277.907,311.288
226.872,276.105,314.415
228.657,277.823,317.329
230.827,278.554,314.323
233.546,280.544,315.866
236.703,278.92,316.824
237.362,278.387,313.056
235.4,281.223,311.427
236.192,283.902,313.997
239.769,282.605,313.974
240.153,282.991,310.206
237.554,285.743,309.778
238.796,287.697,312.795
242.43,287.177,311.798
241.715,288.212,308.203
239.395,290.971,309.423
242.076,292.441,311.692
244.632,291.736,308.954
243.531,294.574,306.635
242.031,297.599,308.381
238.804,296.993,310.299
240.133,297.81,313.771
236.876,298.496,315.608
235.2,296.145,313.112
237.417,293.25,314.186
236.938,294.373,317.793
233.157,294.021,317.555
233.753,290.804,315.609
235.987,289.672,318.475
233.151,290.396,320.905
230.695,288.579,318.638
233.161,285.693,318.647
233.468,285.818,322.429
229.673,285.733,322.694
229.215,283.104,319.969
231.971,280.716,321.087
233.248,281.605,324.58
234.468,278.046,325.184
237.24,278.434,322.606
240.602,279.102,324.235
242.323,279.86,320.923
239.62,282.35,319.925
239.74,283.926,323.388
243.529,284.242,323.19
243.325,285.569,319.628
240.714,288.098,320.748
242.993,288.905,323.689
245.66,289.896,321.145
244.446,293.143,319.598
244.706,296.941,319.715
245.755,297.642,323.327
244.019,299.87,325.853
241.072,299.528,328.222
239.152,297.315,325.779
241.888,294.666,325.91
241.643,294.28,329.691
237.854,293.919,329.626
238.17,291.527,326.683
240.651,289.411,328.655
238.681,289.471,331.913
235.266,288.934,330.318
237.034,286.402,328.097
238.358,284.272,330.97
235.067,284.733,332.834
233.191,283.344,329.822
235.866,280.657,329.418
236.939,277.522,331.39
238.727,277.464,334.755
242.189,278.684,333.628
244.998,278.398,331.063
248.119,280.221,329.883
245.665,283.042,329.107
245.998,283.805,332.815
249.681,284.579,332.244
248.92,286.415,328.996
246.108,288.456,330.555
248.373,288.959,333.571
251.158,290.432,331.433
248.968,292.522,329.122
246.411,293.397,331.827
248.113,296.175,333.8
251.145,297.214,335.866
252.895,295.131,338.529
250.059,295.809,340.978
247.35,294.144,338.886
249.983,291.762,337.522
250.59,290.446,341.038
246.828,290.579,341.598
246.178,288.481,338.488
249.119,286.331,339.59
247.43,285.604,342.923
244.158,285.014,341.072
245.945,282.521,338.817
247.673,280.817,341.75
244.346,280.581,343.589
242.605,278.44,340.966
244.113,274.955,340.54
247.656,275.7,342.09
249.186,272.913,340.006
251.033,275.496,337.916
254.686,274.723,337.189
255.99,277.426,334.845
253.636,280.03,336.317
254.824,279.136,339.819
258.437,279.292,338.621
258.153,282.734,337.016
255.842,284.152,339.684
257.861,282.277,342.315
260.615,284.893,342.731
260.305,288.512,341.736
261.905,290.828,344.332
260.445,288.246,346.704
262.85,285.763,348.328
260.301,284.788,350.981
257.556,284.261,348.4
260.173,282.184,346.584
260.65,279.954,349.631
256.927,279.56,350.349
255.837,279.536,346.7
258.689,277.158,345.864
257.493,274.906,348.687
253.901,274.849,347.423
255.162,274.387,343.859
257.418,271.569,345.069
254.312,270.028,346.634
252.184,270.4,343.498
254.921,269.452,341.013
256.664,266.229,342.135
259.902,266.911,340.216
260.977,270.532,339.717
264.628,271.334,339.037
264.225,275.115,338.646
261.963,275.545,341.686
264.319,273.753,344.08
267.202,275.422,342.24
265.695,278.78,343.213
264.803,277.76,346.776
268.381,276.539,347.199
269.497,279.632,345.231
268.126,281.812,348.05
271.73,281.626,349.355
271.313,280.149,352.845
273.717,277.446,354.017
271.583,275.821,356.723
268.367,276.227,354.728
269.984,274.627,351.674
271.354,271.792,353.811
268.059,271.029,355.562
265.995,271.795,352.453
268.401,269.674,350.406
268.148,266.786,352.87
264.368,267.179,352.674
264.655,267.133,348.879
266.55,263.844,349.134
263.943,262.528,351.579
261.376,263.509,348.927
260.424,261.533,345.794
263.538,259.544,344.828
266.127,261.296,342.671
267.102,259.646,339.392
269.525,261.834,337.418
268.699,265.554,337.373
267.51,265.702,341.006
270.538,263.645,342.071
272.947,266.038,340.355
270.979,268.935,341.848
271.367,267.373,345.294
275.075,267.003,344.522
275.186,270.725,343.733
273.295,271.684,346.897
275.723,269.525,348.872
278.542,271.104,346.854
277.475,274.517,348.158
277.747,273.399,351.794
279.424,270.15,352.828
282.53,268.015,352.337
284.07,265.466,349.957
282.729,262.545,352.008
279.126,263.481,351.223
280.152,263.969,347.587
281.528,260.424,347.58
278.386,259.094,349.271
276.2,260.833,346.685
278.647,259.502,344.09
278.117,255.86,345.066
274.418,256.598,345.6
274.038,258.064,342.108
276.135,255.258,340.612
274.163,252.577,342.46
270.861,254.277,341.607
271.729,253.849,337.914
270.861,250.153,338.259
267.809,250.709,340.486
265.591,253.309,338.795
267.492,252.664,335.562
268.555,256.264,334.954
272.14,257.136,334.014
272.842,259.9,331.508
276.07,260.588,329.59
278.802,262.753,331.233
278.313,266.514,330.88
275.597,266.469,333.547
278.063,265.447,336.267
280.936,267.131,334.417
279.079,270.453,334.284
278.192,269.867,337.933
281.941,269.539,338.549
282.449,272.842,336.728
279.814,274.639,338.813
281.339,273.057,341.919
284.759,274.141,340.642
283.944,277.832,340.189
281.392,277.917,343.014
283.712,276.457,345.667
286.873,274.513,346.389
288.341,272.157,343.8
287.74,269.175,346.101
284.081,268.911,345.081
285.063,269.306,341.422
287.549,266.437,341.671
284.858,264.539,343.585
282.231,264.831,340.842
284.864,264.316,338.146
286.011,261.29,340.147
282.378,260.151,340.227
282.177,260.326,336.432
285.649,258.789,336.107
285.036,255.834,338.413
281.508,255.052,337.202
280.755,255.015,333.488
284.216,255.786,332.117
286.407,252.812,331.123
286.746,250.125,328.49
289.264,247.549,329.662
292.14,248.558,331.984
292.697,251.575,329.742
290.289,254.524,330.017
292.268,256.248,327.25
289.334,258.294,325.962
288.171,258.576,329.576
291.465,260.038,330.802
291.442,262.225,327.692
287.942,263.29,328.758
288.983,264.186,332.312
292.089,265.974,331.033
289.887,267.581,328.379
287.823,268.895,331.291
291.093,269.964,332.928
291.777,272.071,329.824
288.64,274.212,330.339
289.086,274.123,334.121
291.766,274.689,336.77
294.396,272.176,337.9
291.764,270.176,339.828
290.996,267.643,337.086
294.713,267.631,336.253
295.677,266.4,339.725
292.676,264.062,339.857
293.572,262.728,336.406
297.155,262.511,337.672
296.272,260.349,340.678
293.728,258.367,338.653
296.35,257.879,335.937
298.937,256.807,338.518
296.526,254.306,340.073
295.789,252.822,336.64
298.101,250.13,335.253
301.141,251.893,333.744
301.339,251.536,329.968
302.654,254.679,328.253
304.544,257.568,329.859
302.722,260.052,327.61
300.031,260.861,330.213
302.675,261.586,332.852
304.823,263.605,330.439
301.793,265.585,329.261
300.78,266.08,332.897
304.231,267.453,333.739
304.045,269.629,330.622
300.677,270.992,331.757
302.116,271.6,335.228
304.949,273.521,333.566
302.377,275.463,331.543
300.66,276.343,334.826
303.936,277.863,336.022
304.639,275.453,338.901
308.059,273.812,338.644
307.465,271.812,341.832
304.484,269.973,340.346
306.381,269.264,337.12
309.452,268.11,339.052
307.352,265.914,341.344
305.337,264.392,338.493
308.512,263.916,336.447
310.186,262.291,339.455
307.29,259.913,340.127
307.099,259.167,336.4
310.853,258.524,336.362
310.524,256.151,339.319
307.502,254.428,337.77
308.977,253.593,334.335
312.646,254.575,333.893
312.724,252.931,330.45
313.506,256.112,328.496
315.142,259.52,328.844
312.215,261.407,327.272
310.669,261.956,330.708
313.883,263.346,332.2
314.28,265.466,329.062
310.751,266.851,329.422
311.135,267.536,333.139
314.595,269.003,332.602
313.153,271.118,329.786
310.432,272.321,332.162
312.893,273.176,334.936
315.099,274.902,332.358
311.995,276.685,331.061
311.293,277.949,334.583
314.444,280.076,334.421
316.117,279.11,337.714
319.764,278.154,337.186
320.331,276.467,340.599
317.113,274.46,340.221
318.028,273.098,336.784
321.616,272.48,337.897
320.313,270.585,340.932
317.853,268.573,338.834
320.572,267.657,336.336
323.004,267.05,339.202
320.586,264.61,340.842
319.533,262.927,337.59
323.185,262.52,336.601
324.054,261.677,340.213
321.796,258.622,340.43
322.182,258.186,336.637
319.256,255.85,335.799
319.764,256.863,332.168
322.214,257.569,329.324
324.7,260.463,329.095
322.157,262.862,327.536
321.798,264.311,331.037
325.561,264.895,331.016
325.284,266.637,327.642
322.527,268.9,328.968
324.728,269.448,332.022
327.453,270.553,329.605
325.01,272.953,327.948
323.807,274.422,331.25
327.419,274.473,332.446
328.311,276.368,329.262
325.522,278.935,329.659
326.046,279.593,333.382
329.185,279.369,335.556
332.437,279.569,333.567
334.732,277.495,331.367
336.212,275.837,334.46
332.909,274.183,335.386
332.525,273.079,331.764
336.04,271.622,331.847
335.3,269.76,335.086
331.899,268.494,333.938
333.552,267.573,330.634
336.312,265.738,332.505
333.936,263.678,334.654
331.571,263.305,331.691
334.384,262.018,329.468
335.294,259.796,332.421
331.773,258.373,332.134
332.55,257.332,328.521
329.668,259.102,326.725
330.478,257.444,323.369
331.908,259.987,320.863
329.73,262.953,321.894
331.97,264.529,324.536
335.06,263.43,322.602
334.187,265.621,319.616
332.732,268.163,322.05
335.916,268.511,324.11
337.881,268.291,320.859
335.688,271.138,319.612
336.281,273.323,322.675
339.997,272.529,322.567
339.709,273.328,318.864
338.329,276.735,319.863
341.08,277.42,322.415
343.92,274.916,322.997
346.917,273.337,321.298
345.727,271.569,318.155
347.677,268.452,319.158
345.277,267.808,322.045
342.204,268.054,319.81
343.894,265.821,317.234
344.757,263.292,319.947
341.23,263.256,321.382
339.856,262.963,317.846
342.233,260.05,317.244
341.031,258.315,320.415
337.421,258.966,319.372
338.007,257.545,315.884
339.642,254.551,317.576
336.563,254.127,319.78
334.121,254.413,316.85
335.766,253.859,313.461
332.597,254.137,311.329
330.742,257.461,311.099
330.584,260.329,308.58
330.471,262.868,311.412
333.64,261.484,312.996
335.726,261.82,309.827
334.111,265.207,309.182
335.114,266.387,312.661
338.654,265.011,312.359
339.046,266.558,308.915
337.517,269.739,310.32
340.172,269.932,313.043
342.933,269.009,310.591
341.616,271.731,308.284
341.544,274.098,311.268
345.243,273.304,311.689
345.666,275.021,308.288
347.354,272.209,306.349
346.694,271.28,302.719
348.118,267.747,302.796
346.497,266.913,306.139
343.042,268.17,305.147
343.345,266.526,301.726
344.372,263.186,303.239
341.638,263.43,305.875
338.925,264.384,303.379
339.989,261.756,300.837
340.479,259.085,303.51
337.065,259.871,304.98
335.334,259.968,301.602
336.835,256.851,300.023
336.845,254.492,303.021
333.342,254.274,304.464
329.832,255.038,303.132
328.127,258.431,303.427
325.263,260.393,301.882
327.27,263.496,301.23
329.063,264.523,304.457
332.344,263.449,302.9
331.132,264.321,299.411
330.302,267.823,300.641
333.545,268.092,302.621
335.314,266.358,299.728
333.942,269.066,297.441
335.16,271.716,299.886
338.685,270.292,300.137
338.559,269.548,296.407
337.845,273.232,295.766
340.582,274.149,298.255
343.308,271.596,297.535
344.082,271.383,293.833
342.653,273.259,290.878
339.047,273.211,289.634
339.83,270.059,287.637
340.151,268.009,290.834
336.98,269.638,292.172
335.008,268.585,289.093
336.748,265.215,289.428
335.586,264.561,293.002
332.192,265.98,292.016
331.86,263.516,289.134
332.969,260.613,291.333
330.731,261.582,294.257
327.89,261.871,291.748
329.14,258.638,290.173
328.493,256.65,293.353
324.94,258.049,293.538
323.617,261.608,293.991
320.209,260.652,295.45
319.407,264.13,294.008
319.044,266.0,297.341
319.586,269.623,298.194
323.196,268.462,298.371
322.954,267.737,294.65
321.462,271.216,294.415
324.648,272.275,296.205
326.529,270.418,293.478
324.725,272.497,290.849
325.17,275.762,292.762
328.646,274.967,294.09
330.044,273.173,291.031
329.226,275.841,288.422
328.721,279.286,289.944
331.601,281.696,289.343
332.357,280.646,285.783
331.153,280.14,282.213
327.444,279.956,281.334
326.014,276.816,279.771
327.704,274.537,282.291
325.411,275.938,284.981
322.617,276.316,282.42
322.655,272.703,281.213
323.448,271.544,284.745
320.329,273.426,285.844
318.451,271.647,283.054
319.599,268.281,284.407
318.624,269.413,287.909
315.212,270.389,286.534
314.782,267.071,284.715
315.323,264.965,287.853
314.301,265.567,291.521
311.116,267.571,290.757
310.059,267.388,294.406
312.201,269.191,296.983
311.914,272.968,297.062
315.68,273.374,297.363
316.034,272.546,293.669
313.479,275.117,292.512
314.84,277.435,295.209
318.38,277.448,293.81
316.84,277.432,290.328
315.03,280.712,291.015
317.901,282.242,292.997
320.415,281.257,290.309
317.841,282.217,287.67
317.651,285.742,289.144
314.798,287.696,287.557
315.26,288.614,283.854
311.453,288.5,283.471
311.873,284.772,282.778
312.051,283.673,286.411
308.837,285.488,287.316
306.707,282.939,285.468
309.123,280.248,286.635
308.565,281.707,290.105
304.817,281.188,289.732
305.115,277.739,288.137
307.744,276.936,290.758
305.201,278.306,293.237
302.572,275.813,292.054
303.6,273.31,294.715
306.024,276.02,295.913
308.269,275.484,298.958
309.353,277.65,301.797
312.978,278.538,301.35
314.533,280.915,299.03
311.494,280.544,296.738
309.256,282.306,299.229
312.347,284.06,300.533
313.062,284.868,296.885
309.478,286.119,296.739
310.372,288.487,299.57
313.552,289.267,297.62
311.624,290.241,294.481
309.205,292.166,296.693
312.269,294.013,297.989
313.432,294.581,294.403
310.096,296.203,293.552
310.624,298.409,296.635
307.286,297.688,298.315
306.117,298.041,301.927
302.94,296.054,302.597
303.849,293.481,299.942
307.347,292.713,301.241
306.196,293.057,304.852
303.261,290.736,304.15
305.333,288.141,302.283
308.133,288.168,304.862
305.531,288.429,307.632
303.726,285.296,306.444
306.969,283.467,305.646
308.164,284.466,309.117
304.829,283.611,310.742
304.463,280.157,309.205
306.585,278.95,306.32
309.541,277.189,307.894
310.394,278.294,311.426
314.029,279.41,311.511
316.428,282.343,311.397
316.907,281.933,307.663
313.36,283.165,307.051
313.672,285.583,309.972
317.03,286.587,308.49
315.387,287.183,305.112
312.583,289.158,306.77
315.007,291.127,308.941
317.144,291.604,305.828
314.269,292.891,303.686
313.006,294.991,306.597
316.531,296.274,307.252
316.912,297.237,303.588
313.451,298.801,303.767
312.905,302.115,305.52
310.455,300.456,307.908
312.56,301.711,310.859
310.879,300.69,314.123
309.061,297.969,312.184
312.419,296.501,311.153
313.669,296.831,314.734
310.531,294.937,315.77
311.257,292.214,313.215
314.785,291.878,314.617
313.468,292.015,318.186
311.087,289.191,317.278
314.086,287.466,315.699
315.753,287.509,319.117
312.32,286.546,320.468
312.181,283.622,318.022
312.111,281.25,321.033
313.864,277.834,321.466
312.694,276.877,317.952
315.969,278.59,316.935
317.632,275.168,317.0
316.506,274.408,313.456
317.498,278.008,312.717
321.146,277.431,313.635
320.907,274.052,311.889
319.805,275.368,308.488
321.819,278.602,308.616
324.851,276.621,309.775
324.227,274.258,306.843
323.76,277.106,304.339
325.593,280.392,304.963
327.258,280.367,308.388
329.555,277.613,309.684
331.136,275.903,312.704
334.184,277.047,314.797
334.314,280.76,315.644
330.658,281.759,315.243
329.162,278.679,316.915
331.614,278.474,319.808
331.551,282.206,320.485
327.803,282.522,319.835
326.433,281.83,323.311
326.952,278.438,324.969
326.067,275.28,323.032
328.198,274.799,319.912
329.967,271.44,319.594
326.718,269.531,319.109
325.575,271.498,316.068
329.152,272.4,315.113
330.098,268.721,314.946
326.71,267.947,313.393
327.506,270.416,310.596
330.087,269.397,307.992
320.352,284.764,323.801
323.727,285.822,322.416
323.609,282.939,319.923
320.716,284.201,317.789
321.847,287.786,318.409
325.392,287.347,317.081
324.232,285.017,314.307
321.455,287.499,313.524
323.943,290.369,313.31
326.464,288.433,311.221
323.585,287.136,309.126
322.346,290.724,308.832
325.689,291.974,307.515
326.126,288.873,305.346
322.57,289.16,304.021
323.202,292.868,303.425
326.288,291.757,301.478
324.344,289.169,299.454
321.201,288.363,297.425
320.115,291.037,294.943
319.584,294.543,296.35
322.133,295.464,299.012
321.24,298.309,301.391
323.937,298.73,304.043
326.165,301.795,303.853
327.719,304.408,301.538
328.419,301.42,299.254
325.715,302.778,296.911
328.616,304.578,295.199
330.036,301.152,294.324
327.278,301.281,291.722
329.229,304.209,290.273
332.307,302.014,290.677
330.755,299.223,288.61
329.614,302.023,286.301
333.276,303.07,286.123
334.327,299.532,285.215
331.467,299.145,282.733
332.372,302.602,281.428
335.983,301.499,280.948
335.067,298.268,279.158
332.168,299.884,277.288
334.387,302.796,276.253
337.22,300.446,275.282
334.753,298.488,273.139
333.111,301.724,272.008
336.223,303.316,270.518
336.926,300.743,267.802
333.159,300.467,267.28
333.086,304.163,266.383
336.273,303.659,264.352
336.651,301.907,260.982
338.142,298.51,262.022
334.997,296.959,263.505
333.929,293.492,262.333
333.608,290.687,264.919
333.439,293.006,267.946
329.632,293.441,267.778
329.214,290.69,270.38
331.12,292.757,272.942
328.845,295.694,272.112
325.774,293.524,272.707
327.084,292.199,276.029
328.077,295.731,277.049
324.58,296.91,276.115
322.928,294.186,278.201
325.199,294.906,281.172
324.534,298.628,280.714
320.795,297.924,280.803
321.156,295.837,283.969
323.261,298.535,285.643
320.717,301.172,284.603
318.008,298.983,286.141
319.85,298.533,289.453
320.635,302.255,289.555
316.949,302.848,288.817
316.156,300.633,291.81
318.463,302.437,294.255
317.476,305.864,292.91
313.891,304.607,293.133
314.53,303.935,296.824
316.021,307.389,297.415
313.15,308.921,295.431
310.763,306.737,297.447
312.237,308.452,300.501
311.567,311.711,298.652
308.006,310.728,297.624
306.284,307.597,296.247
304.371,309.689,293.706
307.347,310.008,291.343
308.129,306.284,291.54
304.551,305.124,290.947
304.001,307.848,288.348
307.03,307.215,286.108
306.885,303.779,284.414
310.27,304.155,282.714
313.661,304.478,284.382
314.596,307.311,282.009
311.758,309.674,282.961
312.035,308.513,286.581
315.687,309.591,286.741
315.273,312.796,284.713
312.061,313.913,286.431
313.464,312.775,289.788
316.513,314.967,289.172
314.448,317.933,287.976
311.871,317.864,290.776
314.226,316.381,293.372
315.253,319.795,294.724
311.783,321.232,295.417
308.63,322.405,293.682
309.656,325.103,291.192
306.117,325.995,290.025
306.597,327.426,286.515
310.097,325.985,286.016
308.923,322.682,287.515
306.107,322.519,284.963
308.685,323.363,282.29
310.994,320.479,283.2
308.07,318.101,283.732
306.508,319.198,280.439
309.876,318.778,278.719
310.201,315.291,280.23
306.777,313.77,280.891
303.416,314.552,279.294
300.87,317.186,280.311
298.611,314.73,282.156
301.541,313.434,284.199
302.542,317.047,284.88
299.034,317.756,286.18
298.802,314.618,288.326
302.302,315.427,289.576
301.116,319.021,289.974
298.391,318.135,292.482
300.346,315.206,293.927
303.265,317.627,294.235
300.856,320.228,295.631
300.258,317.891,298.567
302.849,315.111,298.606
303.11,314.992,302.39
306.487,313.262,302.627
309.739,314.954,303.577
312.917,316.446,302.092
316.511,315.292,301.687
319.978,316.703,302.401
322.537,318.314,300.115
324.994,315.404,300.019
322.257,312.901,299.157
321.045,315.218,296.389
324.6,315.485,295.051
324.973,311.698,295.066
321.587,311.213,293.389
322.454,313.843,290.778
325.839,312.222,290.132
324.243,308.783,289.771
321.663,310.322,287.433
324.435,311.834,285.304
326.218,308.471,285.211
322.985,306.771,284.137
322.546,309.433,281.451
326.075,308.803,280.171
325.352,305.066,280.164
322.18,305.732,278.165
324.126,307.844,275.666
326.727,305.085,275.329
323.894,302.598,274.804
322.586,304.881,272.054
326.039,304.937,270.451
326.197,301.133,270.594
322.716,301.05,269.062
323.909,303.283,266.215
327.069,301.246,265.602
325.026,298.032,265.626
322.468,299.75,263.393
325.079,300.585,260.747
326.326,296.971,260.695
322.832,295.48,261.09
322.825,294.784,257.345
325.564,292.148,257.64
324.587,291.097,261.166
320.812,290.651,260.676
319.722,291.265,257.074
316.328,289.582,257.537
315.186,291.495,260.628
316.532,294.752,259.186
314.809,294.026,255.867
311.551,293.257,257.693
311.048,295.347,260.827
313.907,297.733,260.043
317.43,298.203,261.345
316.495,300.359,264.347
313.7,298.037,265.509
315.964,294.992,265.151
318.711,296.865,266.996
316.465,297.725,269.948
314.798,294.3,270.049
318.164,292.566,269.673
319.589,294.746,272.44
316.649,294.067,274.779
316.738,290.319,274.088
320.528,290.145,274.393
321.472,288.896,270.925
320.343,287.128,267.792
320.312,283.678,269.405
318.446,284.928,272.478
315.841,286.507,270.195
315.601,283.34,268.094
314.986,281.292,271.247
312.098,283.604,272.175
308.5,282.628,271.302
306.509,284.666,268.783
304.363,285.953,271.646
307.466,287.408,273.306
308.395,288.893,269.914
305.014,290.625,270.004
305.703,291.754,273.598
309.352,292.503,272.756
308.611,296.243,272.798
308.587,298.646,275.724
305.213,297.472,277.067
305.417,296.838,280.831
302.871,298.887,282.799
301.899,302.38,281.607
299.401,304.08,283.892
297.206,307.035,282.943
295.158,309.4,285.068
291.766,308.814,283.426
291.363,306.16,280.706
290.298,302.524,280.432
292.291,300.637,277.794
294.271,302.105,274.931
297.106,299.867,273.646
298.248,299.054,277.163
300.46,295.731,276.173
300.445,296.692,272.509
302.457,299.626,271.146
306.015,298.808,272.238
308.203,298.568,269.162
305.433,296.614,267.413
303.143,299.558,266.675
306.229,301.797,266.445
307.372,299.719,263.442
306.918,301.496,260.108
304.952,298.523,258.769
302.302,298.528,261.512
302.166,302.342,261.686
300.46,302.783,258.289
297.695,300.376,259.37
294.607,301.279,261.406
294.979,300.513,265.127
292.845,297.353,265.079
294.769,296.088,262.039
297.862,297.371,263.858
297.099,294.977,266.719
296.178,291.963,264.575
298.927,292.657,262.023
301.172,293.277,265.027
300.465,289.718,266.164
300.815,288.148,262.709
303.708,290.414,261.712
305.105,289.576,265.151
305.025,285.857,264.351
306.661,286.567,260.992
309.174,288.718,262.887
309.93,285.69,265.062
310.367,283.565,261.934
312.754,286.055,260.32
314.504,286.547,263.663
314.996,282.784,263.94
316.21,282.657,260.332
318.7,285.445,261.076
320.213,283.378,263.904
323.228,281.047,263.762
321.107,278.532,261.813
321.696,280.227,258.455
322.08,283.599,256.704
318.855,284.976,255.231
319.276,286.717,251.869
316.708,288.989,250.213
314.803,285.812,249.378
313.747,285.219,252.989
313.401,288.911,253.853
311.434,289.557,250.676
309.387,286.435,251.419
308.398,287.554,254.919
307.936,291.086,253.579
305.574,289.836,250.87
303.738,287.577,253.322
303.384,290.478,255.765
302.251,292.717,252.907
299.569,290.182,251.979
298.618,289.687,255.631
298.175,293.42,256.215
296.538,293.659,252.78
294.169,290.787,253.629
291.315,293.17,254.493
291.486,296.446,252.587
288.67,296.855,250.066
285.263,295.311,250.871
283.51,292.907,248.494
280.561,293.754,246.231
278.058,292.708,248.885
274.522,292.818,247.52
271.268,293.312,249.442
268.641,290.565,249.433
265.59,291.4,251.539
262.464,290.185,249.694
260.035,289.898,252.644
257.81,288.096,250.136
254.763,290.096,249.055
252.91,287.172,247.387
251.076,285.225,250.091
249.642,281.808,249.262
249.541,279.089,251.878
247.561,275.92,252.239
248.542,274.24,255.502
252.011,274.3,257.02
252.472,274.233,260.765
252.791,270.686,262.138
256.017,270.002,264.01
254.437,270.369,267.418
256.314,269.155,270.444
258.308,272.178,271.539
255.556,274.081,269.739
253.114,273.1,272.484
255.965,273.4,274.981
256.537,276.767,273.296
252.983,277.729,274.178
254.193,276.642,277.613
257.234,278.889,277.053
255.716,282.222,276.001
252.55,282.447,278.058
251.562,286.025,277.249
248.256,284.814,275.806
247.859,282.39,278.739
249.561,283.59,281.933
248.527,287.213,281.401
244.948,286.035,280.878
244.97,283.963,284.071
246.596,286.852,285.974
244.325,289.391,284.247
240.677,288.211,284.006
238.444,291.298,283.563
237.633,294.562,285.325
234.279,296.313,285.592
232.14,298.475,287.853
233.9,301.572,289.187
237.543,302.53,289.711
239.552,303.505,292.784
242.988,304.935,291.951
246.045,304.409,289.729
249.593,303.128,290.256
252.194,305.224,288.428
251.192,306.517,284.972
248.059,305.295,283.155
247.751,302.014,285.036
244.987,299.508,285.767
244.248,296.433,287.858
243.323,292.771,287.525
242.484,291.057,290.825
240.86,294.333,291.882
238.266,294.321,289.104
237.922,290.537,289.004
237.669,290.601,292.81
234.154,289.175,293.008
234.513,285.556,291.904
238.274,285.637,291.2
239.321,287.286,294.453
239.439,284.434,296.965
240.602,281.351,295.041
243.701,282.647,293.243
246.094,284.895,295.141
249.271,282.95,295.895
248.345,280.082,293.54
247.765,282.81,290.927
251.567,282.889,290.478
252.54,283.121,286.793
256.136,282.142,287.66
255.86,279.239,285.199
257.094,280.116,281.695
258.935,283.104,283.14
262.546,284.12,283.83
264.15,282.725,280.681
267.55,284.044,281.815
270.017,284.538,278.952
270.726,282.769,275.667
273.144,279.823,275.638
275.815,282.037,274.07
275.399,284.745,276.712
275.116,282.07,279.405
278.454,280.589,278.337
280.211,283.937,277.878
278.919,285.041,281.283
279.695,281.593,282.696
283.418,281.567,281.914
285.665,284.291,283.346
289.056,285.233,284.853
291.52,282.37,285.371
292.437,281.414,288.945
294.503,282.677,291.92
293.886,286.439,292.241
296.334,286.962,295.082
297.458,290.056,296.97
299.556,293.112,296.061
302.6,290.849,296.229
301.367,289.117,293.072
300.024,292.448,291.805
303.325,294.313,292.18
305.163,291.169,291.075
303.04,291.327,287.92
303.643,295.049,287.358
307.39,294.64,287.888
308.148,292.153,285.118
208.338,309.527,223.73
209.614,312.585,225.61
212.751,313.037,223.475
210.951,315.067,220.794
207.363,315.509,219.691
206.945,315.427,215.908
209.954,316.202,213.679
210.217,319.99,213.839
206.929,321.899,213.708
206.249,324.613,216.3
206.681,325.345,220.002
204.711,327.087,222.739
205.738,330.557,223.943
209.437,331.179,224.569
210.408,327.739,225.866
211.218,324.251,224.597
208.441,322.362,222.742
207.963,319.883,225.582
208.867,322.297,228.39
205.824,323.796,230.115
205.559,322.365,233.638
208.689,322.252,235.8
211.252,319.5,235.19
209.968,317.705,238.296
206.484,317.502,236.77
208.191,316.614,233.491
209.848,313.549,235.025
206.768,312.651,237.07
204.756,313.019,233.862
207.477,310.952,232.168
207.025,308.041,234.615
203.565,306.728,235.563
201.055,304.049,234.58
198.812,306.367,232.565
201.939,308.193,231.398
203.263,304.877,230.089
199.951,304.052,228.405
199.648,307.438,226.692
203.398,307.932,226.265
203.675,304.571,224.485
201.435,305.856,221.714
198.187,307.758,221.191
196.13,309.247,218.365
193.888,312.317,218.37
190.861,310.064,218.885
192.733,308.049,221.525
193.684,311.213,223.424
190.158,312.624,223.154
188.716,309.289,224.28
191.211,308.997,227.139
190.34,312.521,228.282
186.601,311.892,227.938
186.85,308.617,229.865
188.214,310.115,233.101
187.201,313.685,233.994
189.296,315.283,236.743
190.88,318.718,237.217
194.237,318.885,238.976
197.988,318.461,238.886
200.415,316.117,240.64
199.005,314.735,243.883
200.621,313.042,246.855
204.089,313.326,248.338
205.565,311.32,245.449
204.228,313.819,242.863
201.788,311.495,241.106
200.457,313.283,238.0
196.789,313.265,237.093
195.493,311.928,233.751
194.508,315.501,232.863
198.085,316.616,233.517
199.453,313.743,231.426
197.062,314.569,228.582
198.146,318.197,228.965
201.791,317.155,228.628
201.08,314.998,225.574
198.936,317.78,224.11
201.642,320.389,224.709
204.202,318.032,223.164
202.195,317.018,220.068
201.172,320.688,219.542
197.835,320.193,217.747
196.489,322.707,215.263
194.452,325.657,216.512
191.371,324.118,214.883
191.618,321.056,217.132
191.981,323.125,220.308
189.194,325.484,219.23
187.024,322.45,218.476
187.833,320.903,221.859
187.053,324.099,223.774
184.005,324.689,221.574
182.635,321.202,222.252
179.766,321.34,224.745
179.372,317.546,224.996
182.566,316.806,226.972
183.392,319.212,229.795
186.781,317.593,230.427
187.778,318.06,226.778
186.73,321.712,226.996
188.797,322.121,230.164
191.888,320.474,228.656
191.527,322.484,225.456
191.073,325.579,227.612
194.266,324.91,229.574
196.277,324.125,226.44
194.724,327.128,224.689
195.711,329.263,227.68
199.308,328.027,227.841
200.094,327.812,224.113
197.585,330.364,222.795
197.774,334.111,222.355
196.149,336.393,224.921
193.55,337.512,222.366
192.562,333.899,221.726
192.955,333.081,225.427
190.39,335.671,226.524
188.25,335.432,223.376
187.913,331.672,223.862
187.997,332.02,227.669
184.853,334.132,228.122
182.479,331.563,226.516
184.094,328.855,228.655
183.744,331.166,231.67
180.023,331.37,230.869
179.69,327.599,231.444
178.223,326.75,234.861
178.619,322.977,234.45
180.195,321.34,237.489
183.273,319.116,237.218
185.281,316.923,239.581
188.637,318.239,240.808
191.541,316.452,242.509
193.565,318.437,245.04
197.281,318.157,245.758
196.614,315.836,248.703
194.733,313.419,246.429
191.25,314.296,247.701
188.439,314.849,245.205
186.589,318.171,245.383
183.635,319.577,243.472
184.135,322.687,241.339
182.644,324.563,238.385
183.836,325.091,234.816
183.504,328.861,235.193
185.812,329.024,238.222
188.414,326.903,236.423
188.239,328.871,233.166
188.483,332.103,235.16
191.352,330.794,237.294
193.253,329.701,234.181
192.299,332.93,232.393
193.362,335.309,235.174
197.064,336.294,235.001
199.227,333.17,235.5
198.463,330.786,238.361
196.934,327.446,237.305
198.621,324.558,239.119
202.416,324.206,238.802
202.823,325.847,235.39
203.663,329.161,233.703
201.295,330.992,231.342
201.907,334.758,231.651
199.427,337.558,230.967
199.461,340.533,228.581
197.471,343.534,229.818
194.298,344.501,231.668
191.018,344.843,229.739
191.535,348.615,229.652
195.071,348.376,228.257
194.045,345.451,226.048
191.166,347.615,224.81
193.715,350.356,224.126
195.946,348.0,222.098
193.201,346.23,220.119
189.486,345.396,220.221
267.341,304.963,240.729
265.379,305.094,237.466
262.148,303.161,236.991
261.558,301.289,233.71
259.537,304.044,232.056
257.249,302.763,229.311
257.588,304.008,225.739
253.975,303.797,224.537
250.755,303.132,226.428
250.355,299.883,224.506
253.555,298.497,226.021
252.185,299.691,229.368
249.06,297.643,228.657
250.972,294.486,227.725
253.257,294.997,230.723
250.299,295.682,233.021
248.531,292.515,231.862
251.783,290.509,231.655
252.088,290.027,235.447
249.536,287.623,236.908
250.891,287.435,240.472
252.646,290.838,240.492
250.867,294.124,241.165
251.709,296.845,238.639
252.432,300.264,240.168
252.261,303.072,237.597
253.415,306.64,238.274
251.662,309.211,236.075
253.412,312.548,235.64
256.595,314.271,234.486
260.114,313.306,235.566
260.976,316.996,236.004
258.155,317.488,238.516
259.452,317.984,242.084
256.598,315.99,243.631
257.092,313.225,241.068
260.804,313.449,241.869
260.186,312.866,245.58
257.675,310.079,244.936
260.206,308.714,242.442
262.815,308.793,245.21
260.586,306.965,247.702
259.441,304.444,245.092
263.035,304.15,243.868
264.143,303.338,247.421
261.283,300.869,248.058
261.541,299.171,244.651
264.159,296.637,245.749
262.243,295.281,248.75
258.909,295.206,246.89
260.379,293.821,243.648
258.674,290.447,244.17
254.954,291.164,243.681
255.384,294.873,242.892
256.88,296.379,239.737
257.21,300.166,239.498
256.707,301.751,236.075
257.042,305.421,235.125
254.575,307.01,232.693
255.066,310.432,231.108
251.75,312.281,230.873
252.954,314.02,227.708
253.956,310.699,226.143
250.593,308.909,226.363
247.462,311.108,226.215
245.339,307.972,226.566
245.924,307.545,230.31
245.351,311.257,230.982
242.076,311.209,229.047
240.733,307.962,230.537
242.151,308.358,234.066
241.416,312.119,234.168
245.008,312.939,235.106
245.256,316.331,236.834
247.869,316.505,239.606
251.499,316.29,238.387
252.063,313.333,240.722
249.678,310.396,240.274
250.346,306.835,241.451
247.988,303.957,240.654
247.919,300.235,241.415
246.585,297.494,239.143
246.553,293.717,239.598
245.769,291.321,236.731
244.599,294.143,234.424
242.188,295.436,237.102
242.513,298.742,238.939
242.556,298.244,242.715
240.778,300.745,244.96
242.069,302.001,248.315
240.153,304.449,250.515
242.433,307.168,251.893
239.54,309.25,253.266
240.304,312.048,250.798
237.21,311.082,248.817
239.097,309.869,245.752
239.972,306.169,245.741
240.974,306.115,242.062
244.34,307.873,242.419
246.743,308.269,245.336
247.857,311.29,247.367
250.993,313.39,246.851
254.56,312.163,247.33
254.718,309.889,250.369
256.711,311.078,253.377
257.161,307.565,254.822
258.52,304.554,252.947
257.075,302.115,255.486
253.603,303.505,254.785
253.994,303.011,251.03
255.394,299.495,251.473
252.6,298.651,253.913
250.063,300.048,251.436
251.516,297.969,248.599
251.492,294.868,250.805
247.913,295.632,251.857
246.945,295.922,248.186
248.649,292.599,247.457
246.916,290.874,250.375
243.586,292.449,249.437
243.957,291.319,245.838
244.918,287.86,247.109
241.747,287.787,249.235
239.576,288.665,246.233
238.882,292.278,247.195
238.23,295.024,244.663
238.427,297.736,247.323
240.57,297.852,250.467
241.089,300.17,253.433
244.504,301.671,254.093
246.096,301.079,257.517
247.019,304.767,257.678
244.765,307.114,255.707
246.5,310.242,254.408
244.162,313.241,254.606
164.51,322.15,240.442
167.93,322.465,242.068
169.385,323.478,238.691
167.73,326.896,239.051
169.455,327.416,242.406
172.752,326.244,240.897
172.231,328.804,238.13
171.62,331.38,240.865
174.937,330.471,242.493
176.537,330.746,239.05
175.008,334.22,238.749
176.511,335.007,242.155
179.864,333.788,240.832
179.735,335.87,237.646
178.472,338.823,239.69
181.38,338.214,242.071
183.772,338.294,239.108
182.336,341.481,237.604
182.113,343.003,241.085
185.708,341.86,241.586
186.85,343.699,238.455
184.845,346.783,239.438
186.354,346.465,242.917
189.765,346.364,241.235
189.123,349.55,239.25
187.701,351.172,242.387
190.79,349.889,244.201
193.104,351.609,241.713
191.082,354.832,241.74
190.935,354.479,245.531
194.713,354.166,245.862
195.323,357.042,243.411
192.555,359.49,244.342
192.739,358.523,248.02
196.541,358.736,247.94
196.353,362.279,246.569
193.569,363.107,249.032
195.573,361.867,252.021
198.671,363.616,250.667
196.818,366.92,250.284
195.178,366.502,253.695
198.544,365.789,255.319
200.133,368.694,253.44
197.374,371.054,254.586
197.829,369.97,258.216
173.781,177.214,322.019
175.384,180.646,322.309
173.137,183.673,322.747
175.383,185.803,320.526
174.794,183.538,317.518
171.014,183.632,317.988
171.174,187.4,318.501
173.212,187.751,315.307
170.813,185.51,313.375
167.847,187.5,314.692
169.7,190.689,313.757
170.286,189.471,310.197
166.689,188.25,309.942
165.436,191.613,311.204
167.767,193.36,308.751
166.416,191.311,305.843
162.875,192.159,307.001
163.655,195.909,306.718
162.978,196.709,310.4
165.016,199.629,311.698
163.45,199.891,315.162
163.806,196.187,315.964
167.407,195.949,314.74
168.441,199.2,316.431
166.692,198.37,319.708
167.998,194.792,319.707
171.551,195.826,318.809
171.588,198.683,321.327
169.961,196.651,324.107
171.927,193.43,323.523
175.185,195.314,322.749
175.823,192.887,319.869
176.704,194.196,316.404
176.651,192.147,313.2
180.0,192.143,311.393
187.921,192.744,312.064
191.234,191.167,311.036
192.134,188.311,308.71
193.978,186.209,311.302
195.102,186.742,314.888
198.452,185.056,314.228
198.898,187.251,311.148
198.272,190.472,313.083
200.344,189.421,316.103
203.072,188.113,313.795
202.918,191.349,311.796
203.298,193.394,314.986
206.145,191.16,316.17
207.909,191.461,312.801
208.16,195.244,313.176
205.975,196.316,310.23
204.518,199.753,310.9
202.531,199.859,307.647
200.399,196.752,308.207
199.828,197.422,311.912
199.111,201.091,311.167
196.574,200.359,308.417
194.909,197.553,310.378
194.881,199.742,313.495
193.414,202.64,311.509
190.755,200.345,310.004
189.425,199.358,313.452
188.357,201.029,316.692
190.953,201.009,319.468
191.275,202.764,322.854
193.469,205.856,323.104
195.717,204.129,325.649
196.678,201.236,323.367
196.981,203.625,320.414
199.253,205.906,322.451
201.38,202.957,323.592
201.619,201.584,320.05
202.408,205.061,318.721
205.107,205.569,321.359
206.55,202.13,320.601
206.501,202.953,316.881
208.275,206.222,317.686
210.889,204.265,319.643
211.305,201.857,316.727
211.716,204.861,314.422
214.311,206.222,316.852
216.248,202.942,316.706
216.193,203.307,312.906
217.936,206.721,313.192
215.048,208.637,311.573
214.414,212.047,313.108
211.774,213.215,310.635
209.623,210.107,310.997
209.659,210.184,314.806
209.156,213.954,315.0
206.408,214.123,312.368
204.876,210.985,313.876
204.941,212.605,317.324
203.539,216.013,316.325
201.181,214.971,313.501
199.417,212.133,315.367
196.272,212.672,317.424
196.956,209.836,319.937
200.398,211.336,320.593
198.818,214.739,321.265
196.253,213.17,323.598
199.091,211.317,325.329
200.952,214.623,325.63
197.909,216.299,327.191
197.124,213.397,329.532
200.741,212.505,330.429
203.133,215.436,329.939
205.984,213.546,331.615
205.817,210.615,329.186
205.71,212.973,326.198
208.614,214.912,327.718
210.63,211.698,328.006
209.717,210.647,324.462
210.62,214.083,323.092
213.834,214.004,325.133
214.769,210.602,323.701
213.824,211.567,320.14
215.541,214.969,320.422
218.853,213.439,321.544
221.87,213.562,319.244
222.309,209.776,319.463
219.689,207.14,320.257
220.686,205.202,323.372
219.375,201.612,323.562
220.531,201.453,327.2
217.409,203.408,328.173
215.16,200.843,326.48
216.559,197.307,326.077
217.895,196.89,329.669
214.54,198.083,331.008
212.597,195.736,328.736
212.898,193.617,325.599
211.7,195.116,321.218
210.609,191.486,321.503
208.741,191.829,324.805
207.522,195.303,323.824
206.146,194.038,320.51
204.69,191.045,322.363
202.898,193.339,324.818
201.67,195.696,322.09
200.621,192.633,320.093
198.888,191.317,323.218
196.873,194.504,323.726
196.204,194.993,320.007
195.38,191.294,319.623
193.087,191.343,322.659
191.365,194.503,321.397
190.633,192.887,318.006
188.572,189.876,316.969
188.822,238.805,303.103
190.413,235.711,301.551
193.827,234.555,302.806
194.945,231.058,301.782
198.137,229.093,302.452
199.285,225.742,301.073
198.865,223.027,303.708
200.34,220.071,301.805
201.456,218.918,298.377
202.263,215.874,296.244
204.952,214.858,293.761
203.778,214.215,290.202
203.392,215.829,286.768
199.767,216.9,286.295
198.376,218.803,283.321
195.056,219.394,285.109
193.373,218.898,288.474
189.8,218.463,289.69
187.852,217.599,292.835
185.074,215.082,293.367
181.545,216.387,294.047
181.492,214.601,297.417
184.82,216.172,298.391
186.24,212.914,299.761
189.031,212.609,297.174
190.555,214.647,294.35
191.376,213.054,290.992
193.884,214.8,288.74
195.057,213.75,285.295
198.809,213.279,285.125
201.325,213.987,282.379
202.795,210.514,282.934
199.672,208.764,281.625
198.191,207.729,284.987
195.254,208.77,287.165
196.279,209.702,290.708
193.641,210.118,293.417
194.481,212.219,296.472
192.593,213.215,299.603
191.149,216.727,299.502
191.546,217.619,303.184
194.478,215.392,304.16
196.362,215.815,300.883
197.413,212.16,300.979
197.411,210.201,297.724
194.799,207.439,297.822
196.196,205.425,294.883
197.372,205.732,291.281
195.282,204.272,288.45
197.099,203.337,285.237
194.924,203.853,282.164
196.408,206.114,279.484
199.906,204.605,279.786
199.706,200.795,279.847
199.706,197.716,277.578
202.778,198.803,275.625
202.105,195.876,273.272
199.321,197.908,271.698
200.183,201.524,270.92
198.678,204.15,273.174
201.095,206.831,274.365
199.882,210.209,275.63
199.78,212.624,278.523
196.374,213.209,280.112
195.188,216.751,279.406
192.052,216.745,281.578
190.182,214.426,283.932
186.647,214.844,285.265
184.49,213.012,287.793
180.868,211.911,287.589
178.15,213.613,289.621
177.92,210.444,291.728
181.762,210.426,292.12
181.794,206.647,291.507
182.875,207.11,287.874
185.632,209.246,286.372
185.96,210.452,282.783
189.438,211.094,281.387
191.086,211.925,278.081
194.479,211.811,276.378
196.352,212.797,273.234
196.151,209.155,272.106
192.607,209.793,270.875
190.69,207.58,273.32
188.657,208.416,276.419
188.869,206.044,279.38
186.046,205.757,281.918
187.233,203.961,285.056
185.758,203.355,288.505
187.369,205.133,291.457
186.843,202.275,293.915
187.799,199.405,291.601
190.41,201.269,289.556
189.886,199.24,286.378
188.722,200.906,283.163
185.073,200.135,282.428
185.137,200.914,278.699
187.446,202.514,276.14
185.767,205.271,274.116
186.513,205.178,270.38
184.933,207.987,268.368
185.097,209.722,264.977
187.863,212.0,266.317
191.172,211.012,264.729
193.211,213.375,266.932
193.951,213.508,270.642
191.197,214.294,273.127
191.699,217.484,275.149
188.904,218.009,277.696
186.087,215.726,278.814
183.144,216.527,281.064
180.319,214.304,282.277
176.699,215.421,282.118
174.463,216.233,285.076
172.81,212.807,285.271
176.092,211.177,284.126
174.248,209.4,281.301
176.628,210.77,278.644
180.085,212.346,278.489
181.128,215.182,276.175
184.574,214.938,274.586
186.758,217.674,273.109
189.597,216.678,270.786
192.1,218.246,268.411
190.076,216.658,265.588
187.924,219.841,265.627
184.779,217.822,266.389
182.585,217.505,269.481
181.725,213.901,270.338
179.021,212.835,272.796
179.339,209.253,274.038
177.215,207.29,276.482
178.658,206.184,279.814
176.932,202.794,279.999
177.268,201.749,276.354
180.505,203.583,275.553
179.676,204.255,271.893
179.515,207.795,270.521
175.898,208.857,270.031
176.541,212.303,268.54
179.53,213.557,266.552
179.663,217.075,265.096
182.287,219.729,264.306
181.833,222.768,266.514
184.751,224.787,265.136
187.427,224.518,262.455
190.242,224.436,265.046
191.061,222.23,268.02
188.446,222.338,270.786
190.145,223.535,273.964
187.43,222.714,276.512
183.863,221.426,276.652
181.624,221.667,279.707
177.936,220.903,280.156
175.604,223.394,281.816
173.422,222.745,284.863
170.795,220.998,282.747
171.937,218.161,280.511
170.19,219.637,277.468
172.734,222.362,276.657
176.517,222.064,276.421
179.159,224.768,275.944
182.453,224.334,274.09
185.447,226.492,273.187
188.158,226.263,270.539
191.32,228.016,269.392
189.417,229.335,266.356
188.191,232.213,268.534
184.497,231.303,268.811
182.574,229.747,271.7
179.575,227.779,270.433
176.741,226.413,272.571
175.352,223.133,271.231
172.449,221.118,272.62
173.019,217.47,273.534
169.851,216.032,271.98
170.023,218.515,269.095
173.767,219.012,268.259
172.932,222.199,266.327
174.763,225.43,267.15
172.477,227.771,269.088
174.81,230.784,269.118
178.482,231.725,268.873
180.025,233.685,271.749
182.69,236.164,270.656
183.819,239.596,271.819
184.268,241.992,268.907
184.99,245.079,271.01
186.472,248.214,269.521
187.982,248.131,266.037
191.506,246.714,266.291
193.946,244.445,264.507
193.176,241.722,267.041
189.531,240.678,267.339
189.082,237.162,268.754
192.034,235.212,270.137
192.4,231.526,270.959
190.007,230.453,273.722
191.925,228.761,276.534
188.982,227.064,278.287
185.248,227.473,278.856
183.234,226.309,281.852
179.693,226.69,283.104
179.118,228.401,286.475
176.683,226.937,288.989
174.184,229.452,287.625
173.262,228.186,284.128
172.37,231.713,283.013
175.933,233.072,282.783
179.035,231.461,281.29
182.779,231.595,281.966
185.471,231.457,279.274
189.226,232.053,279.076
191.291,233.523,276.239
194.909,233.738,275.068
194.834,237.516,275.661
195.241,236.85,279.412
191.7,238.044,280.154
188.822,236.015,281.591
185.388,237.376,280.683
182.064,236.178,282.09
179.497,236.358,279.291
175.753,235.871,279.624
173.945,233.408,277.369
172.337,236.382,275.605
175.761,237.296,274.192
176.771,240.144,276.544
179.871,240.066,278.75
178.972,240.891,282.35
182.501,241.193,283.761
186.134,240.677,282.764
189.159,239.507,284.767
192.553,241.193,284.426
196.034,241.383,285.98
196.549,237.744,284.987
199.49,236.616,282.875
198.651,234.059,280.176
200.272,233.465,276.787
198.949,230.137,275.509
197.921,226.744,276.842
195.162,224.929,278.729
194.167,226.847,281.858
191.029,226.016,283.82
189.06,228.688,285.669
186.563,228.052,288.454
184.383,229.907,290.947
184.425,229.453,294.729
181.037,228.362,296.097
181.573,227.863,299.851
182.442,231.287,301.306
183.06,234.266,299.021
182.285,235.163,295.429
185.48,234.939,293.37
186.917,233.436,290.187
190.018,231.283,290.663
192.171,231.151,287.54
195.681,229.953,286.721
198.373,231.824,284.811
201.908,231.862,283.47
203.098,234.017,286.405
203.508,230.944,288.674
200.828,232.138,291.12
197.158,231.475,291.836
194.991,234.36,290.619
191.925,235.026,292.772
189.676,237.943,291.82
186.212,238.953,292.989
183.374,238.201,290.578
181.309,241.347,291.17
184.183,243.73,291.909
186.726,242.332,289.45
189.854,243.264,291.416
192.288,240.589,292.561
191.677,239.672,296.2
194.851,237.642,296.786
197.633,235.818,294.957
199.222,232.579,296.175
202.685,231.818,294.778
203.786,228.247,295.5
204.906,226.369,292.394
207.996,227.494,290.5
206.387,227.132,287.048
203.17,228.164,285.324
200.028,226.913,287.067
198.287,224.399,284.808
194.882,224.52,286.495
192.945,225.136,289.694
190.041,223.523,291.523
187.899,224.136,294.603
186.015,221.834,296.943
182.194,222.073,296.942
181.794,221.266,300.654
184.517,223.488,302.161
186.552,226.421,300.854
189.848,225.175,299.425
192.081,225.679,296.384
193.845,222.832,294.579
196.255,224.042,291.899
198.601,221.957,289.76
201.496,223.343,287.73
204.242,222.184,285.385
206.866,222.481,288.134
205.688,219.154,289.586
203.988,220.372,292.783
200.23,220.366,293.347
199.35,222.961,295.986
196.338,222.453,298.252
195.458,225.743,299.953
192.478,226.584,302.154
191.398,229.791,303.986
297.064,267.303,221.128
294.641,269.739,219.526
291.521,270.57,221.57
288.354,268.757,220.494
284.806,269.933,221.221
281.339,268.467,220.731
277.954,269.92,219.786
274.595,268.132,219.918
272.414,269.382,217.051
268.632,269.507,217.474
266.438,270.302,214.462
262.744,270.921,215.051
262.982,269.764,218.657
264.453,266.359,217.745
268.105,265.505,218.329
269.998,265.093,215.055
272.96,263.739,217.011
276.292,265.09,218.189
279.131,266.365,215.996
282.752,266.355,217.179
284.711,269.375,215.927
288.49,269.368,216.356
289.907,272.871,216.826
293.576,273.409,215.993
295.31,275.387,218.738
298.606,275.419,216.833
297.502,277.583,213.89
294.579,279.072,215.83
295.178,279.283,219.61
292.878,282.294,219.994
289.795,280.813,218.326
290.229,277.533,220.21
290.594,279.428,223.493
287.442,281.453,222.807
285.646,278.261,221.77
286.691,276.678,225.072
285.671,279.687,227.171
282.325,279.705,225.36
282.212,275.893,225.627
282.472,275.714,229.43
283.405,279.036,231.062
283.186,280.09,234.712
282.402,283.824,235.172
281.943,286.087,232.151
279.186,288.687,232.636
278.174,288.89,236.31
279.29,285.352,237.126
277.531,283.578,234.253
278.81,280.946,231.778
278.155,282.913,228.576
278.749,280.783,225.509
277.245,278.884,222.598
275.062,276.675,224.818
271.451,277.052,223.724
272.391,279.049,220.621
271.059,278.402,217.117
272.167,278.59,213.475
270.371,281.478,211.769
271.81,280.872,208.276
271.716,277.585,206.349
272.798,277.512,202.694
272.894,274.25,200.748
276.193,273.406,199.001
277.726,276.591,200.459
278.006,276.549,204.267
276.01,276.732,207.498
276.445,279.843,209.649
275.64,280.043,213.339
277.106,280.542,216.783
275.595,283.952,217.624
274.6,283.964,221.287
273.742,287.679,221.547
271.108,288.693,218.982
270.607,285.207,217.517
270.326,286.673,214.011
274.081,286.699,213.302
274.617,290.395,214.091
275.754,289.774,217.67
279.471,290.028,218.423
281.089,288.608,221.557
284.462,287.093,222.407
286.786,286.332,225.312
288.831,289.288,224.006
286.11,291.767,225.08
284.823,292.64,221.619
286.071,291.885,218.113
289.563,290.47,217.672
292.039,290.424,214.809
292.318,287.479,212.423
294.804,284.835,213.569
296.233,283.93,210.144
295.29,282.907,206.601
297.122,279.582,206.921
293.734,277.849,207.273
292.003,276.677,204.099
288.357,276.402,203.036
289.655,273.847,200.548
287.308,271.027,201.648
284.135,270.533,203.713
284.188,270.081,207.462
286.368,273.12,208.198
284.995,275.469,210.858
285.616,279.109,209.935
284.863,282.25,211.92
282.511,284.599,210.089
282.85,288.369,210.424
281.754,291.653,208.841
285.296,292.334,207.662
288.924,292.486,208.781
289.387,292.011,212.54
285.595,291.824,212.845
285.607,288.195,214.008
283.14,287.465,216.796
281.781,284.259,218.327
279.87,283.426,215.127
281.324,280.533,213.134
280.471,278.771,209.884
280.702,275.118,208.856
281.663,274.91,205.192
279.53,272.46,203.218
281.88,272.579,200.204
285.149,274.081,198.996
285.033,277.879,198.67
288.088,279.35,196.951
286.852,282.935,197.316
286.784,282.605,201.125
290.567,282.169,201.358
292.111,285.049,203.288
288.762,286.655,204.166
287.989,284.449,207.19
290.205,282.241,209.353
289.198,278.612,209.92
289.562,277.477,213.534
289.548,273.758,212.715
287.626,270.886,211.19
284.977,268.415,212.309
286.521,265.005,213.01
283.158,263.244,213.441
279.443,263.767,212.908
279.445,265.119,209.346
276.003,263.598,208.744
274.622,265.973,211.382
276.179,269.06,209.788
275.162,268.031,206.267
271.767,267.058,207.692
271.391,270.588,209.074
272.693,272.045,205.809
269.791,270.804,203.654
267.111,271.785,206.203
264.411,274.112,204.779
265.461,277.717,204.221
263.166,280.714,204.033
264.041,284.275,203.044
267.749,285.078,203.441
268.47,281.336,203.865
266.783,281.428,207.28
265.879,277.937,208.555
262.147,277.267,208.497
262.523,275.009,211.555
264.621,275.802,214.658
268.081,274.224,214.63
269.745,274.694,218.026
272.628,273.194,220.011
271.181,271.307,222.972
274.511,270.573,224.678
278.132,271.582,224.159
281.441,270.809,225.812
285.052,269.745,225.365
286.207,266.327,224.177
207.01,288.259,236.386
206.833,290.449,233.281
208.53,288.772,230.313
208.714,289.857,226.664
208.056,286.96,224.293
209.927,288.746,221.495
213.189,289.23,223.411
212.693,286.16,225.664
213.804,288.289,228.626
212.2,288.718,232.048
211.447,292.379,232.774
212.152,293.645,236.281
209.224,296.092,236.344
206.306,297.176,234.184
208.295,300.064,232.691
210.898,297.542,231.536
208.269,295.53,229.655
206.526,298.607,228.243
209.955,299.854,227.173
210.871,296.483,225.66
207.612,296.635,223.673
208.409,299.78,221.655
211.657,301.737,221.598
213.827,298.709,220.83
214.832,296.484,217.907
211.362,294.944,218.19
209.991,298.399,217.41
212.607,298.763,214.663
210.891,295.783,213.05
207.545,297.3,214.076
208.297,300.654,212.43
210.484,302.084,215.234
209.01,305.07,217.141
207.468,307.095,214.301
203.822,308.028,214.919
202.109,311.139,213.545
198.802,312.862,214.304
195.719,311.92,212.287
194.552,314.918,210.245
192.89,317.626,212.329
189.119,317.942,211.822
187.949,314.507,210.684
189.672,312.72,213.571
187.98,314.922,216.177
184.679,314.868,214.285
184.502,311.087,213.882
185.944,310.674,217.38
183.28,312.912,218.92
180.579,311.227,216.833
181.67,307.72,217.845
182.092,308.771,221.477
178.671,310.438,221.55
177.126,307.424,219.811
178.665,304.909,222.218
177.938,307.09,225.26
174.185,307.476,224.729
313.275,260.014,256.412
312.031,259.167,252.914
313.075,262.574,251.539
316.628,263.944,251.506
316.582,266.703,254.164
320.359,266.9,254.796
319.949,269.352,257.671
317.241,267.261,259.388
318.641,264.732,261.852
317.879,262.307,263.299
315.308,260.912,260.848
312.878,258.312,262.166
312.193,255.069,260.32
308.855,253.744,259.093
308.034,251.776,262.248
309.319,254.643,264.399
307.032,257.047,262.529
304.152,254.597,262.947
304.573,254.196,266.709
305.331,257.911,267.041
302.203,258.778,265.056
300.067,256.418,267.144
301.487,257.878,270.359
300.87,261.355,268.927
297.219,260.588,268.173
296.79,258.972,271.592
298.43,262.048,273.123
296.034,264.36,271.279
293.138,262.203,272.48
294.402,262.672,276.052
295.087,266.389,275.395
298.681,265.775,276.5
300.186,267.043,273.22
300.811,270.643,272.149
301.308,271.345,268.438
303.416,274.188,267.075
306.941,275.568,267.301
306.089,278.491,269.59
304.097,276.221,271.906
307.025,273.787,271.931
309.294,276.686,272.883
306.893,277.566,275.702
306.811,273.981,276.981
310.605,273.77,276.721
310.907,277.091,278.553
308.585,275.765,281.273
310.244,272.333,281.245
306.891,270.587,280.753
307.876,269.102,277.369
308.416,265.341,277.47
309.681,265.302,273.86
309.558,267.211,270.576
308.815,266.287,266.956
309.597,268.318,263.832
308.928,267.99,260.106
311.68,267.676,257.5
309.556,269.007,254.608
309.115,272.498,256.075
311.056,275.291,254.392
313.133,277.104,255.36
314.238,274.217,257.583
316.465,276.626,259.534
313.36,278.112,261.197
312.92,274.956,263.308
316.685,274.543,263.843
316.395,276.275,267.23
314.286,273.39,268.554
317.205,270.89,268.688
319.409,273.531,270.328
316.773,274.302,272.963
316.209,270.57,273.44
319.914,269.99,274.079
319.831,273.06,276.324
316.795,271.734,278.224
318.055,268.112,278.096
314.986,266.866,276.231
314.844,264.337,273.36
314.031,265.395,269.804
313.092,263.734,266.512
312.164,264.629,262.938
309.276,263.534,260.711
309.097,263.061,256.955
305.948,265.031,256.056
304.396,268.043,257.771
300.919,267.147,256.49
301.034,263.758,258.217
302.193,265.466,261.413
299.35,267.975,261.183
296.808,265.213,260.611
298.332,263.31,263.538
298.038,266.435,265.719
294.369,266.955,264.842
294.742,270.099,262.713
293.66,270.564,259.103
296.499,272.995,258.419
300.019,271.523,258.227
301.912,271.401,261.521
305.688,271.196,261.19
306.247,271.087,264.959
304.677,269.333,267.937
305.507,268.611,271.572
304.176,266.189,274.182
303.463,267.62,277.633
304.25,265.662,280.783
301.101,264.923,282.785
300.874,263.284,286.207
298.17,260.735,286.946
297.984,259.529,283.34
299.584,256.731,281.335
302.732,258.151,279.737
306.099,256.626,280.614
305.19,253.389,278.835
304.826,254.691,275.279
306.699,257.913,276.074
309.622,256.17,277.766
309.593,253.541,275.018
309.744,256.107,272.207
312.232,258.123,274.269
314.515,255.129,274.813
314.185,254.274,271.119
314.896,257.866,270.067
317.857,258.017,272.452
319.832,255.489,270.383
319.003,257.287,267.107
321.422,260.17,267.762
324.281,258.153,266.257
214.545,313.232,255.643
211.091,314.734,256.168
208.072,314.712,258.522
209.101,314.262,262.149
207.488,314.742,265.532
208.066,315.887,269.119
207.659,314.394,272.6
207.853,316.037,276.025
206.817,313.58,278.783
207.184,315.956,281.737
206.962,314.03,285.014
206.934,314.787,288.758
210.255,313.019,289.294
213.43,315.049,289.752
216.619,312.984,289.976
217.759,309.537,291.124
221.381,309.123,289.942
223.996,306.488,290.776
227.792,306.589,290.803
231.031,305.819,292.645
229.902,308.748,294.803
226.791,306.797,295.815
229.118,303.848,296.41
231.104,306.112,298.737
227.812,306.952,300.445
227.16,303.247,301.011
230.722,302.912,302.309
230.089,305.843,304.655
226.9,304.198,305.921
228.874,300.994,306.484
231.46,303.026,308.403
228.7,304.519,310.556
227.377,301.018,311.238
230.933,300.026,312.166
231.021,302.933,314.618
227.712,301.799,316.12
229.188,298.31,316.482
232.234,299.862,318.155
229.984,301.64,320.656
227.991,298.456,321.274
231.235,296.546,321.828
232.372,299.325,324.166
229.191,298.953,326.225
229.457,295.164,326.222
233.056,295.404,327.41
231.998,298.013,329.975
229.332,295.606,331.249
231.921,293.756,333.353
235.471,294.738,334.336
236.906,293.053,337.445
238.778,293.604,340.713
242.345,293.49,342.051
242.663,291.312,345.195
241.271,291.339,348.754
244.712,290.895,350.321
248.329,290.564,349.194
249.636,287.021,348.775
253.275,287.653,349.767
254.775,284.749,351.73
251.666,284.362,353.911
248.396,284.051,351.971
250.177,281.762,349.503
251.111,279.246,352.207
247.637,279.696,353.689
245.997,278.91,350.346
248.356,275.962,349.872
247.435,274.69,353.34
243.74,275.159,352.552
244.159,273.186,349.325
246.075,270.484,351.199
243.281,270.361,353.781
240.615,270.161,351.073
242.552,267.394,349.308
219.638,259.09,294.175
216.065,259.732,293.061
216.993,263.113,291.575
219.859,261.474,289.67
217.693,258.854,287.954
214.978,261.431,287.257
217.687,263.744,285.92
218.926,261.015,283.574
215.363,260.301,282.441
214.711,264.004,281.848
217.983,264.245,279.918
216.919,261.233,277.849
213.523,262.772,277.082
215.162,266.095,276.213
217.641,264.25,273.985
214.761,262.438,272.282
212.866,265.701,271.768
215.81,267.146,269.828
234.985,280.427,253.339
232.83,281.648,250.391
234.712,282.237,247.131
234.691,281.408,243.412
236.547,281.954,240.13
235.616,282.157,236.443
238.232,281.391,233.797
235.985,282.493,230.928
234.816,285.678,232.655
238.339,286.368,234.011
236.726,287.514,237.265
237.119,286.317,240.853
233.845,286.047,242.771
234.172,286.495,246.525
231.274,284.123,247.254
229.547,280.973,246.038
225.75,281.085,245.716
223.035,280.758,243.024
224.332,284.129,241.824
227.313,282.115,240.576
224.813,279.887,238.775
223.509,283.054,237.125
227.097,284.001,236.279
227.595,280.616,234.608
224.916,281.493,232.04
226.4,284.964,231.574
226.945,286.365,228.071
228.919,284.367,225.485
231.817,283.387,227.753
231.324,279.613,227.492
230.87,279.736,223.713
233.935,281.968,223.376
235.972,279.499,225.441
234.758,276.659,223.211
235.737,278.647,220.115
239.177,279.244,221.634
239.503,275.497,222.233
238.594,274.848,218.593
241.206,277.367,217.437
243.722,275.608,219.694
242.835,272.334,217.973
243.381,273.942,214.564
246.752,275.235,215.772
247.591,271.693,216.895
246.737,270.365,213.432
248.897,273.045,211.801
251.721,272.079,214.164
251.289,268.455,213.076
251.506,269.445,209.406
254.615,271.553,210.048
256.131,268.59,211.895
255.369,266.374,208.893
256.986,268.77,206.414
260.03,269.295,208.642
260.307,265.522,209.075
260.218,264.919,205.316
262.731,267.665,204.518
264.931,266.391,207.348
264.724,262.903,205.837
265.841,264.246,202.453
268.591,266.119,204.304
269.885,262.877,205.821
269.58,261.24,202.396
271.765,263.876,200.732
274.095,263.722,203.743
274.731,259.966,203.617
274.786,260.198,199.816
277.585,262.779,199.698
279.481,261.096,202.54
279.257,257.668,200.902
280.294,259.236,197.592
283.312,260.904,199.209
284.335,257.756,201.091
284.442,255.663,197.91
286.639,258.202,196.07
210.733,209.634,301.556
213.548,208.015,303.551
216.379,205.624,302.728
214.844,202.581,304.441
212.332,200.538,302.461
210.099,200.001,305.5
210.162,203.712,306.316
209.357,204.611,302.712
206.494,202.105,302.605
205.147,203.336,305.946
205.505,206.929,304.739
203.602,205.957,301.59
200.967,204.234,303.749
200.197,206.482,306.742
201.041,209.791,305.018
199.805,208.63,301.591
244.959,436.448,210.347
245.868,439.652,208.539
249.276,438.663,207.131
247.977,435.225,206.159
244.881,436.564,204.381
246.933,439.243,202.617
249.665,436.814,201.549
247.042,434.266,200.496
245.13,436.926,198.556
248.322,438.016,196.793
249.218,434.371,196.135
245.796,433.702,194.609
246.425,436.503,192.087
249.907,435.14,191.228
251.589,438.299,192.53
255.334,438.239,193.204
256.136,438.088,196.923
259.445,439.141,198.487
260.647,437.213,201.548
263.666,438.346,203.579
265.564,435.49,205.206
267.231,435.46,208.616
270.631,435.397,206.868
269.568,438.685,205.171
269.067,436.806,201.873
266.059,437.717,199.738
263.715,435.458,197.772
261.452,436.846,195.033
259.028,434.46,193.367
255.52,433.042,193.208
254.078,431.16,196.181
252.28,427.834,195.7
251.39,426.132,199.0
251.809,427.497,202.521
250.973,426.344,206.048
250.543,427.86,209.508
254.22,427.104,210.198
255.085,429.625,207.452
256.559,426.827,205.35
256.069,427.748,201.699
256.87,425.955,198.449
257.751,428.629,195.891
258.729,428.473,192.233
260.136,430.921,189.68
262.18,432.21,192.624
265.233,434.455,192.26
267.346,434.128,195.409
269.63,437.059,196.241
271.893,436.082,199.14
274.614,437.975,200.972
278.113,436.83,200.025
281.146,436.493,202.278
280.872,442.774,197.946
277.622,440.789,197.753
276.821,437.904,195.404
274.632,437.739,192.291
271.008,436.699,191.875
270.503,432.93,191.718
267.482,431.518,189.888
265.604,428.476,191.21
262.972,426.515,189.292
261.163,425.147,192.366
262.05,425.188,196.063
260.444,424.498,199.44
261.071,426.808,202.397
260.602,426.698,206.171
259.171,429.416,208.4
262.123,429.274,210.78
264.437,431.321,208.544
261.764,433.718,207.229
262.098,437.098,208.939
259.437,439.055,207.002
257.278,438.925,203.874
256.709,441.727,201.372
254.213,442.441,198.599
254.581,443.877,195.112
254.493,447.713,195.038
251.836,447.549,192.315
238.364,437.841,226.918
241.522,436.214,225.545
244.76,437.932,224.515
244.599,438.05,220.671
241.104,439.407,220.005
241.315,442.712,221.958
244.857,443.319,220.692
243.807,442.813,217.065
240.616,444.852,217.468
242.218,447.792,219.279
245.387,448.147,217.185
243.569,448.057,213.832
244.185,451.109,211.67
246.791,452.981,213.705
250.33,454.205,212.938
253.173,452.785,215.042
256.946,452.327,215.015
257.983,448.686,215.404
261.372,447.806,216.881
262.721,444.45,215.711
264.703,442.166,217.998
267.617,442.213,215.538
267.83,446.013,215.799
265.828,446.983,212.713
263.067,449.593,212.884
259.853,449.577,210.841
257.383,452.471,210.92
253.93,452.323,209.396
250.245,451.67,209.97
249.424,448.186,211.259
246.275,446.939,209.516
245.772,443.768,211.606
247.246,441.484,214.258
247.205,437.752,214.948
247.253,435.365,217.901
251.025,435.075,217.454
251.232,438.895,217.704
252.327,439.056,214.064
251.306,442.417,212.594
250.856,443.473,208.966
251.895,447.08,208.358
250.623,449.195,205.467
252.952,451.727,203.827
255.769,450.52,206.072
259.124,452.317,206.037
262.252,450.37,206.979
264.769,452.191,209.174
268.404,451.127,209.572
270.838,452.806,211.99
268.556,455.784,212.525
268.175,456.309,208.77
265.522,455.075,206.339
266.942,452.497,203.942
263.701,451.89,202.046
259.954,451.45,202.19
257.235,449.163,200.86
253.494,449.319,200.322
252.613,446.235,202.366
254.78,444.057,204.603
254.212,441.156,206.989
256.634,440.572,209.869
256.875,437.566,212.189
256.608,438.41,215.889
259.536,436.1,216.697
261.883,438.863,215.516
259.644,441.645,216.871
260.452,443.153,220.274
258.319,446.22,221.041
256.214,448.87,219.31
256.04,452.65,219.727
252.897,454.671,219.091
254.602,458.064,219.117
254.134,458.333,215.343
248.403,435.636,253.693
251.768,434.928,252.064
251.221,433.049,248.775
254.253,431.339,247.244
252.321,430.151,244.173
253.263,432.793,241.598
254.7,436.288,241.203
251.744,437.508,239.118
250.209,438.966,242.285
253.384,441.009,242.78
252.873,442.36,239.262
249.224,443.107,240.064
250.2,445.051,243.184
253.14,446.59,241.307
250.86,448.393,238.834
251.309,452.188,238.458
254.661,451.89,240.299
257.909,452.735,238.529
259.811,449.657,237.34
262.874,448.817,235.257
263.493,446.336,232.439
266.518,444.339,231.277
267.368,442.49,228.064
270.123,440.33,226.605
270.929,443.076,224.063
272.663,444.972,226.898
269.915,447.614,226.818
267.384,448.658,229.443
264.293,450.81,229.936
262.58,452.661,232.786
258.865,453.423,232.882
255.591,453.026,234.758
253.823,449.698,234.242
250.269,449.963,232.892
249.074,446.419,232.208
250.446,442.94,231.679
249.445,439.483,230.467
250.347,435.9,231.337
252.597,435.998,228.258
254.789,438.421,230.327
254.284,441.15,227.711
253.761,444.482,229.464
252.898,448.04,228.44
255.089,450.766,229.95
254.219,454.468,229.949
256.998,457.045,229.565
259.728,454.488,228.879
263.272,455.821,228.444
265.604,453.441,226.622
269.055,452.768,228.093
272.252,451.33,226.616
275.391,449.578,227.83
277.164,452.911,227.228
275.313,454.195,230.346
273.586,456.939,228.318
269.847,457.278,227.741
268.886,456.588,224.128
265.351,457.952,223.744
262.06,458.25,225.608
258.86,456.622,224.368
255.381,457.682,225.424
253.697,454.295,225.009
255.644,451.077,224.392
254.466,447.46,224.556
257.265,444.885,224.715
256.872,441.143,224.204
257.571,438.741,227.052
259.842,436.56,224.925
262.686,439.096,224.869
262.112,439.984,228.529
265.134,439.031,230.633
265.042,440.759,234.034
262.962,443.437,235.743
263.603,445.5,238.866
261.609,447.99,240.93
262.09,450.255,243.954
265.832,450.526,243.26
267.689,453.787,243.874
258.466,419.916,240.204
258.655,423.634,240.992
257.164,423.507,244.55
259.817,420.965,245.647
262.529,423.258,244.27
260.643,426.251,245.682
260.041,425.419,249.352
263.574,424.014,249.564
265.318,427.276,248.619
262.507,429.608,249.736
263.317,432.405,252.237
267.028,431.435,252.178
270.025,432.949,250.396
270.47,431.387,246.951
273.088,432.187,244.304
272.031,432.06,240.646
274.256,432.029,237.554
272.726,433.278,234.302
273.866,432.859,230.71
275.054,436.469,230.573
278.077,435.665,232.708
276.706,437.483,235.763
276.576,435.875,239.204
273.464,436.957,241.118
272.676,436.134,244.752
269.53,437.038,246.656
266.622,435.778,248.714
263.966,433.742,246.912
260.397,435.079,246.909
258.293,433.04,244.479
258.57,430.803,241.443
256.424,429.782,238.489
256.091,426.629,236.374
258.402,428.417,233.913
261.096,428.517,236.647
260.863,432.317,236.693
261.843,433.436,240.186
261.711,436.661,242.185
264.888,437.828,243.921
264.656,439.841,247.139
267.697,442.005,247.96
269.875,440.715,245.132
273.102,442.093,243.671
274.455,441.801,240.13
278.086,441.02,239.286
279.658,442.415,236.107
283.334,442.116,235.122
283.807,440.177,238.384
282.913,443.335,240.308
279.721,444.404,242.056
277.669,446.537,239.664
274.436,447.217,241.59
272.238,445.941,244.417
268.482,445.735,243.775
265.889,445.249,246.497
263.284,443.491,244.354
263.854,441.775,241.005
262.091,439.409,238.608
263.968,437.015,236.317
262.956,434.447,233.709
263.701,430.733,233.956
264.842,430.48,230.335
268.034,432.426,231.074
268.841,430.588,234.326
271.769,428.204,233.85
271.811,426.874,237.433
271.315,427.823,241.075
273.112,427.136,244.346
272.822,428.01,248.027
261.654,405.905,227.887
265.454,406.082,227.917
265.528,409.738,229.108
262.886,409.161,231.804
263.675,405.688,233.166
267.431,406.273,233.137
266.981,409.879,234.305
265.103,409.119,237.529
266.864,405.743,237.675
270.189,407.552,238.094
268.96,409.176,241.32
271.521,408.506,244.032
274.164,407.317,241.546
277.21,409.185,240.273
276.793,410.736,236.818
278.44,413.392,234.654
276.522,416.35,233.208
277.987,418.491,230.416
276.325,421.882,230.008
275.879,423.789,226.753
278.612,426.312,227.647
281.165,423.576,228.355
280.628,423.207,232.113
281.129,419.592,233.202
279.368,418.548,236.416
280.062,415.088,237.849
278.278,413.864,240.953
275.361,411.957,242.431
272.003,413.206,241.164
269.399,413.605,243.904
266.352,413.589,241.613
265.409,414.055,237.95
262.319,416.098,237.116
260.088,415.256,234.165
261.193,418.63,232.739
264.766,417.193,232.578
265.925,419.569,235.342
268.089,417.656,237.813
269.685,418.299,241.201
273.089,416.864,242.108
274.839,416.642,245.475
278.599,416.908,246.04
279.154,417.71,242.358
282.482,418.962,241.007
282.248,421.683,238.349
285.173,422.316,235.985
285.062,425.624,234.122
286.627,426.384,230.748
289.599,428.057,232.479
290.449,424.826,234.301
289.002,426.025,237.61
287.579,423.1,239.596
284.611,424.292,241.661
283.348,421.854,244.296
279.715,422.568,245.205
277.67,420.801,247.873
274.456,421.04,245.837
273.811,422.105,242.242
270.573,422.273,240.238
271.072,421.974,236.469
268.302,423.046,234.105
266.902,420.657,231.519
267.52,422.854,228.482
271.032,423.77,229.699
272.271,420.155,229.597
273.951,419.148,226.341
274.412,415.491,227.322
274.689,413.195,230.344
276.872,410.22,231.271
274.822,407.353,232.722
276.309,404.629,234.943
277.854,401.631,233.238
275.663,398.765,234.434
271.9,399.185,234.696
268.935,398.004,232.693
266.38,400.458,231.447
266.741,398.672,228.083
269.132,396.041,226.741
257.694,402.504,211.754
261.213,403.3,210.558
262.445,403.517,214.161
262.124,399.731,214.558
264.597,398.964,211.754
267.345,401.078,213.345
266.952,399.466,216.779
270.005,397.607,218.116
272.226,399.131,215.426
275.266,401.407,215.337
274.348,404.788,213.849
276.185,408.102,213.436
274.619,411.144,215.103
275.524,414.7,214.083
274.876,417.681,216.346
274.343,421.382,215.639
277.925,422.252,216.666
279.507,419.872,214.146
280.274,417.073,216.606
279.717,413.516,215.366
278.565,410.724,217.69
279.177,407.117,216.618
277.521,404.556,218.871
275.016,401.727,219.052
271.467,403.075,218.936
269.425,401.608,221.787
266.27,403.583,222.588
264.698,406.835,221.38
261.61,408.955,222.036
259.096,411.113,220.183
261.438,414.055,220.834
264.263,412.307,218.913
266.436,411.837,221.995
269.091,409.259,221.122
270.624,406.962,223.736
273.904,405.604,222.362
275.923,402.686,223.731
279.731,402.703,223.495
279.662,406.139,221.88
282.921,407.701,220.703
283.279,411.439,220.132
285.337,412.827,217.259
287.421,410.878,224.133
285.308,407.756,224.678
281.912,408.728,226.098
280.6,405.168,226.267
277.042,405.135,227.612
275.508,408.575,227.051
272.226,410.292,226.176
272.033,413.098,223.618
269.253,415.659,223.355
267.167,415.999,220.213
267.078,419.792,220.302
270.703,420.05,219.14
270.475,416.999,216.857
271.159,417.515,213.156
271.582,414.313,211.149
271.47,410.603,211.966
273.243,408.246,209.556
274.199,404.57,209.53
277.98,404.241,209.887
278.081,400.435,209.889
276.198,397.149,210.22
274.435,396.404,213.544
249.171,420.033,204.198
252.86,420.612,203.49
254.007,417.394,205.18
251.372,415.404,203.292
252.615,417.036,200.083
256.245,416.188,200.845
255.288,412.621,201.804
254.197,411.911,198.217
257.618,412.734,196.718
260.083,409.937,197.511
261.884,408.299,194.564
262.818,411.737,193.179
266.029,413.624,194.014
266.048,416.664,196.31
268.822,418.761,197.854
268.199,419.939,201.423
270.024,423.061,202.602
270.342,423.301,206.379
269.904,426.385,208.545
273.665,426.639,209.172
274.414,426.717,205.437
275.228,423.026,204.905
273.593,421.588,201.784
272.723,417.885,201.608
271.502,416.132,198.455
269.893,412.713,198.305
266.718,410.693,197.863
264.135,410.974,200.626
262.957,407.567,201.828
260.142,409.004,203.97
258.759,411.825,206.119
257.349,412.094,209.638
254.553,414.199,211.116
257.068,416.623,212.641
261.831,414.964,209.949
262.777,413.271,206.671
264.82,410.087,206.289
266.886,409.927,203.1
268.997,407.356,201.277
272.241,407.644,199.292
272.885,411.152,200.592
275.964,413.295,199.945
276.569,416.187,202.339
279.07,419.032,201.972
279.954,420.976,205.114
280.717,424.689,205.042
284.339,425.202,203.943
284.943,421.427,204.017
285.075,418.434,201.689
281.952,416.491,200.662
281.042,413.204,202.343
278.858,410.405,200.971
276.456,408.308,203.06
274.175,405.375,202.271
271.29,406.526,204.481
270.721,409.583,206.65
268.006,411.586,208.389
267.454,415.305,208.955
265.681,417.187,211.734
262.789,419.493,210.911
264.205,422.597,212.579
267.728,421.813,211.348
266.998,422.364,207.636
266.17,425.67,205.926
265.206,425.406,202.237
264.877,422.127,200.34
265.291,422.073,196.56
262.12,420.752,194.944
262.321,418.53,191.843
261.361,420.203,188.568
259.292,417.25,187.28
257.577,416.609,190.627
253.809,417.136,190.19
252.428,419.722,192.616
248.704,419.026,192.171
249.1,415.294,192.828
250.489,415.888,196.332
248.204,418.818,197.247
244.458,418.823,197.861
244.297,422.572,197.083
242.965,423.37,193.616
243.372,426.926,192.32
246.744,427.907,193.916
248.372,424.624,192.834
246.679,424.914,189.431
248.079,428.371,188.68
251.365,427.972,190.566
251.861,424.435,189.239
250.79,425.614,185.778
253.446,428.333,185.653
255.904,426.244,187.684
255.789,423.008,185.676
255.981,424.854,182.345
149.206,254.657,185.08
146.938,254.743,182.042
147.268,251.127,180.872
147.091,249.917,184.471
143.915,251.883,185.239
142.285,250.85,181.956
143.21,247.179,182.361
142.199,247.299,186.028
138.859,248.945,185.233
138.271,246.392,182.474
139.202,243.577,184.867
136.792,244.914,187.494
133.952,244.66,184.95
134.811,241.017,184.103
135.584,241.924,180.485
137.634,239.59,178.288
141.176,240.893,177.79
143.461,239.852,174.926
147.214,239.62,175.558
149.684,238.94,172.736
152.803,237.137,173.934
156.357,237.626,172.69
156.131,234.248,170.913
153.187,235.743,168.934
150.74,233.54,170.89
147.468,235.105,172.027
145.637,234.711,175.336
141.968,235.647,175.791
140.536,235.373,179.287
139.232,237.162,182.359
142.033,238.528,184.541
141.673,238.232,188.324
144.829,239.101,190.29
147.173,241.725,188.861
149.998,243.743,190.41
152.735,246.148,189.325
154.836,243.083,188.446
152.394,242.618,185.535
151.853,239.002,186.566
148.204,238.159,185.926
146.443,235.031,187.173
143.402,234.523,184.943
140.894,231.718,184.48
138.661,230.649,181.587
141.556,231.599,179.295
141.835,230.339,175.708
145.463,230.291,174.553
146.086,230.384,170.795
149.723,229.767,169.856
151.515,229.79,166.509
147.879,225.496,165.831
144.373,225.451,167.312
142.898,227.212,170.326
143.792,225.541,173.626
141.55,226.007,176.664
143.034,226.383,180.155
141.042,226.253,183.391
143.537,228.263,185.467
146.929,229.649,184.454
149.416,232.266,185.646
151.021,234.823,183.333
154.126,237.016,183.487
154.716,240.585,182.341
157.731,239.835,180.163
155.634,237.458,178.044
152.821,239.777,176.896
154.107,242.603,174.706
150.671,244.277,174.461
147.252,244.316,176.129
143.935,244.529,174.292
140.374,245.276,175.376
136.986,244.055,174.201
135.609,246.056,171.234
132.276,246.416,173.041
160.536,268.59,187.071
161.003,264.844,186.592
160.789,262.919,183.317
157.366,261.171,183.459
155.036,264.016,184.454
155.695,266.402,181.509
155.691,263.553,178.978
152.388,262.152,180.263
150.798,265.598,180.593
151.901,266.848,177.169
151.27,263.708,175.096
147.73,263.171,176.41
145.132,263.216,173.65
147.3,263.459,170.541
147.602,261.247,167.436
150.942,259.507,166.854
152.463,256.537,165.034
154.367,254.168,167.326
157.253,252.178,165.857
158.312,248.807,167.257
161.769,247.263,167.451
160.358,244.002,166.066
158.975,245.666,162.928
155.387,246.233,164.059
153.635,249.577,163.614
150.745,250.91,165.704
149.047,254.205,164.839
146.54,255.721,167.222
145.843,258.386,169.818
147.705,257.984,173.112
145.409,258.97,175.989
148.044,258.723,178.761
151.578,257.622,179.617
153.451,256.283,182.637
156.913,256.399,184.192
157.773,253.21,182.292
157.069,255.05,179.004
154.177,252.659,178.379
151.46,254.486,176.435
147.878,253.345,175.85
146.507,254.17,172.399
142.793,254.594,171.715
141.373,253.311,168.418
144.837,252.107,167.42
145.473,250.383,164.086
148.167,247.716,163.778
150.285,247.901,160.623
152.429,245.036,159.321
154.774,245.273,156.315
153.345,248.613,155.232
149.763,247.317,155.371
147.222,247.404,158.201
146.496,243.912,159.501
143.807,244.944,161.985
142.632,247.446,164.557
141.199,247.534,168.068
139.214,249.956,170.188
141.613,250.053,173.137
145.184,248.755,173.204
147.898,248.988,175.85
151.455,248.214,174.732
154.453,248.143,177.074
157.549,250.198,176.265
159.588,246.991,175.877
158.36,246.426,172.312
158.001,250.137,171.484
161.198,251.462,169.893
160.005,255.029,169.255
156.991,257.198,168.443
156.305,259.667,165.629
153.546,262.233,165.206
188.352,273.641,181.149
187.979,270.067,179.889
185.736,268.002,182.204
186.138,264.227,181.923
183.145,263.47,184.175
180.504,262.737,181.53
179.642,263.299,177.87
176.279,264.917,178.681
177.961,268.307,178.259
178.813,267.334,174.677
175.151,266.472,174.122
174.054,269.805,175.605
176.541,271.685,173.424
175.562,269.468,170.482
171.987,270.802,170.481
170.631,272.224,167.184
173.579,270.559,165.382
172.903,267.78,162.892
173.597,264.311,164.302
173.036,260.683,163.328
171.799,257.617,165.212
172.646,253.912,164.995
170.847,250.744,166.088
171.397,246.994,166.19
168.56,246.504,163.669
170.959,247.766,160.972
168.886,250.937,160.54
170.123,254.491,161.023
168.586,257.962,161.117
169.735,261.54,160.514
168.089,264.611,162.019
168.555,267.731,164.127
168.567,267.064,167.873
166.024,268.968,169.98
166.393,267.789,173.576
167.742,264.878,175.573
167.331,263.23,178.969
169.439,261.18,181.368
167.567,258.156,179.991
169.446,258.826,176.679
166.088,259.168,174.905
166.188,262.151,172.55
163.81,263.854,170.12
165.077,264.455,166.578
163.516,266.986,164.206
163.237,266.058,160.522
164.653,262.547,160.897
165.261,260.474,157.756
165.241,256.717,158.321
168.08,254.631,156.866
168.573,250.913,156.228
171.368,248.434,155.553
170.292,248.553,151.887
171.838,252.068,151.676
168.483,253.589,150.648
166.414,256.134,152.564
163.172,254.686,153.923
161.014,257.643,154.974
161.283,261.077,156.562
159.549,261.932,159.832
158.963,265.485,161.004
158.88,264.855,164.756
160.01,261.543,166.266
161.167,260.694,169.793
163.478,257.684,170.084
163.976,255.848,173.37
167.462,255.503,174.82
167.025,251.743,175.146
167.164,251.13,171.387
169.917,253.723,170.929
173.208,252.006,170.095
175.65,254.498,168.535
175.556,258.137,167.453
177.793,260.304,165.282
178.039,263.994,164.41
180.066,266.241,162.098
180.75,263.336,159.719
180.868,263.862,155.955
185.658,251.928,188.917
185.003,253.949,185.755
187.552,256.763,186.443
190.374,254.191,186.817
189.314,252.783,183.44
188.736,256.302,182.099
191.935,258.239,182.839
193.959,255.158,181.88
192.764,255.024,178.258
191.892,258.731,177.984
193.526,260.803,175.195
195.211,257.641,173.823
194.345,255.334,170.93
192.073,252.514,172.109
190.59,249.73,169.975
187.1,248.602,171.005
185.194,245.563,169.723
181.455,245.948,170.292
178.575,243.509,169.913
177.829,244.9,166.451
180.773,243.057,164.94
182.637,246.228,163.947
186.122,246.976,165.264
186.325,250.622,166.348
189.609,252.379,167.141
189.76,256.031,168.134
190.638,258.516,170.843
188.722,258.312,174.121
186.921,261.493,175.201
184.812,260.708,178.272
183.075,257.883,180.087
180.032,257.454,182.305
179.081,255.07,185.121
177.301,253.073,182.389
180.669,252.543,180.618
179.396,254.505,177.61
182.366,256.207,175.961
182.838,258.833,173.257
185.009,257.969,170.253
187.12,260.764,168.772
188.264,260.19,165.17
187.299,256.524,164.972
186.407,254.231,162.073
184.068,251.255,161.697
185.036,247.885,160.204
182.461,246.002,158.121
183.245,242.716,156.339
186.874,243.124,157.475
186.98,246.361,155.474
186.797,250.033,156.398
183.196,251.248,156.151
183.488,254.91,157.223
185.591,257.29,159.319
183.739,259.52,161.802
185.316,262.416,163.677
183.059,262.298,166.738
181.081,259.265,167.911
179.177,258.142,171.005
178.66,254.473,171.887
176.851,252.639,174.678
178.648,250.424,177.182
176.0,247.697,177.014
177.051,246.731,173.482
180.806,246.889,174.178
182.259,243.389,174.525
185.798,244.53,175.415
188.469,247.129,174.691
192.194,247.19,173.967
194.956,249.773,173.565
197.462,250.077,170.714
200.586,252.229,170.476
203.621,252.688,168.218
201.645,252.081,165.023
184.004,235.992,202.199
181.987,238.219,199.869
182.167,237.465,196.114
183.716,240.902,195.536
186.413,240.053,198.084
187.046,236.593,196.616
187.288,238.112,193.128
189.506,240.883,194.508
191.888,238.325,196.021
192.117,236.653,192.602
193.923,239.732,191.256
197.433,238.865,190.113
196.692,235.164,189.539
196.163,233.305,186.276
192.5,232.612,185.484
190.388,231.615,182.484
187.437,233.786,181.435
184.902,232.448,178.925
182.694,235.094,177.327
179.019,234.684,176.455
179.745,234.278,172.721
182.402,231.606,173.281
185.518,233.786,173.583
187.973,232.277,176.076
190.574,234.544,177.693
193.273,233.01,179.899
195.517,235.459,181.711
196.37,237.228,184.947
193.564,239.512,186.109
194.846,242.915,187.219
191.721,243.919,189.161
188.025,243.051,189.504
185.492,245.875,189.703
182.334,245.615,191.794
180.454,245.662,188.462
182.189,242.3,187.719
184.193,243.864,184.861
187.838,242.812,185.091
191.068,243.684,183.288
193.549,240.951,182.375
197.192,241.379,181.382
199.007,239.169,178.864
195.854,237.128,178.228
195.607,234.667,175.338
192.308,234.899,173.443
191.219,232.051,171.149
188.407,232.71,168.684
185.889,230.166,167.423
187.859,229.809,164.164
190.911,228.556,166.063
192.798,231.849,165.797
194.86,232.539,168.927
195.174,236.285,169.531
197.642,237.311,172.242
196.892,240.783,173.626
199.009,242.664,176.156
195.987,244.079,177.999
192.292,243.211,177.742
189.31,244.52,179.721
186.429,242.032,179.929
182.98,243.359,180.791
181.066,241.934,183.733
177.879,241.124,181.834
179.789,239.795,178.793
181.501,237.001,180.765
179.635,233.691,180.87
181.847,232.087,183.53
185.315,232.251,185.084
187.827,229.608,186.181
189.22,230.339,189.647
192.762,229.11,190.466
166.036,229.027,205.075
166.241,226.758,202.032
169.707,228.037,201.081
171.311,226.552,204.215
170.099,223.006,203.493
171.766,222.955,200.063
175.185,223.944,201.433
178.012,221.393,201.191
176.054,219.381,198.619
176.485,218.489,194.951
173.746,220.08,192.841
173.068,220.277,189.096
172.95,223.752,187.544
171.079,224.259,184.265
171.754,227.29,182.078
169.655,229.086,179.461
171.601,227.509,176.568
170.881,223.935,177.672
174.224,223.258,179.36
174.129,221.293,182.621
176.746,221.964,185.31
177.213,219.198,187.892
179.279,220.36,190.851
179.381,220.811,194.607
177.573,223.976,195.676
179.724,226.091,197.99
178.951,229.82,198.08
175.952,231.773,196.779
174.344,235.213,197.028
171.216,237.163,196.125
172.576,237.453,192.57
171.871,233.692,192.171
175.494,233.093,191.155
176.589,229.659,192.372
180.244,228.702,192.813
180.622,225.011,191.96
183.556,222.861,193.075
184.944,220.243,190.673
182.251,221.097,188.138
181.96,219.009,184.975
180.294,220.172,181.766
178.009,217.889,179.766
177.985,217.321,176.012
175.874,215.237,173.648
183.188,216.49,177.987
185.65,218.885,179.635
186.462,219.185,183.343
185.813,222.75,184.51
186.924,222.119,188.088
186.638,225.26,190.22
184.403,227.77,188.429
181.72,230.393,189.056
178.474,230.576,187.087
176.453,233.713,186.425
172.993,234.187,187.892
171.476,235.897,184.862
171.984,232.855,182.615
170.845,230.334,185.244
167.742,228.291,184.448
167.16,225.469,186.932
169.076,224.065,189.899
168.474,220.446,190.921
170.094,217.958,193.29
171.818,215.123,191.422
150.755,240.6,195.949
151.388,237.927,193.323
154.386,236.464,195.168
152.439,236.339,198.435
149.585,234.615,196.59
151.938,232.083,194.999
153.638,231.39,198.344
150.302,230.137,199.71
150.035,227.282,197.182
152.568,224.56,198.017
151.206,221.015,198.441
149.176,221.337,195.216
150.35,220.277,191.741
151.237,222.944,189.171
152.931,222.709,185.771
155.207,225.706,185.176
156.255,226.369,181.58
159.638,228.096,181.612
160.975,230.622,179.113
162.635,227.807,177.135
159.206,226.346,176.345
159.853,223.143,178.315
156.902,222.268,180.551
157.999,221.495,184.114
155.4,219.915,186.407
155.87,219.301,190.108
155.068,220.378,193.65
156.424,223.765,194.695
158.121,223.606,198.09
158.284,227.398,198.509
158.614,230.826,196.882
160.668,233.969,197.478
159.933,237.646,196.861
161.74,237.242,193.521
159.127,234.659,192.324
161.849,231.976,192.364
160.242,228.719,193.487
162.054,225.526,194.472
160.018,222.384,193.808
160.137,218.687,194.652
159.546,215.632,192.447
159.631,217.674,189.246
159.528,216.209,185.734
160.826,218.382,182.896
160.679,217.544,179.186
162.868,219.615,176.872
161.628,220.745,173.471
162.035,217.934,170.916
163.707,215.746,173.571
162.895,213.06,176.133
161.478,213.883,179.586
163.697,213.834,182.671
162.641,213.159,186.267
164.202,214.74,189.364
163.573,214.376,193.09
164.105,218.067,193.889
164.798,221.111,191.733
164.78,224.902,191.912
163.664,227.462,189.33
163.914,231.243,189.089
160.772,233.327,188.687
162.513,235.336,185.983
163.519,232.129,184.183
159.88,230.992,183.873
157.064,232.18,181.593
153.568,230.872,182.415
152.639,228.512,185.245
149.46,226.426,185.201
147.419,227.17,188.315
145.559,224.339,190.083
141.798,224.256,189.518
141.034,223.528,193.195
143.359,226.292,194.41
141.326,228.849,196.405
141.555,232.321,194.859
140.435,234.451,197.818
142.545,232.498,200.314
145.896,233.539,198.812
144.865,237.156,198.102
143.974,239.864,200.609
142.027,241.927,198.035
138.386,240.887,197.673
341.022,194.218,310.914
344.839,194.171,311.186
345.303,192.305,314.508
342.969,189.567,313.198
345.454,188.879,310.345
348.273,188.984,312.919
346.673,186.371,315.175
345.906,184.196,312.126
349.696,184.17,311.532
350.099,182.868,315.136
348.139,179.581,314.89
349.709,176.391,316.276
352.076,178.555,318.359
352.439,178.312,322.133
351.287,181.516,323.827
350.675,182.756,327.36
347.474,184.749,327.883
346.761,187.086,330.786
343.153,188.0,331.494
342.046,191.163,333.336
340.985,189.157,336.436
344.587,187.994,337.159
344.195,184.634,335.401
347.132,183.304,333.366
346.87,180.456,330.833
349.494,178.896,328.559
348.38,176.895,325.501
348.405,176.387,321.745
346.504,178.991,319.725
344.085,176.895,317.656
341.647,179.595,316.466
341.165,183.381,316.229
338.132,185.524,315.351
337.159,189.154,314.563
336.585,190.063,318.238
340.043,188.543,318.862
338.415,185.701,320.808
340.954,182.93,321.249
340.645,179.162,321.462
343.512,177.311,323.105
344.283,173.589,323.007
346.392,171.828,325.663
345.69,174.243,328.559
348.48,174.484,331.126
349.524,176.483,334.214
352.213,179.155,333.749
351.888,180.517,337.305
351.084,178.83,340.676
348.718,181.416,342.241
346.824,183.173,339.415
345.816,179.99,337.621
342.044,179.399,337.947
340.16,176.257,338.997
340.511,173.695,336.211
342.403,170.399,335.59
340.925,167.858,333.15
339.792,170.462,330.603
342.354,170.918,327.814
340.536,173.311,325.462
339.196,176.756,326.263
337.395,179.606,324.547
338.529,182.954,325.856
336.425,186.08,325.346
338.564,188.731,323.578
337.248,191.541,325.815
338.693,189.795,328.938
342.354,189.55,327.793
344.9,192.184,328.843
348.123,190.723,327.423
349.172,188.089,324.917
352.781,186.925,325.398
354.812,186.281,322.236
358.443,185.396,321.449
360.383,187.47,318.907
360.696,184.368,316.664
356.908,184.15,316.072
356.589,187.567,314.469
358.066,189.473,311.535
358.514,193.028,312.875
359.057,194.839,309.521
355.882,193.278,308.069
353.961,194.562,311.091
355.438,198.054,310.917
354.645,198.684,307.245
351.164,197.126,307.631
350.528,199.41,310.649
351.617,202.337,308.454
349.277,200.993,305.749
346.101,201.383,307.853
343.839,204.463,307.911
345.012,212.405,312.955
345.948,211.488,316.615
346.293,207.892,315.345
348.745,208.965,312.634
351.013,210.872,315.028
351.491,207.417,316.603
352.702,205.968,313.262
355.237,208.687,313.704
357.007,206.709,316.463
357.013,203.185,314.927
360.232,201.357,315.866
360.664,204.07,318.537
360.602,203.433,322.283
357.214,204.201,323.85
355.703,204.672,327.302
352.164,203.401,327.85
349.808,203.82,330.78
347.043,201.244,331.356
344.075,201.075,333.754
344.978,199.522,337.16
348.183,201.557,337.749
350.299,199.523,335.29
352.888,201.086,332.984
354.637,199.504,330.022
357.721,200.648,328.139
358.859,198.957,324.917
359.418,199.366,321.17
356.235,200.022,319.205
355.699,197.35,316.596
351.974,197.831,315.785
348.768,199.512,316.762
345.232,199.819,315.504
342.401,202.386,315.911
341.308,200.525,319.066
344.869,201.348,320.162
345.622,197.627,320.412
349.396,197.346,320.566
352.265,194.998,319.992
355.502,195.83,321.788
358.865,194.087,321.984
361.6,194.136,324.64
358.982,195.643,326.954
358.945,195.925,330.711
355.759,196.319,332.753
355.541,197.865,336.211
352.501,197.193,338.385
351.888,199.479,341.297
349.925,197.875,344.077
348.925,199.323,347.459
353.215,200.877,348.128
355.214,198.419,346.156
355.945,198.036,342.464
356.386,194.677,340.726
358.056,194.206,337.336
357.514,191.832,334.394
359.695,191.391,331.289
358.624,190.037,327.882
360.348,189.798,324.446
357.021,190.336,322.62
353.532,191.201,323.861
350.174,192.164,322.435
347.974,194.517,324.491
344.228,194.953,324.252
343.397,198.573,323.39
340.497,198.979,325.866
342.918,198.965,328.863
345.003,201.76,327.3
344.976,205.301,328.706
348.134,207.121,327.5
350.677,206.48,324.739
353.797,208.645,324.898
357.62,208.193,324.71
359.939,207.597,327.739
318.448,177.609,320.353
319.588,181.236,320.587
319.085,183.173,323.863
317.049,185.872,322.138
314.7,183.397,320.387
314.296,181.6,323.742
313.156,184.837,325.41
311.027,185.87,322.43
308.738,182.848,322.928
309.123,182.687,326.739
306.665,185.645,326.638
304.081,185.057,329.439
306.426,182.905,331.562
307.724,183.712,335.073
311.501,184.347,335.426
314.07,185.812,337.814
316.62,188.377,336.581
319.873,189.292,338.269
321.145,192.808,337.672
324.727,194.033,337.477
323.624,196.097,340.485
323.034,192.979,342.636
319.244,193.273,342.596
316.949,190.248,342.03
313.728,190.712,340.073
310.949,188.182,339.979
308.193,188.69,337.411
306.409,187.414,334.319
307.915,188.34,330.954
305.899,190.678,328.714
308.298,191.878,325.962
311.85,191.521,324.652
313.806,193.207,321.862
317.209,192.598,320.21
319.079,194.603,322.865
317.473,192.143,325.346
315.543,195.053,326.935
312.727,193.491,328.961
309.313,194.465,330.26
307.849,192.327,333.068
304.466,192.304,334.787
303.525,191.108,338.284
306.951,192.2,339.569
308.755,191.939,342.897
312.237,193.42,343.244
314.705,192.713,346.053
317.487,195.088,347.134
321.006,193.884,348.016
320.686,195.579,351.454
317.407,195.341,353.389
313.978,194.058,352.394
312.869,196.007,349.315
309.476,194.196,349.45
308.688,196.186,346.321
305.762,194.891,344.287
305.255,196.622,340.927
302.659,196.447,338.102
305.287,196.636,335.334
309.035,197.121,334.979
311.421,197.882,332.109
315.065,196.727,332.163
317.846,197.749,329.778
319.607,194.664,328.326
323.121,195.898,329.247
322.332,195.744,332.996
321.349,192.069,333.236
323.878,189.532,334.532
321.829,186.346,334.097
318.226,185.131,333.985
316.876,182.21,335.932
314.207,180.548,333.772
311.359,178.195,334.858
312.202,174.564,334.148
309.179,174.199,331.869
311.014,176.548,329.406
312.161,174.034,326.772
308.693,172.511,326.383
306.784,175.801,326.57
308.558,177.647,323.708
309.235,174.506,321.652
301.97,216.935,321.887
305.03,215.019,323.209
307.945,217.02,324.6
311.209,215.873,323.044
314.216,215.884,325.449
316.561,217.301,322.756
314.158,220.216,322.361
314.465,220.803,326.112
318.278,220.907,325.883
318.035,223.201,322.84
316.018,225.806,324.768
318.435,225.853,327.735
321.238,226.939,325.346
322.672,230.311,326.425
321.286,229.611,329.932
322.931,228.309,333.107
322.951,224.516,333.341
323.994,221.843,335.799
325.374,218.646,334.262
325.568,215.578,336.446
327.888,212.791,335.448
327.062,209.141,336.288
329.809,209.573,338.907
329.94,212.024,341.865
330.992,214.889,339.575
328.962,217.913,338.548
329.482,221.065,336.533
327.555,224.326,336.182
328.191,226.873,333.433
326.465,228.447,330.425
325.173,225.891,327.933
326.715,226.98,324.623
325.614,223.947,322.501
325.254,220.17,322.15
325.143,217.443,319.484
323.051,214.266,318.925
325.367,212.187,321.129
324.681,214.899,323.752
328.345,215.896,323.98
328.233,219.303,325.623
329.902,222.707,325.36
329.969,224.695,328.569
331.319,228.137,329.246
333.044,229.206,332.464
332.096,226.037,334.285
332.505,225.196,337.922
333.504,221.585,338.555
332.33,219.815,341.68
332.905,216.586,343.52
331.789,217.976,346.865
329.233,220.757,347.539
331.342,222.309,350.386
334.145,222.339,347.776
334.742,222.925,344.032
337.593,221.325,342.083
338.099,223.883,339.321
339.541,227.119,340.573
337.954,228.454,337.369
337.075,226.845,334.012
337.573,229.913,331.825
336.63,229.71,328.133
334.913,226.633,326.667
334.805,223.047,327.758
333.776,220.094,325.677
332.126,217.664,328.046
331.972,214.116,326.715
328.311,213.024,326.514
329.49,209.49,327.361
329.481,209.975,331.159
326.515,212.397,331.373
323.451,211.198,333.287
321.264,214.221,334.028
320.907,217.745,332.653
319.384,220.488,334.798
318.47,223.918,333.303
319.244,226.547,335.974
331.174,220.239,318.86
333.219,219.642,315.657
333.54,223.399,315.093
334.854,223.505,318.677
337.369,220.665,318.041
338.772,222.761,315.179
338.442,226.135,316.971
340.787,225.324,319.864
343.514,223.229,318.143
346.83,224.96,318.925
345.311,226.521,322.071
346.457,225.382,325.559
343.924,222.915,326.992
343.255,220.785,330.053
342.068,217.241,329.343
340.553,215.261,332.223
340.245,211.472,332.104
337.676,209.196,333.762
340.188,208.53,336.57
340.422,212.274,337.437
343.975,212.651,335.994
344.39,215.881,334.093
346.739,216.744,331.204
347.636,220.367,330.459
349.304,221.163,327.127
348.819,222.12,323.458
346.123,220.54,321.331
347.857,218.91,318.336
344.67,217.213,316.969
341.497,215.199,317.829
339.217,212.745,316.015
335.593,211.486,316.016
336.364,208.999,318.823
337.593,211.701,321.249
341.251,210.657,320.739
343.573,213.517,321.607
347.095,214.692,320.776
348.871,217.077,323.19
352.221,217.744,324.982
353.123,218.142,328.732
352.154,217.774,331.871
349.993,215.509,334.08
348.334,216.441,337.421
345.723,214.747,339.659
343.584,215.715,342.695
345.989,213.404,344.604
348.923,213.684,342.159
351.021,216.121,339.971
353.295,213.775,338.432
354.927,213.914,334.983
356.233,216.19,332.224
356.165,214.63,328.746
358.585,216.374,326.351
357.287,214.031,323.653
353.76,214.392,322.258
351.115,212.575,324.308
348.168,210.569,323.107
345.138,210.114,325.271
342.575,207.483,324.468
339.175,208.848,323.467
337.117,206.494,325.65
338.839,207.761,328.826
338.351,211.521,328.264
335.768,213.291,330.371
336.431,216.791,329.003
338.685,219.023,326.913
338.788,222.563,328.32
340.724,225.769,327.515
342.307,228.27,329.929
308.245,199.929,324.737
308.049,203.325,322.978
304.329,202.463,323.313
304.56,201.15,326.908
305.98,204.457,328.241
303.087,206.495,326.791
300.864,204.681,329.34
302.78,206.528,332.117
302.663,210.016,330.499
301.962,212.804,333.051
302.45,210.297,335.914
305.285,210.145,338.442
307.916,207.466,337.817
311.124,206.184,339.429
314.42,206.022,337.514
317.773,204.34,338.158
321.031,205.249,336.412
324.305,203.365,335.992
326.53,204.554,338.852
323.678,204.183,341.38
321.727,207.492,341.172
317.984,207.244,341.707
315.407,209.924,340.916
311.627,210.386,340.781
309.743,212.777,338.473
306.728,213.304,336.214
307.038,211.847,332.765
306.656,214.868,330.456
308.114,213.374,327.216
310.661,210.942,325.793
312.194,209.719,322.547
313.084,206.167,321.185
316.612,206.587,322.661
315.074,206.714,326.205
315.98,210.382,326.743
313.315,211.649,329.15
311.804,214.977,330.17
310.915,214.736,333.863
309.23,217.509,335.849
309.529,218.21,339.599
312.3,215.603,339.923
313.618,214.61,343.329
316.908,212.666,343.508
316.968,210.184,346.401
320.218,210.74,348.192
322.345,207.802,349.063
324.668,207.081,352.056
328.198,208.323,351.062
329.951,204.951,351.586
329.105,201.196,351.497
328.084,201.732,347.832
325.157,203.813,349.179
321.886,202.949,350.839
318.959,205.39,350.412
319.201,207.859,353.295
315.49,208.947,352.942
316.652,212.529,352.177
315.559,214.202,348.93
317.145,216.788,346.621
315.019,218.936,344.263
316.076,219.417,340.64
312.85,220.577,338.922
312.544,220.199,335.137
315.23,217.786,333.868
316.379,216.013,330.689
317.392,212.43,331.536
320.031,210.884,329.272
319.221,207.486,327.735
322.938,206.575,327.767
322.96,206.248,331.604
319.319,205.168,332.224
318.938,201.582,333.459
315.445,201.302,334.945
312.138,203.165,334.842
309.191,202.07,337.01
305.788,203.516,338.08
304.741,204.136,341.692
303.523,201.212,343.839
299.843,200.819,342.813
333.387,179.839,317.463
331.719,177.982,320.369
330.172,175.505,317.895
332.239,172.481,319.012
330.853,172.973,322.553
327.102,172.668,321.845
325.322,170.054,324.004
328.595,169.199,325.799
329.295,169.987,329.46
331.435,173.072,330.046
333.339,174.996,332.697
332.497,178.703,332.733
334.491,181.463,334.391
332.754,184.802,334.78
334.708,188.102,334.802
334.217,188.376,338.59
336.196,185.097,338.963
333.126,182.95,339.821
332.866,179.462,338.317
329.932,177.427,336.975
329.484,173.998,335.373
326.671,173.303,332.89
325.413,172.07,329.533
325.96,174.695,326.83
322.746,174.692,324.77
322.634,178.053,322.937
325.028,180.933,322.237
324.893,184.037,320.04
327.402,186.481,318.498
327.467,188.6,321.684
328.383,185.407,323.661
324.977,185.235,325.392
324.969,181.614,326.559
321.911,179.425,327.086
322.594,176.949,329.824
321.008,173.864,331.359
321.688,171.958,334.62
323.978,174.503,336.223
326.026,174.384,339.361
328.583,176.425,341.288
331.89,174.685,340.473
328.553,171.928,343.866
325.264,173.812,344.318
322.445,173.602,341.755
321.623,177.131,340.683
318.976,176.049,338.077
317.744,173.659,335.39
317.841,176.408,332.747
319.39,179.869,332.822
320.52,182.546,330.381
323.828,184.345,330.889
325.046,187.59,329.345
328.198,187.621,327.199
329.393,190.569,329.334
329.864,188.175,332.292
331.774,185.503,330.382
335.534,185.623,330.78
336.177,182.091,329.538
334.637,178.776,328.567
336.314,175.369,328.835
335.32,171.996,327.383
335.197,169.165,329.955
306.401,130.154,220.809
303.426,130.161,223.168
305.858,132.224,225.247
303.463,134.62,226.927
305.42,133.587,230.039
307.899,136.233,228.895
305.231,138.92,228.437
304.409,138.446,232.136
307.146,140.975,232.909
304.504,143.061,234.659
305.697,141.066,237.682
309.179,142.612,237.558
307.778,146.126,237.137
305.367,145.561,240.032
307.865,144.006,242.438
310.849,146.345,241.917
309.265,149.397,240.311
308.552,153.038,240.918
304.955,153.64,242.074
304.097,154.684,238.5
305.576,151.448,237.127
303.731,149.422,239.766
300.371,150.985,238.888
300.867,150.71,235.121
301.88,147.041,235.253
299.216,146.246,237.853
296.474,147.708,235.658
297.892,145.992,232.566
297.967,142.556,234.206
294.316,142.757,235.29
292.91,143.668,231.862
294.936,140.85,230.274
294.44,138.632,233.343
291.685,136.543,231.75
293.719,136.399,228.536
296.961,135.446,230.302
295.503,132.24,231.727
294.533,130.59,234.995
297.679,128.477,235.299
300.408,130.307,233.378
299.896,133.094,235.923
300.08,131.159,239.199
303.008,129.058,237.935
305.038,132.29,238.086
303.562,134.072,241.124
303.574,131.077,243.474
307.358,130.561,242.994
307.841,134.255,243.865
305.667,134.206,247.0
307.888,131.358,248.273
311.383,132.852,247.964
312.748,133.18,251.531
314.512,136.35,250.329
311.108,137.994,249.834
310.512,141.227,251.73
307.212,141.723,253.546
306.143,144.694,251.412
306.866,142.66,248.273
304.685,139.879,249.683
301.929,142.46,250.182
302.143,143.716,246.59
302.012,140.108,245.384
298.9,139.553,247.501
297.247,142.613,245.955
297.999,141.376,242.433
296.696,137.921,243.379
293.442,139.564,244.484
293.041,141.706,241.378
293.675,138.812,238.978
291.589,136.303,240.966
288.646,138.69,240.618
288.93,138.434,236.826
289.414,134.646,236.548
286.168,133.943,238.373
285.887,127.696,237.039
289.438,128.203,235.801
291.06,128.476,239.248
290.355,124.821,240.104
293.757,123.664,238.765
295.659,126.452,240.555
294.088,126.141,244.018
297.089,124.375,245.546
299.66,126.974,244.478
297.468,129.877,245.629
296.913,128.116,248.955
300.555,127.223,249.627
301.435,130.845,248.903
298.568,132.412,250.868
298.012,130.305,253.999
301.093,131.762,255.783
299.348,135.154,255.691
296.761,133.585,258.02
299.291,133.22,260.851
301.219,136.414,260.068
301.875,138.751,262.979
300.344,141.683,261.085
296.584,141.991,261.526
295.855,143.471,258.097
298.023,140.783,256.508
295.832,138.144,258.15
292.656,139.932,257.057
294.093,140.049,253.528
294.844,136.322,253.489
291.397,135.445,254.81
289.796,137.695,252.184
291.579,136.12,249.224
291.018,132.63,250.653
287.28,133.307,250.891
287.135,134.662,247.343
289.139,131.649,246.173
286.668,129.329,247.895
283.825,131.095,246.069
285.47,130.872,242.638
286.484,127.229,242.924
283.886,124.816,244.217
283.42,123.594,247.764
284.391,120.126,246.539
287.513,121.69,245.022
288.636,123.194,248.334
287.825,120.025,250.279
289.75,117.822,247.85
292.72,120.194,247.748
293.026,120.578,251.527
291.939,117.194,252.929
295.402,115.535,252.654
297.043,117.973,255.1
294.428,117.121,257.761
296.571,114.311,259.211
299.917,115.791,258.145
302.444,114.915,260.828
303.846,118.439,261.159
301.681,120.357,263.623
302.308,123.654,261.805
300.523,122.467,258.654
297.66,121.003,260.698
297.053,124.262,262.575
297.262,126.404,259.44
295.038,123.977,257.522
292.348,124.055,260.212
292.44,127.855,260.109
291.966,127.8,256.331
288.992,125.449,256.688
287.51,127.959,259.124
287.965,130.643,256.467
286.175,128.591,253.814
283.432,127.946,256.365
282.968,131.706,256.748
282.994,132.25,252.974
280.594,129.434,251.997
278.487,129.439,255.164
278.624,126.987,258.059
276.174,124.389,256.629
278.32,123.667,253.559
281.203,122.53,255.78
278.942,120.696,258.256
279.075,117.167,256.749
282.837,117.198,256.095
283.634,118.142,259.7
281.085,115.653,261.044
283.122,112.907,259.379
286.572,114.276,260.014
286.003,114.571,263.703
284.953,110.97,263.772
287.57,109.876,261.283
289.142,106.711,262.515
292.298,107.027,260.543
294.226,108.938,263.161
293.667,111.286,266.002
295.594,113.865,264.137
292.703,114.052,261.666
289.987,114.284,264.329
292.071,116.727,266.376
292.408,118.924,263.281
288.672,118.8,262.589
287.751,119.802,266.138
290.362,122.554,265.96
288.542,123.598,262.782
285.385,123.936,264.884
287.24,126.095,267.415
288.628,128.247,264.604
285.11,128.671,263.228
284.016,129.949,266.638
286.93,132.394,266.916
286.643,133.497,263.291
282.89,133.9,262.863
281.378,132.284,264.205
277.84,132.406,265.572
276.231,130.888,262.472
277.063,127.69,264.388
274.221,128.191,266.902
271.658,125.844,265.285
274.063,122.896,264.854
276.048,123.684,268.019
274.461,120.766,269.881
275.302,118.357,267.058
278.916,119.556,267.104
279.365,119.324,270.883
277.873,115.827,270.805
280.199,114.794,267.971
283.229,116.111,269.882
282.316,115.616,273.553
283.644,112.045,273.753
287.139,113.505,273.926
288.243,114.808,277.334
288.038,111.186,278.515
290.332,109.91,275.758
293.62,108.361,276.874
295.594,110.804,274.678
296.414,114.096,276.386
296.651,115.828,273.006
293.111,114.886,271.956
291.728,115.867,275.37
293.433,119.259,275.122
292.211,119.834,271.567
288.698,118.806,272.619
288.68,121.271,275.519
289.961,124.011,273.209
287.237,123.116,270.71
284.679,123.54,273.493
286.3,126.916,274.177
286.05,127.996,270.532
282.459,126.768,270.214
281.327,128.527,273.393
283.177,131.664,272.284
281.367,131.776,268.939
277.984,130.921,270.474
278.265,133.714,273.071
276.096,134.663,274.637
273.62,131.923,273.641
273.865,128.151,273.63
274.35,127.1,277.241
271.952,124.183,276.731
274.017,122.534,273.982
276.924,122.179,276.45
275.032,120.139,279.074
276.914,116.951,278.192
280.263,118.709,278.791
279.605,120.572,282.051
280.351,117.805,284.561
283.399,116.259,282.779
285.263,119.577,282.813
284.311,119.98,286.481
285.667,116.5,287.214
288.705,117.062,285.015
289.559,120.265,286.879
290.483,118.127,289.894
292.508,115.394,288.168
294.481,117.28,285.5
297.739,119.215,285.481
299.871,120.93,282.941
298.671,122.472,279.703
295.732,120.065,279.514
294.346,121.472,282.75
294.914,124.899,281.205
292.736,123.919,278.24
289.997,122.679,280.567
290.144,125.96,282.499
289.926,127.983,279.279
286.839,126.053,278.17
285.311,126.638,281.618
286.044,130.352,281.248
284.341,130.737,277.888
281.488,128.57,279.2
280.469,130.449,282.36
279.355,133.686,280.581
276.878,131.527,278.686
275.267,130.43,281.965
272.856,132.683,283.828
272.38,133.962,287.381
272.61,131.166,289.974
274.356,128.542,287.856
277.223,130.969,287.255
277.499,131.367,291.033
277.412,127.595,291.606
279.894,126.653,288.875
282.281,129.552,289.523
282.342,128.71,293.229
282.913,125.112,292.102
286.091,126.001,290.165
287.487,128.9,292.222
289.646,126.553,294.314
291.652,125.289,291.337
291.634,128.769,289.8
293.154,130.423,292.888
295.557,127.477,293.066
296.821,128.145,289.538
297.133,131.869,290.32
300.744,131.018,291.256
301.518,128.548,288.46
305.08,128.701,287.065
303.825,128.427,283.48
303.027,131.656,281.619
300.289,130.346,279.316
298.663,129.148,282.546
298.774,132.562,284.238
297.199,134.051,281.117
294.463,131.421,280.763
293.53,131.93,284.418
293.587,135.721,284.104
291.143,135.522,281.192
289.041,133.103,283.253
288.923,135.631,286.099
287.892,138.421,283.728
285.152,136.181,282.314
283.825,135.029,285.695
283.406,138.449,287.305
281.989,139.89,284.082
279.111,137.405,284.307
275.948,138.384,286.163
275.63,135.577,288.711
279.011,136.243,290.316
278.031,138.643,293.099
280.464,141.434,293.943
280.851,140.647,297.659
281.937,137.12,296.72
284.656,138.436,294.387
285.745,140.846,297.119
286.117,138.066,299.695
287.541,135.146,297.696
289.022,136.429,294.425
290.604,139.826,295.138
293.084,138.822,297.902
294.965,136.123,295.96
294.513,138.088,292.731
296.371,141.158,293.983
298.834,139.114,296.054
300.109,136.926,293.203
299.17,138.816,290.017
300.323,142.368,290.866
304.075,141.755,290.996
306.926,143.878,289.691
307.865,141.33,287.017
304.398,141.603,285.469
305.104,145.22,284.446
307.95,144.008,282.206
306.046,141.821,279.725
303.803,143.699,277.305
301.365,140.779,277.194
301.102,140.478,280.981
300.882,144.274,281.216
297.852,144.475,278.922
296.167,141.366,280.353
296.465,142.53,283.961
295.524,146.162,283.308
292.363,145.215,281.41
291.296,142.411,283.764
291.69,144.712,286.775
289.929,147.673,285.155
286.982,145.399,284.379
286.999,144.004,287.919
286.468,147.593,289.063
283.269,147.767,286.992
281.674,145.089,289.184
283.37,145.354,292.586
283.516,149.162,292.747
286.216,151.631,291.789
287.516,152.186,295.324
288.004,148.476,296.047
290.369,148.122,293.092
292.07,151.52,293.255
292.963,151.498,296.959
294.809,148.191,296.566
297.246,149.814,294.118
297.163,153.482,295.135
300.257,153.256,297.33
302.079,151.517,294.476
301.847,154.791,292.539
304.909,155.708,294.641
307.045,152.741,293.576
310.587,153.479,292.424
310.465,151.155,289.398
308.921,153.49,286.832
307.233,150.798,284.727
305.179,149.757,287.76
304.053,153.342,288.361
303.069,153.318,284.686
300.953,150.162,284.998
299.141,151.119,288.209
298.654,154.636,286.841
297.043,153.35,283.642
294.818,150.976,285.621
293.649,153.772,287.92
293.125,156.091,284.948
290.896,153.687,283.017
288.98,152.772,286.184
288.278,156.378,287.172
287.5,157.162,283.541
284.761,154.521,283.58
283.298,154.874,287.082
284.156,158.373,288.32
285.179,159.496,291.782
281.999,159.101,293.86
283.447,155.864,295.275
286.591,157.562,296.626
286.52,158.739,300.242
288.847,161.458,301.528
291.804,159.245,302.456
291.805,157.455,299.101
291.477,160.903,297.508
294.621,162.244,299.182
296.417,159.006,298.319
295.402,159.631,294.699
296.66,163.227,294.719
299.921,162.196,296.394
300.68,159.224,294.145
299.795,161.3,291.086
302.16,164.133,292.035
304.948,161.699,292.939
304.596,159.566,289.806
304.365,162.639,287.558
307.345,164.509,289.029
309.911,161.691,288.821
309.357,160.4,285.298
312.442,159.712,283.187
310.667,160.321,279.872
307.25,161.668,278.81
304.659,159.034,279.73
301.474,160.051,277.965
300.065,157.537,280.457
301.088,159.943,283.231
299.476,162.924,281.501
296.245,160.998,280.912
296.243,159.736,284.491
296.81,163.178,285.999
294.182,164.976,283.934
291.691,162.116,284.213
291.962,161.902,288.001
291.7,165.687,288.292
288.636,166.111,286.08
287.132,163.071,287.805
287.416,164.765,291.2
286.058,167.969,289.675
285.695,170.627,292.346
287.034,168.173,294.943
290.554,168.974,293.689
290.394,172.643,294.728
292.419,172.255,297.972
295.404,170.849,296.075
295.403,173.28,293.109
298.223,175.167,294.89
300.473,172.102,294.885
299.405,171.031,291.381
300.011,174.444,289.814
303.364,174.647,291.574
304.437,171.353,290.027
303.072,172.572,286.682
305.177,175.749,286.662
308.28,173.991,287.983
307.747,171.362,285.287
306.816,174.163,282.858
310.354,175.596,283.064
311.985,172.205,283.652
314.107,169.825,281.57
315.481,172.687,279.469
312.017,173.383,278.049
312.207,170.083,276.137
308.872,168.258,275.996
307.699,170.898,278.416
304.625,170.621,276.174
303.548,167.852,278.55
302.92,170.626,281.08
301.087,172.83,278.577
298.984,169.814,277.579
298.117,169.253,281.245
297.111,172.906,281.673
294.856,172.588,278.635
293.421,169.351,280.063
292.538,170.762,283.509
291.811,174.43,282.73
288.025,174.005,282.779
288.268,172.398,286.222
290.511,175.227,287.409
287.733,177.602,286.313
285.093,175.611,288.196
287.395,175.792,291.253
287.329,179.61,291.629
291.139,179.844,291.348
291.273,182.325,288.455
294.211,183.968,290.238
296.167,180.72,289.836
295.226,180.326,286.173
296.43,183.913,285.914
299.677,182.867,287.562
299.998,180.362,284.685
298.978,182.628,281.8
302.036,184.821,282.331
304.379,181.816,282.436
302.87,180.574,279.171
303.049,184.103,277.738
306.806,184.405,278.369
307.179,181.324,276.19
305.486,182.14,272.867
309.044,182.786,271.677
309.664,179.048,271.99
311.412,177.92,268.809
310.589,174.23,269.314
307.349,174.338,267.292
305.785,171.187,268.741
306.118,172.725,272.21
304.912,176.163,271.104
301.72,174.623,269.74
301.06,173.151,273.174
301.796,176.528,274.788
299.201,178.211,272.574
296.865,175.311,273.322
297.107,175.851,277.07
296.654,179.607,276.61
293.497,179.14,274.54
292.342,176.597,277.128
292.616,179.214,279.878
291.02,181.962,277.773
288.005,179.698,277.212
287.131,179.833,280.934
288.911,182.83,282.473
287.013,186.096,282.427
288.463,188.514,279.89
289.151,191.111,282.59
291.018,188.529,284.706
293.453,187.289,282.048
296.971,187.334,283.503
298.331,188.98,280.346
295.76,191.659,279.474
294.225,190.559,276.169
295.377,193.94,274.845
298.889,192.591,275.452
298.172,189.027,274.337
296.728,189.498,270.846
299.499,191.714,269.368
301.968,189.121,270.633
299.972,186.508,268.713
299.711,188.379,265.402
303.346,187.549,264.459
302.985,183.825,265.198
300.525,183.477,262.298
303.544,183.296,259.968
304.784,180.172,261.763
305.191,177.356,259.251
304.386,174.515,261.661
300.848,173.215,261.227
300.201,172.731,264.953
301.323,176.289,265.711
299.031,177.65,262.993
296.01,175.657,264.165
296.339,176.495,267.862
297.277,180.114,267.14
294.374,180.814,264.78
292.086,179.112,267.302
293.329,181.431,270.054
292.915,184.574,267.936
289.38,183.461,267.132
288.397,182.717,270.723
289.672,186.175,271.684
287.694,187.766,268.848
284.604,185.979,270.19
284.775,186.461,273.963
286.462,189.865,274.159
286.634,191.588,270.785
286.115,194.948,272.532
289.681,194.812,273.899
291.686,194.614,270.665
291.839,197.871,268.731
290.067,198.565,265.442
293.44,198.465,263.651
294.698,195.092,264.89
291.753,192.963,263.757
292.059,194.194,260.159
295.812,193.522,260.067
295.131,190.001,261.339
292.348,189.412,258.783
294.762,190.12,255.957
297.235,187.916,257.814
294.807,184.972,257.474
293.204,185.592,254.064
295.813,183.424,252.339
295.619,180.934,255.211
292.052,180.327,254.03
293.832,178.445,251.212
295.835,176.149,253.524
296.053,172.48,252.573
295.087,170.981,255.944
291.332,171.014,256.534
291.741,171.913,260.215
293.719,175.086,259.502
291.346,176.187,256.73
288.29,175.665,258.943
289.752,177.413,261.994
290.723,180.371,259.809
287.182,180.536,258.423
285.914,180.632,262.015
288.211,183.212,263.616
287.945,185.308,260.452
284.183,185.137,260.915
284.462,186.255,264.54
286.691,189.28,263.954
284.494,190.115,260.963
281.495,190.139,263.308
283.215,192.371,265.865
284.471,194.731,263.142
281.421,194.751,260.868
281.6,195.052,257.084
283.198,191.636,249.673
286.984,191.22,249.893
286.736,187.686,251.181
289.553,186.101,249.227
288.92,185.54,245.572
289.15,181.884,244.595
292.788,180.839,245.1
293.546,177.374,243.738
296.533,175.213,244.664
294.577,172.512,246.497
291.028,173.806,246.313
289.064,171.275,248.396
289.486,173.371,251.546
288.569,176.484,249.549
285.348,174.949,248.183
284.135,174.307,251.737
285.065,177.883,252.671
283.05,179.322,249.77
280.122,177.2,250.943
280.534,178.644,254.442
280.555,182.271,253.294
277.56,181.657,251.027
275.734,180.136,254.003
276.293,183.031,256.436
276.078,185.931,253.977
273.386,184.996,251.438
274.731,183.342,248.255
273.756,186.585,246.477
277.229,187.866,247.387
279.442,184.97,246.253
277.468,183.295,243.435
278.068,186.157,240.935
281.883,186.063,241.107
282.047,182.261,241.244
279.979,182.083,238.059
282.272,184.776,236.645
285.201,182.374,237.024
283.492,180.014,234.568
283.749,182.711,231.881
287.521,182.287,231.526
287.975,179.461,228.985
290.985,177.705,230.522
288.722,174.728,231.377
290.941,173.557,234.227
289.046,176.105,236.329
285.622,175.622,234.688
285.308,172.154,236.188
286.653,173.43,239.497
283.92,176.053,239.706
281.442,173.316,238.814
282.602,171.349,241.867
282.459,174.375,244.174
278.906,174.948,242.92
277.89,171.346,243.596
279.11,171.477,247.189
277.71,174.997,247.572
274.158,173.946,246.715
274.277,170.699,248.686
275.55,172.692,251.667
273.094,175.605,251.593
270.104,173.392,250.816
267.005,175.576,251.051
268.798,178.88,250.426
269.291,177.688,246.844
265.561,178.159,246.227
266.2,181.753,245.109
269.284,180.956,242.997
268.137,178.082,240.75
267.872,180.596,237.965
271.024,182.637,237.36
272.97,179.352,237.506
270.8,177.722,234.835
272.934,179.324,232.062
276.138,178.021,233.658
274.669,174.522,233.952
273.479,174.935,230.352
276.948,175.544,228.931
278.473,172.843,231.131
275.632,170.335,230.804
275.498,170.641,227.024
277.947,168.208,225.452
281.595,168.962,226.182
284.253,167.491,228.46
283.107,164.183,229.937
283.519,165.578,233.459
281.572,168.817,232.914
278.37,166.827,232.398
279.271,164.715,235.443
279.783,167.451,238.048
277.048,169.547,236.418
274.603,166.657,236.749
275.802,166.517,240.355
274.916,170.202,240.743
271.459,169.371,239.387
271.104,166.582,241.951
272.145,168.727,244.918
270.024,171.696,243.826
267.083,169.333,243.373
267.362,167.595,246.746
268.171,170.779,248.668
265.408,172.87,247.073
262.847,170.01,247.144
259.441,171.291,248.205
259.893,175.047,247.709
258.129,175.759,244.421
261.124,175.348,242.097
259.287,172.933,239.787
259.584,175.255,236.782
263.354,175.789,236.743
264.249,172.207,237.659
261.884,170.944,234.964
263.741,173.318,232.627
267.191,171.89,233.401
265.74,168.379,233.107
265.52,168.887,229.337
269.273,169.513,229.465
270.23,166.605,231.731
268.086,164.141,229.782
270.036,164.173,226.465
272.986,162.655,228.345
270.911,159.607,229.335
272.833,157.496,226.802
276.401,157.555,228.098
282.237,157.132,230.12
284.854,157.632,232.82
282.982,156.808,236.047
284.04,160.168,237.473
281.53,161.945,235.202
278.788,159.368,234.605
278.603,158.749,238.357
278.178,162.486,238.946
275.383,162.56,236.363
273.735,159.589,238.086
273.98,161.343,241.446
272.369,164.445,239.966
269.655,162.159,238.58
268.803,160.658,241.977
268.979,164.108,243.55
266.564,165.337,240.9
264.474,162.273,241.766
263.946,163.333,245.384
263.189,166.953,244.436
261.351,166.597,241.115
259.604,163.409,242.199
259.937,159.858,240.876
257.011,160.146,238.44
258.856,162.591,236.174
262.071,160.583,236.554
260.358,157.39,235.399
258.752,159.402,232.588
262.207,160.254,231.249
263.467,156.739,231.983
260.611,155.092,230.076
260.964,154.239,226.372
264.712,153.88,226.681
263.948,150.78,228.752
262.996,148.756,225.655
264.918,150.553,222.902
265.989,147.922,220.333
269.606,149.052,220.772
271.085,147.13,223.698
273.694,149.838,224.343
271.006,152.296,225.462
268.988,149.681,227.36
271.942,149.258,229.726
272.046,152.937,230.713
268.279,153.416,230.873
267.908,150.254,232.95
270.656,151.625,235.206
268.763,154.862,235.883
265.529,152.896,236.208
267.175,150.657,238.807
268.265,153.668,240.854
264.705,155.003,240.693
263.127,151.635,241.525
265.241,151.241,244.655
264.385,154.858,245.439
260.623,154.663,244.936
259.411,151.058,244.737
256.195,152.055,246.541
255.643,155.466,244.93
255.984,154.071,241.397
252.847,151.91,241.842
250.949,155.107,241.005
253.11,156.167,238.027
253.415,153.049,235.865
251.797,153.62,232.448
248.806,151.631,231.276
249.822,148.43,229.481
247.088,146.53,227.661
246.984,142.748,227.797
248.523,140.972,224.832
247.037,137.725,223.529
248.414,135.508,226.3
248.787,137.679,229.423
246.604,140.115,231.366
248.619,143.321,231.777
245.943,145.704,233.131
245.81,146.526,236.841
242.035,146.319,237.132
241.66,147.326,240.792
243.009,150.815,240.108
240.421,151.211,237.337
237.64,150.802,239.918
235.324,153.807,240.213
232.885,153.851,243.143
248.681,180.103,243.047
249.697,178.761,246.465
247.211,176.633,248.379
246.764,175.606,252.008
245.024,172.316,252.75
242.673,171.796,255.691
240.259,168.998,256.514
236.885,170.001,257.966
235.625,166.431,258.49
238.185,163.679,259.04
237.617,160.353,257.302
234.75,158.258,258.654
235.373,154.767,257.273
237.187,152.163,259.364
239.831,149.821,257.961
240.911,148.219,261.237
239.577,147.929,264.772
241.304,146.259,267.716
240.258,146.38,271.356
241.984,146.147,274.705
243.001,147.902,277.9
244.967,150.633,276.154
244.246,153.039,279.02
245.922,150.669,281.492
242.827,150.262,283.676
240.024,147.714,283.813
238.331,149.786,281.09
238.36,148.56,277.494
238.938,150.846,274.508
238.947,150.334,270.743
241.797,151.61,268.584
240.539,151.971,265.025
242.157,152.963,261.746
240.453,154.935,259.138
243.303,154.728,256.651
245.723,157.613,257.319
244.204,158.446,260.762
244.452,156.607,264.087
241.62,156.85,266.612
241.037,155.803,270.227
237.359,155.284,271.103
235.794,154.376,274.454
232.409,152.576,274.47
230.659,153.369,277.751
229.159,150.339,279.551
226.593,152.571,281.278
225.302,154.837,278.499
226.214,152.459,275.665
227.645,155.325,273.602
230.96,155.426,271.739
233.161,158.465,272.406
236.265,159.352,270.377
238.913,159.889,273.056
241.766,160.583,270.631
242.356,161.108,266.921
245.768,161.606,265.303
246.674,162.243,261.675
249.506,159.819,260.872
250.241,161.124,257.347
250.687,157.606,256.029
248.879,154.512,254.824
247.965,152.231,257.724
248.021,148.639,256.459
248.009,146.508,259.629
247.023,147.09,263.247
247.537,144.826,266.253
247.575,144.984,270.044
249.735,142.995,272.433
250.835,142.664,276.049
253.681,141.19,278.083
253.457,138.451,280.688
252.234,140.032,283.9
251.48,143.17,281.918
248.47,145.346,282.619
248.486,147.72,279.612
248.069,146.898,275.92
250.579,148.245,273.397
249.668,149.087,269.8
251.678,147.88,266.791
251.167,149.602,263.443
252.138,148.191,260.061
252.456,151.249,257.83
253.574,152.305,254.358
256.853,153.559,255.799
259.795,151.199,255.802
259.327,151.05,259.563
257.378,149.211,262.248
256.166,151.272,265.208
255.018,150.31,268.707
252.912,152.991,270.429
251.578,153.296,273.979
248.506,155.328,274.905
248.927,157.807,277.766
245.667,158.876,279.464
247.368,161.647,281.453
248.526,163.4,278.26
245.815,161.904,276.005
248.298,161.088,273.257
249.909,158.127,271.516
253.509,157.789,272.69
255.757,156.059,270.161
257.771,153.528,272.151
259.687,152.031,269.234
260.277,152.602,265.53
262.519,150.225,263.573
263.534,150.695,259.941
263.783,147.845,257.433
262.606,148.926,253.98
261.513,151.648,251.593
258.325,153.703,251.632
255.044,152.941,249.899
252.574,150.063,249.827
255.3,147.99,248.221
255.012,144.42,246.977
258.024,142.882,248.754
258.582,145.468,251.525
256.93,144.325,254.787
254.132,146.298,256.385
251.07,144.645,254.894
250.793,141.964,257.584
251.186,141.994,261.366
251.016,138.905,263.582
251.808,138.937,267.298
252.626,136.046,269.595
249.658,135.621,271.984
252.094,135.935,274.903
253.653,139.072,273.393
257.162,137.608,273.206
257.683,138.32,269.492
256.025,140.135,266.591
256.212,139.338,262.87
255.636,141.92,260.129
255.629,140.611,256.572
254.967,141.858,253.053
252.707,140.175,250.506
255.632,138.503,248.725
258.859,136.973,249.986
259.892,139.196,252.887
259.08,138.703,256.566
260.733,140.045,259.705
260.47,138.894,263.314
261.309,141.269,266.16
261.547,140.041,269.758
259.916,142.099,272.521
261.369,142.164,276.038
261.217,144.626,278.923
264.061,146.201,280.875
264.369,146.433,284.655
262.478,149.744,284.556
259.557,147.78,283.037
259.849,149.602,279.701
259.261,147.637,276.51
262.361,146.697,274.502
262.9,145.455,270.945
265.454,143.261,269.2
267.175,143.228,265.853
265.029,141.809,263.037
265.07,138.059,262.444
264.677,137.06,258.802
262.103,134.521,257.595
262.298,134.838,253.806
261.029,132.67,250.969
261.543,133.465,247.292
258.473,133.504,245.043
256.025,133.231,247.953
252.704,135.023,248.425
251.098,135.435,251.843
247.306,135.491,251.851
247.36,136.089,255.611
249.521,135.724,258.703
248.56,134.899,262.279
250.255,134.187,265.585
249.54,130.742,267.015
248.627,130.447,270.699
251.291,128.128,272.079
251.531,128.574,275.829
255.093,129.811,276.392
256.508,127.314,273.925
258.514,128.781,271.072
256.496,131.472,269.255
254.726,130.082,266.192
253.525,132.104,263.205
251.138,130.321,260.844
250.31,131.722,257.425
248.702,130.768,254.127
251.294,130.896,251.356
251.429,130.211,247.635
254.512,129.33,245.589
254.512,130.804,242.08
257.988,129.725,240.95
256.53,126.805,238.988
253.371,128.472,237.669
255.588,131.163,236.128
257.411,128.435,234.145
255.666,126.336,231.434
253.767,128.086,228.61
251.095,125.387,228.855
249.699,126.891,232.05
249.384,123.376,233.476
251.389,124.325,236.575
249.32,127.456,237.262
246.388,125.202,238.04
247.045,122.394,240.555
248.96,124.896,242.725
247.329,125.059,246.157
248.111,127.387,249.03
249.893,125.848,252.012
249.373,126.439,255.718
252.988,126.87,256.823
254.26,127.191,260.393
257.33,129.332,261.096
258.913,128.774,264.506
260.962,131.37,266.381
263.637,129.421,268.264
264.181,131.595,271.329
267.008,129.354,272.519
268.992,129.38,269.273
267.713,132.796,268.122
266.619,132.024,264.569
263.411,131.464,262.609
262.767,128.236,260.689
259.925,127.097,258.432
259.071,124.173,260.667
255.895,122.895,259.007
253.892,123.003,255.779
250.873,121.067,254.491
248.858,121.638,251.307
245.473,123.289,251.635
242.467,121.551,250.105
241.253,124.9,248.739
242.446,128.484,249.022
241.626,130.137,252.347
241.04,133.858,252.734
242.12,134.285,256.364
242.987,132.477,259.601
241.803,132.623,263.21
244.007,132.12,266.26
242.577,129.419,268.525
243.319,129.745,272.268
246.157,127.48,273.33
248.321,126.46,276.25
246.188,126.411,279.38
243.064,127.363,277.385
241.829,125.63,274.251
243.756,123.187,272.072
245.778,125.769,270.151
245.881,125.468,266.369
244.365,127.711,263.728
241.034,128.007,261.955
241.163,128.473,258.178
238.37,130.142,256.22
237.94,128.635,252.756
235.572,129.013,249.803
232.535,127.46,251.534
234.387,125.754,254.405
236.057,126.384,257.755
238.906,123.912,258.293
240.33,123.515,261.779
243.899,122.237,261.387
246.296,121.963,264.319
249.826,120.908,263.461
251.151,117.77,264.998
249.129,114.595,264.699
245.777,116.343,265.173
243.451,115.441,262.282
241.99,118.062,260.009
238.382,119.021,260.747
235.812,120.688,258.525
232.285,122.045,258.328
230.373,123.572,255.397
229.302,127.188,255.734
225.563,127.046,256.528
223.626,128.917,253.855
220.401,130.882,253.702
217.486,128.927,252.267
216.568,131.21,249.372
219.962,132.547,248.241
218.426,134.686,245.515
222.052,135.137,244.454
223.263,133.002,241.548
224.138,129.582,243.042
227.466,129.636,241.161
228.646,132.282,243.62
230.362,130.759,246.625
230.346,131.994,250.2
233.221,133.21,252.365
233.739,134.851,255.718
234.76,138.508,255.854
236.069,138.813,259.441
236.003,137.217,262.877
235.872,138.14,266.541
237.414,136.041,269.307
236.318,136.021,272.944
238.305,134.304,275.702
236.497,133.899,279.034
239.125,131.605,280.616
236.227,129.301,281.513
235.391,128.836,277.812
235.813,130.509,274.422
233.943,131.038,271.168
234.221,132.856,267.849
231.964,135.039,265.711
232.335,134.786,261.93
230.422,136.939,259.455
229.633,136.058,255.848
229.363,138.173,252.709
225.636,138.356,253.548
226.361,139.754,257.013
225.585,136.471,258.785
227.331,136.147,262.155
227.77,132.588,263.444
228.829,131.529,266.944
231.62,129.071,266.104
232.524,126.671,268.914
234.911,123.731,269.273
234.226,120.585,271.292
237.438,118.978,272.52
238.548,115.838,274.351
241.972,115.855,276.063
244.27,118.05,273.89
242.535,117.152,270.598
239.512,118.846,269.011
236.67,116.634,267.778
234.024,118.881,266.198
233.513,122.407,264.89
230.073,123.568,266.035
228.574,126.584,264.258
225.318,128.137,265.448
223.556,130.987,263.673
223.897,134.246,265.591
222.558,137.351,263.83
222.88,139.509,260.721
224.417,142.994,260.578
225.973,145.023,257.721
229.128,143.562,256.176
231.86,144.349,258.698
235.49,145.116,257.937
236.101,144.23,261.608
234.329,143.197,264.827
235.227,143.448,268.514
233.684,141.459,271.367
234.276,143.207,274.695
233.664,142.036,278.233
230.488,143.571,279.731
228.474,142.113,276.832
229.02,144.528,273.957
229.766,143.97,270.273
231.324,146.633,268.034
230.733,146.378,264.281
232.905,148.521,262.007
231.087,148.227,258.682
233.13,148.181,255.486
230.868,150.975,254.206
228.274,153.215,255.8
227.687,153.84,259.482
229.143,151.76,262.308
227.093,150.132,265.055
227.538,149.066,268.679
225.3,146.279,269.985
224.751,144.888,273.469
225.051,141.096,273.668
221.771,140.094,275.323
222.23,136.349,274.738
225.023,134.074,273.56
222.469,131.89,271.784
222.634,128.129,272.283
219.63,128.208,274.629
217.344,129.161,271.743
215.927,126.276,269.712
217.743,127.256,266.508
219.529,124.38,264.747
223.211,123.817,265.492
225.627,122.178,263.054
228.807,120.191,263.593
231.87,119.003,261.715
230.748,115.483,262.655
227.293,116.191,261.213
226.517,113.252,258.881
224.931,115.398,256.152
227.8,114.895,253.697
225.212,114.406,250.925
226.188,117.83,249.673
222.925,119.015,251.233
225.057,121.461,253.214
223.132,123.05,256.075
220.258,125.491,255.666
219.22,128.115,258.21
216.557,130.814,258.375
217.803,134.412,258.74
215.696,136.337,261.222
215.379,139.83,262.73
218.002,140.64,265.355
217.424,138.338,268.332
220.742,138.106,270.225
221.8,141.763,269.824
220.278,145.144,270.665
221.458,148.279,268.884
222.842,150.725,271.436
224.63,153.371,269.379
224.963,154.214,265.684
228.01,156.116,264.4
227.087,158.011,261.237
229.683,157.435,258.513
229.963,158.704,254.94
232.483,155.956,254.08
231.775,156.202,250.311
230.947,159.743,249.135
230.308,159.293,245.412
228.974,162.778,244.649
228.643,166.136,246.371
226.936,169.445,245.591
227.375,172.338,248.025
224.358,174.586,247.517
221.766,176.508,249.512
218.662,174.54,248.588
216.999,175.298,251.92
215.78,178.732,252.94
218.891,179.164,255.135
221.788,181.369,253.973
224.852,179.219,254.626
224.907,176.6,251.836
224.301,172.977,252.766
226.411,170.03,251.625
224.168,167.722,249.581
226.174,164.483,249.632
225.121,161.544,247.467
226.867,158.753,249.34
226.188,155.139,250.173
227.094,151.504,249.678
224.588,149.461,247.702
221.15,149.27,249.32
222.445,151.295,252.297
223.169,154.258,250.009
221.579,157.596,250.839
221.433,161.294,250.075
222.514,163.21,253.181
222.159,166.946,253.807
224.988,168.406,255.899
224.74,171.617,257.923
227.686,172.679,260.077
226.427,173.622,263.521
225.044,172.339,266.796
229.549,170.36,270.576
227.484,167.164,270.366
223.939,167.927,269.194
221.545,165.766,271.215
218.43,167.096,269.443
217.411,169.974,267.171
213.934,171.317,266.396
212.814,174.526,264.707
210.55,176.979,266.527
207.626,179.04,265.198
207.861,182.8,265.479
210.937,184.28,267.138
211.966,182.805,270.509
213.892,184.996,272.94
214.677,182.903,276.051
214.738,179.374,277.456
214.808,177.772,280.903
215.115,174.344,282.516
213.438,173.474,285.817
213.293,170.505,288.181
210.0,169.326,289.647
211.61,168.448,292.992
214.939,169.402,294.545
216.001,165.767,294.933
215.174,165.143,291.252
218.271,164.009,289.358
216.731,165.062,286.026
214.972,168.189,284.806
211.289,168.255,283.891
209.887,170.757,281.384
211.583,173.175,279.014
210.358,176.777,278.968
210.809,178.858,275.809
209.611,182.464,275.822
208.422,184.112,272.627
207.465,187.767,272.206
203.735,187.283,272.875
203.633,183.947,274.737
205.737,181.104,276.122
205.757,177.356,275.509
206.362,174.594,278.052
207.401,170.992,277.431
207.783,167.848,279.514
211.134,166.1,279.142
209.385,162.733,279.555
212.005,161.097,277.318
209.575,161.937,274.503
209.726,165.755,274.646
205.98,166.388,274.519
204.221,169.748,274.507
202.323,169.802,277.819
199.553,172.32,278.461
199.372,171.974,282.257
202.023,172.359,285.002
200.617,175.821,285.719
203.14,178.065,283.962
200.368,178.91,281.459
202.377,181.443,279.499
200.091,183.706,277.503
202.767,186.4,277.95
206.53,186.587,277.435
208.191,185.05,280.485
211.18,186.6,282.241
212.161,183.699,284.503
211.326,180.139,285.55
212.852,178.675,288.706
212.397,176.043,291.395
211.837,177.918,294.674
210.66,175.582,297.409
211.691,171.978,297.659
208.86,171.39,295.159
207.594,174.914,294.355
207.981,176.618,290.972
208.13,180.353,290.254
207.474,181.959,286.86
208.275,185.667,286.555
206.382,187.357,283.729
206.231,191.119,283.122
202.689,191.677,284.402
203.589,189.842,287.612
204.898,186.8,289.456
203.21,183.382,289.469
203.838,180.788,292.191
203.104,177.066,291.739
203.004,174.916,294.846
203.002,171.163,294.283
199.351,170.987,295.358
198.865,173.644,292.629
198.556,177.199,293.905
198.583,180.325,291.75
199.577,183.76,293.066
199.097,186.262,290.268
200.725,189.575,291.044
200.194,193.314,291.049
201.241,195.621,288.302
201.765,198.342,290.952
200.127,200.877,288.709
201.49,199.567,285.409
205.176,198.846,285.913
205.481,195.341,284.473
208.721,194.032,286.049
211.517,194.798,283.568
214.095,192.416,285.067
214.556,189.856,287.829
217.037,187.644,289.675
215.791,184.356,291.117
217.16,181.83,293.596
216.307,178.627,295.435
215.008,180.74,298.343
214.933,184.388,297.164
213.187,186.27,294.356
214.135,189.822,293.338
212.423,191.923,290.67
212.915,195.346,289.095
209.944,197.148,287.55
209.982,200.242,285.332
211.326,203.388,286.959
213.952,201.353,288.801
211.586,200.144,291.525
212.883,197.022,293.291
210.555,194.439,294.849
212.036,191.772,297.105
210.541,188.399,298.079
213.345,186.581,299.916
210.754,185.788,302.575
210.486,182.119,301.694
209.493,180.86,305.147
209.135,177.084,305.144
205.478,178.027,305.078
205.991,179.962,301.855
206.94,183.216,300.108
206.455,186.701,301.572
207.269,190.153,300.226
209.58,192.573,302.001
208.233,195.658,303.772
210.167,198.136,301.595
210.774,198.915,297.926
214.038,200.551,296.858
214.351,203.193,294.143
217.541,203.086,292.081
219.249,206.075,290.498
218.38,204.82,287.003
216.346,202.072,285.378
217.593,198.522,285.88
218.924,196.486,282.951
220.082,193.3,284.679
220.404,191.578,288.044
222.213,188.516,289.384
221.489,186.726,292.669
224.176,184.322,293.858
223.002,180.824,294.716
222.333,179.949,298.351
225.022,177.851,300.041
223.69,174.449,301.118
224.084,175.136,304.837
222.92,178.747,304.929
219.364,179.917,304.226
219.969,183.187,302.333
222.366,184.725,299.839
223.6,188.092,301.048
224.686,189.884,297.847
222.489,191.212,295.039
224.03,192.605,291.845
222.117,195.25,289.877
223.165,197.022,286.669
221.681,200.382,285.76
220.833,202.323,282.615
223.534,204.624,283.913
226.648,202.583,283.106
227.207,201.277,286.627
226.799,198.138,288.717
225.892,198.047,292.398
225.798,195.504,295.224
222.876,195.492,297.659
222.721,193.453,300.838
219.759,191.194,301.509
220.641,190.186,305.068
217.686,191.397,307.184
219.999,193.714,309.147
220.546,196.173,306.264
218.325,194.56,303.615
218.442,196.374,301.443
221.184,199.009,301.401
224.04,200.081,299.126
227.289,198.213,299.797
229.579,198.885,296.823
229.367,200.394,293.348
231.521,200.455,290.241
231.428,202.331,286.936
231.64,200.388,283.695
233.275,201.369,280.381
229.834,200.778,278.818
226.247,199.867,279.671
225.65,196.404,281.159
223.736,193.59,279.467
223.847,190.715,281.977
225.388,189.869,285.343
226.383,186.613,286.997
227.77,185.743,290.437
229.498,182.382,290.904
231.998,180.648,293.188
235.402,179.748,291.725
236.181,182.649,296.173
233.336,184.836,294.893
233.306,186.368,291.409
230.971,188.82,289.669
230.761,188.618,285.869
229.482,191.468,283.705
228.527,191.605,280.036
227.973,195.11,278.704
227.492,194.875,274.915
231.288,194.754,274.286
233.767,192.805,276.408
233.29,191.118,279.747
234.631,191.884,283.206
235.622,189.472,285.973
235.424,190.965,289.465
236.019,189.683,292.98
233.062,190.187,295.326
234.294,190.178,298.917
232.343,187.842,301.163
232.156,190.739,303.736
231.717,193.719,301.411
232.935,195.165,298.161
233.979,193.998,294.716
237.645,194.641,293.948
240.11,193.822,291.17
238.93,193.632,287.552
239.956,191.372,284.673
238.581,192.762,281.406
238.244,190.642,278.258
236.383,191.33,275.019
234.384,188.135,274.406
232.854,190.758,270.668
230.595,192.646,268.248
227.609,191.47,270.337
226.175,192.273,273.78
227.438,189.646,276.213
224.727,187.516,277.784
225.697,185.366,280.763
224.298,181.947,281.652
224.928,179.521,284.505
225.808,176.009,283.308
227.197,172.941,285.068
230.27,171.492,283.336
232.029,168.376,284.653
230.013,168.333,287.861
231.255,171.862,288.555
229.61,175.254,288.202
230.534,177.193,285.063
229.34,180.287,283.197
228.569,180.401,279.467
228.966,183.909,278.073
227.516,184.607,274.634
228.487,187.184,272.01
229.706,186.71,268.443
230.538,183.214,269.719
229.69,181.281,272.875
232.575,181.094,275.36
232.69,178.782,278.386
234.349,180.19,281.507
235.541,177.434,283.855
238.398,177.095,286.334
240.942,174.251,286.344
243.304,173.921,289.325
242.408,177.537,290.134
243.952,178.366,286.742
240.789,179.804,285.127
239.831,179.268,281.476
237.827,180.878,278.673
237.279,178.818,275.532
234.727,179.246,272.718
232.447,176.547,271.359
233.008,175.666,267.694
229.33,176.253,266.972
227.15,178.884,265.355
225.959,181.837,267.405
223.18,181.221,269.925
220.779,183.491,271.831
220.106,181.773,275.194
221.064,178.713,277.219
220.3,176.729,280.362
221.641,173.715,282.212
219.915,170.552,280.988
219.781,167.24,282.864
217.992,164.27,281.284
218.682,160.55,281.253
219.29,160.991,277.516
221.822,163.757,278.292
223.014,163.826,281.921
224.975,167.112,281.684
224.024,169.196,278.654
223.13,172.745,277.657
219.831,173.85,276.082
220.267,176.67,273.586
218.132,178.902,271.38
219.264,179.864,267.9
217.667,182.72,265.979
214.825,180.365,264.981
215.417,176.953,266.571
215.864,175.077,269.849
218.792,172.727,270.467
219.898,170.283,273.164
223.681,170.125,273.388
226.379,168.365,275.378
229.952,169.576,275.907
230.581,171.252,269.82
229.981,172.362,266.252
230.281,169.681,263.561
228.771,168.497,260.273
225.369,167.092,261.231
223.114,165.245,258.837
219.604,164.343,257.794
219.744,161.15,255.737
217.392,160.126,252.93
217.636,156.385,252.149
218.22,155.297,248.554
218.002,151.919,246.793
221.196,151.528,244.739
224.686,153.007,244.829
224.158,156.556,243.511
226.58,157.624,240.793
225.538,161.276,240.319
222.721,163.806,240.764
221.81,167.158,239.231
220.072,170.29,240.523
217.03,171.395,238.539
217.262,175.214,238.608
213.513,175.885,238.64
212.391,172.888,240.704
215.493,173.024,242.913
215.067,169.236,242.94
217.494,166.356,242.49
217.666,163.86,239.62
219.553,160.776,240.779
220.851,157.667,239.021
221.49,154.653,241.268
223.387,151.97,239.338
224.799,148.793,240.879
226.659,145.739,239.571
225.666,142.152,240.364
222.037,143.116,241.032
218.545,142.038,240.077
214.589,144.078,254.56
217.186,144.552,251.827
219.341,146.885,253.91
219.733,144.851,257.1
220.065,141.445,255.393
221.822,142.729,252.27
220.678,143.086,248.684
220.244,139.56,247.264
222.212,140.036,244.068
224.385,137.946,241.767
225.38,137.544,238.14
228.634,138.856,236.707
226.739,140.675,233.96
223.533,141.448,235.838
222.801,145.062,236.769
220.124,147.249,238.337
219.772,150.966,237.64
217.186,153.555,238.648
216.354,157.211,237.988
214.891,159.082,240.962
213.554,162.617,241.339
213.979,163.69,244.963
213.004,166.784,246.923
216.076,168.007,248.861
213.94,169.877,251.413
212.243,166.721,252.716
212.95,163.052,252.045
210.096,162.312,249.663
210.857,160.942,246.196
208.71,162.571,243.514
209.268,160.243,240.543
211.042,156.906,240.12
212.081,155.219,236.865
212.885,151.521,237.206
215.148,150.519,234.328
215.675,147.261,232.434
217.376,144.147,233.754
220.908,144.761,232.442
220.915,148.542,231.941
223.251,150.664,234.069
223.095,154.463,234.217
226.462,156.225,234.374
225.56,159.806,233.394
222.746,162.327,233.78
221.94,165.971,233.043
219.111,168.481,233.348
219.418,170.876,230.414
216.984,172.801,228.234
217.39,172.641,224.461
217.626,175.6,222.101
215.655,174.103,219.209
212.874,173.369,221.709
211.212,175.792,224.109
211.869,176.459,227.786
211.095,172.839,228.595
213.445,170.788,230.756
214.778,167.431,229.61
216.642,164.758,231.565
219.221,162.61,229.771
220.498,159.425,231.439
223.372,157.585,229.801
222.985,153.821,230.066
225.166,150.782,229.414
224.188,147.307,228.208
225.801,144.159,229.642
228.955,145.488,231.284
231.234,142.558,232.167
233.658,144.631,234.244
236.501,142.092,234.171
237.533,141.545,231.482
235.863,144.523,229.824
233.049,144.114,227.296
229.982,146.081,226.239
227.025,145.251,224.014
226.35,148.966,223.627
224.97,152.09,225.212
221.588,153.773,225.482
220.602,157.38,226.218
217.09,157.876,227.569
215.455,161.297,227.268
212.815,162.692,229.615
210.734,165.85,229.545
210.932,167.122,233.176
207.269,168.227,233.022
205.524,169.781,236.024
207.757,171.571,238.511
209.819,168.485,239.248
208.496,165.063,238.233
208.919,163.845,234.662
207.785,160.315,233.813
207.681,161.826,230.282
209.646,159.381,228.119
210.527,160.918,224.756
212.695,158.063,223.46
215.796,155.866,223.9
218.321,156.507,221.134
220.93,153.708,221.183
224.7,154.043,220.898
227.562,151.639,220.297
229.801,152.41,223.282
228.874,153.34,226.845
228.334,157.09,227.412
229.604,158.26,230.816
229.712,162.011,230.058
226.749,164.305,229.353
226.943,168.09,229.436
224.591,170.818,228.159
226.524,172.873,225.614
225.339,175.966,223.729
221.691,174.937,223.684
222.82,171.405,222.764
224.299,168.531,224.775
227.8,167.069,224.515
227.717,163.308,225.108
230.825,161.184,225.571
230.736,157.703,224.047
233.768,155.549,224.894
236.556,157.874,223.697
234.116,159.463,221.203
233.141,163.072,221.929
230.088,164.244,219.979
227.709,167.18,219.824
224.008,166.337,219.914
220.676,168.006,219.226
217.03,167.203,219.867
215.118,164.927,217.525
211.485,163.93,217.811
212.464,160.348,216.9
215.885,160.156,218.604
218.946,162.172,219.607
220.637,163.204,216.356
224.425,163.112,216.102
225.653,166.474,214.825
229.432,166.446,215.368
232.049,163.996,216.571
235.693,163.714,217.606
237.565,160.418,217.884
241.165,161.531,218.523
240.539,161.386,222.279
242.385,158.359,223.623
241.162,155.416,225.692
237.836,156.233,227.36
235.936,159.378,228.368
234.965,159.683,232.039
233.971,163.34,232.407
233.412,166.535,230.459
232.727,170.179,231.332
232.439,173.405,229.334
233.279,177.063,229.963
231.049,177.718,227.012
232.953,177.615,223.759
235.491,175.404,225.522
235.099,171.739,226.447
237.244,170.051,229.105
237.445,166.301,228.491
238.691,163.999,231.254
240.304,160.862,229.853
240.106,157.805,232.094
243.915,157.629,232.022
245.457,160.441,229.92
244.388,163.412,232.06
242.62,166.402,230.511
242.141,167.07,226.797
241.043,170.607,226.021
239.356,170.722,222.595
237.647,173.644,220.858
234.333,173.67,219.001
234.027,175.8,215.862
230.502,177.114,215.324
230.806,177.568,211.545
231.478,173.832,211.103
230.402,171.591,213.971
233.991,170.334,214.164
235.686,169.32,217.414
239.329,170.435,217.52
241.86,169.386,220.162
244.093,172.388,220.876
245.857,171.334,224.097
246.457,168.369,226.388
248.376,167.375,229.499
252.001,166.244,229.681
251.173,163.658,232.376
248.66,160.82,232.749
246.064,161.521,235.411
243.541,158.692,235.912
241.041,161.446,236.688
237.961,160.859,238.818
236.469,164.379,238.909
237.421,168.002,238.288
236.158,171.58,238.208
236.934,174.742,236.258
238.618,177.408,238.38
238.647,179.833,235.429
238.867,179.967,231.634
242.496,178.751,231.663
242.874,176.467,234.7
241.366,173.206,235.939
241.374,171.32,239.241
241.092,167.569,239.033
240.983,164.63,241.391
242.82,161.333,240.923
241.98,157.647,241.257
245.068,157.249,243.481
244.083,160.008,245.913
245.902,162.989,244.395
244.819,166.499,243.448
246.307,168.893,240.913
245.769,172.154,239.038
246.427,172.354,235.289
246.621,175.814,233.719
246.88,176.659,230.041
249.939,178.837,229.421
248.994,182.417,228.587
248.475,183.106,224.876
247.612,179.465,224.088
245.953,179.598,220.693
242.311,178.673,221.219
241.961,178.44,217.416
244.183,175.849,215.731
243.61,172.992,213.303
253.218,163.987,222.461
249.61,164.302,221.336
249.156,168.048,220.878
251.312,171.086,220.188
250.077,173.184,223.131
250.681,171.582,226.535
249.067,172.714,229.774
251.388,173.19,232.745
250.799,171.673,236.185
250.857,174.506,238.736
249.87,172.395,241.753
250.456,168.831,242.943
249.278,167.302,246.21
248.472,163.824,247.567
245.419,163.899,249.83
245.675,160.277,250.949
242.034,159.552,250.11
240.516,159.187,246.652
238.749,162.461,245.847
235.494,162.016,243.923
234.129,165.575,244.033
235.673,169.025,243.612
233.814,172.314,243.965
234.712,175.992,244.326
232.26,177.688,246.674
231.947,180.09,249.602
231.23,178.055,252.721
229.945,180.897,254.939
228.34,184.293,254.171
230.887,187.034,253.734
233.651,184.398,253.543
236.117,183.639,250.771
235.853,181.079,247.994
237.568,177.782,248.78
238.104,174.534,246.887
235.975,171.998,248.771
236.591,168.317,248.061
234.858,165.207,249.339
236.734,161.93,249.63
235.902,158.268,249.001
236.502,157.637,252.743
233.831,160.056,253.968
235.944,163.138,254.619
235.532,166.782,253.667
238.496,169.078,253.149
239.337,172.397,251.529
242.18,173.944,249.576
242.595,177.639,250.301
244.634,180.365,248.562
247.133,182.516,250.422
246.303,186.208,250.288
249.86,187.48,250.864
253.392,186.199,250.369
254.214,187.011,254.0
251.583,184.471,255.028
252.794,181.984,252.409
256.312,182.074,253.873
254.99,181.95,257.44
252.962,178.773,256.941
255.623,177.196,254.724
258.143,177.693,257.535
255.675,176.219,260.028
255.501,173.167,257.758
259.289,172.843,257.517
259.546,173.099,261.31
256.814,170.636,262.278
258.224,168.197,259.728
261.421,167.919,261.769
259.934,168.454,265.246
256.677,166.492,264.734
257.442,163.711,262.259
254.46,161.564,261.267
253.527,159.089,263.97
254.101,155.982,261.825
257.693,156.55,260.745
256.511,158.141,257.505
258.212,161.157,255.942
255.752,164.013,255.498
257.284,165.572,252.381
257.433,162.141,250.737
253.842,161.341,251.734
252.497,164.488,250.111
254.793,163.685,247.149
253.508,160.117,246.79
253.136,160.224,242.996
254.078,163.78,241.994
256.353,166.116,243.972
254.193,168.492,245.983
253.86,171.818,244.182
252.462,174.904,245.927
250.465,173.269,248.729
250.907,173.503,252.51
249.632,170.777,254.831
247.3,172.668,257.135
246.486,169.445,258.96
250.178,169.243,259.842
250.518,172.933,260.713
247.612,172.765,263.152
249.438,169.977,264.997
251.526,172.858,266.344
248.867,173.041,269.062
249.743,169.477,270.129
253.522,169.771,270.507
255.013,170.116,273.963
255.236,173.707,275.263
259.027,173.642,274.888
258.632,172.771,271.208
255.938,175.408,270.709
258.281,177.967,272.271
261.251,176.909,270.134
259.339,176.882,266.841
257.498,180.126,267.564
260.726,181.855,268.615
262.259,180.744,265.316
259.351,182.581,263.667
259.698,185.533,266.082
256.302,184.783,267.615
254.709,183.179,270.645
252.742,179.923,270.586
249.49,181.858,271.122
250.403,183.948,268.076
251.064,180.925,265.877
247.814,179.303,267.02
245.858,182.479,266.271
247.273,182.941,262.777
246.368,179.291,262.168
242.821,179.988,263.378
242.491,182.952,261.013
242.466,180.709,257.939
239.467,178.822,259.309
237.804,182.107,260.284
238.232,183.339,256.708
237.251,180.221,254.727
235.648,177.796,257.201
233.647,177.997,260.44
261.325,139.606,228.3
258.137,141.633,228.006
256.234,138.758,229.617
258.664,138.714,232.551
258.444,142.393,233.466
254.697,142.566,232.833
254.151,139.57,235.114
256.422,141.419,237.542
254.303,144.573,237.513
251.095,142.506,237.535
252.145,140.705,240.72
253.329,144.01,242.201
249.983,145.587,241.314
248.008,142.761,242.929
250.034,143.094,246.13
249.445,146.86,246.138
245.696,146.283,245.812
246.076,143.915,248.762
247.685,146.693,250.793
245.864,149.966,250.114
242.484,149.456,251.769
240.725,152.048,249.607
241.92,150.444,246.364
240.514,147.071,247.401
237.44,149.131,248.318
237.044,150.699,244.878
237.422,147.231,243.347
235.106,145.35,245.727
232.548,148.122,245.032
232.877,147.969,241.238
232.705,144.185,241.224
229.833,143.455,243.571
231.854,141.059,245.737
232.96,140.931,249.357
236.428,142.152,250.278
237.492,138.634,251.27
236.314,137.042,248.015
237.956,139.777,245.936
241.243,139.357,247.828
241.085,135.594,247.267
240.691,136.07,243.513
243.633,138.49,243.701
245.816,135.774,245.254
244.738,133.196,242.669
245.828,135.609,239.909
249.343,135.718,241.394
250.891,132.571,239.866
250.713,132.398,236.05
248.406,135.364,235.354
249.09,137.046,233.252
249.12,133.973,230.992
251.807,131.332,230.423
255.02,132.211,228.563
255.207,131.403,224.827
287.763,147.079,248.772
284.812,149.404,249.346
281.868,147.411,250.686
279.069,147.533,253.267
278.095,144.884,255.812
274.493,145.389,254.629
273.316,142.757,257.11
270.181,143.463,259.142
270.991,146.319,261.509
270.427,145.625,265.184
270.306,147.749,268.327
273.992,148.773,268.355
274.807,152.438,267.755
277.626,153.084,265.319
280.611,155.214,266.28
283.197,157.404,264.551
286.942,157.726,264.99
288.122,161.173,266.048
289.537,161.607,262.524
286.403,160.823,260.492
284.099,162.457,263.058
281.691,163.408,261.979
281.189,162.092,258.459
278.219,160.186,257.024
279.818,156.801,256.307
277.837,156.652,253.059
277.59,160.25,251.819
280.955,161.472,253.156
279.309,164.879,253.699
279.847,166.795,256.928
276.535,168.692,256.657
273.56,168.063,258.964
274.203,164.764,260.763
270.576,163.629,260.785
269.776,160.016,261.705
271.623,157.759,264.14
273.312,154.623,262.785
272.64,150.951,263.58
275.28,148.321,263.091
274.333,144.601,263.26
275.445,142.364,266.105
278.143,140.586,264.096
279.304,143.837,262.522
279.885,144.967,266.166
281.18,142.186,268.415
283.803,141.852,271.133
286.947,143.482,269.789
284.868,145.607,267.396
282.529,146.939,270.101
282.475,150.729,270.09
284.874,151.077,267.149
284.312,153.457,264.259
282.034,152.403,261.415
284.565,153.703,258.875
288.178,154.065,260.008
288.004,151.041,262.319
289.882,152.779,265.128
288.639,153.836,268.563
285.306,155.632,268.461
284.776,158.917,270.294
281.18,159.728,269.298
278.124,158.306,267.573
277.883,158.177,263.78
275.021,159.724,261.804
273.621,159.589,258.288
273.706,162.675,256.088
270.415,164.541,255.94
270.478,163.899,252.192
270.791,160.15,252.803
267.991,160.2,255.367
265.799,161.979,252.812
266.585,159.251,250.277
266.093,156.508,252.917
269.738,155.451,252.48
269.758,154.968,256.264
267.406,151.996,255.758
269.885,149.593,254.131
272.248,147.162,255.864
274.597,148.206,258.671
277.218,150.331,256.915
280.445,149.107,258.488
282.845,149.069,255.568
284.475,145.643,256.151
287.475,145.592,253.807
287.593,142.319,251.849
290.946,141.212,253.217
291.15,138.912,256.253
289.93,139.672,259.792
293.397,140.195,261.328
296.193,156.48,156.067
299.638,155.385,155.198
300.962,152.289,156.955
303.453,154.152,159.14
305.803,153.476,162.034
303.504,155.485,164.312
300.528,153.447,163.107
302.216,150.141,163.911
303.265,151.332,167.382
299.708,151.978,168.619
298.287,148.871,166.992
296.672,146.163,169.085
299.291,143.52,169.82
298.327,140.146,171.324
298.744,136.362,171.457
296.137,134.896,169.137
293.88,131.905,169.422
296.374,129.589,167.761
299.078,130.72,170.204
301.074,133.017,167.919
302.185,136.615,168.364
299.907,138.651,166.069
299.754,142.292,165.105
296.327,143.768,164.297
296.376,146.04,161.21
292.723,145.587,160.258
290.436,148.276,158.874
292.868,151.133,158.504
292.302,151.629,154.748
295.986,150.994,154.075
296.74,151.193,150.354
300.44,150.216,150.245
302.372,147.811,152.501
305.39,149.707,153.866
307.539,150.557,156.924
307.313,147.051,158.462
310.8,147.524,159.862
309.221,149.058,163.003
307.532,145.767,164.025
311.124,144.651,164.603
310.471,141.12,163.337
308.557,140.369,166.575
305.386,138.799,165.118
304.415,135.298,164.019
301.255,136.612,162.378
300.14,139.899,160.809
296.481,140.607,160.111
295.967,142.923,157.184
292.286,142.112,156.573
289.841,144.709,155.365
292.322,147.215,153.912
292.95,148.547,150.334
296.34,146.998,149.486
296.854,146.311,145.763
300.099,144.373,145.791
301.552,141.845,148.246
305.021,143.418,148.219
307.156,145.879,150.174
308.257,143.699,153.073
311.522,144.08,154.935
313.403,140.93,155.958
311.038,139.384,158.541
312.325,136.031,159.808
309.595,135.318,162.329
306.576,136.08,160.103
304.784,132.828,159.486
301.146,133.823,158.924
299.693,136.512,156.715
295.891,137.086,156.822
295.071,139.392,153.878
291.29,139.055,153.574
289.143,141.654,151.86
291.772,143.871,150.244
292.403,144.483,146.487
295.399,142.274,145.832
295.842,142.018,142.071
299.583,141.177,141.998
302.167,139.315,144.035
305.736,140.694,144.35
308.662,138.647,142.98
311.196,138.636,145.838
308.855,137.431,148.598
311.003,134.476,149.77
313.985,136.795,150.237
312.044,138.895,152.759
309.786,136.202,154.201
311.688,132.871,154.302
309.405,130.969,156.657
306.03,132.173,155.27
303.906,129.114,155.961
300.317,130.357,155.726
298.868,132.846,153.245
295.145,133.727,153.34
294.092,135.77,150.317
290.314,135.325,150.36
288.25,137.94,148.596
290.839,139.854,146.633
291.462,140.617,142.912
293.846,138.028,141.442
292.536,137.363,137.921
295.196,135.403,135.94
296.772,132.037,136.75
300.175,133.56,135.822
299.755,136.177,138.566
299.972,133.396,141.123
303.387,132.34,139.774
305.471,134.297,142.348
304.184,131.971,145.108
306.324,129.121,143.713
309.359,130.77,145.316
307.952,130.568,148.91
309.635,127.309,149.989
307.821,126.855,153.331
304.293,127.895,152.057
301.963,125.108,153.181
298.578,126.734,153.749
297.191,128.756,150.896
293.768,130.2,150.451
292.797,132.119,147.306
288.957,131.82,147.465
286.714,134.539,146.185
289.236,135.69,143.618
288.246,135.773,139.908
291.246,133.473,139.146
289.317,130.683,140.902
286.925,130.198,137.997
289.699,129.838,135.44
289.879,126.425,133.795
292.295,124.159,135.651
292.932,126.714,138.452
293.373,124.038,141.115
295.732,121.805,139.068
297.723,124.857,137.986
298.327,125.889,141.593
299.278,122.349,142.604
301.92,121.918,139.883
303.337,125.466,140.155
303.288,125.628,143.984
303.853,121.976,145.009
304.954,122.983,148.486
301.28,123.723,149.322
299.614,120.942,151.312
296.213,122.534,151.946
294.695,124.652,149.175
291.46,126.534,149.761
290.849,124.423,152.9
291.005,121.145,150.978
293.906,118.642,151.187
296.17,118.545,148.119
295.865,114.796,147.262
298.253,112.526,145.293
295.781,111.92,142.499
295.576,115.71,141.922
299.384,115.95,141.894
299.637,113.208,139.253
296.835,114.795,137.196
298.662,118.103,137.362
301.837,116.29,136.291
300.122,115.094,133.084
298.633,118.462,132.1
301.591,120.935,132.169
304.288,118.184,132.187
268.621,130.3,169.773
269.358,134.033,169.626
272.321,135.57,167.801
275.554,134.934,169.663
279.212,135.974,169.551
280.081,132.294,169.355
279.053,129.932,166.583
278.858,126.158,166.984
280.059,124.143,163.983
279.418,120.41,163.511
279.693,117.862,160.685
283.451,118.512,160.42
285.881,115.894,159.121
287.307,114.568,162.405
290.457,113.139,160.731
292.183,116.521,160.712
294.626,116.883,163.621
293.391,119.317,166.275
296.006,122.043,165.808
295.584,122.069,162.022
291.791,122.167,162.364
291.957,125.118,164.685
294.447,126.957,162.421
292.343,126.482,159.277
289.24,127.481,161.25
290.977,130.642,162.333
292.075,131.41,158.762
288.679,130.753,157.187
286.737,132.77,159.789
289.145,135.736,159.929
287.471,137.109,156.804
284.428,138.218,158.865
286.029,139.783,161.942
288.56,139.11,164.649
288.21,135.584,166.062
288.989,135.794,169.808
289.356,132.07,170.385
288.428,128.588,169.149
287.38,125.639,171.33
287.631,122.222,169.703
288.319,118.844,171.29
288.708,115.362,169.85
286.981,113.491,172.671
284.3,111.071,171.545
281.709,113.559,172.725
283.187,116.656,171.101
284.905,115.334,167.94
283.744,116.87,164.621
282.781,120.112,166.316
284.12,123.522,167.234
283.068,126.75,168.871
284.378,129.886,167.051
284.293,133.089,169.123
284.284,136.548,167.584
284.872,139.964,169.156
281.952,141.466,167.205
278.461,139.953,167.099
277.777,141.222,163.57
280.828,139.177,162.529
279.302,135.999,163.98
275.994,136.544,162.153
277.747,137.245,158.839
279.919,134.159,159.213
276.867,132.013,159.948
274.895,133.08,156.866
277.817,133.111,154.437
279.54,129.863,155.353
276.466,127.666,155.928
277.317,124.34,154.221
280.816,125.42,153.111
282.909,122.451,152.014
285.726,122.189,154.532
288.233,119.377,154.258
285.664,117.499,152.162
282.442,117.953,154.169
279.77,120.668,154.134
279.938,122.377,157.553
276.75,123.056,159.558
276.826,126.258,161.572
274.512,127.456,164.368
274.562,130.051,167.17
275.856,128.486,170.416
273.422,127.622,173.209
275.327,129.525,175.893
277.709,132.462,176.093
281.417,131.607,175.93
283.446,131.934,179.146
285.847,134.35,177.428
282.958,136.585,176.374
281.52,136.638,179.893
284.934,137.663,181.297
285.481,140.309,178.629
282.033,141.811,179.332
282.226,141.955,183.129
338.72,131.932,213.278
337.765,131.9,209.528
341.14,133.465,208.619
342.689,130.542,210.573
340.818,128.023,208.442
342.076,129.891,205.295
345.571,130.008,206.873
346.064,126.389,208.02
343.312,124.382,206.233
343.448,123.061,202.658
342.804,126.626,201.34
346.217,127.607,202.712
347.344,126.442,199.295
345.603,129.633,197.96
346.559,131.668,200.959
350.221,130.72,200.37
350.024,131.488,196.642
348.639,134.98,197.182
351.244,135.776,199.856
354.256,134.584,197.84
352.916,135.657,194.445
353.617,132.115,193.252
352.218,130.19,190.383
349.613,127.494,190.651
348.026,125.219,188.042
344.291,124.855,188.175
342.754,121.78,186.727
339.348,122.88,185.696
335.921,121.395,184.974
335.966,122.587,181.356
338.824,120.092,180.785
341.106,123.078,180.604
343.933,124.01,182.916
344.704,127.601,184.053
348.33,128.355,185.0
349.042,131.591,186.791
349.185,133.696,189.902
346.476,134.182,192.518
345.595,137.79,193.133
342.598,136.974,195.241
340.443,133.998,196.315
337.431,133.174,198.448
335.526,130.286,200.154
334.1,129.022,196.882
337.485,129.218,195.254
336.495,132.139,193.1
339.761,133.71,192.05
341.202,136.766,190.342
344.144,135.584,188.306
347.165,137.213,186.649
349.506,136.068,183.784
347.283,133.163,183.06
348.399,130.575,180.597
345.289,128.523,179.726
346.125,125.081,178.298
343.869,122.468,176.858
343.576,119.826,174.233
341.361,119.352,171.166
340.84,117.46,167.931
344.697,115.155,169.077
346.035,118.712,169.321
347.331,120.726,172.236
346.396,124.362,172.547
347.24,127.322,174.776
346.557,131.057,175.144
347.715,133.993,177.355
345.213,135.919,179.536
346.645,138.736,181.642
343.616,139.45,183.855
340.598,137.255,184.698
338.017,136.14,187.284
337.281,132.374,187.81
334.044,131.201,189.424
335.081,128.608,191.998
332.592,125.845,191.241
334.579,125.015,188.081
337.566,124.065,190.269
338.542,120.477,190.295
342.055,120.714,191.586
344.498,123.412,192.495
348.143,122.628,192.412
351.073,124.305,194.182
354.588,123.312,193.221
358.097,124.262,192.347
356.343,125.913,189.372
356.941,129.566,190.083
360.713,128.803,190.415
334.75,99.623,216.29
332.441,101.461,218.708
331.016,104.195,216.49
333.835,105.533,214.266
332.56,108.616,212.504
333.566,110.414,209.236
335.245,113.309,210.943
337.482,111.514,213.446
338.392,108.87,210.757
339.694,111.566,208.422
341.495,113.277,211.332
343.208,110.011,212.191
344.285,109.758,208.581
345.932,113.237,208.587
349.709,112.733,208.531
349.077,109.553,206.568
349.343,108.238,203.004
345.877,108.375,201.368
344.325,107.945,197.973
341.269,109.928,196.894
338.962,108.827,194.127
337.131,111.657,192.421
333.76,111.318,190.825
335.398,111.748,187.423
337.569,108.71,187.915
340.847,110.357,188.484
342.803,109.149,191.522
345.301,111.037,193.686
347.742,109.404,196.055
349.671,111.425,198.664
350.143,112.408,202.312
347.058,114.029,203.749
348.164,117.339,205.194
344.731,118.52,206.3
340.991,118.622,205.737
338.388,121.272,206.507
334.762,121.506,207.506
333.445,121.188,204.014
335.796,118.21,203.377
338.167,120.033,201.014
341.47,118.147,201.005
345.151,118.967,200.905
347.749,116.413,199.734
351.547,116.538,199.601
353.873,114.624,197.218
350.706,113.781,195.347
350.745,111.342,192.477
348.077,110.861,189.874
346.64,107.504,188.933
344.311,107.469,186.008
343.073,104.08,184.771
344.897,102.921,187.911
348.203,103.674,186.354
350.743,106.207,187.379
350.244,109.253,185.212
351.875,112.334,186.81
353.861,113.106,189.979
352.345,116.464,191.139
353.431,117.61,194.594
351.222,119.758,196.812
347.561,119.767,195.826
344.152,121.174,196.877
341.067,119.15,196.053
337.742,120.918,196.119
335.234,118.999,198.275
332.446,118.562,195.684
334.801,116.552,193.413
335.502,113.85,196.019
333.839,110.48,195.687
335.732,108.661,198.468
338.937,108.662,200.432
341.041,105.615,201.267
344.022,105.257,203.61
346.86,103.084,202.162
307.105,105.138,211.081
310.805,104.355,210.426
312.999,107.374,209.778
315.759,106.83,207.109
318.576,108.02,209.417
317.538,105.489,212.016
317.654,102.654,209.426
321.293,103.589,208.971
321.863,103.683,212.721
320.474,100.12,212.601
322.826,99.145,209.783
325.699,100.563,211.931
324.738,98.592,215.017
324.048,95.391,213.043
327.299,95.439,211.108
325.344,94.208,208.199
327.394,94.405,205.023
325.964,97.291,202.918
325.728,97.925,199.211
325.483,101.569,198.002
324.048,102.76,194.688
325.976,105.7,193.396
324.734,108.854,191.716
324.695,108.881,187.898
327.063,105.85,187.802
325.309,102.514,187.25
328.273,100.367,186.178
329.896,100.709,189.573
328.458,100.277,193.112
330.231,100.288,196.493
330.08,97.817,199.353
331.224,97.784,203.014
330.355,97.702,206.712
329.188,101.064,208.06
331.294,101.894,211.123
330.014,105.458,211.481
328.35,108.263,209.679
327.534,111.953,209.908
324.771,114.528,209.357
325.672,114.714,205.645
325.171,110.94,205.175
328.923,110.615,204.734
329.77,106.993,205.615
332.79,105.281,207.029
332.898,101.806,205.43
335.063,98.849,206.474
336.524,96.178,204.188
334.959,98.011,201.269
334.714,96.974,197.59
334.033,98.525,194.164
331.595,96.342,192.341
331.585,96.358,188.57
328.174,95.238,187.41
329.396,94.974,183.837
332.737,93.28,184.366
331.691,91.177,187.344
334.927,92.392,188.927
335.598,93.559,192.456
338.19,96.072,193.617
339.401,95.812,197.187
339.547,99.05,199.17
339.731,98.531,202.975
339.021,101.668,205.025
336.748,103.994,203.027
335.007,107.235,203.763
332.395,107.743,201.013
330.972,111.276,200.611
327.218,111.204,200.779
327.021,113.198,197.496
327.206,109.974,195.583
324.493,108.103,197.564
321.481,107.166,195.519
320.435,104.08,197.575
321.347,101.948,200.567
320.733,98.168,200.714
321.958,95.246,202.923
323.642,92.113,201.649
323.916,88.696,203.373
327.553,87.991,202.295
311.037,126.173,206.576
312.91,122.892,207.2
309.502,121.683,205.945
308.279,118.113,205.764
307.325,116.636,202.422
303.545,115.942,202.544
303.833,112.159,202.396
301.781,110.872,205.35
299.069,110.084,202.791
301.503,107.638,201.132
302.671,105.885,204.327
302.456,102.033,204.268
301.365,102.035,200.608
303.041,100.267,197.704
304.83,102.715,195.393
306.746,102.876,192.075
309.937,104.985,192.313
311.691,106.568,189.337
315.32,107.337,190.237
318.081,109.079,188.38
320.237,107.009,186.054
317.033,105.603,184.471
316.664,103.425,187.526
313.286,102.159,188.815
312.329,100.301,192.072
309.039,99.34,193.823
308.205,99.01,197.517
306.174,100.036,200.599
306.754,103.486,202.16
307.888,103.08,205.748
309.111,106.612,206.463
310.743,109.851,205.436
312.538,112.997,206.643
312.641,116.699,205.587
315.217,115.956,202.804
312.79,113.486,201.277
315.07,110.586,202.08
312.802,107.495,202.178
312.628,104.141,203.928
311.195,101.562,201.494
310.31,98.038,202.653
310.079,94.854,200.528
311.865,96.748,197.823
312.357,95.263,194.333
314.84,96.475,191.678
313.221,96.582,188.215
316.276,95.917,186.025
316.346,97.421,182.525
316.388,93.78,181.273
312.798,93.436,182.601
313.944,91.105,185.373
313.062,92.047,188.971
315.104,91.204,192.089
314.156,91.461,195.753
316.454,93.691,197.824
314.443,93.924,201.089
314.159,97.062,203.22
316.218,99.975,201.923
317.084,103.712,202.187
316.574,105.98,199.181
318.27,109.413,199.342
315.797,112.179,198.359
318.477,113.846,196.338
318.205,111.066,193.65
314.372,110.726,193.689
312.891,111.929,190.394
309.298,110.853,190.805
307.069,108.502,192.731
303.745,106.94,191.713
301.343,105.134,194.051
300.322,101.589,193.02
297.477,101.897,195.556
294.578,104.324,196.026
295.255,107.014,198.66
309.145,134.686,203.345
307.793,133.232,200.025
308.298,133.923,196.307
305.685,135.527,194.071
305.663,132.625,191.528
305.139,130.185,194.447
301.94,131.953,195.524
300.71,131.709,191.921
301.538,128.003,191.926
299.529,127.381,195.101
296.714,129.282,193.303
296.701,126.54,190.625
295.968,123.765,193.211
292.747,122.073,192.075
293.392,122.95,188.403
294.692,120.857,185.478
298.364,121.532,184.927
301.242,120.17,182.838
304.658,119.294,184.311
307.948,118.519,182.618
310.678,116.865,184.63
314.44,117.23,184.379
314.372,114.115,182.24
311.683,115.47,179.849
308.752,113.21,180.786
305.556,115.249,180.506
302.833,114.79,183.127
299.368,116.322,182.681
296.594,116.172,185.268
295.07,117.717,188.358
297.346,119.475,190.799
296.285,118.326,194.28
299.06,119.842,196.408
302.021,122.095,195.662
304.62,122.546,198.384
306.864,125.61,198.92
309.897,123.753,197.436
307.831,122.9,194.3
307.068,119.325,195.376
303.922,118.385,193.36
301.098,115.875,194.148
298.884,115.164,191.101
296.064,112.801,190.055
294.56,111.162,186.957
297.674,111.728,184.931
298.55,111.362,181.274
302.336,110.907,180.839
304.134,111.441,177.518
307.635,109.987,177.456
304.411,107.077,173.927
301.64,107.798,176.441
300.502,106.15,179.684
297.864,106.75,182.372
298.436,107.03,186.124
296.019,107.59,188.99
298.315,109.183,191.531
301.777,110.79,191.355
304.174,112.957,193.405
307.193,114.724,191.833
310.114,116.348,193.738
310.44,120.103,193.193
314.167,120.039,192.323
313.594,117.53,189.532
310.979,119.675,187.839
312.114,121.725,184.854
308.816,123.679,184.519
305.025,123.744,184.843
302.25,125.008,182.555
299.308,126.494,184.477
295.806,127.47,183.31
295.321,130.913,181.727
292.509,131.299,184.2
295.186,132.609,186.584
296.738,135.358,184.394
294.215,138.055,185.31
294.7,138.745,189.04
295.652,139.543,191.746
299.428,139.478,191.278
299.569,142.174,188.621
301.882,144.79,190.306
321.563,149.341,195.238
318.552,149.672,192.882
317.33,145.982,192.522
315.748,147.2,189.273
317.665,145.099,186.761
314.877,142.512,186.756
312.008,144.854,187.597
312.886,146.956,184.489
312.114,144.187,182.095
308.922,143.237,183.888
305.798,143.275,181.66
308.095,143.045,178.564
308.355,140.222,176.072
311.503,138.301,176.848
313.705,135.658,175.227
314.823,133.131,177.845
317.46,130.451,177.318
317.259,127.133,179.143
320.043,124.841,180.25
319.223,122.165,177.67
319.33,124.939,175.009
315.637,125.624,174.456
314.273,129.102,173.766
311.239,130.273,175.775
309.661,133.511,174.592
306.886,134.988,176.728
305.718,138.042,178.646
307.918,138.384,181.757
305.461,139.003,184.577
307.222,137.836,187.773
310.427,136.489,189.256
311.935,135.681,192.643
315.089,134.946,194.637
315.812,131.715,192.675
314.894,133.354,189.35
311.822,131.197,189.01
310.014,133.024,186.179
306.39,133.665,185.23
305.896,133.856,181.46
302.522,134.789,179.93
301.584,133.86,176.323
304.731,131.763,176.168
305.97,129.757,173.129
308.909,127.369,172.858
311.432,127.296,170.009
314.297,124.993,169.199
310.055,124.131,165.622
307.547,126.261,167.56
305.107,125.147,170.242
302.399,127.209,171.957
302.566,126.68,175.722
300.611,129.541,177.29
301.08,130.483,180.93
304.474,129.094,182.052
306.294,128.964,185.387
309.955,128.139,184.775
312.255,127.033,187.628
315.424,129.193,187.956
317.755,126.149,188.354
317.312,125.533,184.601
317.536,129.186,183.454
320.696,130.411,181.793
319.945,133.881,180.373
317.435,136.486,179.159
317.312,139.278,176.583
314.575,141.73,175.577
312.582,140.366,172.653
309.869,142.978,172.218
307.905,145.63,174.082
304.956,144.923,176.462
301.618,143.988,174.826
337.217,138.342,200.864
333.783,138.215,199.181
334.922,138.519,195.611
331.437,139.129,194.222
331.774,142.564,195.813
334.771,143.071,193.492
332.726,142.111,190.462
329.936,144.43,191.571
332.412,147.297,191.081
332.888,146.565,187.382
329.858,148.436,185.991
330.683,150.141,182.687
333.595,147.88,181.976
333.716,145.727,178.91
334.53,142.051,179.482
334.485,138.634,177.902
332.74,135.931,179.927
332.991,132.224,179.299
329.969,130.192,180.358
329.695,126.694,181.804
327.885,125.621,178.645
330.837,126.906,176.553
329.042,130.05,175.338
331.167,133.218,175.017
329.817,136.624,175.919
331.401,140.003,175.168
329.603,143.122,176.437
329.539,146.064,178.849
328.566,145.418,182.434
325.521,147.283,183.615
325.32,145.359,186.911
326.536,142.409,188.938
324.471,141.456,191.97
325.207,139.378,195.097
324.345,136.092,193.298
326.843,137.028,190.582
323.813,137.528,188.299
325.425,139.722,185.613
323.683,142.216,183.327
325.214,143.711,180.213
324.677,146.006,177.25
326.027,146.106,173.67
326.528,142.406,173.761
328.081,140.133,171.143
327.275,136.585,172.29
328.619,133.493,170.576
327.074,130.227,171.599
329.516,127.398,171.02
329.358,126.527,167.289
327.467,129.55,166.042
328.3,132.862,164.498
327.799,135.729,167.021
324.466,137.389,167.745
324.244,140.995,168.926
321.98,141.987,171.654
321.373,145.351,173.117
320.918,143.731,176.544
321.681,140.378,178.183
321.127,139.017,181.723
323.052,136.018,183.011
322.244,133.833,185.978
325.408,133.935,188.083
325.897,130.209,188.497
326.22,129.728,184.687
329.434,131.682,184.59
332.714,129.837,184.249
334.965,132.908,184.237
335.384,136.579,183.379
338.218,137.837,181.2
338.929,141.367,182.469
340.393,144.473,180.693
344.182,144.344,180.702
344.099,147.891,182.017
342.075,146.937,185.059
343.76,148.273,188.332
343.155,145.266,190.494
345.014,146.541,193.543
342.574,149.479,193.724
339.51,147.264,193.386
340.689,144.783,196.063
340.596,147.52,198.669
337.358,147.664,200.741
