x,y,z
173.194,220.863,308.414
174.049,217.16,308.14
172.522,213.826,309.203
173.712,210.758,311.156
176.742,208.648,310.141
175.097,205.21,310.713
177.121,203.158,313.241
176.594,199.391,312.98
176.797,195.723,314.004
180.416,194.85,314.966
180.649,197.622,317.519
177.725,199.825,318.384
177.227,200.446,322.091
176.081,204.016,321.543
172.522,205.098,322.332
171.251,208.617,321.369
171.517,211.74,323.635
167.762,212.338,323.31
166.691,209.051,324.94
169.087,209.689,327.842
168.004,213.289,328.526
164.376,212.071,328.268
164.89,209.288,330.836
166.754,211.918,332.899
163.795,214.355,332.687
161.556,211.38,333.574
163.671,210.42,336.613
163.63,213.989,338.027
159.824,214.218,338.352
157.829,213.714,341.553
155.18,210.942,341.399
152.336,213.496,341.048
153.993,214.721,337.816
154.661,211.03,336.99
150.899,210.325,337.247
150.233,213.589,335.317
152.752,212.4,332.694
151.106,208.942,332.6
147.622,210.455,332.086
148.798,212.875,329.351
150.495,209.956,327.512
147.517,207.581,328.071
145.073,210.043,326.478
147.069,211.019,323.348
148.106,207.408,322.619
155.835,216.856,330.927
154.982,218.48,327.575
158.518,218.636,326.125
158.789,214.907,326.922
155.609,214.005,324.983
156.748,216.279,322.123
160.199,214.621,322.096
158.396,211.235,322.243
156.25,212.098,319.193
159.399,213.28,317.336
161.367,210.01,317.638
161.464,207.481,314.785
160.453,203.84,315.306
164.024,202.721,316.071
164.506,205.339,318.811
161.096,204.797,320.468
162.074,201.092,320.487
165.473,201.791,322.084
163.57,204.024,324.528
161.176,201.14,325.291
164.02,198.641,325.852
165.947,201.091,328.083
162.668,201.69,329.981
162.18,197.894,330.202
165.687,197.42,331.659
165.867,200.393,334.086
162.4,200.065,335.667
163.037,205.742,350.992
164.214,204.199,354.273
161.863,206.353,356.384
158.992,205.064,354.209
159.978,201.378,354.616
160.176,202.084,358.38
156.747,203.822,358.42
155.05,201.074,356.331
156.709,198.402,358.533
154.891,199.805,361.606
151.402,199.718,360.005
149.061,196.823,360.86
147.722,194.565,358.057
144.368,196.366,357.576
146.3,199.658,357.238
148.723,198.259,354.597
145.63,197.0,352.734
144.135,200.503,353.126
147.459,201.812,351.75
147.254,199.506,348.696
143.582,200.494,348.294
144.408,204.248,348.374
147.409,203.758,346.011
145.157,201.866,343.563
142.579,204.652,344.005
145.014,207.534,343.327
147.408,206.03,340.744
145.551,202.891,339.533
148.493,205.937,355.558
147.85,209.444,354.155
151.316,210.791,355.016
152.827,207.715,353.296
150.913,208.338,350.022
151.936,212.025,350.316
155.629,211.183,351.001
155.752,208.576,348.155
154.261,211.254,345.859
157.134,213.663,346.624
159.805,211.124,345.567
161.614,211.297,342.212
161.307,208.3,339.836
164.811,206.984,340.726
163.825,206.893,344.41
160.518,205.044,343.835
162.561,202.586,341.722
165.016,202.088,344.623
161.97,201.949,346.943
160.414,199.112,344.891
163.784,197.294,344.842
164.0,197.571,348.67
160.357,196.383,348.992
161.316,193.373,346.82
164.506,192.631,348.787
162.799,192.898,352.209
159.431,191.308,351.335
153.376,185.344,366.308
154.181,181.835,367.597
150.655,181.123,368.905
149.322,181.921,365.397
151.751,179.398,363.81
150.502,176.899,366.423
146.882,177.851,365.572
147.521,177.488,361.798
149.427,174.169,362.143
146.59,172.672,364.254
143.898,173.498,361.652
142.655,170.83,359.211
142.456,171.31,355.41
138.874,172.687,355.32
139.629,175.276,358.038
142.773,176.461,356.18
140.78,176.66,352.908
138.13,178.689,354.805
141.009,180.726,356.33
142.245,181.39,352.768
138.764,182.457,351.571
138.289,184.838,354.549
141.86,186.267,354.299
141.36,186.931,350.556
137.922,188.476,351.318
139.191,190.755,354.138
141.938,192.214,351.904
139.567,180.986,362.367
137.905,184.347,363.178
140.16,185.126,366.169
143.044,184.046,363.908
142.134,186.634,361.217
141.645,189.195,364.028
145.103,188.352,365.484
146.784,188.393,362.012
145.096,191.724,361.108
146.387,193.35,364.338
149.994,192.408,363.455
152.308,195.179,362.234
154.114,194.466,358.907
157.294,193.231,360.662
155.357,190.589,362.679
153.504,189.319,359.569
156.929,189.295,357.844
158.249,187.106,360.68
154.993,185.073,360.707
155.294,184.314,356.966
159.067,183.815,357.395
158.388,181.148,360.072
155.548,179.621,357.968
157.854,179.432,354.893
160.464,177.304,356.729
157.736,174.645,357.258
191.7,223.584,200.794
188.659,225.297,202.191
190.245,228.621,203.149
191.828,230.894,200.568
193.344,234.284,199.964
193.393,235.75,203.444
196.686,237.336,202.477
196.916,241.052,201.964
199.333,243.621,203.345
198.469,246.223,205.954
197.218,249.498,204.535
199.224,251.589,206.995
196.134,253.449,208.132
197.062,255.52,211.104
197.816,258.971,212.264
200.869,260.54,210.723
201.289,263.763,212.681
200.626,263.865,216.389
199.385,266.575,218.737
201.837,269.442,219.048
203.707,268.794,215.832
204.519,271.413,213.27
203.025,271.037,209.809
203.303,272.681,206.417
200.269,273.132,204.214
199.396,269.893,202.489
200.916,267.532,205.029
198.791,264.484,205.593
197.75,264.415,209.241
196.028,261.044,209.361
194.608,258.348,207.111
191.728,255.986,207.829
189.319,253.35,206.564
186.244,254.795,208.322
185.918,258.159,209.977
187.717,257.864,213.241
189.12,261.354,213.353
187.017,264.075,211.739
188.53,267.145,210.109
188.431,270.319,212.188
189.597,273.869,211.573
191.987,274.335,208.619
191.949,270.643,207.887
190.838,269.389,204.529
189.187,266.081,203.892
190.357,263.853,201.069
188.022,261.699,199.021
189.603,258.609,200.596
188.747,260.069,204.01
192.206,261.251,204.873
192.969,264.48,206.662
195.498,267.032,205.49
196.592,270.439,206.706
195.443,273.477,204.756
197.64,275.914,206.673
201.123,275.936,208.137
200.931,275.568,211.896
200.475,273.263,214.863
198.299,270.147,215.05
195.753,269.838,217.847
193.266,267.122,218.688
189.958,267.818,220.329
186.597,266.331,221.327
183.56,268.238,220.037
179.847,268.21,219.325
178.804,266.602,216.104
176.083,268.186,214.042
175.695,266.251,210.785
174.747,267.839,207.452
170.94,267.772,206.894
171.586,266.458,203.36
172.886,263.254,204.957
169.921,260.975,205.663
171.546,258.371,207.894
173.235,260.753,210.294
170.093,262.872,210.676
168.118,259.739,211.516
170.704,258.739,214.109
170.55,262.192,215.641
166.773,262.315,215.607
166.302,259.128,217.633
168.433,260.311,220.563
167.043,260.992,224.05
166.437,264.712,224.557
169.457,265.58,226.695
171.965,263.634,224.634
174.635,265.09,222.388
176.859,263.235,219.926
180.594,263.826,220.381
183.442,263.07,217.953
187.189,263.573,217.725
188.625,266.383,215.585
191.935,267.547,214.188
192.831,271.185,213.8
195.757,273.189,212.7
196.413,276.333,214.684
197.897,278.667,212.052
201.355,279.942,212.92
202.572,282.597,210.461
200.681,285.867,210.144
198.632,286.022,206.939
201.045,288.524,205.409
202.819,291.75,206.277
202.809,295.368,205.164
206.104,296.547,203.697
207.328,299.937,202.534
207.637,299.854,198.771
208.49,303.363,197.699
208.373,306.784,199.264
207.159,309.204,196.608
259.638,233.602,166.689
258.055,235.201,163.625
258.049,234.695,159.876
259.571,237.742,158.237
256.936,237.907,155.552
253.22,237.355,156.227
251.79,234.057,155.034
249.24,235.85,152.881
252.176,236.82,150.694
253.702,233.352,150.41
251.586,232.619,147.34
252.742,235.836,145.664
256.454,235.511,146.477
256.182,231.905,145.331
255.641,233.407,141.87
258.657,235.775,142.032
261.188,232.955,142.371
261.915,229.842,140.338
260.381,229.009,136.97
257.382,231.322,137.471
259.793,234.218,137.029
260.518,233.161,133.463
256.884,233.172,132.389
255.853,235.817,129.832
254.847,239.077,131.511
251.491,239.498,129.779
250.353,236.177,131.227
251.433,237.023,134.76
249.65,240.366,134.367
246.499,238.55,133.26
246.662,236.478,136.452
247.691,239.323,138.784
244.647,241.547,138.45
241.436,240.019,139.717
238.538,241.991,138.309
235.297,241.786,140.284
233.056,239.211,138.543
229.687,240.422,137.278
226.99,240.089,139.966
224.843,237.041,139.203
222.952,235.781,142.204
222.959,238.866,144.429
221.451,242.002,142.896
223.52,245.179,143.372
222.278,248.645,144.324
223.593,251.356,142.04
224.349,254.303,144.282
227.323,254.665,146.57
225.23,256.717,148.979
221.817,255.829,150.301
219.434,257.684,152.606
218.666,255.642,155.716
214.851,255.176,155.793
214.503,255.179,159.596
217.277,257.692,160.34
216.862,260.245,157.491
220.616,260.557,157.04
223.094,260.091,154.182
224.72,256.686,154.532
227.746,255.203,152.747
226.812,251.874,151.132
228.825,249.022,149.648
228.122,245.928,147.614
229.217,242.613,149.041
229.345,239.63,146.678
227.673,236.412,147.71
229.986,233.395,147.903
229.085,230.941,145.178
230.293,227.373,144.74
231.305,225.9,141.406
231.178,222.113,141.303
233.944,220.638,139.104
231.331,219.516,136.566
230.711,223.202,135.921
234.169,223.45,134.383
233.185,220.995,131.662
230.219,223.105,130.5
229.315,226.803,130.468
226.891,227.791,133.236
226.855,231.525,132.616
229.117,232.473,135.5
226.677,231.094,138.021
226.822,228.131,140.375
225.701,226.68,143.682
224.698,229.026,146.444
225.491,227.491,149.794
223.911,229.169,152.742
221.185,229.203,155.329
217.593,230.32,155.441
214.949,231.053,158.014
211.806,229.012,157.537
208.735,231.221,156.914
211.165,234.141,156.674
210.361,235.009,160.271
213.71,235.73,161.854
212.351,233.974,164.934
211.898,230.563,163.301
214.441,227.75,162.874
217.607,228.496,160.968
218.387,225.894,158.4
221.132,225.025,155.923
219.999,225.385,152.304
221.666,225.108,148.932
220.382,226.682,145.728
221.346,224.743,142.594
221.168,226.106,139.003
218.851,224.391,136.478
221.05,222.667,133.895
220.343,221.801,130.28
221.865,219.757,127.53
222.22,221.992,124.489
224.381,221.738,121.39
225.971,225.005,120.286
227.564,225.961,116.977
230.913,227.726,116.829
231.568,229.52,113.539
235.27,230.06,113.926
236.007,226.539,115.135
233.298,225.227,112.781
231.895,222.696,115.202
228.875,221.626,117.251
229.661,221.008,120.903
227.183,219.328,123.231
227.433,221.428,126.358
225.622,221.678,129.659
224.481,225.262,129.95
222.103,227.35,131.975
219.263,229.547,130.795
221.496,232.431,131.817
224.215,231.281,129.429
221.711,231.173,126.572
220.487,234.656,127.458
224.049,236.007,127.47
224.749,234.35,124.122
221.537,235.936,122.806
222.562,239.294,124.246
226.071,239.206,122.762
224.52,238.068,119.452
226.7,235.02,118.845
228.156,231.984,120.54
231.625,232.936,119.359
230.935,236.546,120.254
229.879,235.59,123.764
233.055,233.583,124.216
235.368,236.264,122.853
233.479,239.2,124.349
233.443,238.063,127.984
236.265,238.242,130.563
237.778,235.2,132.284
235.946,235.889,135.55
232.481,236.008,133.964
232.599,232.686,132.051
234.021,230.792,135.031
234.675,227.675,132.969
238.034,226.198,132.046
236.246,224.925,128.925
235.139,228.447,128.089
238.728,229.632,128.359
239.854,226.763,126.118
237.191,227.545,123.51
238.404,231.136,123.634
242.077,230.14,123.404
241.248,227.997,120.393
239.354,230.568,118.331
241.74,233.34,119.416
244.509,231.199,117.96
242.47,230.602,114.81
242.049,234.387,114.437
245.683,235.397,115.082
246.894,232.638,112.726
244.229,233.195,110.064
244.289,229.412,109.856
243.451,228.245,106.308
242.091,224.92,107.598
238.961,226.68,108.854
237.15,226.353,105.535
239.625,224.693,103.129
237.422,224.928,100.002
235.932,228.453,100.282
238.225,231.426,101.017
235.049,233.518,100.561
233.404,232.126,103.689
236.788,232.237,105.426
237.421,235.943,104.85
233.739,236.668,105.544
233.946,235.037,108.972
237.401,236.302,109.934
235.969,239.714,109.077
233.324,240.236,111.771
235.629,239.158,114.594
238.502,241.474,113.629
238.014,243.511,116.808
239.319,240.751,119.074
242.418,239.841,117.056
245.467,239.73,119.297
249.084,238.771,118.471
250.266,235.134,118.472
252.591,235.162,121.489
249.611,236.364,123.511
246.969,234.109,121.99
248.382,230.776,123.109
248.704,231.803,126.752
245.148,233.083,127.291
243.192,230.196,128.793
245.953,228.67,130.872
245.961,227.404,134.443
249.126,228.171,136.389
249.872,224.441,136.132
249.522,224.225,132.368
251.53,227.426,132.047
254.401,226.187,134.194
254.424,222.956,132.212
254.469,224.742,128.844
257.289,227.037,129.911
259.195,224.021,131.223
258.88,222.35,127.802
260.096,225.414,125.901
263.128,225.472,128.199
263.817,221.774,127.678
267.436,221.216,126.638
269.928,218.373,126.93
272.985,219.816,128.718
275.746,220.632,126.246
278.732,218.22,126.218
281.891,219.745,127.723
283.773,218.712,124.587
281.894,221.409,122.632
282.528,224.198,125.163
286.205,223.251,125.558
286.616,223.142,121.758
285.194,226.688,121.484
287.485,228.045,124.22
290.411,226.398,122.422
289.44,227.896,119.034
289.132,231.306,120.686
292.634,230.944,122.138
294.138,229.614,118.866
292.562,232.401,116.765
293.934,234.984,119.213
297.365,233.307,119.052
297.22,233.478,115.233
296.072,237.14,115.049
298.7,238.419,117.514
301.604,237.587,115.169
294.888,178.052,145.546
293.189,177.982,148.924
296.218,179.242,150.848
295.862,182.743,149.48
293.455,183.186,152.345
296.295,182.945,154.828
299.537,184.767,155.425
302.805,182.942,154.629
303.289,180.275,157.312
306.457,182.152,158.317
304.215,184.859,159.771
301.629,182.808,161.606
302.452,182.968,165.312
304.079,186.402,165.296
302.907,189.496,167.19
303.973,192.245,164.814
303.965,191.82,161.058
305.172,195.057,159.534
303.905,196.587,156.307
304.025,199.565,154.013
301.853,202.634,153.742
298.581,202.579,151.844
298.35,204.022,148.342
297.648,207.733,148.08
295.182,208.794,145.393
297.989,210.691,143.704
300.15,207.617,143.276
297.242,205.886,141.594
296.403,208.723,139.176
299.746,207.885,137.568
298.893,204.258,136.887
297.09,203.096,133.742
293.628,201.583,133.643
294.939,198.049,133.163
297.315,198.269,136.091
294.574,199.592,138.328
292.404,196.737,137.211
295.154,194.343,138.319
296.076,196.156,141.516
292.421,195.853,142.463
292.737,192.106,142.607
296.07,192.191,144.336
294.42,194.309,147.025
291.356,192.104,147.056
293.249,188.907,147.818
294.982,190.681,150.678
291.727,192.06,152.069
290.203,188.6,152.066
293.252,187.235,153.832
293.112,189.927,156.462
289.396,189.509,157.137
289.955,185.795,157.572
292.768,186.414,160.004
290.573,188.904,161.864
287.693,186.492,162.466
290.082,183.675,163.294
291.687,185.91,165.913
288.33,186.597,167.524
287.773,182.84,167.541
290.94,182.106,169.513
290.352,184.957,171.994
293.634,186.473,170.829
294.498,189.981,169.65
294.917,190.19,165.871
298.485,190.573,164.591
299.126,194.218,163.553
295.435,195.079,162.903
296.46,198.312,161.194
297.04,196.503,157.879
293.306,196.002,157.472
292.833,199.752,157.717
295.519,200.556,155.179
294.297,198.064,152.603
290.753,199.34,152.829
291.903,202.918,152.295
293.974,201.809,149.336
291.031,200.086,147.686
288.841,202.979,148.62
291.341,205.405,147.128
291.555,203.274,143.98
287.791,203.412,143.625
287.798,207.2,143.973
290.304,207.402,141.133
288.538,205.22,138.613
285.267,206.962,139.374
286.925,210.299,138.537
288.113,209.105,135.17
284.591,208.02,134.319
282.795,211.028,135.676
285.257,213.345,133.982
284.843,211.411,130.758
281.063,211.413,130.669
281.102,215.154,131.436
282.958,215.378,128.148
280.783,213.054,126.114
277.31,213.571,127.47
277.634,216.389,129.974
275.401,214.956,132.666
276.744,215.196,136.205
274.873,212.1,137.429
275.456,208.619,135.981
271.955,207.546,136.92
268.988,209.334,135.297
266.787,211.072,137.831
264.34,213.867,138.487
263.268,216.315,141.154
259.798,215.365,142.258
257.238,216.1,144.908
255.863,212.998,146.69
252.602,212.438,148.585
254.057,213.919,151.723
254.871,217.184,150.036
258.6,216.722,150.52
260.797,217.602,147.58
262.591,214.382,146.819
265.226,213.307,144.347
263.749,210.374,142.497
266.245,207.921,141.009
265.011,206.138,137.928
264.629,202.423,137.378
265.074,200.194,134.328
261.921,198.768,132.796
261.231,196.668,129.685
258.051,198.658,129.036
257.324,202.4,128.797
255.943,204.251,131.79
252.304,204.655,130.79
251.902,200.896,130.378
253.316,200.107,133.814
250.738,199.194,136.465
252.983,199.303,139.538
254.714,202.569,138.643
251.458,204.183,137.59
249.966,203.788,141.048
252.662,205.906,142.721
251.707,209.569,143.166
254.175,212.378,142.649
252.183,215.408,143.702
250.692,216.626,146.938
247.024,217.01,147.73
245.714,220.271,149.164
245.713,219.216,152.855
249.411,218.472,152.698
250.049,222.205,152.403
249.256,222.717,156.063
251.821,220.13,157.161
254.441,221.614,154.875
254.002,224.876,156.726
254.37,223.099,160.054
257.577,221.525,158.808
259.028,224.915,157.998
258.074,226.335,161.339
259.474,223.416,163.287
262.688,223.721,161.341
262.771,227.46,161.942
262.419,226.978,165.667
265.287,224.562,165.864
267.609,226.834,163.941
266.344,229.779,165.982
267.367,228.293,169.292
270.55,226.734,168.075
271.681,230.227,167.194
270.659,231.739,170.521
272.593,228.991,172.213
275.834,229.81,170.45
275.451,233.532,171.129
275.006,232.773,174.832
278.051,230.486,174.94
280.039,233.475,173.812
278.875,235.885,176.502
279.643,233.365,179.222
283.156,232.753,177.929
283.82,236.504,177.69
283.178,236.921,181.402
285.123,233.759,182.2
288.229,234.768,180.235
288.272,238.587,179.96
291.687,238.777,178.285
290.274,241.335,175.823
205.451,239.979,225.238
208.211,241.037,227.546
208.195,244.792,227.668
209.245,247.803,229.659
207.56,248.118,233.03
205.435,250.715,234.8
206.194,251.084,238.478
203.115,252.31,240.393
203.845,255.412,242.469
202.625,253.712,245.627
206.006,251.968,245.718
207.787,255.279,246.232
205.598,256.564,249.067
207.861,255.878,252.079
206.487,254.619,255.404
207.287,256.572,258.604
209.509,253.744,259.933
211.707,253.776,256.861
213.257,257.096,257.83
214.461,255.554,261.079
215.507,252.428,259.248
217.767,253.707,256.459
218.76,256.85,258.315
217.194,259.616,256.279
215.713,262.799,257.719
211.892,262.949,257.567
212.022,266.707,256.987
214.796,267.341,254.416
215.712,265.202,251.386
219.404,264.75,250.639
221.057,266.716,247.86
223.241,264.171,246.088
223.332,260.518,245.057
226.243,258.166,245.08
225.379,255.519,242.551
227.34,252.34,242.055
226.754,249.619,239.524
226.359,246.432,241.493
225.149,244.001,238.805
225.758,243.442,235.125
223.835,244.677,232.139
224.355,241.415,230.248
221.148,239.357,230.104
219.141,242.555,230.617
217.092,244.456,227.955
218.835,246.99,225.73
217.017,249.9,227.294
218.543,249.183,230.705
221.947,248.841,229.055
221.524,252.309,227.6
220.359,253.864,230.844
223.416,252.44,232.549
225.604,253.953,229.85
224.077,257.402,230.142
224.389,257.44,233.922
228.135,256.982,233.647
227.757,253.652,235.385
229.576,251.636,232.733
232.254,250.278,235.062
231.256,248.167,238.081
231.905,248.991,241.741
232.923,252.509,240.897
231.077,255.338,242.578
229.524,258.159,240.594
227.601,261.195,241.807
224.25,262.477,240.549
221.727,265.163,241.327
218.7,264.105,243.371
216.368,265.838,240.906
213.4,263.951,239.324
214.917,263.913,235.822
217.64,261.615,237.083
215.45,259.713,239.481
213.449,258.529,236.472
216.437,256.727,235.012
217.615,255.429,238.363
214.075,254.124,238.84
214.409,252.141,235.618
217.677,250.454,236.554
217.238,250.362,240.326
217.844,246.599,240.47
221.303,246.961,238.952
222.617,249.58,241.311
223.29,250.74,244.82
222.307,254.282,245.791
223.542,255.968,248.911
223.087,259.598,249.941
226.288,261.649,249.821
227.235,263.228,253.151
229.475,266.222,253.829
230.632,266.296,257.471
233.271,268.907,256.807
231.058,270.6,254.243
231.763,271.252,250.575
235.4,271.421,249.386
236.931,274.831,248.72
239.652,275.252,246.107
242.424,274.651,248.638
240.908,271.293,249.503
240.648,269.845,245.997
243.841,267.819,246.205
243.058,266.33,249.615
239.525,265.077,249.059
238.532,261.44,249.575
235.329,259.399,249.497
234.685,256.97,252.361
232.585,253.828,251.92
229.99,254.928,254.478
229.269,257.384,251.71
230.834,260.467,253.186
233.238,262.882,251.556
236.161,263.844,253.739
237.794,267.105,252.753
241.094,266.927,254.64
242.852,263.632,254.015
246.114,262.702,255.734
247.442,265.789,257.532
251.2,265.441,258.252
131.939,265.47,225.144
130.081,263.838,222.272
130.763,266.781,219.955
134.527,266.446,220.391
135.527,264.763,217.132
132.127,265.3,215.498
133.26,268.357,213.557
135.466,267.438,210.616
135.791,267.329,206.845
136.921,264.377,204.748
140.66,264.752,204.244
141.281,262.788,201.043
142.565,264.864,198.125
140.241,263.854,195.277
136.728,262.843,196.37
133.067,263.128,195.342
130.522,265.527,196.821
129.328,264.316,200.197
125.851,265.237,201.373
124.207,264.96,204.819
121.959,261.913,205.126
119.689,260.769,207.957
119.92,256.998,208.344
117.445,254.934,210.339
118.535,251.413,211.216
116.027,249.112,212.828
115.646,250.704,216.22
113.718,253.878,216.079
117.213,255.425,216.12
118.672,257.868,213.565
122.281,258.685,212.602
124.02,261.176,210.309
125.92,259.614,207.41
127.712,261.573,204.721
126.626,260.027,201.426
127.056,261.106,197.789
123.324,261.023,197.135
121.482,264.253,198.212
118.578,262.156,199.558
117.653,263.417,203.003
116.86,259.979,204.426
117.459,256.233,204.163
116.191,253.276,206.215
117.177,249.607,206.681
114.676,246.684,206.971
240.43,193.655,209.09
242.674,196.658,208.485
244.738,198.393,211.186
243.027,201.456,212.544
246.241,203.328,213.277
249.907,203.259,212.547
251.803,201.43,215.266
254.337,203.804,216.776
258.018,203.005,216.924
257.903,202.674,220.699
255.282,199.991,220.6
257.144,198.264,217.828
260.466,198.284,219.636
258.619,196.771,222.55
257.487,193.933,220.346
260.636,193.095,218.446
263.227,193.669,221.151
261.277,191.503,223.564
263.303,188.706,225.293
261.288,185.946,223.647
262.204,187.124,220.132
265.933,187.434,220.848
268.333,184.726,219.825
269.071,182.599,222.869
272.652,181.87,223.858
273.724,178.247,223.424
275.558,176.86,226.454
276.289,173.362,225.175
279.198,174.258,222.876
282.572,172.572,223.461
285.868,171.635,221.772
286.558,168.36,220.005
289.385,166.571,221.864
290.631,165.424,218.51
290.835,168.327,216.058
290.184,171.189,218.46
287.339,172.642,216.435
283.906,173.318,217.904
280.946,171.026,218.425
277.742,170.755,220.39
277.977,168.115,223.082
275.173,165.878,221.8
276.288,165.992,218.166
279.16,164.414,216.23
282.015,166.734,215.389
281.54,168.202,211.913
285.208,168.302,210.985
285.964,164.726,212.024
282.808,163.489,210.362
284.046,165.188,207.191
287.267,163.197,207.369
285.308,160.021,207.693
282.872,161.015,204.955
285.624,161.717,202.41
287.387,158.451,203.11
284.106,156.532,202.967
283.45,158.144,199.604
286.803,157.04,198.235
286.307,153.501,199.473
282.839,153.282,197.941
284.206,154.601,194.662
286.835,151.908,194.537
284.306,149.234,195.471
282.103,150.49,192.692
285.008,149.894,190.331
285.16,146.246,191.388
281.495,145.849,190.534
281.007,145.921,186.789
277.446,147.166,187.073
274.442,148.422,189.072
273.109,145.153,190.443
276.197,143.224,191.393
276.819,143.304,195.126
278.966,140.66,196.834
277.534,137.679,198.688
280.475,137.902,201.081
281.713,140.273,203.767
284.231,142.86,202.565
287.457,144.265,204.043
289.392,147.375,203.113
293.213,147.429,202.964
295.967,150.034,202.635
299.527,150.292,201.313
301.788,147.591,202.712
299.096,145.275,204.044
298.045,141.669,203.485
294.769,139.832,204.241
294.739,137.846,207.49
293.714,134.179,207.608
290.572,135.292,209.461
289.877,137.92,206.792
290.444,135.777,203.702
287.435,134.511,201.784
286.25,138.104,201.662
286.019,140.836,199.048
289.173,142.969,199.134
289.456,146.693,198.46
292.998,148.048,198.08
293.587,151.769,198.627
296.812,153.67,197.874
296.893,155.977,200.908
298.595,154.755,204.096
296.104,153.589,206.729
294.806,156.69,208.599
295.599,157.139,212.287
291.966,157.122,213.438
291.072,154.042,211.382
292.13,150.855,213.167
293.112,147.558,211.512
290.635,145.298,213.322
175.996,240.664,179.554
179.18,242.088,178.077
180.19,245.718,177.867
182.167,247.348,175.079
184.934,249.912,174.708
184.007,252.516,172.122
186.019,255.421,170.731
184.167,258.698,170.962
184.758,261.68,168.718
184.087,265.396,169.002
181.577,267.112,166.756
183.649,270.243,167.318
185.682,269.298,164.249
188.686,269.069,166.479
190.055,265.581,166.221
189.768,264.445,169.815
189.021,261.009,171.182
188.1,259.384,174.431
187.181,255.776,175.069
184.167,254.648,177.104
182.712,251.445,178.481
179.153,251.168,177.173
176.484,248.456,177.44
176.562,246.08,174.469
172.804,245.744,174.015
172.258,249.492,174.328
171.953,252.232,171.683
174.793,254.131,169.994
176.21,256.44,172.653
176.074,260.247,172.568
177.409,262.549,175.285
178.381,266.07,176.281
182.103,266.039,177.029
184.936,268.524,177.438
187.066,269.263,174.366
190.498,270.67,175.441
191.391,272.238,172.1
188.222,274.334,171.794
188.148,274.489,175.602
184.394,273.895,175.695
181.678,271.472,176.686
180.676,270.033,173.326
178.788,267.08,171.856
180.649,263.795,171.373
179.303,260.978,169.235
180.672,257.461,169.051
182.751,257.036,165.915
184.162,253.543,166.298
184.155,250.347,168.376
187.607,249.643,169.871
187.441,246.741,172.349
184.762,244.131,173.12
234.514,183.704,179.509
238.008,184.919,180.444
239.29,188.024,178.685
242.478,189.874,177.926
243.697,187.478,175.293
241.909,189.58,172.67
245.055,189.92,170.576
245.647,186.885,168.365
248.66,187.618,166.221
248.796,187.27,162.47
251.351,188.957,160.262
249.131,189.05,157.258
246.369,190.73,159.227
248.846,193.078,160.851
250.276,194.34,157.626
246.976,194.466,155.783
245.332,196.531,158.449
248.098,198.78,159.646
250.83,198.562,157.024
252.579,201.228,154.954
250.664,200.478,151.777
247.355,200.56,153.579
248.204,203.924,155.022
249.087,205.333,151.64
246.015,204.075,149.822
243.643,206.655,151.309
243.902,210.388,151.972
243.175,209.898,155.653
245.919,207.306,155.976
248.352,209.725,154.411
247.334,212.27,157.017
248.184,209.703,159.672
251.652,209.24,158.241
252.016,213.005,158.04
251.068,213.506,161.662
253.508,210.871,162.806
256.243,212.385,160.7
255.459,215.71,162.278
255.725,214.374,165.807
258.941,212.698,164.657
258.006,209.091,165.33
260.669,206.457,164.864
258.149,204.122,163.296
255.681,205.708,160.907
253.774,202.524,160.375
253.816,198.778,160.842
228.031,244.612,180.413
231.193,243.978,178.46
234.168,245.285,180.422
236.765,244.54,177.773
235.576,244.268,174.222
237.078,241.81,171.84
238.289,243.989,168.971
239.103,247.195,170.789
239.744,246.024,174.343
237.564,248.936,175.537
234.407,248.982,177.662
231.058,248.811,175.853
227.812,250.617,176.616
224.482,248.908,177.128
222.253,250.567,174.594
219.066,249.421,176.254
219.857,252.074,178.844
220.498,254.837,176.366
217.08,254.317,174.891
215.033,254.751,178.025
216.936,257.169,180.245
218.459,260.604,180.056
221.527,261.679,181.921
221.802,265.285,183.025
225.34,266.493,183.546
224.961,266.841,187.272
224.642,263.076,187.51
220.868,262.963,187.863
219.137,260.458,185.597
215.676,261.015,184.203
213.08,258.485,183.127
209.5,258.074,182.029
206.952,256.417,184.326
206.037,252.759,183.674
202.774,251.9,181.952
202.079,255.491,181.008
200.778,254.514,177.582
198.922,251.476,178.857
195.154,251.109,179.346
194.272,254.768,179.69
190.477,254.506,179.661
190.625,252.513,182.854
192.519,255.156,184.837
191.792,258.304,186.83
192.65,261.744,185.481
194.902,262.223,188.515
196.683,258.913,187.993
197.057,259.689,184.294
198.88,262.851,185.248
201.069,261.06,187.776
202.046,258.796,184.901
202.726,261.49,182.331
205.592,262.839,184.451
209.33,262.712,183.913
210.973,261.559,187.104
214.321,261.195,188.798
216.113,257.997,189.816
217.406,257.258,193.292
221.12,257.039,193.963
221.436,253.281,193.597
219.825,253.244,190.182
221.971,256.203,189.169
225.184,254.401,189.982
223.912,251.316,188.235
223.078,253.209,185.058
226.381,254.967,185.167
228.206,251.646,185.297
226.167,250.381,182.363
227.13,253.343,180.278
230.453,254.564,178.903
232.108,257.941,179.346
230.756,259.468,176.15
227.257,259.638,177.536
228.418,261.686,180.45
230.01,264.544,178.464
228.759,268.131,178.661
226.494,268.689,175.676
225.41,271.956,174.187
222.478,271.402,171.887
220.753,274.152,170.016
217.111,274.543,171.084
217.543,271.892,173.825
214.634,271.673,176.336
216.884,270.266,179.006
219.832,272.653,178.906
218.102,274.589,181.65
218.424,271.556,183.959
222.015,270.385,183.537
223.679,272.29,186.374
222.768,272.134,190.045
222.142,275.25,192.162
221.955,276.11,195.883
222.634,272.553,196.941
223.918,272.558,200.492
225.352,269.188,201.367
194.937,189.71,250.946
194.652,192.531,248.444
197.25,195.207,248.011
195.46,198.55,247.942
196.304,202.24,247.821
193.436,203.159,250.104
192.425,201.09,253.109
188.89,201.095,254.359
186.989,198.917,256.763
184.3,196.89,255.038
182.497,195.994,258.247
182.476,196.721,261.962
184.778,193.799,262.702
187.759,195.041,260.681
190.692,196.375,262.62
193.59,198.373,261.381
197.178,197.562,262.231
200.686,198.785,261.438
203.145,195.947,260.764
206.416,195.67,258.848
206.262,199.393,258.09
202.904,199.123,256.373
199.269,199.46,257.242
196.968,196.45,257.196
193.331,195.626,257.581
192.709,192.339,259.346
189.25,190.92,259.84
188.458,187.819,261.855
184.849,187.44,260.744
185.295,187.872,256.972
188.811,187.018,255.869
187.844,188.481,252.513
188.179,191.92,254.053
191.964,191.609,254.439
193.899,194.551,252.969
197.532,195.578,252.715
198.42,199.175,251.986
200.93,199.54,249.163
128.313,135.318,221.027
132.04,134.821,221.619
133.543,135.781,224.975
137.22,134.904,225.382
137.871,132.155,227.924
140.119,133.468,230.651
143.084,131.123,230.732
146.172,132.193,232.631
148.131,130.399,235.337
147.161,131.969,238.659
149.177,131.589,241.87
147.444,128.824,243.879
145.368,129.59,247.012
147.258,129.42,250.331
148.483,125.922,251.212
146.733,124.051,254.051
148.201,124.011,257.589
148.517,120.219,257.061
151.117,120.105,254.274
153.445,122.989,255.226
157.041,121.791,255.51
159.98,123.461,257.323
161.648,125.898,254.932
165.131,127.419,254.56
165.935,131.158,255.076
166.508,133.567,252.198
168.443,136.655,253.281
169.185,139.82,251.275
172.269,141.753,252.313
171.444,145.42,251.76
172.829,148.831,252.606
174.981,151.762,251.613
178.04,151.739,249.337
181.279,150.222,250.723
179.743,149.064,254.01
181.046,145.581,253.242
178.208,143.33,252.062
180.421,141.512,249.541
183.033,140.996,252.273
180.431,139.373,254.578
179.437,136.98,251.807
183.076,136.272,250.958
184.103,135.332,254.478
180.959,133.184,254.739
181.395,131.141,251.557
185.19,130.804,251.903
185.65,132.529,248.527
186.951,135.939,247.405
184.628,137.772,244.994
185.426,141.266,246.369
188.943,140.988,244.94
187.785,139.696,241.534
184.89,142.175,241.075
185.381,144.744,238.321
186.017,148.196,239.801
185.626,146.753,243.289
181.935,147.23,242.556
178.895,144.982,242.915
176.782,145.653,239.809
174.752,142.423,239.916
172.213,140.667,242.093
173.322,137.133,242.893
172.285,134.224,245.077
174.577,132.037,247.142
174.029,128.855,249.138
175.636,129.0,252.593
175.842,126.133,255.112
176.796,127.118,258.672
178.405,124.852,261.292
175.021,124.394,263.056
173.595,122.84,259.867
171.762,125.993,258.787
171.158,126.353,255.034
170.757,130.032,254.114
170.459,131.653,250.687
172.097,135.093,250.425
171.321,137.782,247.89
173.958,140.428,247.107
172.554,143.871,246.188
174.625,146.777,244.729
174.805,149.981,246.732
174.582,152.698,244.066
171.519,154.911,243.722
171.193,153.829,240.081
170.282,150.267,241.125
167.174,150.887,243.27
165.119,148.805,240.791
167.27,145.8,241.691
167.107,146.437,245.442
163.298,146.398,245.301
163.423,142.852,243.863
165.643,141.797,246.733
162.954,142.95,249.16
160.242,140.871,247.446
161.784,137.395,247.219
163.271,137.31,250.705
162.502,136.073,254.213
165.031,138.194,256.122
167.106,141.28,255.259
170.526,142.009,256.775
171.004,145.777,256.884
174.708,146.58,256.955
175.716,150.006,258.294
179.367,151.095,258.707
180.1,152.191,262.287
182.322,155.165,261.436
179.744,156.546,258.977
176.268,155.68,260.23
172.848,156.031,258.62
172.993,157.459,255.081
170.982,157.676,251.842
171.153,154.085,250.531
170.615,152.847,254.076
167.399,154.906,254.235
166.229,153.599,250.837
167.05,150.051,251.966
165.005,150.732,255.119
162.017,151.864,253.031
162.34,148.784,250.776
162.278,146.324,253.669
159.605,148.423,255.446
157.143,148.415,252.554
157.74,144.743,251.656
157.043,143.884,255.324
160.262,141.86,255.652
162.031,141.248,259.018
165.312,143.233,259.282
168.563,142.586,261.188
170.952,145.464,261.837
174.628,144.635,261.424
176.869,147.492,262.476
180.08,147.128,260.484
183.699,148.226,260.77
184.015,148.16,264.568
187.729,147.328,264.242
188.159,150.938,263.178
189.375,153.866,265.266
186.24,156.018,265.176
183.742,153.131,265.416
180.572,154.249,267.269
177.622,151.775,267.293
175.739,154.153,269.638
175.372,156.935,267.035
174.152,154.324,264.542
171.5,153.137,267.011
170.26,156.701,267.722
170.08,157.523,264.003
168.141,154.278,263.553
165.735,155.453,266.284
165.138,158.599,264.203
163.821,156.485,261.282
161.523,154.292,263.428
163.85,151.31,263.622
164.151,150.219,267.274
167.277,148.33,268.418
167.309,145.211,270.625
168.784,147.358,273.407
165.819,149.751,273.343
163.275,146.934,273.557
162.438,146.863,269.855
162.505,143.633,267.867
165.226,144.761,265.44
168.32,142.813,266.434
171.575,144.818,266.56
174.867,142.968,266.129
178.174,144.906,266.006
180.537,143.005,263.673
183.931,143.468,262.028
183.921,141.876,258.557
187.713,141.971,258.096
188.656,140.56,261.52
185.596,138.29,261.847
184.388,139.527,265.21
180.695,138.826,265.895
180.043,136.761,262.753
178.726,133.862,264.853
176.367,136.229,266.739
174.906,137.641,263.524
174.614,134.042,262.277
172.63,133.095,265.39
170.595,136.336,265.195
169.497,135.293,261.703
168.901,131.657,262.748
166.796,132.766,265.756
164.664,135.131,263.677
164.321,132.344,261.072
162.93,129.905,263.651
160.786,132.761,265.023
159.069,133.378,261.668
158.288,129.648,261.233
159.116,129.429,257.515
156.82,127.055,255.611
156.596,125.709,252.073
154.869,123.049,249.941
157.303,120.469,248.428
154.725,118.252,246.701
152.764,120.846,244.695
153.641,122.466,241.351
156.535,124.916,241.003
155.956,128.555,241.927
159.054,130.766,241.875
160.625,134.131,241.071
163.257,135.235,238.519
166.395,137.004,239.744
168.531,137.593,236.652
168.072,136.53,233.042
171.112,136.346,230.806
172.261,134.684,227.582
174.935,131.982,227.358
176.329,130.702,224.035
176.581,127.047,225.041
173.612,127.019,227.402
171.259,129.231,225.347
168.864,131.389,227.362
169.424,131.099,231.134
167.664,132.488,234.242
168.428,132.642,237.97
165.468,131.71,240.119
164.522,131.288,243.763
161.914,128.554,244.008
159.129,129.781,246.285
157.311,126.463,246.558
157.219,123.143,244.726
159.846,120.621,243.684
161.455,121.32,240.316
162.535,118.292,238.28
164.273,117.846,234.918
161.989,117.962,231.871
159.23,120.115,233.379
157.429,123.005,231.68
157.491,126.549,233.073
155.933,129.898,232.241
157.304,133.313,233.206
155.965,136.653,232.012
155.156,136.422,228.299
157.481,133.467,227.646
157.854,129.784,228.448
160.499,127.102,228.86
161.114,123.396,228.937
163.884,122.61,231.403
166.897,120.852,229.901
169.515,121.518,232.517
169.055,123.21,235.829
172.371,123.858,237.555
174.171,125.545,240.463
176.463,128.59,240.44
179.63,126.53,240.869
178.963,124.578,237.676
177.198,121.696,239.403
174.264,120.192,237.541
171.674,119.434,240.221
168.875,116.896,239.675
166.375,118.468,242.071
165.441,121.885,243.396
163.394,122.459,246.528
161.734,125.525,248.059
164.102,128.477,248.785
166.886,126.939,246.658
168.613,129.262,244.164
168.735,127.505,240.752
169.806,128.441,237.226
167.379,127.317,234.528
167.867,126.508,230.846
165.456,126.001,227.926
163.724,129.375,227.649
162.47,130.322,224.178
162.412,133.98,225.196
164.05,135.839,228.074
161.826,136.591,231.089
161.729,140.077,232.574
163.726,139.89,235.813
161.575,140.071,238.936
158.886,137.917,237.324
157.042,135.074,239.025
157.401,131.576,237.557
154.433,129.213,237.324
154.661,125.598,236.16
152.119,124.251,233.716
151.108,120.748,232.639
152.171,120.54,228.984
153.465,122.534,226.011
150.181,123.396,224.296
148.886,124.675,227.647
152.012,126.843,227.929
151.454,128.348,224.499
147.826,128.981,225.502
149.017,131.012,228.494
151.506,132.945,226.362
148.889,133.757,223.734
146.42,134.916,226.37
148.837,137.294,228.067
149.979,138.67,224.699
146.422,139.166,223.466
145.597,140.931,226.756
148.543,143.356,226.679
147.748,144.098,223.034
144.175,144.928,224.001
145.378,147.438,226.597
147.88,149.054,224.248
145.185,149.015,221.571
142.843,150.993,223.819
145.419,153.661,224.653
146.406,154.025,221.009
142.715,154.082,220.119
142.304,157.16,222.314
145.338,158.886,220.751
144.14,158.146,217.215
140.587,159.269,217.997
142.061,162.571,219.108
144.196,163.1,215.988
141.477,162.121,213.516
139.064,164.356,215.421
141.527,167.209,214.876
141.541,166.388,211.18
137.753,166.09,211.234
137.438,169.545,212.743
139.961,170.983,210.251
137.846,169.521,207.435
134.633,171.035,208.822
136.555,174.29,208.98
137.923,174.147,205.44
134.487,173.233,204.019
131.775,175.069,205.996
133.72,178.331,206.483
134.258,178.644,202.734
130.549,178.68,201.888
129.264,175.293,200.709
126.87,175.432,197.728
127.591,172.469,195.447
130.888,170.565,195.154
131.556,172.103,191.717
130.763,175.591,193.043
132.823,174.612,196.099
135.686,173.789,193.737
135.255,177.222,192.111
134.865,178.943,195.54
137.983,177.116,196.73
139.823,179.893,194.895
139.051,182.471,197.602
141.984,180.925,199.429
144.196,179.964,196.495
147.848,180.101,197.552
148.475,177.473,200.234
151.908,177.372,201.83
152.849,174.252,203.774
156.03,172.262,203.592
156.651,168.653,204.578
159.825,166.62,204.069
159.986,162.811,204.592
163.814,162.654,204.76
165.672,161.557,207.927
168.292,164.354,207.878
165.71,166.948,208.998
166.176,166.355,212.761
170.01,166.058,212.679
170.244,169.841,213.226
167.858,169.462,216.176
170.585,167.159,217.503
168.875,163.898,218.279
170.962,161.13,219.784
170.244,157.554,218.739
171.363,154.984,221.301
171.579,151.196,221.325
172.018,149.423,224.654
173.326,145.899,225.067
173.78,144.651,228.625
174.958,141.355,230.106
171.836,140.865,232.243
168.24,142.089,232.334
168.6,144.026,235.598
171.541,146.008,234.269
169.727,146.976,231.062
166.709,148.024,233.145
168.88,150.185,235.409
170.27,151.908,232.339
166.788,152.471,230.881
165.691,153.938,234.218
168.654,156.317,234.221
167.748,157.328,230.672
164.103,157.778,231.705
165.394,160.401,234.167
166.475,162.636,231.267
164.899,166.058,231.767
166.027,168.358,228.928
164.391,167.791,225.559
164.808,171.388,224.393
168.546,170.819,224.433
168.903,167.432,222.756
166.714,164.373,222.475
167.805,161.034,223.855
166.193,158.247,221.851
166.528,154.56,222.59
166.143,152.589,219.385
166.951,149.084,220.583
167.599,147.579,224.0
168.574,143.94,224.178
170.475,141.391,226.215
173.603,139.677,224.92
176.7,140.73,223.002
176.715,143.124,220.038
175.689,141.441,216.761
175.546,142.491,213.101
171.884,143.465,213.384
172.574,146.068,216.048
175.362,147.504,213.903
172.893,147.912,211.049
170.228,149.554,213.216
172.81,151.95,214.626
174.118,152.784,211.177
170.658,153.601,209.842
169.786,156.005,212.663
173.354,157.26,213.171
173.428,155.561,216.544
175.894,154.764,219.267
176.175,151.249,220.629
176.686,151.191,224.378
177.829,147.809,225.628
177.642,146.726,229.259
179.833,143.773,230.264
179.319,142.508,226.743
181.64,141.493,223.936
182.328,142.702,220.395
184.188,140.399,218.0
186.522,141.193,215.112
183.935,140.836,212.371
181.445,143.078,214.169
184.031,145.791,214.754
185.35,145.751,211.186
181.787,146.007,209.939
180.983,148.877,212.328
184.202,150.525,211.153
183.055,150.228,207.538
179.619,151.632,208.265
180.845,154.432,210.529
179.368,153.101,213.764
180.875,153.522,217.232
180.902,150.706,219.772
181.599,151.838,223.344
182.04,148.967,225.824
181.769,149.728,229.557
182.247,147.318,232.468
181.112,150.012,234.921
177.72,151.737,234.961
178.615,155.341,235.838
181.4,155.266,233.217
178.599,154.502,230.79
176.449,157.375,232.095
179.426,159.763,232.071
179.998,158.797,228.445
176.31,159.436,227.727
176.598,162.962,229.158
179.785,163.323,227.129
178.012,162.421,223.903
174.898,164.518,224.609
176.936,167.624,225.457
179.153,166.902,222.433
176.09,167.291,220.238
174.647,170.242,222.173
173.948,173.469,220.241
176.82,175.853,221.011
175.699,178.968,222.866
176.934,181.956,220.861
177.934,185.087,222.768
178.395,188.431,221.034
181.068,190.591,222.634
182.154,193.995,221.243
185.479,194.809,219.602
185.2,198.504,218.792
182.937,201.507,218.225
183.313,204.196,215.526
181.161,207.268,214.762
180.546,208.333,211.136
181.375,211.92,210.099
181.087,212.565,206.36
179.546,210.611,203.489
181.16,210.166,200.055
180.043,209.025,196.611
182.922,207.291,194.84
182.917,206.15,191.206
184.788,202.896,190.587
184.195,200.85,187.437
180.936,202.591,186.456
179.391,201.865,189.869
178.494,204.577,192.386
179.616,203.465,195.824
178.315,205.138,199.01
181.206,205.596,201.473
181.001,206.188,205.201
183.834,208.313,206.552
184.338,207.234,210.151
186.42,207.905,213.221
187.067,205.041,215.629
186.369,206.1,219.215
186.698,203.134,221.579
188.176,199.819,220.507
189.067,198.943,216.92
187.586,197.813,213.583
188.821,194.665,211.817
187.638,193.707,208.32
186.607,190.077,209.021
184.605,190.776,212.218
180.81,191.154,212.072
179.335,194.69,211.947
176.132,196.33,213.114
174.79,199.857,212.482
173.305,202.107,215.178
170.921,205.061,214.702
170.162,207.025,217.901
170.01,203.768,219.889
168.239,201.695,217.213
169.974,198.886,215.312
169.513,199.481,211.569
171.889,196.968,209.961
173.721,193.662,210.525
176.437,192.241,208.269
179.908,192.423,206.762
181.657,195.296,205.0
182.555,195.074,201.318
185.632,197.367,201.534
187.39,198.93,204.511
189.863,201.388,203.054
191.964,204.028,204.806
193.632,206.83,202.771
193.753,205.023,199.374
194.992,201.921,201.216
193.005,198.892,202.283
193.947,198.171,205.906
192.966,195.037,207.874
192.851,196.619,211.327
192.214,200.306,212.136
193.128,201.287,215.669
191.503,203.958,217.838
191.36,207.575,216.643
192.112,206.425,213.114
189.949,207.758,210.256
188.578,205.123,207.879
186.407,204.716,204.789
183.664,202.073,204.849
181.721,200.532,201.962
178.876,198.112,202.775
177.619,195.143,200.736
174.031,196.318,201.319
173.028,199.118,198.927
169.682,199.775,200.648
171.462,201.209,203.703
171.546,204.985,204.19
174.516,206.616,205.936
173.606,209.794,207.822
176.039,212.315,209.322
175.426,211.376,212.966
175.205,207.561,212.953
177.163,205.143,215.132
178.798,201.884,214.062
179.556,198.966,216.368
182.033,196.225,215.484
181.473,192.881,217.21
183.007,189.436,217.492
181.155,186.224,218.312
182.762,183.745,220.716
181.366,180.235,221.19
180.493,179.041,224.677
180.141,175.267,224.874
177.365,174.209,227.175
177.42,170.807,228.873
174.406,168.553,229.378
171.659,170.323,231.305
170.703,166.811,232.487
172.014,165.645,235.838
171.13,162.026,236.686
169.917,161.761,240.29
172.794,159.396,241.017
235.23,197.678,150.513
234.287,196.58,147.0
233.358,193.089,145.912
232.885,191.994,142.318
229.767,190.064,141.351
230.203,186.411,140.43
227.847,186.962,137.582
230.461,187.568,134.914
230.8,184.831,132.385
230.45,185.892,128.77
229.965,182.653,126.824
226.973,180.359,127.245
227.609,176.884,128.623
225.456,173.942,129.393
227.983,172.914,132.035
227.235,173.925,135.642
229.129,177.047,136.608
230.191,177.957,140.143
228.571,180.834,141.997
229.049,182.813,145.196
226.111,183.511,147.447
226.139,186.839,149.263
223.814,186.866,152.173
221.783,189.989,151.714
224.791,192.261,151.301
225.166,194.842,148.565
228.532,195.436,146.937
229.364,197.892,149.737
229.072,195.069,152.261
226.09,196.321,154.263
222.944,194.279,154.657
220.346,195.203,152.082
218.053,192.203,152.291
217.557,190.635,155.722
217.178,186.95,156.399
219.476,185.482,153.753
222.522,183.323,153.954
224.556,180.154,154.16
222.481,177.491,152.48
223.916,174.459,150.749
226.628,175.161,148.178
225.117,175.557,144.67
226.365,175.461,141.095
224.335,177.499,138.579
222.909,176.231,135.274
222.595,178.919,132.636
219.107,179.025,131.243
218.324,180.224,127.766
215.098,182.159,128.152
214.804,183.066,124.53
213.049,180.004,123.236
213.354,180.925,119.589
217.044,181.258,118.857
218.153,180.15,115.382
221.496,178.384,115.672
223.03,180.072,112.624
221.781,183.348,111.144
222.07,181.582,107.783
218.887,179.486,108.112
216.177,181.569,109.903
213.362,179.014,109.705
211.393,177.369,112.55
213.492,174.541,113.97
213.088,171.453,116.08
214.969,170.155,119.137
215.215,166.94,121.118
214.83,166.695,124.881
217.676,164.703,126.346
217.162,164.88,130.11
215.016,166.552,132.75
216.941,167.585,135.827
216.451,169.12,139.224
217.688,172.668,139.506
218.775,174.253,142.813
218.437,177.798,141.648
214.768,177.885,140.71
211.545,176.167,141.663
210.817,174.671,138.246
212.533,171.582,136.861
214.718,172.163,133.827
215.388,170.281,130.628
218.494,169.765,128.563
217.592,170.361,124.956
219.75,169.719,121.915
219.502,170.515,118.243
221.967,171.021,115.43
225.356,171.346,117.09
224.14,173.063,120.247
222.6,172.211,123.607
220.867,174.541,126.021
218.889,174.41,129.227
215.263,175.449,128.988
212.558,175.541,131.588
210.708,172.252,131.398
206.951,172.018,130.923
204.957,169.722,133.215
204.966,166.433,131.264
208.216,166.928,129.344
210.181,163.703,129.558
213.526,162.482,128.284
213.812,161.326,124.688
211.281,163.847,123.457
210.676,166.297,120.626
209.975,170.009,120.945
209.231,172.58,118.241
210.445,176.197,118.204
208.698,178.48,115.715
208.282,182.188,114.991
205.823,181.623,112.164
202.247,182.883,112.315
199.474,181.806,109.971
195.748,182.156,109.505
194.908,178.684,110.834
196.569,178.876,114.279
198.122,175.619,115.545
197.339,172.429,117.462
199.346,173.057,120.611
201.636,170.46,122.153
203.449,171.1,125.428
207.073,172.053,124.807
206.14,173.992,121.674
207.043,177.651,121.525
205.007,179.874,119.238
204.247,183.516,118.779
201.13,184.361,120.784
199.251,185.258,117.619
199.592,181.689,116.433
197.889,180.05,119.397
194.213,179.279,120.072
192.474,181.82,122.263
192.036,179.619,125.352
195.541,178.173,125.535
197.768,177.814,128.603
201.145,179.509,128.317
204.379,180.009,130.218
207.688,181.825,129.802
206.117,184.921,128.333
208.089,187.642,126.562
207.205,191.293,127.047
208.554,192.989,123.921
209.396,190.748,120.961
212.972,189.457,120.995
213.48,190.34,124.643
213.4,186.9,126.226
211.048,185.329,128.743
210.463,186.989,132.091
206.899,186.327,133.197
205.464,182.978,134.309
208.613,180.941,134.888
207.944,179.679,138.419
207.184,176.023,139.128
203.712,174.839,138.169
202.534,178.253,137.071
200.534,178.929,133.97
199.034,181.995,132.4
196.251,181.926,129.87
195.794,183.683,126.557
192.595,185.719,126.811
192.073,187.354,123.437
193.59,188.742,120.245
192.77,192.246,119.087
194.393,194.59,116.588
197.579,192.598,115.98
198.016,192.256,119.716
197.589,189.581,122.399
196.021,190.006,125.835
197.027,187.382,128.403
196.307,186.676,132.063
199.262,186.52,134.481
199.288,184.041,137.398
198.425,186.917,139.733
195.204,187.216,137.719
196.295,190.543,136.277
195.916,191.152,132.54
198.849,191.996,130.283
198.814,193.314,126.702
201.629,192.458,124.303
202.367,192.395,120.544
201.195,189.083,119.083
204.678,188.592,117.635
206.013,187.588,121.065
206.973,184.011,121.831
205.538,181.845,124.555
205.765,178.196,125.494
202.606,176.122,125.702
201.67,174.505,128.995
202.132,174.538,132.745
205.63,174.73,134.16
207.252,171.685,135.777
206.856,170.309,139.234
203.283,171.234,140.036
203.339,169.869,143.58
206.036,172.308,144.729
203.192,174.121,146.443
202.383,171.206,148.715
205.939,170.499,149.838
206.279,170.522,153.608
209.454,171.844,155.159
209.742,169.603,158.18
212.0,171.406,160.594
213.713,174.772,160.993
216.877,173.095,159.782
215.531,172.558,156.297
214.812,176.238,156.04
218.435,176.849,156.879
219.47,174.423,154.146
217.569,176.628,151.737
219.663,179.605,152.791
217.019,181.366,154.858
218.046,182.84,158.204
215.386,183.057,160.941
213.106,186.073,161.37
214.112,188.732,163.891
213.085,188.461,167.499
211.964,192.03,167.961
208.267,192.455,168.578
206.568,195.009,166.374
203.036,196.165,166.997
200.983,195.789,163.819
200.245,199.071,162.071
197.571,200.495,159.823
198.92,198.65,156.803
197.689,195.345,158.242
194.161,194.105,157.91
192.385,192.512,155.003
192.409,195.016,152.166
190.041,194.327,149.301
191.281,196.255,146.281
189.709,196.377,142.821
192.022,194.425,140.504
194.526,196.852,138.896
194.161,198.206,135.346
195.733,196.214,132.513
199.455,196.584,131.791
200.288,197.319,128.175
203.763,197.125,126.673
202.324,198.115,123.311
203.779,201.487,122.427
201.235,203.667,120.639
202.544,205.992,117.868
282.201,183.153,233.67
280.148,181.262,231.085
279.635,178.083,233.08
278.523,175.25,230.859
275.551,172.976,231.372
276.056,169.579,232.99
274.139,166.439,233.841
274.829,163.65,236.313
276.095,161.236,233.728
278.443,163.463,231.868
281.899,162.958,233.298
281.497,159.391,234.463
283.433,156.636,232.695
281.845,153.443,231.379
283.25,151.703,234.397
281.683,154.059,236.94
278.13,154.39,235.632
277.066,150.878,236.676
278.777,151.567,239.98
276.96,154.833,240.677
273.66,153.251,239.749
274.324,150.358,242.155
275.247,152.841,244.854
272.064,154.84,244.622
269.704,151.886,244.235
271.264,149.948,247.109
270.979,152.934,249.397
267.35,153.236,248.292
266.663,149.657,249.316
268.369,150.281,252.668
266.468,153.476,253.4
263.073,152.071,252.414
263.575,148.916,254.467
264.733,151.002,257.431
261.531,152.984,257.898
259.602,149.763,257.333
259.113,149.446,261.101
257.314,152.614,262.375
255.773,151.47,265.628
259.029,150.361,267.226
260.896,153.564,266.513
259.423,156.665,268.152
255.751,156.759,267.23
253.875,159.936,268.099
251.104,159.422,270.664
248.08,157.609,269.266
244.715,159.142,270.165
241.274,157.573,270.171
238.654,158.546,267.608
236.685,161.729,268.195
233.446,162.36,266.254
234.512,165.258,264.007
237.888,163.766,263.097
239.599,163.315,259.697
242.294,160.825,258.582
245.332,161.137,256.332
245.102,160.201,252.683
247.282,158.324,250.199
248.97,158.738,246.893
248.388,155.899,244.493
248.989,154.959,240.899
246.131,154.354,238.5
246.615,150.884,237.049
243.679,150.195,234.79
240.079,149.074,234.967
238.392,145.787,235.65
234.884,144.424,235.82
233.521,143.101,239.107
230.175,141.587,240.049
227.775,141.873,242.949
225.649,139.098,244.491
222.489,140.714,243.092
223.82,139.982,239.622
224.745,143.531,238.634
228.011,144.377,236.93
230.267,147.193,238.082
233.501,148.481,236.702
236.339,149.344,239.021
239.575,151.236,238.986
242.685,149.621,240.395
244.785,152.025,242.416
248.163,150.767,243.524
249.984,152.428,246.402
253.663,152.194,245.563
255.836,153.978,248.09
253.864,156.231,250.34
255.342,158.144,253.231
254.348,161.157,255.242
256.964,163.805,254.659
256.393,166.759,256.899
253.947,168.081,259.443
252.65,171.613,259.618
250.813,172.333,262.882
247.323,173.818,263.107
248.249,177.452,263.73
250.95,177.459,261.09
248.74,176.463,258.158
244.974,177.055,257.992
244.445,178.075,261.603
241.885,175.248,261.553
243.373,171.87,260.688
246.916,170.507,260.69
248.573,169.669,257.38
250.38,166.44,256.592
252.488,166.193,253.492
252.554,162.889,251.671
254.882,161.512,249.013
254.16,159.338,245.985
256.273,156.845,244.091
260.067,156.782,244.113
262.051,158.528,241.392
265.628,159.055,240.326
267.891,161.167,242.481
269.674,162.713,239.578
266.89,164.639,237.947
265.627,166.537,240.948
266.78,169.837,242.418
269.38,170.547,245.106
266.779,171.966,247.509
264.552,168.947,247.193
267.421,166.489,247.453
268.408,168.196,250.703
264.86,167.886,251.943
264.841,164.127,251.467
268.418,163.834,252.706
267.457,165.093,256.165
264.521,162.72,256.022
266.231,159.533,254.91
263.823,158.598,252.168
264.5,158.501,248.422
262.791,161.331,246.444
259.056,161.041,245.698
257.532,161.957,242.36
254.378,163.59,243.569
253.736,165.369,246.857
250.387,166.473,248.182
248.948,168.098,251.287
246.22,166.673,253.524
244.153,168.535,256.05
244.033,166.557,259.261
242.404,166.955,262.68
245.16,167.201,265.253
244.374,163.85,266.841
245.119,162.094,263.535
248.701,163.303,263.101
251.493,160.862,262.23
255.281,161.172,262.343
257.074,162.217,259.144
258.976,159.241,257.782
256.143,156.787,258.303
254.911,154.322,255.695
251.323,154.167,254.487
249.683,151.104,252.975
246.596,150.113,251.059
244.952,148.548,254.112
244.467,152.112,255.315
241.12,151.873,253.567
238.695,149.115,254.442
236.249,147.658,251.876
232.908,149.379,251.906
233.659,153.012,252.52
233.643,156.011,250.308
236.644,157.86,249.063
237.547,160.907,247.018
240.07,160.78,244.258
241.91,163.762,242.875
244.143,164.021,239.831
245.129,165.88,236.713
242.648,164.981,233.97
243.711,163.697,230.569
245.195,166.555,228.587
243.411,167.086,225.323
245.406,170.182,224.543
244.106,173.241,222.739
240.553,172.429,221.79
237.806,173.951,219.739
234.504,175.166,221.032
232.61,171.941,220.367
234.837,169.564,222.235
235.644,171.985,225.052
232.191,173.327,225.768
229.776,171.234,223.838
228.339,173.816,221.546
226.446,172.499,218.568
228.075,173.537,215.349
226.273,174.985,212.375
224.692,172.555,209.893
227.074,170.869,207.454
225.447,171.059,204.106
222.803,173.65,203.398
225.148,176.296,202.095
227.128,177.15,205.205
230.497,178.616,204.224
233.507,177.836,206.379
231.419,177.813,209.534
230.72,174.175,210.438
232.356,174.336,213.916
232.928,177.975,215.0
231.293,179.373,218.207
228.877,181.637,216.335
228.108,185.007,217.939
230.202,185.667,220.996
228.22,188.563,222.416
225.537,191.22,222.288
225.618,194.243,220.006
225.036,196.924,222.636
227.42,195.676,225.281
230.216,196.484,222.821
232.655,194.206,224.608
232.702,190.498,225.284
232.009,189.424,228.834
234.7,187.868,231.035
232.933,184.546,231.387
232.69,183.876,227.683
233.135,180.294,226.502
235.771,180.182,223.82
238.324,177.883,222.204
241.149,177.042,224.546
243.11,174.607,226.671
241.264,171.449,227.679
242.007,168.913,230.312
245.332,169.19,232.016
243.983,170.33,235.318
242.833,168.954,238.625
239.512,167.406,239.385
238.023,165.289,242.082
235.727,162.323,241.906
233.515,162.097,244.964
231.47,159.369,246.591
233.406,156.392,245.269
232.759,153.088,246.976
235.73,150.879,247.629
234.952,147.253,246.925
238.072,145.202,247.303
241.558,145.471,248.804
244.608,143.477,247.762
247.04,143.486,250.674
249.924,141.692,248.947
250.42,144.209,246.136
248.688,147.103,247.92
245.803,147.661,245.532
242.517,149.481,246.11
239.542,148.638,243.934
237.423,151.729,243.626
234.078,152.101,241.944
233.585,153.762,238.59
236.118,156.004,236.904
238.874,158.084,238.388
240.147,161.215,236.605
243.613,160.866,235.105
245.375,158.756,232.492
246.389,155.236,233.45
249.831,155.089,235.115
249.428,158.607,236.483
249.617,159.409,240.217
246.455,160.087,242.184
245.379,161.472,245.556
242.959,159.468,247.734
241.146,160.389,250.911
237.91,159.692,252.775
234.774,161.139,251.232
233.957,164.573,252.496
230.438,164.185,251.209
227.985,164.873,254.069
226.223,161.495,253.895
229.444,159.651,254.685
230.783,162.085,257.298
231.192,159.958,260.425
232.091,156.675,258.724
235.646,156.926,260.132
234.972,155.314,263.542
235.297,151.78,262.187
238.595,152.514,260.474
242.24,151.892,261.473
242.842,155.292,262.941
245.683,157.08,263.267
246.277,154.927,260.162
246.993,151.247,259.512
250.054,149.676,261.121
251.046,146.249,259.769
253.501,146.073,262.685
251.28,146.479,265.716
248.545,143.865,265.451
251.035,141.011,264.91
248.351,139.196,262.876
248.438,139.16,259.08
245.485,140.297,256.986
243.906,138.031,254.36
245.236,138.199,250.798
242.121,140.161,249.897
239.357,141.989,251.739
235.926,142.181,250.145
232.657,143.997,250.579
229.791,141.668,251.512
227.975,142.376,248.266
230.86,141.209,246.098
230.929,137.916,244.213
234.356,136.486,244.825
236.733,134.965,242.205
235.686,131.621,243.584
232.277,131.041,244.982
228.997,129.132,244.584
228.343,130.706,241.11
225.033,132.354,241.98
221.676,130.62,241.735
218.437,132.516,242.239
215.64,130.815,244.18
290.654,288.653,181.431
287.58,288.234,183.708
284.69,286.277,182.137
281.397,287.617,183.484
278.056,286.214,182.374
274.738,288.011,182.814
271.354,286.225,182.524
269.7,286.436,179.085
266.138,286.068,180.361
263.803,288.188,182.497
263.99,287.336,186.181
260.946,287.931,188.382
261.015,291.306,190.132
260.874,289.803,193.624
263.877,287.568,193.099
267.586,288.118,192.429
269.636,285.621,190.417
272.184,283.258,191.958
275.897,283.221,191.264
278.639,280.71,190.645
282.349,280.672,189.923
283.336,280.083,186.332
286.109,277.538,186.503
288.504,276.759,183.719
289.691,273.256,183.006
293.1,274.134,181.567
295.232,274.58,184.674
295.171,272.494,187.813
295.389,275.66,189.821
293.017,278.075,188.147
289.846,277.607,190.115
287.825,280.778,189.723
288.453,282.284,186.291
285.138,284.172,186.223
281.681,284.935,187.612
278.256,283.802,186.382
274.673,284.623,187.187
272.343,281.634,187.017
268.618,282.221,186.676
266.781,281.646,189.972
263.78,279.912,188.425
266.08,277.166,187.23
268.886,276.807,189.759
267.151,278.352,192.802
263.816,276.453,192.487
262.305,275.151,195.758
263.956,271.771,196.336
261.547,268.982,195.784
262.9,265.543,196.539
259.462,264.15,195.977
259.417,265.156,192.324
262.985,263.958,191.982
261.799,260.551,193.058
258.867,260.547,190.618
261.138,261.319,187.744
263.939,258.911,188.664
261.472,256.109,188.97
259.878,257.123,185.682
263.245,257.101,183.941
263.954,253.684,185.291
260.703,251.974,184.504
259.139,253.519,181.427
261.728,251.892,179.183
261.269,248.48,180.679
259.859,245.476,178.888
259.862,242.19,180.762
260.178,239.188,178.554
259.19,236.566,180.999
256.589,234.044,180.149
255.345,230.899,181.695
253.036,228.319,180.212
249.453,228.154,181.348
247.997,224.7,181.605
246.72,225.255,178.072
250.114,225.649,176.442
251.824,222.658,178.026
252.453,219.706,175.766
249.85,217.053,176.429
247.204,215.99,178.851
244.084,216.44,176.876
242.663,213.35,178.497
241.289,212.303,181.858
244.121,210.343,183.567
241.669,207.913,185.093
237.946,207.575,185.512
236.09,209.979,187.751
234.833,207.38,190.192
235.749,204.106,191.823
239.521,204.195,191.41
239.761,205.292,194.995
241.961,208.307,194.352
241.666,212.039,193.795
239.9,213.265,190.705
241.61,215.062,187.882
241.21,216.359,184.398
244.436,216.89,182.491
247.748,215.756,183.902
248.998,219.223,182.964
246.922,221.029,185.589
248.803,223.443,187.911
248.543,220.933,190.703
250.536,218.267,188.886
254.294,218.046,188.618
255.043,218.852,185.03
251.923,220.953,184.755
251.198,224.51,183.741
251.665,227.56,185.894
248.663,228.874,187.749
249.34,232.535,187.314
252.908,233.426,186.597
254.281,236.02,184.233
252.548,236.463,180.936
253.962,237.523,177.608
256.406,240.283,176.997
254.988,242.978,179.245
255.504,246.676,178.884
255.567,249.079,181.738
255.244,252.341,179.936
253.843,255.656,180.988
254.472,259.305,180.573
254.982,261.69,183.389
253.314,264.892,182.14
255.821,267.304,180.554
255.839,270.075,183.106
256.656,267.472,185.757
259.722,266.115,183.978
260.835,269.678,183.454
260.422,270.396,187.153
262.506,267.296,187.645
265.457,268.632,185.709
265.229,272.043,187.348
265.204,270.486,190.794
268.135,268.22,190.0
270.207,271.218,188.936
269.099,273.227,191.964
270.067,270.489,194.344
273.386,269.923,192.628
274.112,273.607,193.137
272.92,273.947,196.723
275.166,271.082,197.769
278.29,272.618,196.204
278.626,269.814,193.684
277.828,271.927,190.592
280.698,273.511,188.714
280.19,275.868,185.83
283.163,275.515,183.57
284.068,277.563,180.522
285.816,276.039,177.531
286.367,272.318,178.133
289.659,272.718,176.253
292.08,270.213,177.795
295.916,270.668,177.761
296.391,266.995,176.817
294.691,263.687,176.051
296.127,261.814,179.041
293.185,260.782,181.254
295.459,260.747,184.305
295.483,264.512,183.945
291.705,264.577,184.377
291.711,262.172,187.332
294.351,264.143,189.219
292.57,267.375,188.353
289.438,266.074,190.038
291.612,264.979,192.947
293.06,268.466,193.319
289.707,270.259,193.317
288.038,267.619,195.491
285.407,266.744,192.931
284.446,263.334,194.272
284.662,259.93,192.603
282.395,260.435,189.64
281.926,263.365,187.305
279.352,264.18,184.657
280.631,266.573,181.995
277.933,268.291,179.951
278.762,269.89,176.615
276.584,271.803,174.136
276.641,269.628,171.01
277.88,266.195,170.057
280.126,267.031,167.113
281.581,270.181,168.649
283.253,268.42,171.558
287.004,269.148,171.684
289.029,266.058,170.854
291.264,266.122,173.918
288.239,265.65,176.138
286.76,262.884,173.989
290.082,261.022,174.038
290.561,261.453,177.802
286.994,260.526,178.71
286.615,257.581,176.365
288.986,255.473,178.469
287.522,256.475,181.805
284.916,254.659,183.835
283.765,257.301,186.313
283.988,260.394,184.102
281.238,260.695,181.571
280.971,263.091,178.682
277.512,263.8,177.382
275.763,266.345,175.097
273.227,268.778,176.523
270.197,266.978,175.112
271.368,263.951,177.082
271.106,265.593,180.473
268.72,263.75,182.785
267.85,263.21,186.427
269.172,259.656,186.744
272.638,260.461,185.405
272.812,263.544,187.58
272.072,261.499,190.682
274.458,258.73,189.621
277.428,261.058,189.341
278.617,262.949,192.383
279.666,266.11,190.594
278.123,267.98,187.704
280.208,270.04,185.281
278.358,272.347,182.871
279.794,274.227,179.922
278.862,277.934,179.845
276.912,277.884,176.564
275.325,274.737,178.032
273.969,276.79,180.916
272.718,279.418,178.494
270.969,276.572,176.676
269.368,274.735,179.614
268.251,277.991,181.183
266.211,278.896,178.131
264.887,275.428,177.287
263.626,274.817,180.806
262.272,278.304,181.417
260.27,278.211,178.221
257.628,276.062,179.933
256.485,278.495,182.584
255.152,280.86,179.981
253.82,278.324,177.515
250.331,277.432,176.397
249.219,273.855,176.295
249.976,272.38,172.864
247.282,272.675,170.24
249.002,270.053,168.116
252.51,268.547,168.576
255.32,271.049,169.002
257.286,269.419,166.196
254.845,271.14,163.807
254.887,274.879,162.843
254.067,277.358,165.562
254.02,281.136,165.338
257.012,282.015,167.579
258.296,278.515,168.141
260.896,276.551,166.116
218.871,231.722,138.436
218.022,232.556,142.021
218.53,236.077,143.216
219.178,236.032,146.907
219.675,238.62,149.665
221.304,238.783,153.122
219.187,238.872,156.292
221.875,240.578,158.354
223.512,243.81,157.366
227.223,243.539,156.674
229.415,246.253,158.189
231.534,248.466,155.925
235.167,248.387,154.895
235.776,251.326,152.603
239.417,251.736,151.694
239.276,248.815,149.314
239.613,246.471,152.267
237.536,243.296,151.931
234.389,243.039,154.108
234.743,241.171,157.355
232.277,238.307,157.177
230.71,236.398,160.027
228.651,233.233,159.844
225.394,235.142,160.3
226.055,236.745,156.946
225.376,233.394,155.304
221.68,233.534,156.042
219.849,234.422,152.848
216.266,235.228,151.966
215.053,234.472,148.471
214.025,237.673,146.702
213.58,236.312,143.206
213.72,233.34,140.933
214.596,234.571,137.459
213.142,231.434,135.892
209.728,232.439,137.174
209.698,235.901,135.592
207.277,236.397,132.714
209.635,235.675,129.848
210.751,238.167,127.199
210.84,237.824,123.422
213.685,237.539,120.946
214.047,239.969,118.037
215.397,238.51,114.79
216.117,239.305,111.145
215.011,236.56,108.739
217.47,235.429,106.02
214.853,233.287,104.246
211.079,233.207,104.13
209.581,231.417,107.128
206.082,229.976,106.718
204.086,231.842,109.363
206.456,234.596,110.498
207.434,236.389,107.316
209.596,237.289,104.34
213.333,237.291,103.739
214.77,240.571,105.019
212.196,241.025,107.784
212.322,242.102,111.466
210.209,239.798,113.636
209.691,239.058,117.36
209.272,235.453,118.515
209.488,233.488,121.751
213.028,232.386,122.627
212.142,228.691,122.251
211.293,228.957,118.548
214.209,231.32,117.949
216.891,229.292,119.71
215.826,225.776,118.754
214.552,226.187,115.165
215.395,229.378,113.269
218.964,230.184,114.406
220.362,226.636,113.963
218.792,226.285,110.473
220.224,229.59,109.249
216.665,230.786,108.746
217.395,233.905,110.803
220.139,236.051,112.291
220.281,238.281,115.374
218.996,241.865,115.453
222.559,243.25,115.864
223.415,246.662,114.308
226.238,245.277,112.123
223.867,242.578,110.905
221.121,245.197,110.545
222.912,247.539,108.141
223.278,244.577,105.769
219.5,244.516,105.381
219.353,248.312,105.253
221.538,248.056,102.14
219.571,245.027,100.906
216.353,247.044,101.344
217.812,249.957,99.333
219.046,247.69,96.5
215.84,245.584,96.442
213.284,248.349,95.743
215.612,249.516,92.938
215.239,246.712,90.387
208.057,225.125,223.615
204.872,224.538,225.607
201.584,226.461,225.758
201.077,228.819,228.716
198.499,226.423,230.1
199.241,222.711,230.175
198.335,219.38,231.744
201.639,218.386,233.287
202.546,221.249,235.723
205.303,222.89,233.696
208.776,223.335,235.242
209.517,226.969,236.039
212.54,229.016,234.998
215.017,228.67,237.848
214.814,232.312,238.851
211.083,232.027,239.199
211.66,229.01,241.434
213.927,231.052,243.64
211.278,233.75,243.71
208.662,231.243,244.802
210.92,229.796,247.487
211.657,233.187,248.943
208.067,234.366,249.174
206.659,231.366,251.068
204.194,232.015,253.88
205.743,232.197,257.312
203.268,231.609,260.134
203.618,233.86,263.177
205.277,232.012,266.036
204.225,233.07,269.54
207.021,233.597,272.079
205.377,231.156,274.456
203.024,228.404,273.357
199.467,229.224,274.516
199.059,225.634,275.722
202.047,225.641,278.094
200.803,228.997,279.404
198.462,228.869,282.396
194.843,227.932,281.723
192.549,230.233,279.709
190.096,232.283,281.774
187.085,230.51,283.263
184.099,229.683,280.937
181.126,229.238,283.323
178.685,226.61,282.045
174.946,227.28,282.262
172.172,225.15,283.755
169.8,223.612,281.237
166.103,223.019,281.781
166.915,219.335,282.207
169.184,220.003,285.16
166.641,222.281,286.878
163.78,219.816,286.342
165.914,217.047,287.812
166.917,219.187,290.802
163.262,220.101,291.472
162.162,216.503,291.046
164.828,215.202,293.407
164.091,217.866,296.029
160.461,216.758,295.909
161.643,213.123,296.061
163.555,213.726,299.282
160.638,215.71,300.732
157.749,213.326,300.082
158.926,209.758,300.706
159.674,208.708,304.261
161.806,205.768,303.132
164.56,206.3,300.584
166.635,203.146,300.135
169.751,203.081,297.944
170.105,199.787,296.105
172.898,199.186,293.584
171.416,198.933,290.103
172.077,195.488,288.697
171.71,194.159,285.158
168.545,192.084,284.811
166.255,190.945,282.023
163.632,193.503,281.066
161.098,190.868,282.128
162.606,190.563,285.603
162.875,194.335,286.022
159.214,194.682,285.083
158.282,191.912,287.527
160.286,193.704,290.203
158.539,197.002,289.469
155.204,195.205,289.739
156.08,193.457,293.025
156.893,196.953,294.239
153.566,198.108,292.813
151.767,195.51,294.96
153.011,197.058,298.195
152.683,200.452,296.434
156.423,201.231,296.732
157.859,203.196,293.785
161.322,203.084,292.187
163.281,205.957,290.663
166.569,206.465,288.83
168.641,209.644,288.554
172.033,210.379,286.969
175.027,210.636,289.319
175.967,213.844,287.55
173.081,215.916,288.912
172.44,213.755,291.997
175.872,214.043,293.622
176.182,217.848,293.966
172.571,218.072,295.138
173.313,215.456,297.791
176.613,216.977,298.971
174.861,220.329,299.511
171.931,218.439,301.072
171.536,217.424,304.7
171.948,213.881,303.332
175.625,214.156,302.313
176.597,211.075,304.345
175.132,209.019,301.48
177.808,210.307,299.054
180.046,207.189,299.253
177.066,205.042,298.173
176.454,206.577,294.755
179.956,206.123,293.319
178.918,203.124,291.22
175.67,202.285,289.462
172.577,202.803,291.603
168.806,202.624,291.962
166.776,204.8,294.316
163.883,203.072,296.111
161.13,205.553,296.98
158.535,204.775,299.659
155.698,206.931,300.98
154.188,205.642,304.256
156.972,203.023,304.536
156.876,199.353,305.347
160.446,198.093,305.139
159.91,194.379,305.804
157.818,194.198,302.624
160.667,195.652,300.53
163.134,193.29,302.186
160.743,190.424,301.298
161.228,191.084,297.587
164.943,191.923,297.843
165.362,188.572,299.609
164.137,186.75,296.51
167.093,187.953,294.473
170.429,187.181,296.216
172.688,189.222,293.906
170.678,192.439,294.275
172.072,194.225,297.364
170.494,196.932,299.503
173.253,199.263,300.63
172.376,202.374,302.603
169.251,204.391,303.097
167.236,206.737,305.242
164.055,205.685,307.018
162.233,208.633,308.604
165.431,210.736,308.881
167.375,207.728,310.25
170.384,206.919,308.029
171.031,203.171,308.04
173.121,200.42,306.494
171.53,197.111,305.496
171.58,195.949,309.12
169.597,199.037,310.134
166.925,197.96,307.652
167.052,194.406,309.033
166.484,195.94,312.497
163.7,198.324,311.384
162.058,195.343,309.656
161.841,192.968,312.639
160.326,195.89,314.543
156.555,196.167,315.22
154.386,199.035,313.937
154.527,202.512,315.509
151.083,201.8,317.024
152.307,198.686,318.872
155.504,200.415,320.066
153.646,203.564,321.224
151.247,201.108,322.873
153.967,199.284,324.843
155.576,202.633,325.753
152.763,203.477,328.191
153.09,199.973,329.672
156.828,200.362,330.224
156.494,203.873,331.684
153.687,202.897,334.113
155.577,199.712,335.069
156.89,201.544,338.164
153.434,202.229,339.697
152.166,198.793,338.618
155.245,197.274,340.319
154.821,199.317,343.531
151.217,198.077,343.77
152.091,194.508,342.624
154.893,194.232,345.22
152.781,195.866,347.968
149.964,193.345,347.246
152.404,190.396,346.975
152.72,190.325,350.78
149.071,189.179,351.208
149.485,186.692,348.295
152.48,185.022,349.981
150.124,183.871,352.785
147.622,182.483,350.23
150.392,180.675,348.296
151.734,179.227,351.599
148.429,178.005,353.096
147.395,176.584,349.697
150.839,174.918,349.624
149.897,173.237,352.936
146.43,172.242,351.629
148.304,170.817,348.596
150.376,168.424,350.763
147.367,166.591,352.255
163.44,177.014,272.047
161.956,180.511,272.242
158.779,182.557,271.855
156.173,183.213,269.144
153.805,186.147,268.588
150.618,184.971,266.873
147.701,187.267,266.043
144.751,184.955,265.414
140.973,185.384,264.867
138.371,184.352,267.481
136.934,180.995,266.421
139.516,180.373,263.72
142.599,178.198,264.216
143.781,176.11,261.249
146.637,173.596,260.595
148.138,175.698,257.805
149.968,179.04,257.377
150.727,181.015,259.515
150.62,178.222,262.146
151.999,175.5,259.848
155.321,177.113,258.845
155.676,178.856,262.244
154.786,176.202,264.855
155.667,173.314,262.532
159.241,174.602,262.248
159.716,174.64,266.036
158.696,170.967,266.144
155.459,171.62,268.032
152.109,169.805,267.638
149.735,171.984,265.597
146.513,170.134,266.437
146.996,170.213,270.22
147.464,173.988,270.036
144.464,174.464,267.736
142.458,172.463,270.284
143.57,174.43,273.367
143.489,177.824,271.626
139.977,177.187,270.321
138.902,175.925,273.762
139.909,179.284,275.223
138.802,181.485,272.298
135.39,179.903,271.596
134.228,181.648,274.772
134.685,185.02,273.064
131.695,185.472,270.775
132.662,189.087,270.134
134.707,187.737,267.195
138.002,189.505,267.945
141.438,188.517,266.591
143.843,188.456,269.55
147.637,188.679,269.604
148.881,185.783,271.736
152.258,184.799,273.194
153.246,181.182,272.547
156.172,179.944,274.605
157.833,177.063,272.741
159.941,174.838,275.015
163.149,172.766,274.399
161.228,169.455,274.731
158.836,170.625,271.946
155.947,171.004,274.416
154.457,174.48,274.827
152.634,177.08,276.888
150.185,179.771,275.784
149.192,183.254,277.003
146.23,185.008,275.384
146.219,188.796,275.386
143.663,191.463,274.553
142.776,191.808,270.839
144.523,194.305,268.55
143.695,198.017,268.854
143.377,198.033,265.059
140.296,195.822,265.389
138.784,197.704,268.336
139.056,200.961,266.406
137.918,199.449,263.085
134.774,198.457,265.015
134.507,201.755,266.922
134.435,203.736,263.661
132.364,200.989,262.058
134.687,200.831,259.062
136.231,197.816,257.319
139.745,198.666,256.163
141.854,201.61,257.314
142.89,204.641,255.265
145.018,204.086,252.162
146.703,207.453,252.687
146.473,208.232,256.408
145.933,211.813,257.586
145.496,212.897,253.974
142.049,211.35,254.116
139.658,210.183,256.811
138.515,206.591,257.371
136.133,206.742,260.335
135.043,208.864,263.296
135.038,208.301,267.085
134.562,210.164,270.4
135.924,210.083,273.969
133.628,207.196,274.854
135.027,204.742,272.264
138.644,205.313,273.227
137.819,205.106,276.946
135.978,201.783,276.566
138.725,200.276,274.386
141.233,201.534,276.987
139.7,200.012,280.138
139.352,196.88,278.002
143.061,196.811,277.079
144.162,197.749,280.595
144.234,194.034,281.436
146.531,193.289,278.488
149.827,191.531,279.364
151.891,194.575,278.389
149.825,197.228,280.208
149.15,194.938,283.182
152.578,195.17,284.792
152.599,198.886,284.047
150.645,200.663,286.782
149.833,203.466,284.316
146.501,205.284,284.704
143.854,205.076,281.978
144.832,208.525,280.646
148.096,207.015,279.439
146.431,204.039,277.735
143.94,206.429,276.095
146.903,208.432,274.829
148.233,205.193,273.349
144.934,204.356,271.678
144.572,207.891,270.245
148.057,207.567,268.813
147.1,204.199,267.356
144.066,205.929,265.834
146.183,208.595,264.15
147.899,206.018,261.91
144.771,203.939,261.324
143.168,206.955,259.643
140.556,207.381,262.353
139.664,210.775,263.784
138.691,211.555,267.39
136.265,214.368,268.374
135.384,215.691,271.879
131.556,215.788,271.863
130.299,214.726,268.445
126.973,212.82,268.938
124.25,214.691,266.937
127.012,215.84,264.587
128.268,212.221,264.846
125.169,211.182,262.954
125.011,214.269,260.709
128.603,213.272,259.958
127.927,209.548,259.443
125.233,210.42,256.908
127.699,212.823,255.165
131.052,211.106,255.857
129.818,207.624,254.904
128.553,208.967,251.577
131.944,210.64,251.068
133.807,207.431,252.025
131.631,205.493,249.603
132.359,208.145,246.981
136.099,207.884,247.685
136.071,204.06,247.917
134.138,203.761,244.651
136.441,206.314,243.007
139.442,204.381,244.364
137.96,201.071,243.145
137.358,202.581,239.687
140.838,204.117,239.519
142.204,200.761,240.734
140.318,199.077,237.892
141.848,201.599,235.459
145.331,201.09,236.944
144.85,197.292,236.903
143.844,197.539,233.232
146.678,199.964,232.375
149.115,197.501,233.977
158.592,137.259,298.253
158.13,134.671,295.482
160.188,133.137,292.664
158.812,132.603,289.138
160.6,129.686,287.455
159.99,128.175,284.028
159.932,124.39,284.455
159.533,123.318,280.828
158.678,124.625,277.352
155.875,122.751,275.584
157.009,121.599,272.074
154.476,123.757,270.148
154.669,126.954,272.222
158.433,127.761,272.139
157.892,130.817,269.905
154.905,132.153,271.888
156.826,131.513,275.128
159.97,133.381,273.96
157.667,136.274,272.987
156.086,136.318,276.465
159.517,135.993,278.157
160.91,138.92,276.168
157.784,140.96,277.013
157.731,140.222,280.774
161.449,140.406,281.736
161.544,143.843,279.972
165.361,143.774,279.854
166.015,140.679,277.782
167.245,140.217,274.163
165.809,137.659,271.689
168.987,135.504,271.651
169.069,135.619,275.478
165.339,134.771,275.762
165.862,131.921,273.261
168.826,130.539,275.236
166.664,130.988,278.382
163.694,128.976,277.019
166.121,126.325,275.645
168.079,125.97,278.939
165.027,124.913,280.992
164.422,124.36,283.841
165.448,127.972,284.568
164.634,130.735,287.085
163.083,133.743,285.333
162.338,136.076,288.254
163.3,136.297,291.945
162.002,138.351,294.897
158.804,139.5,293.14
155.578,139.874,295.216
152.536,137.553,294.971
150.486,139.626,292.487
153.356,139.904,289.966
154.334,136.213,290.352
150.743,135.015,289.812
150.306,137.366,286.819
153.606,136.258,285.216
152.711,132.591,285.837
149.182,133.141,284.431
150.642,134.844,281.332
153.351,132.167,280.847
150.786,129.362,281.266
148.481,131.217,278.819
151.215,131.086,276.128
151.806,127.39,276.865
154.729,127.191,279.281
155.019,124.854,282.279
155.639,127.215,285.222
156.212,126.723,288.979
155.806,129.445,291.638
157.858,129.075,294.831
266.576,225.908,265.537
270.198,225.103,264.888
270.466,221.669,263.387
272.639,220.33,260.625
270.914,220.265,257.23
270.292,216.522,256.948
268.806,215.94,260.415
266.725,219.096,260.117
265.121,217.957,256.889
264.691,214.453,258.282
262.872,215.808,261.298
260.507,217.969,259.315
259.281,215.3,256.909
259.152,212.538,259.53
256.283,210.028,259.469
254.138,209.865,262.565
251.868,207.113,263.842
248.451,208.1,265.143
246.095,205.895,267.127
242.361,206.147,266.749
239.844,204.345,268.917
236.718,203.402,267.009
234.358,202.063,269.665
230.85,203.491,269.239
231.931,205.894,266.508
230.373,206.49,263.099
232.594,205.117,260.356
232.206,208.385,258.525
233.493,210.688,261.243
236.328,208.258,261.795
237.192,208.244,258.132
237.164,212.031,257.988
240.081,212.515,260.352
241.722,209.31,259.204
241.644,210.78,255.715
243.165,214.063,256.734
246.055,212.398,258.578
246.588,209.946,255.733
247.002,212.694,253.121
249.122,214.736,255.478
246.815,217.73,255.308
247.488,218.418,258.96
251.074,219.379,258.239
251.813,223.011,257.379
254.541,221.652,255.076
251.943,219.814,253.027
252.142,219.545,249.307
250.726,217.062,246.85
254.111,216.057,245.497
255.739,215.609,248.873
255.226,212.107,250.139
254.083,213.415,253.52
251.26,211.386,254.968
251.163,209.614,258.274
250.282,206.182,259.566
246.901,205.795,261.088
245.995,202.866,263.293
242.283,202.403,263.855
241.133,199.893,266.434
237.926,198.457,267.863
236.557,198.603,264.32
234.082,195.821,265.078
232.367,198.081,267.628
231.689,200.831,265.117
228.253,202.527,265.293
225.867,203.752,262.586
223.4,206.595,263.009
219.782,205.951,262.09
218.829,202.796,260.241
221.897,202.779,258.027
222.82,199.267,259.223
219.73,198.083,257.375
219.475,200.55,254.524
223.017,201.198,253.374
224.188,198.75,250.735
227.624,198.034,249.405
227.578,196.874,245.845
230.33,195.189,243.898
230.655,193.291,240.64
232.857,190.283,239.929
232.753,191.171,236.264
231.181,187.872,235.172
227.6,187.955,233.964
225.286,187.589,236.934
228.153,188.623,239.165
226.466,191.704,240.553
226.394,191.64,244.332
224.505,193.927,246.683
225.074,193.579,250.394
223.468,195.293,253.371
226.014,196.966,255.676
224.98,194.651,258.483
225.903,191.647,256.351
229.177,193.068,255.138
230.159,193.933,258.677
229.103,190.566,260.003
231.363,188.928,257.416
234.486,191.161,257.498
234.796,193.41,260.606
237.28,195.778,258.979
235.338,196.363,255.724
233.018,199.265,256.614
235.563,201.701,257.962
238.03,200.74,255.253
235.623,201.459,252.435
234.684,204.768,253.994
238.305,205.902,254.238
238.99,204.627,250.742
236.091,206.701,249.561
237.249,209.916,251.157
240.82,209.998,249.893
241.579,211.908,246.67
240.953,209.695,243.648
244.453,209.762,242.139
247.167,207.128,242.37
248.496,208.203,245.714
245.263,206.892,247.184
246.624,203.39,246.688
249.811,204.235,248.548
248.301,206.11,251.489
245.95,203.182,251.878
249.041,201.17,252.687
249.703,203.38,255.675
246.305,202.577,257.126
246.06,199.813,259.75
242.757,198.382,260.877
242.185,196.105,263.849
238.719,194.687,264.677
239.316,194.629,268.467
242.246,195.778,270.495
244.917,193.275,269.659
247.808,194.958,267.997
251.183,193.526,267.061
253.622,194.899,269.629
255.702,196.054,266.669
252.968,198.468,265.611
252.233,199.435,269.221
255.785,200.663,269.645
255.364,203.148,266.806
252.447,205.112,268.234
253.13,208.77,268.91
249.706,209.942,270.009
246.007,209.224,270.181
243.419,211.358,268.407
240.281,212.349,270.343
237.153,210.391,269.406
234.878,212.499,267.145
231.576,211.461,268.793
230.876,211.852,272.496
229.388,208.541,273.612
226.276,208.859,275.817
226.308,206.784,278.988
223.581,204.213,279.501
221.289,204.485,282.509
223.346,202.113,284.655
226.491,204.18,284.114
225.247,207.077,286.199
226.341,207.422,289.833
223.507,207.532,292.377
224.646,211.051,293.196
223.839,212.182,289.658
220.536,210.289,289.69
219.423,212.026,292.884
220.78,215.34,291.602
218.34,215.301,288.684
214.781,216.35,289.676
211.703,214.144,289.764
209.613,216.001,287.249
206.174,214.6,287.976
204.436,212.971,290.912
202.753,209.594,290.248
199.501,208.72,292.042
200.042,206.07,294.711
197.055,204.117,293.383
198.61,203.572,289.966
200.397,200.294,289.346
203.586,199.674,287.377
216.799,152.762,219.985
213.504,153.264,218.261
212.785,156.949,217.714
210.478,159.243,215.752
209.924,158.113,212.176
211.262,154.591,212.606
209.521,151.882,210.704
208.481,149.073,213.038
207.28,145.503,212.67
204.104,144.626,214.559
204.597,141.198,216.046
201.264,140.181,217.595
198.252,138.855,215.674
195.933,141.792,215.071
193.457,143.497,212.812
195.775,146.494,212.398
199.028,144.575,212.646
198.533,141.886,210.028
196.465,143.481,207.251
198.532,145.213,204.527
198.648,148.931,203.874
200.678,151.115,201.534
202.709,152.86,204.278
204.662,150.771,206.804
203.623,151.38,210.419
205.637,154.353,211.649
206.707,155.63,215.033
205.33,159.057,215.798
206.311,159.82,219.374
208.044,157.926,222.161
206.815,158.457,225.701
210.259,158.539,227.241
211.774,161.935,228.194
214.757,161.186,226.019
213.295,160.917,222.544
214.797,157.416,222.319
212.845,154.244,223.022
214.209,151.013,224.464
212.799,147.617,225.388
209.668,147.985,227.47
208.92,151.537,226.402
205.605,153.064,225.401
205.282,154.461,221.887
202.781,156.196,219.661
202.226,154.555,216.326
200.776,155.645,213.034
199.231,152.572,211.403
196.675,152.497,208.622
196.132,156.231,208.9
195.293,156.183,212.585
197.152,156.384,215.884
197.549,153.451,218.287
199.843,152.981,221.282
202.576,150.375,221.176
205.052,148.672,223.451
208.598,148.076,222.297
209.403,144.409,222.524
212.794,143.98,220.908
215.046,146.093,218.742
218.159,145.947,216.623
220.305,148.22,218.749
222.696,146.592,221.227
222.033,146.888,224.947
223.414,145.649,228.296
225.324,142.328,228.104
223.375,139.06,228.182
220.353,140.977,226.937
218.926,139.623,223.66
219.363,141.632,220.486
216.976,141.178,217.576
216.97,141.313,213.785
213.904,143.549,213.569
212.319,146.376,215.501
209.368,144.731,217.184
206.301,146.217,218.833
203.06,145.135,220.392
199.894,147.016,219.586
198.347,148.411,222.678
195.307,150.336,223.877
195.009,153.104,226.458
194.426,150.837,229.46
197.614,148.879,228.917
195.54,146.062,227.493
197.135,144.247,224.571
194.875,144.385,221.542
196.423,141.19,220.216
195.313,137.72,221.221
198.807,136.259,221.304
202.426,136.914,220.367
204.411,134.32,218.456
207.932,135.745,218.004
210.274,135.738,221.042
210.528,138.404,223.735
213.203,139.549,226.24
213.018,137.752,229.578
213.9,141.097,231.105
210.336,142.304,230.55
209.162,140.113,233.432
210.995,142.46,235.781
208.099,144.855,235.476
204.933,142.988,236.3
202.718,145.935,237.119
202.261,147.414,233.662
203.078,144.456,231.467
201.01,141.815,233.251
198.31,141.523,230.603
200.893,141.701,227.803
203.204,139.104,229.275
200.235,136.797,229.774
199.778,136.343,226.013
203.464,135.88,225.205
204.679,132.474,224.014
208.456,132.371,223.712
210.859,134.119,226.055
214.496,134.681,225.123
264.503,282.691,198.206
263.783,279.066,199.37
265.23,278.701,202.893
265.033,274.947,202.329
268.139,275.298,200.184
270.107,276.428,203.21
269.353,273.163,204.963
270.582,271.209,201.933
274.173,272.277,202.608
274.022,270.543,205.991
272.671,267.222,204.694
274.394,264.407,202.696
274.223,264.208,198.887
270.916,263.615,197.274
271.583,260.356,195.467
269.757,257.353,194.128
270.302,255.61,197.45
268.035,257.931,199.426
264.742,258.737,197.736
261.331,258.726,199.305
258.019,258.855,197.529
255.757,261.486,199.101
253.947,259.93,202.081
250.448,258.806,201.172
251.352,258.603,197.498
251.376,254.82,197.442
248.66,252.975,199.255
250.32,249.58,199.671
248.495,246.672,198.027
247.509,243.7,200.12
247.668,240.028,199.286
245.572,237.079,200.415
248.21,235.668,202.705
248.205,235.123,206.414
245.492,234.899,208.969
243.729,238.111,208.143
243.626,238.278,204.406
243.639,234.514,203.854
241.092,231.715,204.329
238.26,232.724,201.988
240.225,235.838,201.133
237.429,238.361,201.077
235.233,236.26,198.851
232.644,235.112,201.341
231.312,231.591,201.601
230.156,229.145,198.93
227.285,230.516,196.93
227.753,232.085,193.534
229.939,234.853,194.756
232.74,232.882,196.355
233.025,230.935,193.152
233.168,234.093,191.048
230.054,233.534,189.006
227.47,236.12,190.089
225.302,237.31,187.184
225.777,240.307,184.938
225.307,243.907,186.002
221.689,244.833,185.4
220.362,241.45,186.441
218.077,241.609,189.456
217.777,237.937,190.206
215.161,237.205,187.627
212.526,239.754,188.47
212.111,241.949,185.412
215.153,244.267,185.568
214.733,247.878,186.54
216.426,249.25,183.464
214.175,247.134,181.261
210.763,247.693,182.859
210.91,251.421,182.205
209.514,252.198,178.716
211.654,253.416,175.816
211.329,257.091,175.007
213.271,259.266,172.643
215.614,261.238,174.866
218.862,260.58,173.223
216.906,260.038,170.047
218.919,261.093,167.005
221.402,262.735,169.356
224.344,262.168,167.091
222.779,264.435,164.502
221.887,267.354,166.712
223.952,270.483,166.236
226.227,271.597,169.02
227.36,275.163,169.53
230.102,275.731,172.081
229.071,278.786,174.113
231.227,281.87,174.482
230.128,284.536,176.954
230.91,288.193,176.526
232.591,287.904,179.905
235.177,285.509,178.58
235.6,287.442,175.337
236.293,290.63,177.242
238.65,288.863,179.614
240.437,287.499,176.55
240.83,290.903,174.927
241.931,292.514,178.201
244.82,290.116,178.613
245.61,290.43,174.937
245.019,286.892,173.831
242.729,287.848,171.016
243.391,291.356,169.661
240.322,293.452,168.717
242.356,295.231,166.042
242.096,292.522,163.383
238.845,290.645,162.649
237.951,287.926,165.147
236.732,284.627,163.779
236.813,281.065,165.053
240.505,280.454,164.32
241.429,283.474,166.43
239.369,282.223,169.349
240.964,278.797,169.083
244.459,280.206,168.896
243.953,282.139,172.114
242.584,278.944,173.649
239.562,280.944,174.687
237.469,278.197,173.257
237.806,274.605,172.132
236.025,272.99,169.229
235.754,269.288,168.492
233.918,268.734,165.17
233.953,265.004,165.739
231.386,265.601,168.505
229.21,267.505,166.026
230.3,270.889,167.219
229.125,273.25,164.513
230.933,276.167,166.058
230.854,278.923,168.632
227.657,280.55,169.863
227.701,283.943,171.551
225.895,284.373,174.852
225.1,287.495,176.774
226.541,286.674,180.202
228.817,289.726,180.366
226.694,292.2,178.373
226.547,295.018,180.919
230.278,295.016,181.524
231.414,294.627,177.926
233.426,297.609,176.747
235.54,296.317,173.844
235.096,297.209,170.156
235.259,294.179,167.887
234.612,292.643,164.521
233.424,289.175,165.41
232.14,286.192,163.468
230.331,283.377,165.245
227.906,280.684,164.116
225.064,281.745,166.386
224.246,284.716,168.543
221.532,286.032,170.819
219.796,289.378,170.376
221.159,290.681,173.639
224.73,289.654,172.741
224.51,291.365,169.387
223.101,294.543,170.925
225.89,294.474,173.466
228.46,294.439,170.699
226.745,297.096,168.56
226.557,299.534,171.441
230.357,299.682,171.486
230.547,300.299,167.752
231.581,296.865,166.543
230.124,294.417,164.043
228.689,290.927,164.538
228.026,288.428,161.805
226.759,284.875,161.947
228.428,282.518,159.492
227.945,278.837,158.77
230.543,276.112,158.444
229.995,272.498,157.474
231.752,269.778,159.556
234.724,269.37,157.212
235.079,273.128,156.847
234.891,273.598,160.572
237.55,271.006,161.202
239.9,272.809,158.812
239.047,276.223,160.248
239.863,275.328,163.85
243.139,273.585,163.177
244.57,275.126,159.969
248.269,274.216,160.329
247.575,270.505,160.592
245.409,270.925,157.499
248.163,272.593,155.516
250.499,269.701,156.234
247.905,267.498,154.619
248.926,268.472,151.086
245.417,269.036,149.795
243.734,272.008,148.136
241.566,274.287,150.226
238.058,272.92,149.851
234.94,274.93,149.135
232.876,275.97,152.103
229.544,274.11,151.942
226.187,275.804,152.337
223.834,275.423,155.322
221.232,272.621,155.093
217.548,273.407,154.575
216.848,273.66,158.278
219.429,276.351,158.965
218.775,278.474,155.899
216.008,280.61,157.428
218.435,281.424,160.243
221.312,282.63,158.073
219.119,284.491,155.578
217.742,286.894,158.216
219.234,290.252,159.052
217.724,289.656,162.456
220.632,287.303,163.106
223.124,289.322,161.053
223.349,286.254,158.849
226.251,285.962,156.464
223.775,285.055,153.707
221.438,287.902,154.594
220.527,290.825,152.307
222.685,293.832,153.378
219.791,296.138,152.419
217.978,294.962,155.546
221.028,295.188,157.823
220.995,298.865,158.819
217.274,298.688,159.471
217.248,295.738,161.883
220.513,296.992,163.362
218.754,300.253,164.214
215.726,298.348,165.537
217.994,296.793,168.143
219.058,300.267,169.276
215.408,301.321,169.59
214.683,298.306,171.741
217.686,298.545,174.1
217.803,302.325,174.171
221.275,303.335,173.022
222.545,305.642,170.277
223.792,303.631,167.317
227.281,304.783,166.301
228.171,305.396,162.657
230.629,302.663,161.821
231.385,304.385,158.528
233.207,307.322,160.128
235.612,305.208,162.194
239.302,304.808,161.366
239.314,301.028,161.739
236.22,300.801,159.51
238.068,299.074,156.655
238.743,296.141,158.976
235.181,296.236,160.389
233.433,295.711,157.038
235.639,292.755,156.164
233.675,289.709,155.077
234.311,286.241,153.841
232.821,284.799,150.714
230.075,282.359,151.619
232.22,279.769,149.797
235.526,280.748,151.439
237.156,279.266,154.57
239.828,281.826,155.437
240.594,285.526,155.152
242.524,286.301,152.002
242.896,282.77,150.735
240.652,281.112,148.202
239.115,277.734,147.497
241.466,275.567,145.519
244.808,277.043,146.507
247.528,274.969,148.11
249.831,276.167,150.844
253.401,275.001,150.549
254.733,275.792,153.993
258.313,274.665,153.523
258.853,277.143,150.683
256.425,279.725,152.109
254.574,279.764,148.785
250.973,279.503,147.64
250.04,277.467,144.557
246.985,278.331,142.467
245.267,276.4,139.672
245.478,277.985,136.222
243.168,275.369,134.722
239.709,276.417,133.502
237.754,273.461,134.868
239.434,273.649,138.279
238.84,277.385,138.505
235.204,276.88,137.481
234.68,274.207,140.123
236.396,275.93,143.051
234.836,279.315,142.266
231.299,277.941,141.984
174.594,211.571,281.367
174.87,214.033,278.495
172.829,217.188,278.009
170.989,217.646,274.732
171.277,220.439,272.189
168.709,222.182,269.995
168.578,220.493,266.582
168.794,222.683,263.449
165.297,223.102,262.012
164.364,224.111,258.481
160.936,225.711,258.216
162.111,228.178,255.578
163.23,225.717,252.943
161.019,225.647,249.877
161.641,222.677,247.586
161.175,223.332,243.843
159.511,220.893,241.456
161.879,218.737,239.432
164.465,218.744,242.246
166.669,216.304,240.326
169.309,217.477,237.842
168.184,218.217,234.291
169.507,216.103,231.469
172.099,218.041,229.437
172.82,217.579,225.77
175.872,215.999,224.157
175.907,218.568,221.364
174.221,221.976,221.328
170.996,222.226,219.317
172.641,224.67,216.914
176.031,222.992,216.343
178.867,225.446,215.721
180.053,225.163,212.135
182.979,227.564,212.362
185.967,226.011,214.11
187.254,228.122,216.991
190.84,228.637,218.076
191.517,227.296,221.547
191.793,229.912,224.218
193.524,228.135,226.941
193.142,231.472,228.627
189.614,230.535,229.643
190.897,227.815,231.964
193.649,230.039,233.279
193.688,232.034,236.5
190.886,232.827,238.98
187.227,232.639,238.013
184.973,235.675,237.725
181.535,234.207,237.078
179.71,231.697,239.333
181.797,232.361,242.421
178.834,232.776,244.763
175.846,230.865,246.062
172.365,231.545,244.758
169.524,229.421,246.14
171.307,226.438,247.664
173.475,226.117,250.756
175.901,223.453,249.438
178.133,223.179,246.394
180.982,221.514,244.605
183.896,223.951,244.317
186.581,223.745,241.633
190.123,224.116,242.973
191.811,223.685,239.617
190.898,224.826,236.153
189.707,222.284,233.604
187.418,221.135,230.828
184.125,219.374,231.505
182.852,217.206,228.678
179.65,215.213,228.364
180.988,212.171,230.188
181.539,214.269,233.284
178.046,215.721,233.152
176.527,212.26,232.826
178.516,211.078,235.787
177.395,213.937,238.005
173.789,213.705,236.943
173.441,209.999,237.573
175.418,209.927,240.796
173.681,212.912,242.392
170.229,211.886,241.166
170.328,208.48,242.809
172.229,209.681,245.885
169.632,212.223,247.037
166.166,212.262,248.639
164.018,213.952,245.991
161.72,215.12,248.788
164.216,216.831,251.056
166.953,218.009,248.647
167.275,219.79,245.329
170.216,220.29,242.993
171.133,222.844,240.373
173.595,223.26,237.512
175.971,226.17,238.043
177.678,225.278,234.777
176.393,225.701,231.201
176.058,222.724,228.843
179.19,222.101,226.772
179.42,224.775,224.1
183.038,224.903,222.995
184.087,222.933,219.925
187.286,220.931,220.175
188.922,219.434,217.14
190.941,216.35,216.253
192.64,214.897,213.258
192.58,211.253,212.324
195.326,209.48,214.228
198.207,209.035,211.827
198.011,212.362,210.049
201.105,214.322,209.198
201.496,217.793,210.625
199.79,220.503,208.594
197.019,220.25,206.019
194.508,222.426,207.814
192.621,222.5,211.088
190.95,219.285,212.252
187.284,218.379,212.457
185.042,218.961,215.448
185.126,215.968,217.739
183.172,216.978,220.814
182.232,219.937,222.974
183.363,221.032,226.414
182.836,223.604,229.094
185.702,225.652,230.43
185.939,225.876,234.199
188.193,228.341,236.001
189.373,227.677,239.566
187.068,229.083,242.232
183.842,228.309,240.42
180.873,226.341,241.744
180.022,223.331,239.592
176.814,222.123,241.203
174.665,223.708,243.868
172.559,221.644,246.265
169.99,223.04,248.648
167.483,221.373,250.929
166.342,220.65,254.456
169.516,218.6,254.722
172.426,219.078,257.077
175.735,219.564,255.296
177.197,216.23,256.33
175.138,213.8,254.208
175.365,215.916,251.091
179.105,216.217,251.782
179.477,212.483,252.001
178.172,211.705,248.539
179.184,215.001,246.885
182.829,214.315,247.613
182.615,211.304,245.29
181.484,213.436,242.382
184.039,216.034,243.341
186.752,213.441,243.27
185.736,212.163,239.838
185.989,215.613,238.21
189.009,216.487,236.004
190.275,219.254,238.262
190.87,219.028,242.014
187.647,219.958,243.806
185.896,220.041,247.172
182.469,219.879,248.726
181.576,223.099,250.507
178.805,224.9,252.362
178.255,228.611,252.841
179.891,228.276,256.235
182.839,226.274,254.899
183.441,228.673,252.011
183.413,231.851,254.077
185.564,230.04,256.622
188.259,229.291,254.073
188.11,232.785,252.554
188.529,234.519,255.912
191.317,232.047,256.669
192.859,232.9,253.32
192.985,236.645,253.967
193.936,236.193,257.611
196.896,234.121,256.469
198.0,236.984,254.289
197.799,239.699,256.94
199.593,237.386,259.422
202.557,236.793,257.157
205.877,237.198,258.877
208.254,237.497,255.941
208.461,240.961,254.327
208.681,239.544,250.882
205.518,238.762,249.013
205.154,237.849,245.36
202.938,240.902,244.882
205.39,243.338,246.381
208.263,242.016,244.306
206.489,241.596,240.986
204.647,244.921,240.857
207.799,246.872,241.671
209.882,244.797,239.255
212.481,244.035,241.873
215.574,242.206,240.631
214.199,242.788,237.128
212.045,239.794,237.984
209.424,240.828,235.416
211.749,239.308,232.843
210.927,235.797,234.021
207.297,236.492,234.981
204.238,236.651,232.717
202.137,239.842,232.614
199.185,237.899,233.942
201.243,237.238,237.051
200.647,240.793,238.23
197.031,239.761,238.755
197.617,236.11,239.654
200.191,236.975,242.316
201.896,233.594,242.18
198.767,231.834,243.375
197.838,230.531,239.91
200.305,228.855,237.61
198.94,227.513,234.344
195.653,225.83,235.185
196.926,224.984,238.647
195.915,226.83,241.751
197.69,226.366,245.016
195.707,227.875,247.907
198.718,227.811,250.257
200.418,230.608,248.379
199.154,233.688,250.233
245.13,164.731,220.204
248.021,162.497,219.327
248.039,160.195,222.368
249.912,156.955,221.924
250.593,157.357,218.228
253.848,155.575,217.541
254.292,156.342,213.846
255.077,159.78,212.554
253.396,161.114,209.439
255.683,161.469,206.446
255.382,161.785,202.7
252.135,162.209,200.826
250.225,159.782,203.015
250.632,156.45,204.852
251.569,154.628,201.656
254.156,157.252,200.649
255.571,156.858,204.13
256.065,153.147,203.578
257.739,153.789,200.274
260.027,156.433,201.738
261.144,153.929,204.301
261.455,151.357,201.532
264.009,153.458,199.784
265.818,154.349,202.959
266.061,150.725,203.987
267.306,149.596,200.602
269.93,152.298,200.772
270.882,151.09,204.229
271.226,147.445,203.292
273.301,148.314,200.262
275.712,150.91,201.624
275.459,149.928,205.317
275.785,153.537,206.409
273.583,156.407,205.247
272.633,159.892,206.34
269.225,161.507,206.177
266.647,163.599,207.952
266.908,162.888,211.679
263.186,162.272,211.901
263.145,159.892,208.965
266.162,158.008,210.164
264.606,157.659,213.604
261.456,156.35,211.966
263.515,153.95,209.857
265.524,152.482,212.701
262.788,150.156,213.911
262.276,148.666,210.475
265.997,148.357,209.936
266.175,146.379,213.156
263.319,144.027,212.384
264.641,143.284,208.909
267.631,141.595,210.409
265.269,139.504,212.495
263.45,138.318,209.42
266.884,137.652,207.955
267.719,135.376,210.863
264.639,133.292,210.054
266.677,132.013,207.131
266.409,131.769,203.347
263.877,128.956,203.389
261.189,130.699,205.452
258.552,131.965,203.024
257.246,134.837,205.127
260.732,136.21,205.624
261.389,135.84,201.912
258.454,137.804,200.562
259.008,140.262,203.395
262.551,140.85,202.178
261.111,140.913,198.686
258.865,143.814,199.474
261.279,145.836,201.55
264.528,145.435,199.656
263.806,147.064,196.376
266.896,146.214,194.351
266.521,142.493,194.207
270.227,141.725,194.244
270.341,142.694,197.918
268.043,139.924,199.049
270.92,137.458,199.109
273.088,140.0,200.957
270.473,140.262,203.689
270.332,136.514,204.159
273.891,135.427,203.455
275.883,138.371,204.842
274.041,140.648,207.254
271.916,138.019,209.001
274.909,135.743,209.674
277.063,138.445,211.238
274.358,139.067,213.751
274.092,135.839,215.651
274.927,136.257,219.301
273.35,139.668,219.685
269.59,139.908,220.077
268.876,143.581,219.338
272.081,145.525,218.882
272.126,145.831,215.107
271.928,149.548,214.519
273.939,152.613,215.49
272.26,155.998,214.994
273.853,159.353,215.708
273.029,162.981,215.194
275.219,164.672,212.613
275.641,168.476,212.439
272.747,170.31,210.701
272.673,170.107,206.899
274.714,172.851,205.238
272.0,173.531,202.652
269.745,176.503,203.21
266.967,174.37,204.633
269.202,173.644,207.624
267.624,170.321,208.498
268.274,168.104,211.487
270.432,165.238,210.354
271.363,161.754,211.405
273.653,158.994,210.306
272.496,155.425,210.653
274.529,152.309,210.405
274.613,148.541,210.671
277.153,147.529,213.29
280.183,145.548,212.171
280.331,147.106,208.724
283.641,147.664,206.977
284.079,151.4,206.83
286.117,154.009,208.63
284.552,154.107,212.086
282.246,156.945,213.07
283.829,159.357,215.558
281.589,158.198,218.419
281.537,160.148,221.649
283.927,158.602,224.162
283.131,158.443,227.845
285.795,160.061,230.002
288.712,157.808,230.944
289.067,156.276,234.38
292.122,158.376,235.117
289.981,161.522,235.261
289.879,163.169,238.701
286.209,162.538,239.469
286.332,158.955,238.254
289.402,158.343,240.399
287.52,159.639,243.431
284.834,157.104,242.579
287.423,154.32,242.19
288.314,155.021,245.802
284.728,154.438,246.848
284.576,151.228,244.854
287.673,149.713,246.4
286.253,150.6,249.819
283.035,148.757,248.922
285.272,145.771,248.225
287.334,146.217,251.407
284.235,146.432,253.623
282.773,143.185,252.226
215.907,315.7,206.069
212.429,316.194,207.56
211.645,314.913,211.045
208.268,313.971,209.57
209.892,311.857,206.865
210.671,308.98,209.254
208.511,305.938,208.504
210.074,302.552,209.397
209.974,299.735,206.826
207.331,297.498,208.314
203.96,299.105,208.939
201.962,297.672,211.821
198.185,297.685,211.413
196.516,296.82,214.716
193.016,296.964,213.28
191.315,293.544,213.589
188.661,294.443,211.077
191.289,295.202,208.45
192.368,292.077,206.597
188.737,290.98,206.396
187.693,294.097,204.527
190.705,293.662,202.298
189.526,290.084,201.604
193.115,288.957,202.234
192.522,287.421,205.666
192.1,283.759,206.529
188.67,282.191,206.606
188.452,278.806,208.296
188.469,276.13,205.674
187.693,272.816,207.229
185.153,270.708,209.016
183.031,269.434,206.174
182.357,266.309,208.027
179.974,268.56,209.959
177.581,271.383,209.269
177.263,274.251,208.668
180.42,275.463,206.969
182.595,277.393,209.388
184.247,279.206,206.478
183.388,282.904,206.583
184.233,286.17,208.252
180.594,286.909,209.088
177.571,284.67,209.328
173.886,285.469,209.516
172.119,283.343,212.112
168.341,283.264,212.38
166.799,281.715,215.487
163.075,281.149,215.644
161.543,280.64,219.084
157.864,279.729,219.376
157.575,283.372,220.481
160.31,285.61,219.065
162.419,285.909,215.924
166.069,286.691,216.557
168.571,287.565,213.84
172.214,287.688,214.816
175.3,288.456,212.853
178.202,286.399,214.108
181.945,286.352,213.705
183.716,282.98,213.716
184.813,283.804,217.272
181.198,283.082,218.17
181.021,286.74,219.169
177.793,288.39,218.137
178.648,291.579,216.303
175.347,293.19,215.377
171.859,291.857,216.062
168.143,292.527,215.902
165.69,290.708,218.126
161.955,290.825,218.675
162.427,290.8,222.438
163.918,294.245,221.905
161.497,296.949,223.073
162.268,299.194,220.106
160.93,296.63,217.626
158.437,295.002,219.999
156.35,298.095,220.611
155.895,299.139,217.001
154.502,295.933,215.676
152.164,293.097,216.342
152.431,289.316,216.596
156.117,288.812,217.402
156.211,285.412,215.664
154.612,286.465,212.333
156.05,286.463,208.811
155.686,290.183,209.161
158.046,290.14,212.123
160.708,288.279,210.154
160.529,290.839,207.358
160.781,293.594,209.942
163.786,292.165,211.782
165.437,291.726,208.4
165.029,295.402,207.537
166.234,296.529,210.962
169.246,294.249,210.703
170.158,295.48,207.232
170.046,299.019,208.54
172.238,298.295,211.565
174.64,296.286,209.381
175.241,299.178,207.025
175.679,301.381,210.067
178.245,298.9,211.382
180.273,298.811,208.183
179.662,295.181,207.271
178.272,294.546,203.799
178.825,290.813,203.485
177.821,287.731,205.37
177.075,284.097,204.778
173.683,282.591,205.374
173.351,278.838,205.696
169.741,277.822,206.135
168.284,274.341,206.378
166.644,272.905,203.23
163.197,273.387,204.748
164.013,276.852,206.083
164.895,277.754,202.512
161.372,276.913,201.369
159.725,278.867,204.208
158.093,282.196,203.425
159.233,284.029,206.539
162.861,283.398,205.703
162.559,284.06,201.946
161.18,287.456,202.867
163.89,287.898,205.498
166.481,287.379,202.779
164.608,289.756,200.499
164.534,292.407,203.216
168.239,291.892,203.775
168.995,292.239,200.058
167.016,295.437,199.484
168.766,296.736,202.578
172.01,296.491,200.658
173.66,293.658,202.539
174.912,290.927,200.224
174.812,287.35,201.405
177.5,285.073,199.903
180.822,286.686,200.976
183.583,287.704,198.519
186.223,285.07,197.874
189.593,285.025,199.595
192.633,286.358,197.767
195.396,283.789,197.274
193.206,281.44,199.242
217.966,93.259,234.692
220.847,93.43,232.165
223.283,96.331,231.782
225.005,96.428,228.329
228.832,96.837,228.043
230.038,100.49,228.221
231.597,102.139,225.13
235.199,100.94,224.505
238.326,102.954,223.797
240.103,100.842,221.15
242.824,103.39,220.389
246.421,102.214,220.149
248.579,105.367,220.233
251.627,103.365,219.089
250.127,102.693,215.623
249.331,106.328,215.057
251.055,109.202,216.746
249.234,112.178,218.287
251.142,115.409,218.963
249.642,118.203,221.121
249.721,121.987,220.559
248.572,124.082,223.497
245.347,126.008,223.107
245.243,129.348,224.857
241.914,131.026,225.495
242.164,134.298,223.543
241.406,136.466,226.588
244.605,135.61,228.382
246.398,137.502,225.637
246.765,141.047,226.926
246.146,144.064,224.637
248.935,146.166,223.188
248.708,149.351,225.267
251.216,150.627,227.812
249.116,149.299,230.67
251.351,148.005,233.494
251.802,144.164,233.391
250.805,143.899,237.05
247.166,144.602,236.215
247.133,141.637,233.89
248.76,139.435,236.516
245.967,140.331,238.927
243.169,139.842,236.442
244.675,136.539,235.341
244.771,135.238,238.904
241.088,136.068,239.186
239.93,134.425,235.984
242.047,131.376,236.789
240.303,131.291,240.163
236.941,131.443,238.425
237.868,128.624,236.053
238.085,126.219,238.979
234.322,126.422,239.462
232.824,126.921,236.046
234.458,124.792,233.403
235.23,126.895,230.341
235.71,124.636,227.293
237.928,125.295,224.306
236.042,126.753,221.35
236.295,128.948,218.295
234.147,131.204,216.202
231.67,129.078,214.28
231.432,126.369,216.898
227.956,125.772,218.307
227.427,126.256,222.022
224.714,125.989,224.62
224.863,128.262,227.626
222.966,127.926,230.863
222.264,131.106,232.805
220.665,132.046,236.095
217.423,133.905,235.382
215.426,135.4,238.29
212.218,135.841,236.333
211.797,132.393,234.775
209.88,129.437,236.231
212.917,127.228,236.512
215.555,129.71,237.598
217.743,128.414,234.762
217.658,129.796,231.214
219.131,127.836,228.287
220.274,129.386,225.04
221.858,127.687,222.057
223.597,129.313,219.138
226.554,129.58,216.823
229.398,131.706,218.069
229.666,134.833,215.955
232.655,136.558,217.552
234.855,136.406,220.585
236.196,139.668,221.845
237.596,141.13,225.005
240.436,140.51,227.366
240.884,139.801,231.029
237.838,139.401,233.194
235.605,141.178,230.746
235.969,138.855,227.767
232.816,138.051,225.843
231.369,135.972,223.059
228.245,136.314,220.95
225.648,133.661,220.146
223.396,133.763,217.087
220.279,131.722,216.477
217.006,132.045,214.616
213.794,131.325,216.49
210.503,131.188,214.589
212.103,133.347,211.919
213.264,136.013,214.32
217.043,136.279,214.255
218.503,136.648,217.754
221.881,137.409,219.274
223.053,137.415,222.845
226.335,138.711,224.156
227.682,136.654,227.066
230.437,137.56,229.481
232.55,134.467,230.146
233.322,135.264,233.724
229.916,136.52,234.754
228.843,134.446,237.799
225.28,134.32,236.438
226.551,131.649,234.056
225.907,128.107,235.291
227.281,125.941,232.533
228.882,126.33,229.104
228.426,123.307,226.867
229.979,122.819,223.435
227.564,120.975,221.198
229.814,121.224,218.155
233.494,122.08,218.073
234.316,123.813,214.841
236.33,126.451,213.01
235.077,128.375,210.008
237.002,130.229,207.34
236.823,133.582,209.178
238.02,134.885,212.56
234.718,136.642,212.868
231.501,136.064,211.053
229.068,138.86,211.696
227.973,138.523,208.148
225.579,135.786,209.082
223.234,138.702,209.714
223.127,139.175,205.967
223.101,135.488,204.991
219.997,133.492,204.15
218.341,132.344,207.407
219.482,128.671,207.197
222.964,129.46,208.378
221.591,131.23,211.432
219.275,128.359,212.364
220.007,125.439,214.646
217.822,122.94,216.455
217.49,124.128,220.038
217.62,120.523,221.222
220.421,119.138,219.038
222.68,116.668,220.846
226.424,117.105,221.551
228.901,115.541,219.136
232.292,114.211,220.209
235.648,114.03,218.431
239.182,112.642,218.59
241.831,115.313,219.241
244.13,114.312,216.361
241.488,115.691,213.978
242.826,119.084,215.115
239.618,121.136,215.381
238.172,120.511,211.892
237.853,123.64,209.768
234.467,123.693,208.117
234.829,125.18,204.689
231.448,126.519,203.803
230.694,129.428,201.529
227.398,131.178,202.212
224.539,132.603,200.132
223.491,136.192,200.797
220.325,138.238,200.84
220.391,140.955,198.186
222.389,144.116,198.965
222.637,146.373,200.969
224.187,144.477,203.858
224.793,145.493,207.464
228.419,146.193,206.518
230.236,146.112,203.208
231.849,142.711,203.293
233.263,142.969,199.819
235.86,145.448,201.024
239.44,144.278,201.671
239.576,145.42,205.269
237.27,142.562,206.212
239.188,139.784,204.442
236.23,137.444,204.09
236.551,134.071,202.392
233.324,132.76,203.879
230.922,134.535,201.543
230.197,133.268,198.081
230.834,136.442,196.105
230.463,135.141,192.567
226.711,134.769,192.931
226.155,138.136,194.605
228.312,140.641,192.8
229.312,141.976,189.396
232.942,141.899,188.314
232.756,145.712,188.304
231.773,145.761,191.955
234.778,143.602,192.742
237.058,146.011,190.892
235.417,148.816,192.848
235.984,147.093,196.143
239.723,146.892,195.451
240.202,150.657,195.507
240.192,150.402,199.275
242.956,147.809,199.388
245.989,148.767,201.458
248.615,146.244,200.326
251.557,147.673,202.213
249.899,146.764,205.509
250.931,143.127,205.192
254.559,144.108,205.054
254.49,146.787,207.746
256.637,144.86,210.265
256.435,147.438,213.026
252.622,147.222,212.93
252.84,143.612,214.035
252.242,142.606,217.648
254.519,140.075,219.294
253.231,137.676,221.893
255.257,134.538,222.45
257.271,135.694,225.475
254.06,136.835,227.164
252.365,133.572,226.207
255.152,131.433,227.656
254.887,133.475,230.836
251.144,133.154,231.341
251.23,129.5,230.402
253.745,129.028,233.175
251.264,130.904,235.358
248.427,128.54,234.378
250.377,125.368,235.215
251.351,127.023,238.505
247.607,127.486,239.154
246.783,123.825,238.415
249.456,122.549,240.804
248.156,124.381,243.877
261.072,236.411,188.097
260.621,233.192,190.044
260.979,233.524,193.801
261.418,230.548,196.067
261.74,230.454,199.815
265.363,229.833,200.617
265.363,230.032,204.397
262.572,227.534,205.061
264.992,225.692,207.356
264.915,228.359,210.057
261.181,228.889,209.711
260.88,225.254,210.672
263.437,225.428,213.498
261.596,228.229,215.273
258.713,225.81,215.698
260.638,222.605,216.285
262.856,223.844,219.098
259.811,224.06,221.341
258.843,220.53,220.47
262.084,218.681,221.297
260.998,217.367,224.677
257.671,215.963,223.493
257.047,212.219,223.301
256.435,210.466,220.003
256.371,211.794,216.474
255.259,215.197,217.719
258.88,216.082,218.347
260.023,215.653,214.77
257.408,216.158,212.114
256.658,219.766,211.465
252.967,219.115,210.973
252.289,217.274,214.245
254.802,219.462,216.015
253.226,222.739,214.955
249.919,221.594,216.306
251.36,220.314,219.575
253.409,223.431,220.139
250.43,225.676,219.665
248.522,223.591,222.189
251.494,223.852,224.499
251.511,227.624,224.452
247.778,227.898,224.962
247.848,225.469,227.816
250.695,227.491,229.194
248.944,230.853,229.375
245.761,229.397,230.745
247.971,227.801,233.373
249.629,231.13,234.039
246.26,232.36,235.211
245.545,229.117,237.094
248.862,229.055,238.959
247.786,231.906,241.19
244.634,230.057,242.289
246.625,226.881,242.894
249.127,228.649,245.097
246.462,230.476,247.051
244.651,227.194,247.656
247.919,225.678,248.793
248.47,228.479,251.264
244.976,228.182,252.612
245.461,224.479,253.162
248.687,225.103,255.02
247.204,227.803,257.203
244.269,225.531,257.927
246.665,222.87,259.139
248.724,225.214,261.269
245.629,226.659,262.879
243.951,223.317,263.506
247.078,222.479,265.466
246.152,225.143,268.002
242.516,224.108,268.088
241.268,226.897,265.895
239.455,226.444,262.586
240.482,228.444,259.534
237.605,230.919,259.117
237.703,231.866,262.781
241.45,232.405,262.669
241.346,234.542,259.548
238.451,236.888,260.255
239.423,237.41,263.824
242.848,238.376,262.597
241.168,240.94,260.357
239.108,242.253,263.255
242.428,243.106,264.922
243.391,245.226,261.933
246.242,242.857,261.28
246.51,242.589,257.53
248.773,239.81,256.477
248.067,238.147,253.163
247.766,234.388,253.095
251.166,233.88,251.479
252.921,235.438,254.39
250.657,233.703,256.9
251.502,230.285,255.523
255.204,231.118,255.558
254.946,232.135,259.176
253.171,228.856,259.891
256.077,226.876,258.484
259.187,228.854,259.316
258.028,230.758,262.428
255.932,228.438,264.596
256.182,230.703,267.655
255.002,233.914,265.991
252.23,231.893,264.478
251.174,230.505,267.831
251.079,234.125,268.946
248.818,235.072,266.044
246.563,232.124,266.814
246.47,233.247,270.424
245.544,236.746,269.336
242.742,235.535,267.147
241.334,233.179,269.766
241.366,236.055,272.199
239.59,238.433,269.827
236.957,235.826,269.065
236.221,235.154,272.715
235.978,238.894,273.133
233.401,239.06,270.369
231.27,236.343,271.916
231.495,238.077,275.268
230.332,241.348,273.7
227.439,239.803,271.758
226.29,237.935,274.873
226.737,240.885,277.236
224.107,243.02,275.461
225.537,246.422,276.373
227.61,249.164,274.77
229.835,249.835,277.8
232.398,247.041,277.617
235.021,247.382,274.918
237.354,244.405,274.874
241.002,245.384,274.946
241.718,243.899,271.536
238.348,244.856,270.092
239.237,248.541,269.995
239.404,250.089,266.562
242.308,252.38,265.83
242.337,255.19,263.294
245.325,256.212,261.174
247.747,258.913,262.361
219.485,223.413,288.088
218.845,220.396,285.85
221.229,219.024,283.239
220.31,217.877,279.757
222.493,217.422,276.682
221.146,220.681,275.324
220.245,223.141,278.095
223.95,223.896,278.573
225.829,225.183,275.456
228.389,222.69,274.077
231.618,224.659,274.515
233.893,225.771,277.355
232.569,228.743,279.296
234.878,231.743,279.033
236.113,234.166,281.656
238.073,237.143,280.387
240.23,239.085,282.897
239.066,242.411,284.339
240.167,245.301,282.028
242.164,247.131,284.731
244.417,244.243,285.788
244.754,243.548,282.085
245.978,247.075,281.389
248.565,246.828,284.174
249.658,243.424,282.95
250.021,244.787,279.429
252.124,247.755,280.491
254.319,245.362,282.453
254.845,243.002,279.502
255.521,245.883,277.136
258.102,247.179,279.591
259.775,243.782,279.718
260.049,243.495,275.945
261.24,247.091,275.704
264.007,246.132,278.12
264.902,243.278,275.812
265.209,245.721,272.904
267.245,248.303,274.8
269.601,245.583,276.058
270.174,244.345,272.504
269.388,240.789,273.562
267.545,239.926,270.349
269.479,237.764,267.928
268.214,238.211,264.364
265.124,239.885,263.073
262.688,239.055,260.336
260.039,241.442,259.108
256.911,241.299,257.038
257.067,244.259,254.713
254.505,245.67,252.284
256.28,246.713,249.117
255.329,247.22,245.479
251.905,245.678,245.915
253.072,242.527,247.669
253.929,241.423,251.172
257.3,239.827,251.848
258.87,237.849,254.69
262.244,239.485,254.928
265.532,239.07,256.81
269.018,240.574,256.689
271.286,239.468,253.802
268.347,238.286,251.701
267.039,238.84,248.198
263.72,239.755,246.664
262.685,240.093,243.048
260.313,242.936,242.347
258.332,242.525,239.191
258.435,246.142,238.078
260.82,249.008,237.517
261.947,251.279,240.358
263.556,254.642,239.844
266.862,254.253,241.608
270.396,253.716,240.427
271.957,250.345,241.12
273.736,250.45,244.452
271.328,252.863,246.1
270.166,252.242,249.641
266.502,252.446,250.404
264.361,252.511,253.504
261.408,250.176,253.036
258.677,252.008,254.929
255.518,249.985,255.344
256.251,247.261,257.858
253.504,244.989,259.078
255.441,242.731,261.367
258.735,242.498,263.167
259.889,239.394,264.891
262.706,237.793,266.772
263.246,234.494,268.502
261.613,235.638,271.738
259.125,238.319,270.672
256.985,239.888,267.962
255.631,243.345,267.188
252.435,243.564,265.143
251.216,246.603,263.233
247.68,247.973,263.097
248.11,247.605,260.266
251.54,249.269,260.358
254.481,249.901,262.631
255.481,253.428,263.576
258.508,254.599,261.601
260.29,255.397,264.859
259.917,251.79,265.956
261.652,249.91,263.128
263.784,250.673,260.096
264.584,248.191,257.322
267.146,249.142,254.69
267.673,247.419,251.365
270.05,247.94,248.467
269.043,247.624,244.839
271.435,245.176,243.291
270.179,244.544,239.823
267.88,246.176,237.297
267.021,243.675,234.585
264.282,242.15,232.471
262.318,238.942,232.802
262.757,235.9,230.582
260.307,235.876,227.647
256.791,234.745,228.671
254.681,233.456,225.803
250.99,234.318,225.666
248.796,232.575,223.114
245.129,232.863,222.362
243.431,230.222,220.254
239.942,229.291,219.142
238.714,226.05,217.544
237.911,226.326,213.845
237.477,230.067,213.932
240.944,230.467,212.422
242.091,232.646,215.268
245.487,232.555,216.917
247.475,235.304,218.464
250.936,234.996,219.918
252.515,237.694,222.024
255.808,237.525,223.897
255.978,239.476,227.146
259.19,240.796,228.629
258.674,242.371,231.993
261.203,244.759,233.578
262.536,243.42,236.91
264.43,244.731,239.917
266.462,242.688,242.418
266.841,244.061,245.934
269.225,242.829,248.597
267.715,243.694,251.894
270.547,244.815,254.153
269.499,245.398,257.684
266.571,245.336,260.033
267.11,247.661,262.976
264.669,248.11,265.803
264.647,251.075,268.187
263.932,250.799,271.953
261.056,253.286,271.918
257.855,251.445,272.701
254.977,252.207,275.058
275.607,206.996,200.243
277.882,207.684,203.18
281.04,205.79,204.115
282.435,206.955,207.446
282.98,203.884,209.544
285.821,202.917,207.223
287.766,206.126,207.854
287.646,205.571,211.614
290.631,203.272,211.301
292.732,205.972,209.714
292.892,208.183,212.793
296.325,208.655,214.333
296.748,209.618,217.968
299.645,211.595,219.48
302.215,209.379,221.274
301.771,208.461,224.911
303.75,210.295,227.578
305.272,207.639,229.861
303.397,207.163,233.144
299.976,207.475,231.515
297.718,204.402,231.202
298.219,202.348,228.018
295.447,203.058,225.516
293.416,200.024,224.345
293.282,199.309,220.606
290.127,199.961,218.573
289.346,198.351,215.253
286.426,199.478,213.171
285.336,197.171,210.41
282.251,196.605,208.316
280.675,194.871,205.37
278.486,196.773,202.94
275.432,195.853,200.917
274.728,192.322,202.177
271.696,190.485,200.76
270.276,189.967,204.236
267.462,192.074,205.706
268.375,194.792,208.164
266.211,193.501,211.028
266.913,189.827,210.739
270.512,190.967,210.878
269.852,193.143,213.921
269.096,190.123,216.04
272.433,188.572,215.185
274.319,191.795,215.758
272.643,192.228,219.147
273.469,188.717,220.266
277.211,189.156,220.166
277.486,192.592,221.796
279.977,192.646,224.638
281.12,189.07,224.125
284.784,188.138,223.875
285.516,187.541,220.214
286.008,183.803,220.659
282.719,183.511,222.466
280.997,185.384,219.655
282.587,183.166,217.032
281.42,180.138,218.953
277.841,181.386,219.22
277.665,182.316,215.558
279.117,179.032,214.428
275.98,177.135,215.35
273.294,179.648,214.435
271.15,178.596,211.526
270.627,182.139,210.291
272.045,183.055,206.88
273.451,186.219,208.368
275.403,184.283,210.971
278.075,183.189,208.551
278.398,186.698,207.139
279.004,188.199,210.545
281.428,185.408,211.33
283.478,186.165,208.234
283.493,189.845,209.146
284.711,189.07,212.668
287.527,186.876,211.401
288.637,189.582,208.981
288.513,192.084,211.831
290.643,189.818,214.019
293.354,189.444,211.405
293.236,193.18,210.72
293.717,193.753,214.423
296.807,191.613,214.68
298.4,192.485,211.337
297.651,196.166,210.567
297.083,197.655,214.004
299.327,196.317,216.646
297.659,193.844,218.932
299.255,190.843,220.541
296.879,188.034,221.529
294.19,187.802,218.868
292.0,186.298,221.602
292.194,189.551,223.551
289.447,191.324,221.609
285.824,191.846,222.611
282.925,193.259,220.639
282.32,196.875,221.575
279.795,197.843,218.981
277.783,195.679,216.684
274.908,196.875,214.567
273.002,196.754,211.277
272.267,199.636,208.957
270.024,199.62,205.928
271.561,199.57,202.461
270.222,200.697,199.099
267.17,198.712,198.066
266.148,197.468,194.63
262.511,197.895,193.639
260.548,195.178,191.849
256.961,194.248,191.047
255.011,191.7,193.015
252.016,190.385,191.092
248.669,189.829,192.719
245.461,188.898,190.978
242.55,190.746,189.489
245.423,192.547,187.769
246.524,194.252,190.963
250.147,194.514,192.02
252.141,195.359,195.089
255.56,196.929,194.964
258.331,194.789,196.409
261.775,195.662,197.685
264.827,193.507,197.281
266.513,194.345,200.533
270.13,195.005,201.459
271.949,195.937,204.643
275.257,196.854,206.246
276.924,195.2,209.138
279.106,197.254,211.491
281.484,196.055,214.15
283.977,197.716,216.483
286.421,195.559,218.393
288.361,196.685,221.42
291.504,195.191,222.929
291.013,193.808,226.421
288.858,191.483,228.488
285.098,191.967,228.155
283.645,194.568,230.526
281.622,192.914,233.327
277.861,192.532,232.865
275.848,194.604,235.352
274.113,192.755,238.184
270.536,193.93,238.871
269.976,196.168,241.901
270.258,194.551,245.31
267.535,195.166,247.901
270.137,197.226,249.738
270.638,199.449,246.699
266.939,200.054,246.184
266.478,200.923,249.837
269.428,203.317,249.73
267.993,205.11,246.701
264.555,205.365,248.272
265.912,206.791,251.477
268.086,209.247,249.582
265.046,210.367,247.641
263.042,210.848,250.832
265.949,212.853,252.074
266.055,215.072,249.016
262.589,216.451,249.739
262.151,220.192,250.191
259.406,222.418,251.471
257.682,223.432,248.262
256.574,226.919,247.212
257.367,227.517,250.799
259.137,230.765,251.438
279.273,193.077,142.462
277.137,194.715,145.176
275.401,198.03,145.901
275.616,198.678,142.187
272.975,198.796,139.489
272.842,195.901,136.999
271.795,196.424,133.404
268.329,195.099,132.701
268.492,191.967,130.591
266.341,191.536,127.54
266.597,188.887,124.861
269.853,188.899,122.917
271.765,191.231,125.228
275.553,191.312,125.812
277.124,189.1,128.43
277.157,190.991,131.713
280.646,191.538,133.076
282.024,192.831,136.325
285.556,194.123,136.025
286.305,195.078,139.617
284.264,192.968,142.0
282.896,194.565,145.098
282.661,191.44,147.193
284.788,190.211,150.079
285.083,186.915,151.795
286.142,185.325,155.027
287.355,181.774,155.187
286.201,180.585,158.611
286.736,177.584,160.869
283.596,175.423,161.17
281.888,175.36,164.557
280.774,171.78,163.996
282.525,168.703,162.568
282.707,168.789,158.779
283.869,166.4,156.03
287.327,167.076,154.544
285.667,168.022,151.265
284.153,171.052,152.861
285.339,174.604,153.251
283.216,177.259,154.913
282.978,180.984,154.147
281.199,184.065,155.392
280.141,186.101,152.419
278.181,189.311,151.872
274.417,189.084,152.064
273.852,189.804,148.382
276.205,187.245,146.882
274.542,184.257,145.173
275.649,180.608,145.147
276.739,180.933,141.548
278.543,184.142,142.352
280.717,182.517,144.971
281.499,179.553,142.753
282.708,181.804,139.949
284.55,183.977,142.454
286.525,181.053,143.86
287.262,179.459,140.51
288.351,182.618,138.719
290.205,184.562,141.365
291.74,181.793,143.458
291.672,178.825,141.04
289.819,176.478,143.368
288.12,173.396,141.836
284.606,173.767,143.305
282.26,170.769,143.211
279.243,172.11,145.08
277.955,175.118,147.03
275.224,175.572,149.63
274.285,178.727,151.513
272.246,179.796,154.507
271.434,183.035,156.261
272.411,183.309,159.91
270.276,185.617,161.999
272.086,187.818,164.51
270.497,188.478,167.889
268.508,191.625,168.472
268.137,190.81,172.179
270.93,192.685,173.924
269.973,196.086,175.34
271.754,199.443,175.458
272.084,201.528,178.645
269.16,203.459,177.126
267.317,200.143,176.874
267.489,200.391,173.077
268.104,197.107,171.275
271.485,196.393,169.696
271.619,194.267,166.555
274.411,191.865,165.775
274.239,192.015,161.986
272.82,189.107,159.95
275.193,187.313,157.623
275.438,184.685,154.922
277.353,181.459,155.3
278.548,179.315,152.449
279.595,175.694,152.465
281.68,174.718,149.479
282.894,171.275,148.498
286.048,170.622,146.516
286.13,168.766,143.208
289.126,166.576,142.516
289.081,164.846,145.869
291.186,167.661,147.259
291.04,167.69,151.023
291.25,170.88,153.023
291.952,171.443,156.725
291.705,174.687,158.621
295.294,175.571,159.514
296.416,176.537,162.996
297.165,180.247,162.804
298.442,180.587,166.335
301.187,178.1,167.185
303.022,179.112,170.346
306.744,179.811,170.441
308.36,177.692,173.178
311.018,180.359,173.845
308.387,183.058,174.508
306.384,180.706,176.781
309.551,179.757,178.709
310.303,183.502,178.998
306.71,183.942,180.264
307.137,181.205,182.917
310.515,182.728,183.912
308.969,186.233,184.132
306.171,184.738,186.28
308.703,182.996,188.566
310.614,186.31,188.799
307.421,188.271,189.589
306.485,185.65,192.223
310.022,186.017,193.618
309.566,189.829,193.794
306.196,189.504,195.583
307.795,186.93,197.914
310.631,189.43,198.503
308.331,192.338,199.38
306.171,190.123,201.639
306.431,191.181,205.313
308.599,189.217,207.746
306.34,187.281,210.177
308.617,187.912,213.152
308.94,191.661,212.645
305.275,191.993,213.523
304.607,195.02,211.348
307.591,197.179,212.229
308.779,198.904,209.024
311.959,197.217,207.817
313.543,200.28,206.262
315.402,201.592,209.275
318.74,200.078,210.155
318.086,200.948,213.806
287.992,203.709,162.781
286.042,206.764,163.937
284.448,206.574,167.38
281.687,209.164,167.761
281.691,210.843,171.171
278.599,212.102,173.032
277.953,215.875,172.65
278.935,216.568,176.28
282.228,214.88,177.085
285.275,215.318,179.313
288.812,214.903,178.01
290.983,212.982,180.442
294.338,212.602,178.665
293.332,209.022,178.012
292.765,208.197,174.361
288.959,208.57,173.917
288.431,205.047,172.517
290.37,203.214,175.206
289.813,201.009,178.232
291.062,203.708,180.635
288.462,206.001,179.096
285.478,203.628,179.001
286.29,202.856,182.619
286.523,206.52,183.662
283.429,207.675,181.764
281.071,204.731,180.892
278.291,204.83,178.218
275.874,207.15,180.039
278.078,209.759,181.73
277.206,213.422,181.314
279.309,215.658,183.487
279.517,219.403,183.973
280.946,221.257,180.977
284.401,222.656,181.637
284.609,226.2,180.293
287.354,226.344,177.662
288.815,229.53,176.193
288.022,229.295,172.456
291.054,229.414,170.173
290.937,229.388,166.378
293.245,226.752,164.906
295.207,229.601,163.314
295.9,231.319,166.647
297.314,228.138,168.21
301.04,228.621,168.704
302.062,225.464,170.607
303.088,222.231,168.917
304.71,219.077,170.244
308.48,218.916,170.684
309.274,222.597,171.263
311.132,223.802,174.345
308.845,225.749,176.685
308.949,227.44,180.095
306.451,226.935,182.93
305.086,230.082,184.607
303.049,228.338,187.312
302.968,225.435,189.765
305.566,223.9,192.063
307.968,223.57,189.157
308.345,227.069,187.72
311.045,228.836,185.744
311.94,225.427,184.368
312.063,224.354,180.713
311.037,221.198,178.936
309.946,219.413,175.79
306.234,219.257,174.917
305.186,215.658,174.31
301.436,215.706,173.804
298.862,218.438,173.214
295.151,218.118,173.879
293.442,220.782,171.832
289.925,220.166,173.101
290.762,221.226,176.652
293.748,223.456,175.635
296.517,221.381,177.206
300.212,220.637,176.98
302.332,217.925,178.537
305.931,218.75,179.415
307.666,215.447,180.109
309.077,214.963,183.579
308.216,218.471,184.733
304.72,219.098,186.092
304.537,216.064,188.327
302.772,213.861,190.878
303.486,210.241,191.763
301.446,207.104,191.101
301.783,203.312,191.415
301.498,201.175,188.293
302.087,197.482,188.928
299.429,195.967,191.188
298.364,192.701,192.769
296.902,191.856,196.178
300.272,191.239,197.868
302.344,193.662,195.8
302.215,197.382,195.018
304.814,197.859,192.323
306.781,200.587,190.67
306.019,204.115,191.85
306.181,206.224,188.684
306.342,209.995,188.283
303.37,211.134,186.181
302.612,214.39,184.403
299.788,216.782,185.1
298.718,218.733,182.003
299.004,222.497,181.761
296.825,225.237,180.332
298.445,227.32,177.594
298.411,230.344,179.942
300.928,228.699,182.249
303.38,227.838,179.48
305.399,230.282,177.345
307.23,229.298,174.167
311.019,229.688,174.351
313.138,231.05,171.476
316.285,228.96,170.756
318.984,231.642,171.033
318.998,233.095,174.589
316.706,230.452,176.188
314.295,233.091,177.561
310.469,232.778,177.568
308.74,234.83,174.862
305.416,235.913,173.366
304.991,234.176,170.025
303.085,235.875,167.207
302.179,234.447,163.793
303.805,236.259,160.857
303.777,235.9,157.083
307.193,236.414,155.464
308.129,237.243,151.863
308.589,233.651,150.668
304.931,232.728,151.237
305.952,231.124,154.522
304.156,231.228,157.88
306.433,231.361,160.922
306.301,232.189,164.631
307.979,235.479,165.52
308.972,236.573,169.027
307.556,239.905,170.209
310.254,240.622,172.805
313.407,239.345,171.067
312.267,239.91,167.468
313.479,236.573,166.055
311.767,233.747,164.201
311.168,230.483,166.077
311.39,227.175,164.17
308.763,224.455,164.26
309.541,221.271,166.241
309.988,218.376,163.823
308.831,215.417,165.886
308.568,211.635,165.445
305.188,210.115,164.613
302.676,207.77,166.269
303.791,204.754,164.212
307.363,204.808,165.513
308.397,204.291,161.886
311.211,206.479,160.52
311.223,206.716,156.662
315.011,207.064,156.388
315.753,203.697,157.989
313.379,201.215,156.384
313.455,197.783,154.733
310.9,196.594,152.164
309.06,193.376,152.966
307.564,190.907,150.45
304.254,192.755,150.129
305.758,196.269,149.963
306.156,198.083,146.631
309.461,199.824,145.9
309.743,203.611,145.389
310.73,203.004,141.781
307.663,201.039,140.672
305.322,203.204,142.708
306.395,206.562,141.31
306.462,205.184,137.76
303.904,206.844,135.493
302.156,204.367,133.167
299.146,206.596,132.448
298.216,207.478,128.865
295.309,209.918,129.218
292.898,208.685,126.54
289.112,208.831,126.311
288.121,205.19,126.831
286.791,203.892,130.19
288.36,201.235,132.403
285.963,198.717,130.882
286.722,199.448,127.241
290.441,199.559,127.991
290.593,196.266,129.84
288.275,194.433,127.475
290.369,195.6,124.543
293.517,194.534,126.394
292.298,191.057,127.357
291.204,190.499,123.777
287.665,189.823,124.94
285.419,190.018,121.896
281.834,191.214,122.203
279.344,191.71,119.388
275.765,192.187,120.611
274.325,195.472,121.883
271.653,196.288,124.467
268.0,196.551,123.476
266.286,199.826,124.33
265.714,200.393,128.044
263.081,202.718,129.488
264.07,204.821,132.497
261.682,206.368,134.992
217.734,188.671,124.498
219.543,188.401,127.787
223.237,189.112,127.377
225.616,187.191,129.562
228.2,189.649,130.83
227.513,192.109,133.61
228.305,195.839,133.231
230.053,195.937,136.584
232.539,193.348,135.384
233.321,194.257,131.772
236.503,196.327,131.68
235.553,199.965,132.328
234.941,202.096,129.225
237.778,204.612,128.703
237.278,207.872,130.654
235.502,210.521,128.528
238.286,212.248,126.607
239.433,215.639,127.91
237.588,218.696,126.562
240.786,220.23,125.179
240.77,217.467,122.565
237.565,218.708,120.929
239.03,222.096,120.035
240.432,222.233,116.477
243.967,223.557,115.926
244.943,223.528,119.582
247.765,221.596,121.255
246.595,220.194,124.573
249.135,220.303,127.393
249.654,216.986,129.106
251.554,215.385,131.937
253.156,213.205,129.286
256.132,215.504,129.663
256.751,214.686,133.309
256.289,210.913,132.871
253.633,210.638,135.562
250.099,211.587,136.375
249.331,215.099,137.487
246.001,216.656,138.307
245.313,219.906,136.497
246.772,218.667,133.233
245.084,216.874,130.367
245.348,213.105,129.935
247.771,212.202,127.114
246.868,209.784,124.328
249.558,207.307,123.322
250.134,205.26,120.158
249.654,201.495,120.555
253.115,200.438,121.64
255.555,198.819,119.207
258.747,197.444,120.805
260.54,197.278,117.457
262.157,193.95,118.312
259.521,191.301,119.103
259.81,189.158,122.232
258.611,185.525,121.966
256.827,185.4,125.358
255.493,188.886,126.016
254.041,189.572,122.584
250.298,189.572,121.922
248.817,186.246,120.823
248.971,185.912,117.025
245.443,185.936,115.547
244.395,182.502,114.358
243.918,183.385,110.677
247.616,184.266,110.264
248.747,180.655,110.515
250.076,178.861,107.388
247.719,175.943,108.039
244.589,178.088,108.357
241.7,177.069,106.113
238.162,178.375,105.646
236.555,174.936,105.694
235.396,174.121,109.181
236.811,170.712,110.018
235.221,168.738,112.833
237.763,166.986,114.987
237.366,164.073,117.336
240.089,163.802,119.944
240.612,161.572,122.945
238.35,163.577,125.259
235.278,164.38,123.127
231.91,163.029,124.2
229.32,162.128,121.618
225.733,162.912,122.474
224.315,159.789,120.873
227.317,157.607,121.286
227.239,154.509,119.193
224.673,155.842,116.735
226.852,158.837,115.891
229.993,156.774,115.863
228.496,154.394,113.331
227.12,157.166,111.15
230.425,159.023,110.981
232.195,155.746,110.331
229.65,154.288,107.88
229.391,151.099,109.876
226.979,148.346,110.872
226.843,147.146,114.476
226.737,143.475,115.479
225.875,142.224,118.972
228.383,139.548,119.989
232.061,139.148,119.221
233.166,137.396,116.003
232.917,133.619,116.285
236.629,133.172,115.546
237.366,134.997,118.764
234.788,133.049,120.778
236.195,129.722,119.564
239.568,131.074,120.619
238.007,131.772,124.027
236.262,128.473,124.767
239.171,126.123,124.059
240.426,124.821,127.443
243.877,124.668,125.833
244.043,128.454,125.833
243.574,128.996,129.563
246.435,129.907,131.88
247.721,127.552,134.583
245.158,128.489,137.195
242.875,131.11,135.723
240.484,131.811,138.561
243.327,131.964,141.04
245.604,134.266,139.043
242.853,136.617,137.949
241.305,136.887,141.395
244.822,137.806,142.454
245.179,140.396,139.68
241.933,142.003,140.713
242.804,141.996,144.401
246.261,143.348,143.637
244.942,146.196,141.539
242.046,147.078,143.773
243.847,146.686,147.124
247.397,145.377,147.379
249.218,147.664,144.974
249.099,150.735,147.209
250.164,151.796,150.672
246.778,153.36,151.361
243.667,151.558,152.6
241.455,152.322,149.62
243.317,153.224,146.403
241.704,155.653,143.975
240.699,154.788,140.445
243.451,156.849,138.863
245.901,154.285,140.087
243.949,151.077,139.901
242.538,151.261,136.386
245.872,151.26,134.483
247.191,148.764,137.003
244.465,146.219,136.357
244.628,146.594,132.602
248.367,146.036,132.75
248.005,143.089,135.158
245.711,141.417,132.662
248.041,142.23,129.75
250.722,140.447,131.738
248.56,137.405,132.457
247.965,137.079,128.728
251.581,137.802,127.856
252.397,134.729,129.959
251.158,132.618,127.061
254.17,133.555,124.921
255.603,130.237,126.058
252.932,128.1,124.401
252.294,130.146,121.2
255.579,131.84,120.433
254.185,134.135,117.756
253.233,136.678,120.391
256.74,138.088,120.48
255.987,139.612,117.091
254.224,142.427,118.945
255.393,145.66,120.555
253.523,148.065,122.823
253.457,151.849,122.349
252.295,154.836,124.37
250.993,158.214,123.235
251.362,158.391,119.463
250.074,161.199,117.306
247.27,159.864,115.147
245.723,161.874,112.326
243.035,160.465,110.087
241.169,162.837,107.832
238.177,161.76,105.849
235.257,163.301,104.088
231.722,162.221,104.889
228.6,163.667,103.266
229.99,167.196,102.656
231.156,167.221,106.284
234.895,167.099,106.881
235.941,164.872,109.781
239.309,164.283,111.399
240.034,161.873,114.213
243.143,163.344,115.668
245.024,162.907,118.9
246.498,160.322,121.207
245.008,157.237,122.738
246.517,155.797,125.894
248.175,152.542,124.9
248.483,150.722,121.645
249.447,147.142,120.893
251.159,146.852,117.497
251.959,143.726,115.502
254.438,142.79,112.775
251.847,140.899,110.742
248.285,142.015,109.983
245.085,140.488,111.297
243.045,137.988,109.229
239.606,139.382,108.199
236.854,138.084,110.465
233.719,138.425,108.367
232.474,136.028,105.701
231.446,137.537,102.357
227.79,136.977,103.286
228.147,139.5,106.101
229.855,142.072,103.899
227.137,141.77,101.251
224.351,141.808,103.833
225.993,145.092,104.804
225.14,146.563,101.414
221.408,146.488,102.202
221.626,147.91,105.728
220.166,151.386,106.313
221.976,153.707,108.726
219.771,154.903,111.587
219.45,158.66,111.895
218.769,161.122,114.686
216.892,163.97,113.093
217.202,166.979,115.374
220.803,166.299,116.371
223.501,166.856,113.742
226.008,164.004,113.423
228.845,166.404,114.133
227.525,167.083,117.666
230.126,166.922,120.397
233.089,167.321,118.085
235.496,170.225,117.891
234.906,172.787,115.181
238.373,173.629,113.972
239.726,176.094,111.423
243.415,175.182,111.543
244.337,171.629,110.659
246.405,169.475,108.331
244.993,166.949,105.95
247.565,164.2,105.723
247.335,160.567,106.637
249.355,160.101,109.779
249.875,156.994,111.813
252.146,157.801,114.703
255.116,156.136,113.084
257.359,157.071,110.193
258.078,154.869,107.179
259.777,151.516,107.667
258.348,150.795,111.089
259.099,147.126,111.917
255.691,146.735,113.62
253.347,148.349,111.084
249.955,146.784,111.922
247.729,148.11,114.753
246.358,145.213,116.73
244.62,146.424,119.879
243.887,149.866,121.34
243.482,150.33,125.101
241.209,153.006,126.533
241.196,153.604,130.241
238.823,155.795,132.092
240.878,156.722,135.095
239.301,159.634,136.827
238.049,159.867,140.34
234.849,161.864,139.811
231.921,160.363,137.894
231.38,163.442,135.741
234.966,163.336,134.51
234.621,159.786,133.234
232.735,158.632,130.161
229.316,157.084,130.146
229.84,153.477,129.005
228.068,154.333,125.765
230.227,157.386,125.001
233.258,155.202,125.634
232.074,152.67,123.093
231.759,155.532,120.633
235.272,156.732,121.419
236.798,153.369,120.651
234.72,152.992,117.489
236.026,156.269,116.106
239.584,155.726,117.183
239.807,152.135,116.016
238.431,153.406,112.761
241.048,156.133,112.478
243.836,153.678,113.224
242.509,151.4,110.52
241.975,154.139,107.959
245.555,155.361,108.315
246.914,151.916,107.458
244.337,151.436,104.721
245.639,154.579,103.056
249.228,153.472,103.542
249.026,150.104,101.773
246.629,151.268,99.068
246.574,155.061,98.942
244.383,158.14,99.034
242.074,156.928,96.272
238.59,156.052,97.543
237.726,152.416,96.858
236.097,149.344,98.36
238.764,147.099,99.809
239.682,143.697,98.427
241.658,143.153,101.623
239.771,144.302,104.773
241.701,145.863,107.664
240.981,144.645,111.182
241.587,146.453,114.469
240.532,145.723,118.06
239.814,147.877,121.088
239.329,147.386,124.825
238.096,149.928,127.352
237.627,150.26,131.065
236.149,151.697,134.211
238.576,149.262,135.74
235.631,147.194,136.957
233.779,147.268,133.631
234.987,146.317,130.18
234.081,147.238,126.63
235.211,144.914,123.832
235.287,145.907,120.203
236.408,144.427,116.9
236.33,146.52,113.763
236.641,145.509,110.132
237.279,148.278,107.632
235.962,147.427,104.148
235.709,150.887,102.56
237.758,153.982,101.907
234.944,155.961,100.22
232.697,157.404,102.872
231.357,160.338,100.877
228.345,158.395,99.612
225.875,156.823,101.984
224.752,154.022,99.684
227.655,151.6,99.259
229.18,148.784,101.296
229.581,149.605,104.985
232.353,148.806,107.457
231.686,146.282,110.208
231.875,146.468,113.999
231.292,143.831,116.667
230.701,145.251,120.124
230.499,143.239,123.309
229.249,145.784,125.792
228.998,146.131,129.565
230.99,143.065,130.531
231.537,143.023,134.287
234.893,141.628,135.423
233.583,141.656,138.982
230.509,142.969,140.749
231.952,144.856,143.703
235.034,144.994,145.9
235.505,145.343,149.646
238.81,146.718,150.932
237.864,146.463,154.602
235.91,143.698,156.273
232.287,144.802,156.51
230.978,144.181,160.002
227.415,144.033,161.323
226.539,143.7,165.031
230.151,142.956,166.023
230.484,140.019,163.623
232.15,139.808,160.235
229.496,139.416,157.553
231.44,140.174,154.397
235.198,139.465,154.112
237.782,141.429,152.152
237.862,140.76,148.448
235.83,140.753,145.222
232.124,139.91,145.183
231.243,137.789,142.203
233.727,137.101,139.502
233.135,136.602,135.81
235.82,134.408,134.331
233.989,135.04,131.052
235.141,138.612,130.649
238.761,137.678,131.188
238.262,134.821,128.765
237.133,137.324,126.126
240.081,139.522,127.017
242.468,136.624,126.473
240.718,135.817,123.243
241.252,139.315,121.883
244.865,139.171,122.969
245.313,135.808,121.253
243.688,136.785,117.958
247.025,136.863,116.145
247.999,133.274,116.939
194.741,250.491,231.451
191.772,252.701,232.249
191.943,256.217,233.598
189.245,257.968,235.609
187.154,260.749,234.026
187.79,264.172,235.55
184.384,265.601,236.297
181.217,264.611,234.438
181.092,262.634,231.226
178.64,264.224,228.809
175.85,261.648,228.423
176.275,259.885,231.757
173.1,261.545,233.061
170.28,259.909,231.12
169.025,256.37,231.847
169.837,253.625,229.358
167.43,251.343,231.171
164.027,251.769,229.516
164.878,253.815,226.421
161.317,253.636,225.129
159.989,255.808,227.971
162.486,258.581,227.251
161.449,261.635,225.26
163.465,262.205,222.067
163.835,265.189,219.799
162.43,263.99,216.539
163.469,267.359,215.133
166.863,267.88,213.549
166.623,271.471,214.678
166.017,270.81,218.377
169.146,268.699,218.324
171.118,271.444,216.618
170.078,273.86,219.352
170.919,271.587,222.235
174.289,270.946,220.634
175.166,274.6,220.219
174.304,275.177,223.872
176.561,272.271,224.818
179.377,273.722,222.745
179.291,276.921,224.803
179.994,275.337,228.193
183.488,275.196,229.784
184.445,271.502,229.515
187.357,269.771,231.235
188.853,268.259,228.071
190.86,269.83,225.245
188.428,271.86,223.161
188.331,274.133,220.126
187.618,277.275,222.135
190.699,276.626,224.231
193.211,276.613,221.363
191.547,279.037,219.002
191.62,282.033,221.209
188.513,283.089,223.059
190.787,286.137,223.638
191.648,286.066,227.365
188.589,283.905,228.058
187.107,285.114,231.36
188.067,288.746,232.003
187.157,290.957,234.96
186.316,294.295,233.376
187.661,297.517,234.797
184.778,299.8,233.919
185.144,303.513,233.472
181.56,304.412,232.694
178.77,306.833,233.137
176.423,305.319,235.734
173.423,303.496,234.162
170.129,305.491,234.137
167.879,304.631,237.092
164.417,303.523,235.974
161.585,301.762,237.818
161.177,298.139,236.774
157.526,297.608,237.673
156.253,300.928,236.331
157.975,300.45,232.972
156.673,296.882,232.801
153.111,298.05,233.424
153.313,300.768,230.779
154.674,298.369,228.168
152.058,295.727,228.955
149.44,298.441,228.439
150.902,299.67,225.159
150.93,296.11,223.807
147.337,295.568,224.954
146.326,298.659,223.002
148.305,297.652,219.926
146.973,294.093,219.947
143.444,295.427,220.434
143.013,296.988,216.977
141.416,294.975,214.17
143.266,297.091,211.586
146.589,295.747,212.896
145.469,292.136,212.643
144.338,292.79,209.06
147.823,294.154,208.411
149.259,290.934,209.844
147.244,288.222,208.027
147.566,289.821,204.616
151.354,290.165,204.923
151.241,293.916,204.477
152.95,295.888,207.208
155.878,298.234,207.67
157.88,299.459,210.608
158.604,303.218,210.945
162.373,302.643,210.937
163.3,306.139,212.123
161.34,305.684,215.334
162.883,302.259,215.942
166.281,303.836,215.436
165.356,306.535,217.985
164.131,304.011,220.559
167.177,301.818,219.963
169.463,304.813,220.427
167.623,305.546,223.651
167.479,302.03,225.112
169.824,299.146,224.211
171.853,301.08,221.671
174.727,301.881,224.071
175.342,298.174,224.651
175.321,297.294,220.958
177.678,300.163,220.213
179.784,298.851,223.068
180.12,295.362,221.698
180.891,296.794,218.257
183.687,298.763,219.858
184.854,295.587,221.601
184.772,293.768,218.297
186.852,296.423,216.563
189.181,296.565,219.543
188.636,300.213,220.427
188.941,299.386,224.107
191.995,297.226,223.566
194.019,300.011,221.942
192.737,302.937,224.0
192.264,302.13,227.683
193.867,298.673,227.319
191.575,296.828,229.684
188.64,299.015,230.009
185.093,298.904,228.802
182.64,301.729,228.957
179.093,301.9,227.782
178.415,304.942,225.572
175.56,306.419,227.622
175.242,309.609,225.607
174.585,309.078,221.903
177.008,310.939,219.658
175.902,312.203,216.26
178.718,313.066,213.89
178.36,314.047,210.249
180.388,315.465,207.376
179.48,317.948,204.67
180.082,316.511,201.19
178.388,319.468,199.535
175.502,321.812,200.228
172.71,319.225,200.398
174.847,316.192,201.259
175.472,314.802,204.724
177.671,311.778,205.427
176.968,310.283,208.866
179.586,308.616,211.022
178.079,305.612,212.704
180.158,303.211,214.723
182.318,301.07,212.388
181.132,302.629,209.109
183.315,303.46,206.086
184.088,307.048,205.056
186.293,308.472,202.29
189.011,311.035,203.24
187.528,313.395,200.65
184.396,313.618,202.795
186.46,314.233,205.894
188.555,317.136,204.51
186.685,319.544,206.86
185.813,319.361,210.557
182.449,317.532,211.111
179.184,318.634,212.741
178.736,317.189,216.207
175.475,316.787,218.143
174.473,315.32,221.517
171.964,316.119,224.253
172.978,317.855,227.468
171.752,320.867,229.436
174.405,323.288,230.603
176.044,323.173,233.882
177.921,320.859,231.592
181.476,320.656,230.353
182.726,318.213,227.727
185.791,317.185,225.769
185.758,315.762,222.249
188.632,313.762,220.802
189.429,312.406,217.332
192.131,309.771,217.211
193.752,307.817,214.413
194.323,304.482,216.126
196.715,303.062,213.584
198.687,304.748,210.865
201.266,306.209,213.148
204.386,305.57,211.125
207.191,305.162,213.683
205.442,303.82,216.783
203.278,300.645,216.699
201.854,301.392,220.179
200.986,305.038,219.531
198.344,306.941,217.59
197.685,310.362,216.019
195.556,313.142,217.422
193.575,314.694,214.644
191.101,316.944,216.383
190.937,317.76,220.09
188.424,320.218,221.5
187.957,321.193,225.156
185.775,322.841,227.829
182.651,322.436,225.77
179.602,324.205,227.175
176.459,322.095,226.749
175.757,321.048,223.175
177.794,323.968,221.849
180.59,322.572,219.696
182.417,325.609,218.37
182.308,327.527,221.649
184.942,325.284,223.229
188.647,326.087,223.073
190.388,323.92,220.517
193.541,322.241,221.762
194.458,320.564,218.484
192.943,322.013,215.24
191.243,319.619,212.82
193.571,317.574,210.621
191.996,315.569,207.753
192.317,311.734,207.72
195.478,310.518,206.065
195.951,306.774,205.806
198.8,305.53,203.615
198.317,304.102,200.144
199.287,300.498,200.845
197.809,299.879,204.281
194.073,299.333,204.326
191.391,300.718,206.611
192.715,302.746,209.51
190.122,303.358,212.252
189.268,306.824,213.562
187.704,307.323,216.976
185.422,310.084,218.242
185.498,310.065,222.015
183.305,312.186,224.274
184.244,312.842,227.884
181.941,314.387,230.495
184.026,316.571,232.79
183.154,318.327,236.056
185.747,320.974,236.841
187.029,323.215,234.102
190.388,321.724,233.142
193.257,323.673,231.649
196.231,321.953,230.076
199.137,323.89,228.663
200.894,320.537,228.423
198.458,319.097,225.893
198.062,322.332,223.929
199.438,322.298,220.386
200.439,325.128,217.984
197.765,326.604,215.683
198.936,325.263,212.308
200.553,322.111,213.884
201.51,320.221,210.726
204.317,318.325,212.471
203.745,314.624,213.116
206.028,314.439,216.151
203.76,317.068,217.704
200.661,314.979,217.176
201.579,311.708,218.782
199.209,310.404,221.296
198.369,307.855,223.894
194.707,307.904,224.82
195.646,305.89,227.887
198.154,308.4,229.298
195.998,311.391,228.344
193.124,309.818,230.228
195.284,308.852,233.241
196.161,312.523,233.637
192.646,313.946,233.701
191.028,310.759,235.002
189.462,312.378,238.067
187.446,315.037,236.23
186.913,313.322,232.85
184.556,310.398,232.46
184.263,308.98,228.917
180.672,309.072,227.721
180.091,309.248,223.968
181.618,307.1,221.243
181.443,306.928,217.452
184.104,305.692,215.026
184.738,304.935,211.36
186.834,302.84,208.965
188.889,304.711,206.397
191.144,303.74,203.465
193.497,305.734,201.238
191.922,307.713,198.406
193.191,310.291,195.903
192.753,313.43,198.026
195.132,312.103,200.671
198.051,312.591,198.293
197.509,316.33,198.569
197.938,316.201,202.319
201.437,314.735,202.521
202.875,317.088,199.889
200.947,320.248,200.69
200.484,320.202,204.473
203.036,317.897,206.097
205.7,318.857,203.528
206.543,315.178,203.076
207.05,312.59,200.418
204.098,310.177,200.362
204.792,306.69,201.778
203.2,303.741,199.922
202.95,300.172,201.193
202.451,296.677,199.875
200.995,293.515,201.223
203.783,290.984,201.223
203.13,287.296,201.72
205.868,285.044,203.134
207.932,283.074,200.582
206.653,279.505,199.99
208.214,276.743,202.073
210.462,274.247,200.316
212.018,271.139,201.976
215.816,270.793,202.084
217.055,270.05,198.59
218.254,266.459,198.093
221.202,265.265,196.015
219.062,262.552,194.425
215.433,263.61,194.507
213.706,260.347,194.095
210.586,259.875,192.049
210.122,263.634,191.835
208.918,265.481,188.734
211.551,267.275,186.678
210.173,270.652,187.687
211.615,269.84,191.115
214.875,271.362,190.035
213.102,274.661,189.422
211.922,275.152,192.969
215.419,275.747,194.256
216.381,277.731,191.172
217.726,281.176,192.027
216.597,283.212,189.005
215.495,282.2,185.516
218.427,283.057,183.293
221.14,280.788,182.076
224.573,281.178,183.633
227.599,279.868,181.831
230.193,279.697,184.523
233.606,279.664,182.859
232.187,279.724,179.386
310.803,188.731,268.31
307.755,190.92,268.979
305.569,190.967,265.857
301.901,191.446,264.899
300.093,189.004,262.585
299.96,191.695,259.874
303.656,192.519,260.208
304.61,188.934,259.303
302.519,189.204,256.157
304.108,192.54,255.267
307.629,191.213,255.787
307.145,188.036,253.771
305.421,189.862,250.923
308.136,192.518,250.766
310.829,189.827,250.683
308.954,188.029,247.914
308.661,191.262,245.943
312.367,191.951,246.476
313.304,188.537,245.118
310.918,188.804,242.175
312.33,192.209,241.237
315.826,190.745,241.507
314.935,187.924,239.085
313.425,190.593,236.822
316.604,192.689,236.951
318.712,189.615,236.11
317.25,189.672,232.591
318.65,192.827,230.918
316.619,192.947,227.731
313.727,191.69,225.724
315.084,188.394,224.43
313.246,186.274,221.884
312.753,182.555,222.457
310.97,180.311,219.989
308.324,178.02,221.445
306.906,175.212,219.333
303.53,173.537,219.766
303.61,169.748,220.068
299.89,169.58,220.742
297.613,167.104,218.984
295.457,170.02,217.901
297.23,172.938,216.2
300.545,171.455,215.13
303.507,173.379,213.743
302.331,176.562,215.437
305.296,178.607,216.597
305.165,181.285,219.249
307.879,183.934,219.413
308.116,185.075,222.993
309.867,187.244,225.582
312.301,185.227,227.688
311.525,185.208,231.43
308.422,187.297,230.801
305.978,185.403,228.612
304.168,182.448,230.177
302.429,179.425,228.7
299.193,181.195,229.585
300.245,184.215,227.559
301.13,181.559,225.035
297.609,180.145,224.996
296.302,183.664,224.515
297.618,183.628,220.947
295.557,180.54,220.143
292.07,181.126,221.545
290.118,181.698,224.715
289.361,177.995,224.638
292.882,177.073,225.596
292.948,179.8,228.229
289.92,178.39,230.006
290.52,174.691,229.43
294.258,174.506,230.025
295.251,173.851,233.613
298.829,172.724,233.2
301.497,173.214,230.587
303.86,170.45,229.583
307.216,171.943,228.572
309.385,169.227,227.09
308.829,166.427,229.577
307.995,168.509,232.608
304.859,170.031,234.091
304.833,173.861,234.191
302.465,176.168,236.015
300.457,178.336,233.661
301.838,181.579,235.027
305.463,180.441,235.4
307.572,182.432,232.877
309.338,180.397,230.193
313.134,180.33,230.397
314.606,178.886,227.218
313.366,177.966,223.746
311.37,174.741,223.821
308.224,172.849,222.844
304.843,173.211,224.591
301.773,171.043,225.034
298.681,171.919,227.057
297.016,169.764,229.666
293.378,169.502,230.626
291.209,167.725,233.186
289.317,165.682,230.607
292.56,164.688,228.904
293.445,160.969,228.61
296.278,160.725,231.197
295.423,163.676,233.482
297.457,162.402,236.445
299.95,165.28,236.386
297.148,167.801,236.345
295.372,165.826,239.068
298.391,166.056,241.362
298.664,169.763,240.645
295.016,170.325,241.531
295.191,168.383,244.751
298.263,170.382,245.816
296.651,173.692,244.987
293.498,172.965,246.965
295.619,171.753,249.85
297.541,175.02,249.884
294.258,176.925,249.835
293.085,175.058,252.893
296.385,175.834,254.591
295.847,179.532,254.017
292.269,179.278,255.296
293.334,177.575,258.518
296.274,179.829,259.377
294.148,182.981,259.372
291.042,181.486,260.987
292.407,181.329,264.545
292.498,184.035,267.23
295.66,186.164,267.476
296.157,184.887,271.026
297.002,181.41,269.793
299.824,180.134,267.616
299.192,178.282,264.376
302.05,176.422,262.767
301.513,175.051,259.284
303.645,171.972,258.75
303.28,170.67,255.222
300.933,169.297,252.598
301.624,165.553,252.591
301.249,164.281,249.077
298.473,161.77,248.83
297.399,160.007,245.675
293.944,161.096,244.607
292.437,157.631,245.0
292.785,158.364,248.697
289.499,160.061,249.389
290.723,163.56,250.179
293.518,166.059,250.275
295.037,167.221,253.522
297.222,169.666,255.392
299.253,169.232,258.586
299.078,171.873,261.304
300.313,172.174,264.894
298.323,174.326,267.313
298.899,176.214,270.581
299.346,173.955,273.611
296.365,175.311,275.576
294.25,174.395,272.558
295.169,170.696,272.556
291.924,169.406,274.072
289.2,170.426,271.601
288.21,168.99,268.242
286.012,171.16,265.978
282.242,171.128,265.544
280.257,171.041,262.3
279.841,174.784,262.829
283.586,175.349,262.81
284.303,173.097,259.841
281.508,174.872,257.985
283.262,178.124,258.875
286.52,176.942,257.314
284.578,175.934,254.243
282.817,179.304,254.086
286.192,181.028,254.232
287.668,178.857,251.487
284.684,179.63,249.27
285.27,183.268,250.136
288.799,182.729,248.936
287.623,181.159,245.684
285.043,183.834,244.968
287.634,186.561,244.576
289.787,185.165,241.802
293.456,184.982,242.761
296.207,183.808,240.424
298.747,181.347,241.821
302.177,182.951,241.549
305.449,181.006,241.454
309.07,181.809,242.303
312.343,179.855,242.337
314.518,180.773,245.305
317.826,179.992,247.006
317.584,178.418,250.479
319.421,181.377,252.059
316.621,183.833,251.232
313.909,181.201,251.518
314.603,180.608,255.206
314.473,184.345,255.924
310.869,184.456,254.741
309.457,181.735,256.959
311.524,182.127,260.135
309.251,181.502,263.101
307.792,178.226,261.846
310.369,175.599,262.711
308.734,172.787,260.81
308.703,174.952,257.713
312.443,175.562,258.062
313.0,171.815,258.389
310.896,171.163,255.301
312.826,173.761,253.306
316.046,172.189,254.521
315.104,168.698,253.324
313.614,169.973,250.074
316.735,171.974,249.252
318.903,169.046,250.374
317.822,166.808,247.489
318.547,169.546,244.931
322.246,170.218,244.087
321.863,173.989,243.715
319.812,174.438,246.907
316.671,175.57,245.05
313.294,175.894,246.763
309.942,176.175,245.003
307.733,178.955,246.337
304.094,179.644,245.58
301.973,182.565,246.68
298.437,183.791,246.215
296.978,186.961,247.636
299.046,187.628,250.745
299.756,183.99,251.487
303.05,182.243,250.743
303.989,178.568,250.982
306.581,176.039,249.812
305.306,173.064,247.812
306.313,170.119,245.655
305.437,170.402,242.001
303.392,172.936,239.999
299.947,174.362,240.795
296.785,175.303,238.91
296.623,178.854,237.438
293.601,180.365,239.24
291.685,180.054,242.488
288.507,180.244,240.417
289.097,176.789,239.029
287.635,175.15,242.152
283.86,174.914,242.376
282.69,172.437,244.936
284.946,172.786,247.935
284.755,171.35,251.417
286.771,171.04,254.541
285.643,167.599,255.56
287.05,166.778,258.979
290.139,166.96,261.166
292.071,164.142,262.794
294.495,164.309,265.687
297.697,162.388,265.046
300.592,162.544,267.514
304.313,161.892,267.289
306.482,161.653,270.406
307.836,165.181,269.897
304.646,166.902,268.696
300.845,166.81,268.44
299.828,167.26,264.809
296.336,167.967,263.509
295.55,166.682,260.013
292.944,168.741,258.191
291.164,166.822,255.452
289.028,168.339,252.734
287.704,167.501,249.279
287.023,169.467,246.118
286.308,169.408,242.399
286.991,171.823,239.509
284.235,173.585,237.559
285.037,171.373,234.588
284.393,168.136,236.428
281.684,169.259,238.85
279.706,166.347,240.249
276.028,165.868,240.989
274.758,166.499,244.526
274.267,162.846,245.425
277.673,161.757,244.107
279.186,164.638,246.011
277.593,163.485,249.237
278.983,159.97,248.871
282.51,161.228,248.162
282.202,163.62,251.077
281.297,160.703,253.321
284.451,158.901,252.269
286.558,162.03,252.811
285.879,161.916,256.568
288.011,158.814,257.113
291.689,159.194,257.996
293.976,159.306,254.994
297.467,158.006,255.597
300.217,158.111,253.045
303.373,159.991,254.003
305.505,157.495,252.023
146.851,239.852,203.897
146.533,243.653,203.39
144.204,245.447,200.971
143.658,249.169,201.718
140.739,251.443,200.789
142.944,254.589,200.904
143.164,254.427,197.1
141.332,256.9,194.872
138.644,255.13,192.774
138.689,255.26,188.963
135.247,256.895,188.654
136.621,260.154,190.046
139.196,260.784,187.288
137.615,262.767,184.401
134.501,264.164,186.147
136.811,266.788,187.7
135.383,269.595,185.596
132.289,270.146,187.754
133.86,272.37,190.4
136.203,275.005,188.926
135.048,278.252,190.574
135.917,279.42,194.089
135.881,283.097,195.086
135.595,285.135,198.271
135.449,288.872,199.033
137.361,290.513,201.881
134.302,289.519,203.944
134.221,285.707,203.722
138.012,285.536,203.876
138.501,287.632,207.024
135.395,286.071,208.6
136.634,282.506,208.056
140.14,283.297,209.291
138.948,285.205,212.386
136.588,282.335,213.113
139.485,279.902,212.76
141.667,281.709,215.305
138.695,281.974,217.638
138.187,278.232,217.144
141.793,277.41,217.981
141.547,279.329,221.25
138.307,277.507,222.028
139.658,274.036,221.256
142.668,274.853,223.426
140.58,275.748,226.467
138.603,272.57,225.766
141.675,270.313,225.749
142.821,272.092,228.886
139.684,271.46,230.93
139.635,267.904,229.586
143.169,267.185,230.79
142.497,268.907,234.103
139.427,266.689,234.435
141.21,263.387,233.811
143.976,264.647,236.1
141.488,265.289,238.937
140.002,261.846,238.339
143.465,260.266,238.543
144.085,262.188,241.782
140.859,260.745,243.205
142.344,257.366,242.22
145.55,258.167,244.122
143.79,259.224,247.334
141.382,256.294,247.033
143.828,253.459,246.363
146.331,254.816,248.894
143.556,255.03,251.512
142.641,251.384,250.845
146.311,250.308,251.12
146.784,252.195,254.387
143.686,250.487,255.775
143.82,246.864,254.505
146.875,245.375,252.698
144.741,242.452,251.542
142.529,244.983,249.744
145.322,246.246,247.465
146.248,242.616,247.059
142.726,242.206,245.629
141.995,245.41,243.725
145.367,246.329,242.215
145.024,243.369,239.863
143.097,243.788,236.583
140.096,241.482,236.051
139.407,239.226,232.993
135.982,240.919,232.64
137.591,243.729,230.62
138.725,241.735,227.585
135.776,242.235,225.224
134.594,245.717,226.28
132.041,247.006,223.765
130.083,250.242,223.781
127.824,252.028,221.299
127.807,255.751,220.647
124.76,258.004,221.199
122.193,258.623,218.451
120.108,261.514,217.144
116.64,260.01,217.75
115.864,257.668,220.675
114.302,254.297,219.644
252.018,193.571,170.77
253.994,192.177,167.857
257.105,194.091,166.926
257.195,197.497,165.27
260.832,198.415,165.303
262.646,195.299,164.105
262.964,195.159,160.328
260.724,193.085,158.096
262.516,189.998,156.837
261.682,186.681,155.226
262.348,184.981,158.556
259.442,186.807,160.139
256.217,185.982,158.309
254.208,182.928,157.161
255.33,180.299,154.659
253.925,182.464,151.886
256.309,185.323,152.525
259.638,185.121,150.749
261.571,188.271,150.367
265.12,188.038,149.103
267.97,189.64,151.004
268.859,191.67,147.948
270.837,189.34,145.713
270.02,189.857,142.043
267.836,187.523,140.016
269.669,185.185,137.692
266.689,183.918,135.72
263.005,183.169,135.31
260.435,180.447,135.945
260.17,177.946,133.105
257.565,175.549,131.746
258.011,172.63,134.121
257.833,175.055,137.018
261.539,174.409,137.307
263.756,177.462,137.345
265.812,178.561,134.382
269.062,180.442,134.58
270.087,182.867,131.909
273.842,182.668,131.391
273.877,186.344,130.465
272.426,187.571,133.762
275.093,185.827,135.825
277.977,188.259,136.297
281.146,187.081,134.632
284.174,188.133,136.592
286.948,189.511,134.431
290.226,188.626,136.094
293.617,189.609,134.634
296.715,187.455,134.954
298.551,188.837,138.008
301.533,186.498,138.039
304.08,188.31,135.879
303.375,191.789,137.214
304.975,193.831,139.967
302.831,195.907,142.261
301.977,195.114,145.867
299.127,195.752,148.31
301.294,198.22,150.274
303.718,201.017,149.4
307.254,201.737,150.623
307.271,204.307,153.412
310.073,206.517,152.116
308.223,206.748,148.792
306.748,210.248,148.477
303.127,211.261,148.166
302.312,214.09,145.805
300.433,217.349,145.461
296.789,216.341,145.155
295.101,217.326,141.922
291.619,215.909,141.347
291.216,215.082,137.671
288.886,217.563,135.981
287.098,217.388,132.615
289.391,220.213,131.521
292.714,218.472,132.281
291.435,215.377,130.496
290.484,217.529,127.529
293.997,219.018,127.428
295.914,215.725,127.724
293.981,214.206,124.828
292.021,216.387,122.399
294.099,219.577,122.703
297.304,218.37,121.01
295.311,216.814,118.132
292.982,219.81,117.671
295.934,222.202,117.793
297.858,220.067,115.265
294.945,220.054,112.816
293.986,223.727,113.235
297.599,224.814,112.748
297.439,222.805,109.502
293.975,224.213,108.753
292.442,220.731,108.458
290.095,221.416,111.394
286.427,220.525,110.786
283.914,221.883,113.373
281.292,219.493,111.932
282.938,216.13,112.699
284.987,215.97,115.895
284.813,212.172,115.902
288.476,211.706,114.975
289.474,213.383,118.252
287.453,210.892,120.287
284.182,212.784,120.749
281.045,210.628,120.555
277.802,212.29,119.336
275.484,209.649,120.826
275.924,206.769,123.259
273.387,204.251,121.969
275.749,202.585,119.514
278.573,201.55,121.798
278.722,198.709,124.31
279.459,200.635,127.492
277.512,203.868,127.487
278.3,206.58,129.963
275.071,208.463,130.632
272.395,205.881,131.114
275.378,203.884,132.513
275.111,200.383,131.084
277.768,198.743,133.209
278.007,197.943,136.93
281.797,198.123,137.428
247.727,234.635,284.696
245.743,234.168,281.487
246.602,233.043,277.956
244.187,231.89,275.269
246.254,228.773,274.601
247.87,226.267,276.995
251.609,226.78,277.675
252.231,223.01,277.739
253.751,223.022,274.281
255.818,225.153,271.919
256.198,228.538,273.582
254.622,230.433,276.46
252.656,233.281,274.864
252.167,236.746,276.328
249.978,239.249,274.522
250.091,242.914,275.245
248.759,246.079,273.719
250.861,249.236,273.611
249.345,252.021,275.774
249.031,254.038,272.577
246.818,251.273,271.163
248.551,251.188,267.805
250.896,248.239,268.336
250.556,244.647,269.493
253.535,243.047,271.158
253.934,239.39,272.036
256.56,237.903,274.3
257.224,234.251,273.523
260.191,232.442,275.088
260.535,228.731,274.24
259.149,226.02,276.507
261.732,223.366,277.338
260.827,219.715,277.828
260.879,218.881,281.564
263.198,216.073,282.677
260.389,214.075,284.233
258.732,213.915,280.825
261.492,211.894,279.173
262.621,208.278,279.265
266.211,206.983,279.396
268.092,206.171,276.182
267.599,202.538,275.129
270.982,200.793,275.129
271.449,197.585,273.15
274.867,196.064,272.366
275.515,192.287,272.233
278.09,190.213,270.303
277.468,186.436,270.309
279.355,185.805,267.033
282.336,184.813,269.171
283.643,181.256,269.127
285.869,180.612,272.143
288.247,178.393,270.154
288.846,180.586,267.097
288.12,184.311,267.477
289.672,185.468,264.185
287.004,183.073,263.028
284.61,185.008,265.27
285.499,188.25,263.52
284.886,186.376,260.254
281.485,185.321,261.627
280.17,188.899,261.451
281.281,189.099,257.815
279.363,185.881,257.059
276.035,187.571,256.261
274.567,187.863,252.733
271.628,186.621,250.611
269.981,186.907,247.179
266.35,186.955,246.011
264.153,187.114,242.915
262.682,190.333,241.516
259.114,189.721,242.678
259.702,188.659,246.303
262.393,191.311,246.683
259.936,193.977,245.655
257.243,192.599,247.968
259.66,192.726,250.883
260.81,196.244,250.008
257.263,197.518,249.757
256.394,196.009,253.139
259.419,197.729,254.693
258.562,201.216,253.592
254.798,200.805,253.383
254.576,201.393,249.656
252.715,199.666,246.89
254.875,197.432,244.657
254.66,199.664,241.591
257.236,202.218,242.658
260.082,199.708,242.711
260.06,198.532,239.127
262.589,200.153,236.747
261.8,202.734,234.133
262.529,202.864,230.402
265.373,204.453,228.468
263.249,207.357,227.319
262.527,208.301,230.914
266.0,207.711,232.27
267.404,210.04,229.647
265.296,213.113,230.371
266.221,213.329,234.044
268.206,216.544,234.277
271.932,215.855,234.81
272.449,218.824,237.141
269.346,219.995,238.963
269.306,223.533,240.446
270.114,223.879,244.138
268.828,226.355,246.679
270.32,227.165,250.098
257.666,227.444,227.948
258.687,226.557,231.497
258.971,222.82,231.062
260.656,223.497,227.758
263.587,225.552,229.015
266.14,225.595,231.848
265.636,227.462,235.128
267.596,228.798,238.061
267.143,230.01,241.587
267.379,233.694,242.308
270.966,234.527,243.147
273.576,237.179,243.052
277.137,236.862,241.924
279.484,236.938,244.915
276.824,238.128,247.35
276.769,241.463,245.587
275.487,244.425,247.549
275.91,242.669,250.864
279.192,244.229,251.834
279.388,246.669,248.944
277.965,246.976,245.468
280.1,246.029,242.494
278.904,246.856,239.005
279.005,243.512,237.229
279.414,244.822,233.715
283.107,244.615,232.931
283.625,245.547,229.316
281.653,246.772,226.339
282.742,246.336,222.741
281.153,248.163,219.798
281.677,247.308,216.168
280.363,249.638,213.507
280.917,250.958,209.995
281.941,254.467,209.198
280.145,254.182,205.852
277.155,251.843,206.158
273.665,253.28,206.837
272.626,250.495,209.195
275.192,251.683,211.701
274.029,255.29,211.531
272.509,255.378,215.001
275.534,253.616,216.455
277.78,256.297,215.041
275.849,259.123,216.652
275.989,257.217,219.923
279.759,257.011,219.68
279.975,260.751,219.034
277.744,262.146,221.761
276.955,259.556,224.412
279.805,257.052,224.782
282.19,259.582,226.251
279.729,260.702,228.904
278.701,257.1,229.544
282.308,256.134,230.203
282.536,258.798,232.923
279.331,257.654,234.567
280.733,254.129,234.688
284.474,254.256,235.422
284.708,250.52,236.01
283.743,249.287,232.559
286.206,249.357,229.698
284.757,250.454,226.372
286.328,249.365,223.108
285.132,250.89,219.853
286.079,249.361,216.519
285.235,250.935,213.249
285.468,248.106,210.729
283.66,247.289,207.48
280.57,245.456,208.83
276.902,245.258,207.829
275.398,244.593,211.273
276.628,246.71,214.194
276.886,244.727,217.409
277.684,245.442,221.01
279.281,242.706,223.05
278.737,242.965,226.757
281.068,241.007,228.966
280.612,240.431,232.702
282.754,239.628,235.749
280.716,236.449,235.946
282.482,235.155,232.851
279.222,235.621,230.97
279.239,237.116,227.475
276.081,238.648,226.082
275.753,239.588,222.426
273.487,242.338,221.143
272.52,243.861,217.816
272.36,247.648,217.676
271.574,247.394,213.965
269.26,250.105,212.639
268.361,251.83,215.878
268.097,255.427,217.078
270.618,257.071,219.341
267.967,256.97,222.02
267.357,253.239,221.654
271.067,252.397,221.819
271.357,254.548,224.927
268.542,252.626,226.605
270.049,249.286,225.555
273.536,250.063,226.805
271.967,251.103,230.09
270.186,247.742,230.412
273.522,246.076,229.817
275.097,248.237,232.507
272.591,247.263,235.195
272.416,243.51,234.591
273.996,240.797,236.724
275.241,238.746,233.809
273.372,235.78,235.195
271.473,233.728,232.634
268.077,235.143,231.757
265.717,232.246,232.138
262.832,231.303,234.344
263.473,232.08,237.987
261.847,229.577,240.275
260.901,231.832,243.167
261.109,235.625,243.742
263.143,235.417,246.941
266.285,233.803,248.178
267.129,233.258,251.763
269.793,231.511,253.673
268.382,230.867,257.127
264.661,231.546,256.459
264.031,229.801,259.665
264.845,232.098,262.585
263.146,230.809,265.782
262.581,227.323,264.399
261.318,225.269,261.534
258.136,223.363,261.899
258.39,219.658,262.502
255.622,217.236,263.442
256.518,217.463,267.122
256.804,221.217,267.46
253.198,221.702,268.551
252.639,218.399,270.341
252.397,218.195,274.131
254.82,215.886,275.909
253.354,213.5,278.483
254.622,212.236,281.853
257.237,209.495,281.629
257.203,209.898,277.869
254.77,207.051,277.474
253.182,206.055,274.179
249.375,205.964,273.914
248.619,202.422,275.19
251.954,201.948,276.936
251.891,200.895,280.583
254.718,201.157,283.112
269.943,225.312,193.37
268.369,228.513,194.693
269.91,231.885,193.845
271.202,233.923,196.75
273.996,234.573,199.169
271.934,235.134,202.246
270.767,231.673,203.21
274.201,230.253,202.414
275.934,232.659,204.749
273.394,232.262,207.48
273.968,228.524,207.234
277.728,228.882,207.413
277.074,230.264,210.864
275.176,227.07,211.8
278.01,224.914,210.49
280.386,226.783,212.739
278.095,226.349,215.756
277.869,222.567,215.27
281.628,222.374,214.733
282.041,224.041,218.132
279.453,221.795,219.759
281.028,218.553,218.632
284.618,219.629,219.404
284.842,222.343,222.069
287.977,224.512,221.693
290.395,224.541,224.652
289.949,227.682,226.813
292.063,230.676,225.773
293.396,233.673,227.759
291.176,236.726,227.695
294.434,238.504,226.952
294.871,236.686,223.625
291.377,237.569,222.388
290.545,240.511,220.03
289.793,243.418,222.42
292.508,243.973,225.022
294.324,246.924,226.503
296.183,245.768,229.592
296.583,249.214,231.156
292.93,250.277,230.866
291.925,246.922,232.284
294.057,247.436,235.369
292.713,250.941,235.965
289.175,249.585,235.629
289.955,246.81,238.11
290.936,249.541,240.504
287.943,251.805,240.024
285.216,249.172,240.086
286.208,247.947,243.549
286.076,251.548,244.783
289.7,251.364,245.85
292.82,253.328,245.029
295.934,251.416,243.999
299.419,252.38,242.942
299.462,251.169,239.34
303.043,250.036,239.792
302.114,247.948,242.798
299.058,246.351,241.191
300.873,245.64,237.91
303.49,244.019,240.106
300.838,241.999,241.92
299.51,240.175,238.866
302.962,238.899,237.944
303.951,235.335,238.844
307.114,233.225,238.937
305.977,230.824,236.233
305.203,233.666,233.827
308.772,234.866,234.219
310.292,231.393,233.736
308.195,230.791,230.608
309.226,234.209,229.372
312.816,233.096,229.967
312.141,229.966,227.921
311.018,232.154,225.001
314.012,234.393,225.739
316.642,231.627,225.682
315.127,229.678,222.775
315.208,232.573,220.275
318.603,233.964,221.37
317.109,237.314,222.436
318.486,239.796,224.987
315.842,240.266,227.7
317.567,239.827,231.078
317.93,243.503,232.141
314.273,244.467,231.397
312.829,240.993,232.175
314.491,240.431,235.582
313.382,243.972,236.448
309.863,242.559,236.658
309.799,242.197,240.45
307.41,239.276,240.998
304.592,239.127,243.487
306.191,236.865,246.094
306.716,239.612,248.681
303.274,241.185,248.293
301.564,237.808,248.481
303.304,236.994,251.749
302.385,240.361,253.299
298.844,239.844,252.07
298.28,236.353,253.457
299.878,237.194,256.799
297.784,240.329,257.141
294.55,238.683,256.018
294.945,235.868,258.522
295.659,238.387,261.273
292.675,240.546,260.275
290.149,237.705,259.927
291.371,236.196,263.188
290.738,239.476,264.951
287.307,239.831,263.314
286.137,236.445,264.486
287.783,236.687,267.882
285.763,239.874,268.428
282.489,238.529,267.019
282.549,235.109,268.709
284.244,235.484,272.114
283.433,231.884,272.98
284.947,230.24,269.918
287.906,228.072,270.993
291.209,228.914,269.268
291.237,225.662,267.331
287.867,226.691,265.914
288.646,230.25,264.836
291.792,228.764,263.295
289.584,226.369,261.358
287.418,229.256,260.153
290.31,231.4,258.966
291.7,228.27,257.297
288.404,227.961,255.48
288.049,231.545,254.258
291.678,231.476,253.118
291.08,228.13,251.361
292.006,227.167,247.838
288.34,226.824,246.906
286.826,229.965,248.358
289.58,232.358,247.373
289.789,230.925,243.844
286.056,231.359,243.458
286.145,234.96,244.634
289.219,235.905,242.589
287.76,234.333,239.496
284.597,236.379,239.896
286.49,239.64,240.52
288.373,239.22,237.225
291.711,238.478,238.861
292.19,235.408,236.684
291.715,237.779,233.769
294.585,240.081,234.724
296.93,237.461,236.15
300.092,236.784,234.165
300.897,233.092,234.106
301.653,229.951,232.126
298.801,227.44,231.575
295.671,229.616,231.139
293.228,227.822,233.437
295.65,229.199,236.121
296.035,226.35,238.624
294.479,227.282,241.989
297.666,227.789,244.056
298.84,230.478,241.62
295.417,232.108,241.863
295.438,232.206,245.664
298.913,233.701,245.41
297.594,236.34,243.064
294.529,237.267,245.103
296.482,237.84,248.266
299.078,239.588,246.17
296.396,242.096,245.306
295.465,242.314,248.975
299.057,243.202,249.838
299.162,245.768,247.07
296.085,247.339,248.614
297.706,247.261,252.067
300.633,249.254,250.736
298.41,251.589,248.713
295.97,252.307,251.55
296.059,251.677,255.291
295.126,248.516,257.228
291.698,250.066,257.75
290.67,250.113,254.099
292.066,246.624,253.525
290.203,245.334,256.55
287.039,246.588,254.884
287.954,244.885,251.596
288.55,241.59,253.405
285.279,241.701,255.315
283.451,242.465,252.049
284.931,239.871,249.704
285.93,237.084,252.081
283.753,237.143,255.185
280.673,237.218,252.974
281.561,233.705,251.768
280.665,232.612,255.268
277.035,233.541,254.554
274.562,230.689,254.864
277.322,228.394,256.02
277.243,226.352,259.198
279.902,226.027,261.865
280.628,222.322,261.639
280.291,222.67,257.911
283.762,224.232,257.947
285.152,222.928,261.298
285.045,219.133,260.61
285.538,217.943,264.241
284.743,214.2,264.513
283.626,213.594,268.117
281.195,216.29,269.241
280.441,214.634,272.569
284.009,214.685,273.882
284.5,218.285,272.85
281.258,219.235,274.596
282.357,217.53,277.815
285.663,219.42,277.792
284.007,222.76,277.046
281.601,222.095,279.905
284.49,221.333,282.266
285.827,224.778,281.419
282.432,226.32,282.28
282.336,224.351,285.534
279.186,222.445,284.502
279.341,218.713,284.984
277.802,215.831,283.088
275.535,216.085,280.054
273.034,213.203,280.219
271.526,211.98,276.996
267.798,211.538,277.478
265.265,210.429,274.85
262.585,213.046,274.255
260.536,212.415,271.135
260.292,209.296,269.005
258.186,208.05,266.107
258.187,204.41,265.071
261.06,202.355,266.378
260.233,199.323,264.378
260.138,201.216,261.118
262.733,201.493,258.401
262.425,205.253,258.939
262.368,206.038,262.66
262.772,209.52,264.134
264.437,210.266,267.41
264.854,213.467,269.344
267.607,213.274,271.934
267.872,215.908,274.639
271.004,216.726,276.626
270.436,217.544,280.268
272.699,219.198,282.805
271.471,218.923,286.37
268.042,218.257,284.871
268.04,221.543,282.935
267.87,221.06,279.156
270.793,222.607,277.27
270.109,221.341,273.728
268.262,218.826,271.61
268.42,217.126,268.2
266.76,214.799,265.595
268.006,211.697,263.772
267.331,208.253,262.327
269.313,206.429,264.986
269.476,207.194,268.703
273.251,207.474,268.227
273.031,209.932,265.342
270.529,211.994,267.288
272.652,212.048,270.437
275.558,213.218,268.311
273.327,215.923,266.873
272.246,217.241,270.253
275.959,217.432,271.027
276.525,219.549,267.94
273.606,221.799,268.838
274.828,222.354,272.372
278.215,223.202,270.971
276.637,225.708,268.607
274.797,227.374,271.491
277.905,227.559,273.671
280.082,229.026,270.951
277.386,231.467,269.903
277.442,230.166,266.348
273.716,229.817,265.847
270.935,230.508,263.364
269.305,233.134,265.536
272.674,234.823,266.015
273.183,238.495,265.151
273.894,238.825,261.46
277.281,240.281,260.633
277.716,244.056,260.701
278.394,245.8,257.446
278.684,249.483,258.307
281.013,252.52,258.087
282.45,253.357,261.552
224.272,199.601,186.509
227.31,197.363,186.651
230.191,199.564,187.779
233.704,198.297,187.308
237.094,200.004,187.496
239.81,198.306,185.435
243.156,198.184,187.253
246.0,200.294,185.843
249.622,199.177,185.972
252.56,201.431,186.725
255.297,202.101,184.105
257.641,199.131,183.786
260.819,201.164,184.184
260.096,201.788,187.841
260.231,198.088,188.643
263.349,197.451,186.59
266.456,199.184,187.852
269.832,197.749,188.664
272.914,198.605,190.618
276.07,199.95,188.991
279.763,200.238,189.93
281.444,196.861,190.215
285.079,197.996,190.274
287.771,195.945,188.528
291.458,196.284,187.634
292.238,194.763,184.241
295.81,194.59,183.024
295.757,194.293,179.244
298.852,194.759,177.078
297.108,196.323,174.05
296.205,199.769,175.496
299.509,199.638,177.444
301.325,199.545,174.086
299.183,202.268,172.514
300.453,204.832,175.001
301.23,207.922,172.931
303.601,209.449,175.462
305.683,206.538,176.805
306.345,206.531,180.543
309.116,208.918,181.556
311.303,207.525,184.337
313.395,209.673,186.654
315.06,206.518,188.015
315.879,202.838,187.521
314.351,200.249,189.876
317.444,198.148,190.535
320.98,198.598,191.805
323.409,197.397,189.103
326.373,196.152,191.077
326.063,195.434,194.767
329.286,196.132,196.619
329.98,193.13,198.854
331.937,194.276,201.976
334.648,192.599,204.155
333.336,190.069,206.686
335.573,191.557,209.374
334.344,195.107,208.751
333.299,195.436,212.415
336.82,194.907,213.814
338.539,197.165,211.241
336.128,200.013,212.152
337.773,200.535,215.565
341.064,200.961,213.658
341.211,204.363,211.922
344.136,204.147,209.492
343.284,200.559,208.58
339.768,201.41,207.423
340.567,204.781,205.8
343.586,203.317,203.986
341.868,200.182,202.669
338.764,202.154,201.588
340.647,204.898,199.712
342.896,202.198,198.222
339.984,200.139,196.921
338.484,203.324,195.442
341.641,204.39,193.578
342.595,200.864,192.453
339.371,199.862,190.67
339.021,200.266,186.892
335.22,200.42,186.699
335.056,202.955,189.544
337.234,205.558,187.863
335.76,204.792,184.435
332.354,205.83,185.735
333.8,208.761,187.721
335.295,209.893,184.405
331.932,209.581,182.61
330.291,211.701,185.325
333.118,214.265,185.392
333.044,214.579,181.581
329.269,214.822,181.29
328.928,216.916,184.482
331.714,219.494,185.123
332.638,220.788,188.599
332.181,217.351,190.15
334.311,216.123,193.054
334.569,212.769,194.825
336.198,214.197,197.955
333.309,216.617,198.664
330.502,214.123,198.026
330.167,212.058,201.244
329.342,215.373,202.957
326.394,216.035,200.618
325.326,212.401,200.918
325.316,212.562,204.707
323.23,215.748,204.579
320.751,214.115,202.17
320.431,211.248,204.656
319.828,213.462,207.673
317.244,215.625,205.89
315.389,212.634,204.393
314.858,210.89,207.696
314.112,214.224,209.396
311.402,214.427,206.727
310.062,211.06,207.846
309.711,212.572,211.339
307.558,215.486,210.225
305.891,213.328,207.529
306.537,215.874,204.771
306.396,214.051,201.427
306.995,217.006,199.117
310.589,217.577,200.221
311.031,213.821,200.478
310.319,213.595,196.77
313.183,215.995,196.075
315.614,214.065,198.252
314.938,210.342,197.739
314.47,208.353,194.532
311.295,206.725,193.145
312.518,203.245,194.138
313.278,204.225,197.734
310.145,206.268,198.518
307.632,203.382,198.554
309.904,201.553,200.955
310.596,204.145,203.637
307.092,205.711,203.455
304.67,202.799,202.96
304.442,200.883,206.202
305.008,203.88,208.41
302.188,206.152,207.264
299.678,205.303,210.001
302.382,205.302,212.656
304.44,208.012,214.366
308.203,208.193,213.911
310.777,209.935,216.054
314.269,209.688,214.653
317.298,211.706,215.682
320.885,211.917,214.51
323.43,212.146,217.309
326.93,211.079,216.166
328.797,209.871,213.102
331.53,207.614,214.455
333.538,207.077,211.272
333.409,209.889,208.643
331.378,208.798,205.549
333.303,206.709,203.026
332.784,206.482,199.276
333.049,202.822,198.343
332.264,202.643,194.624
330.754,204.294,191.539
328.846,202.754,188.601
326.985,203.88,185.478
324.166,202.36,183.458
324.296,203.218,179.777
320.896,202.982,178.106
321.491,202.997,174.346
317.791,203.723,173.802
317.605,207.071,175.587
321.313,207.915,175.674
320.574,208.211,179.397
323.181,207.679,182.078
322.523,207.247,185.794
325.403,207.828,188.188
325.146,205.448,191.15
327.336,206.187,194.153
327.648,203.747,197.06
328.459,205.46,200.346
329.228,203.288,203.35
328.376,205.022,206.593
328.725,204.23,210.276
326.34,206.164,212.477
324.712,206.865,215.853
320.922,207.124,215.617
317.882,207.17,217.903
314.738,205.509,216.571
311.323,205.264,218.196
308.263,204.038,216.323
304.855,204.614,217.883
301.638,202.772,217.008
298.569,204.665,215.745
297.172,204.587,219.263
300.276,206.372,220.455
301.64,203.373,222.311
305.322,202.538,221.831
306.081,199.789,219.333
309.701,199.422,218.183
312.505,200.994,220.205
313.456,203.454,222.94
313.885,207.179,222.435
316.857,207.399,224.805
319.273,204.856,223.296
321.854,206.21,220.82
322.126,202.921,218.93
324.994,202.205,216.475
324.162,201.546,212.82
326.131,200.481,209.751
324.476,200.952,206.379
325.472,200.892,202.745
323.601,203.698,201.054
323.272,203.836,197.284
322.674,207.211,195.651
321.542,207.946,192.099
321.519,210.9,189.705
320.152,211.348,186.21
322.859,212.967,184.093
321.323,213.932,180.735
318.582,215.585,182.825
319.258,219.346,183.071
317.865,219.543,186.636
320.263,216.907,187.848
319.291,216.072,191.416
321.49,213.949,193.672
319.059,211.528,195.299
319.018,208.625,197.757
318.362,205.501,195.726
318.624,202.404,197.869
319.825,200.815,201.081
321.982,197.708,201.003
322.232,195.404,203.974
325.197,192.988,204.181
324.61,189.201,204.541
326.483,189.132,207.874
324.634,192.172,209.257
323.944,192.135,213.03
320.355,191.015,213.738
318.146,194.07,214.252
316.954,194.842,217.78
313.996,192.765,219.018
310.359,193.798,218.764
308.397,194.651,221.863
305.244,192.572,221.362
304.977,188.783,221.165
304.165,187.186,217.805
302.563,183.931,216.709
303.29,182.017,213.503
300.483,179.659,212.509
300.978,176.085,211.327
299.698,175.084,207.883
295.921,175.433,207.645
294.428,172.006,207.021
291.269,170.869,205.262
289.619,167.816,206.865
291.072,164.957,204.767
294.621,166.339,204.765
296.818,164.807,207.488
299.674,166.719,209.111
303.319,165.996,208.267
306.269,167.005,210.484
309.763,167.691,209.051
312.93,167.229,211.167
141.941,250.156,265.697
138.695,248.395,264.645
137.958,248.896,260.938
134.379,249.187,259.676
134.193,247.724,256.167
131.789,249.358,253.712
131.748,248.987,249.945
129.943,251.589,247.833
128.915,252.24,244.245
128.83,255.057,241.705
126.197,254.022,239.16
126.527,255.601,235.714
123.704,255.823,233.188
124.865,256.194,229.555
123.865,259.399,227.758
121.461,258.341,225.009
121.023,261.204,222.54
123.667,263.725,221.421
123.734,267.339,222.649
122.977,270.523,220.695
125.988,272.571,219.556
127.608,275.679,221.061
127.222,278.778,218.782
130.915,278.57,217.939
130.685,274.877,217.058
127.691,275.737,214.881
129.458,278.463,212.906
132.415,276.1,212.586
130.083,273.348,211.362
128.774,275.754,208.717
132.324,276.581,207.633
133.385,272.934,207.399
130.278,272.228,205.319
131.035,275.107,202.952
134.709,274.274,202.436
134.011,270.523,202.156
131.566,271.132,199.313
134.035,273.7,197.939
136.848,271.183,197.397
134.445,268.438,196.368
134.581,266.667,192.997
131.298,266.759,190.989
128.384,264.57,192.134
126.562,261.782,190.297
123.272,263.482,191.159
124.702,266.871,190.18
126.168,265.394,186.994
122.701,264.192,185.95
121.168,267.484,187.174
123.511,269.907,185.392
124.317,267.896,182.25
120.58,267.48,181.634
119.823,271.12,182.587
122.114,272.116,179.691
121.344,269.227,177.28
117.584,269.833,177.546
118.245,273.512,176.759
120.014,272.106,173.672
117.165,269.664,172.813
114.516,272.435,173.026
116.031,274.86,170.498
117.302,272.266,167.973
115.33,263.603,186.125
116.972,265.314,189.127
114.071,267.513,190.305
111.805,264.462,190.402
114.196,262.769,192.84
114.581,266.016,194.809
110.853,266.438,195.4
110.382,262.701,196.064
113.002,262.742,198.817
111.59,266.033,200.135
108.132,264.519,200.581
109.377,261.151,201.909
111.368,263.059,204.531
108.622,265.572,205.403
105.948,262.872,205.698
108.018,260.927,208.219
108.139,261.997,211.885
110.739,261.441,214.605
111.098,260.623,218.29
111.035,263.46,220.801
114.378,264.741,222.024
112.675,265.615,225.311
111.047,262.821,227.32
112.063,264.782,230.446
110.682,268.339,230.241
107.321,267.222,228.821
107.021,265.411,232.158
109.244,268.082,233.771
108.692,266.401,237.141
110.307,263.009,237.626
113.815,262.788,239.032
113.02,259.138,239.7
112.461,258.145,236.077
115.28,256.147,234.462
114.12,257.42,231.075
114.42,261.084,232.14
117.487,262.732,230.513
118.629,261.67,227.051
121.517,264.126,226.657
123.582,263.601,229.815
124.802,260.704,231.921
122.737,259.948,235.023
123.503,258.6,238.487
121.449,256.799,241.159
120.597,258.147,244.624
118.585,256.566,247.459
116.736,257.811,250.564
117.234,256.128,253.946
116.387,257.21,257.495
118.295,255.101,260.018
117.746,254.789,263.768
120.292,257.383,264.843
120.65,258.977,261.396
119.252,260.831,258.363
120.864,259.491,255.167
120.711,260.709,251.576
122.77,257.966,250.028
124.775,257.191,246.927
124.016,253.439,246.933
126.147,251.667,249.524
127.322,248.154,250.257
128.426,246.21,253.322
131.144,243.633,252.818
132.29,240.805,255.052
136.126,240.419,255.266
136.038,237.173,253.23
134.295,238.911,250.305
135.877,240.983,247.513
134.837,244.649,247.131
133.909,243.759,243.545
131.571,240.861,244.386
129.945,242.967,247.116
129.442,245.875,244.718
127.645,243.637,242.192
125.699,241.781,244.901
124.478,245.002,246.542
123.512,246.381,243.134
121.378,243.419,242.034
119.909,242.917,245.532
118.984,246.411,246.758
117.256,247.917,243.708
114.898,244.928,243.277
115.656,245.114,239.558
117.338,243.109,236.782
120.348,245.121,235.684
122.91,244.476,232.995
125.764,246.775,233.969
129.262,246.204,232.633
131.857,247.032,235.275
135.161,248.542,234.218
138.046,247.682,236.531
138.824,245.603,239.582
140.161,248.844,241.034
137.79,251.235,242.887
136.878,254.79,241.847
137.088,256.932,244.988
137.326,256.616,248.763
136.049,258.521,251.817
136.628,257.629,255.493
134.403,258.351,258.498
136.172,257.584,261.784
134.087,257.692,264.971
136.312,252.885,265.515
137.407,253.717,261.982
135.528,253.169,258.742
135.802,253.255,254.953
133.559,254.094,252.0
134.873,252.693,248.708
133.095,253.913,245.567
133.146,251.828,242.382
132.16,252.699,238.827
129.504,250.647,237.064
128.445,251.272,233.482
124.75,250.534,232.944
123.881,248.588,229.803
120.204,247.726,230.241
118.306,247.995,233.529
114.872,246.503,234.162
113.219,248.19,237.127
110.733,245.932,238.917
108.006,247.698,240.909
108.556,251.134,239.349
106.313,252.599,242.069
108.202,251.236,245.09
108.515,253.345,248.259
112.325,253.384,248.423
113.289,256.641,246.749
115.587,256.205,243.746
116.616,259.472,242.101
118.271,259.499,238.652
120.316,262.661,238.429
122.822,264.689,236.351
125.994,266.479,237.523
124.374,269.763,238.617
121.569,267.906,240.389
124.182,265.665,242.034
125.659,268.891,243.343
122.227,269.94,244.654
120.84,266.887,246.519
124.074,265.943,248.266
124.592,267.221,251.796
127.683,265.304,253.028
131.355,266.001,252.396
131.735,262.242,251.745
129.236,262.532,248.916
130.385,266.086,248.033
133.636,264.732,246.607
131.918,262.202,244.33
131.498,264.939,241.705
135.293,265.128,241.895
135.76,261.712,240.24
132.512,262.022,238.254
132.672,262.696,234.496
131.473,266.266,234.079
130.861,265.997,230.32
191.888,256.391,223.414
191.691,253.694,226.078
194.402,255.102,228.348
192.902,258.572,228.511
190.228,260.01,230.84
188.223,261.133,227.845
187.778,257.605,226.573
184.403,256.684,225.151
183.287,260.274,224.993
181.923,259.635,221.518
180.145,256.491,222.592
176.524,256.645,221.39
174.992,253.339,220.252
173.709,252.488,223.72
171.439,255.561,223.423
169.646,254.445,220.269
168.406,250.92,219.804
168.249,249.936,216.159
168.857,246.22,215.694
153.647,239.239,222.924
152.846,238.751,226.609
150.656,240.605,229.117
152.442,240.757,232.512
150.085,240.001,235.377
151.708,240.144,238.81
148.509,240.728,240.82
149.9,243.773,242.651
151.684,245.636,239.89
149.5,244.367,237.094
150.421,245.225,233.525
147.915,244.096,230.935
149.199,244.929,227.498
148.761,244.021,223.823
145.287,245.521,223.473
143.32,246.225,220.302
140.995,249.189,219.856
138.515,248.688,217.023
136.704,251.832,215.922
133.985,250.875,213.484
131.562,253.253,211.791
129.68,253.89,208.55
131.23,257.31,207.898
134.845,257.613,206.735
135.531,261.088,208.089
134.017,260.343,211.472
135.895,257.083,212.0
139.177,258.646,210.965
138.549,261.641,213.221
137.837,259.592,216.315
140.734,257.25,215.558
142.857,260.374,215.398
141.522,261.597,218.732
142.323,258.246,220.299
145.857,258.267,218.931
146.6,261.784,220.146
144.99,261.109,223.518
147.26,258.09,223.931
150.37,260.048,223.029
149.388,262.622,225.651
148.74,260.077,228.405
152.169,258.485,227.876
150.358,255.289,226.882
152.481,253.644,224.2
150.817,253.15,220.838
152.431,250.59,218.6
150.386,250.166,215.422
147.611,252.334,214.045
146.075,250.935,210.866
142.897,250.574,208.83
140.913,247.343,208.485
139.354,246.321,205.131
136.035,248.071,204.459
133.009,245.765,204.226
130.637,246.566,201.369
126.978,246.123,202.303
124.222,245.624,199.757
120.874,246.287,201.429
117.822,244.568,199.937
114.566,246.367,200.77
111.173,244.773,200.137
108.919,246.284,197.458
105.178,246.346,198.263
103.734,246.247,194.736
105.637,243.168,193.583
105.197,240.634,196.395
108.656,239.005,196.498
110.248,241.865,194.514
113.487,243.347,195.891
114.984,246.85,195.64
118.52,247.876,196.641
120.563,250.501,198.5
124.364,250.461,198.919
126.282,251.005,202.177
129.857,250.604,203.44
131.357,249.735,206.835
134.683,251.345,207.792
137.111,250.066,210.423
140.139,251.622,212.109
142.497,250.058,214.64
144.694,251.449,217.4
147.016,249.093,219.313
148.156,249.978,222.808
151.117,248.121,224.316
150.694,248.692,228.036
148.198,249.466,230.747
147.483,249.187,234.463
144.185,248.586,236.25
143.789,252.232,237.259
144.72,253.494,233.787
142.332,251.012,232.172
139.486,252.326,234.314
140.367,255.963,233.552
141.001,255.351,229.858
137.702,253.634,229.103
135.882,256.441,230.878
137.513,259.001,228.629
137.043,256.988,225.431
133.356,256.205,225.818
132.605,259.661,227.25
133.859,261.282,224.072
132.196,258.833,221.691
130.7,260.541,218.602
127.292,259.527,217.25
127.219,256.468,214.996
130.495,255.168,216.374
130.918,251.576,217.513
133.788,250.912,219.907
135.57,247.636,220.669
138.335,246.415,222.968
140.055,243.089,222.213
143.279,241.087,222.377
146.251,241.292,220.026
145.547,238.039,218.148
143.55,238.839,215.014
143.716,237.567,211.462
143.75,239.863,208.44
247.935,265.868,131.819
248.621,267.767,135.055
246.674,271.06,135.058
248.696,274.288,135.186
249.581,276.179,138.346
251.021,279.532,139.412
253.456,280.146,142.276
253.079,283.451,144.151
254.677,284.529,147.443
252.372,287.463,147.994
249.423,286.058,149.929
251.506,284.211,152.519
250.869,286.956,155.092
247.31,285.581,155.143
248.678,282.225,156.255
250.899,283.832,158.916
247.691,284.828,160.752
246.739,281.202,161.274
249.86,280.064,163.101
249.027,279.881,166.822
251.503,281.148,169.444
253.205,278.567,171.644
253.871,281.113,174.382
251.392,283.209,176.305
251.445,286.969,175.535
252.38,289.424,178.273
249.272,291.504,178.979
248.807,294.838,177.128
249.367,298.008,179.111
246.181,299.99,179.708
245.435,303.569,180.719
243.087,302.531,183.469
243.014,299.852,186.168
241.203,297.669,186.915
240.24,296.612,183.387
236.657,295.932,182.229
237.033,292.238,183.093
238.388,293.273,186.48
241.959,292.177,185.912
244.572,294.162,187.81
248.343,293.766,187.202
250.79,293.26,190.125
252.498,296.335,191.621
255.731,298.023,190.468
257.708,297.165,193.567
256.934,294.075,195.601
255.575,294.391,199.113
257.739,293.996,202.219
255.89,290.946,203.524
258.033,287.906,204.299
256.217,285.806,201.692
255.291,286.142,198.056
252.501,284.831,195.871
253.381,284.352,192.207
250.849,285.007,189.497
249.601,282.067,187.458
251.03,281.55,183.986
247.847,283.291,182.814
248.499,286.19,185.175
245.777,285.496,187.698
245.876,285.098,191.454
246.28,281.405,192.321
243.319,280.875,194.617
241.236,277.858,193.739
238.356,275.985,195.252
238.333,272.202,195.67
235.716,269.596,196.61
236.097,266.069,197.943
233.539,263.395,198.767
231.039,265.831,197.322
230.684,267.56,200.682
234.151,268.853,201.56
234.791,272.372,200.37
238.278,273.8,200.492
240.172,276.804,199.219
243.732,276.466,198.049
246.362,279.174,197.835
249.242,278.066,195.609
252.681,279.254,194.563
253.794,280.622,197.898
257.465,281.482,198.155
258.589,282.537,201.586
257.556,281.956,205.151
254.217,280.292,204.671
253.575,280.439,208.365
253.402,284.2,208.108
250.793,283.808,205.421
248.866,281.421,207.644
248.856,283.954,210.447
247.625,286.69,208.135
244.997,284.544,206.461
243.439,283.33,209.673
243.632,286.847,211.13
241.843,288.083,208.028
239.193,285.368,208.024
238.566,285.245,211.804
236.299,288.328,211.983
234.189,286.659,209.289
233.437,283.271,210.9
233.731,284.37,214.52
236.3,281.602,214.871
239.782,280.779,213.618
239.411,278.933,210.3
240.847,275.445,209.942
244.023,275.27,207.908
246.676,273.048,206.457
250.101,274.304,205.522
252.151,272.359,203.04
255.598,273.791,203.429
257.248,271.636,200.816
254.592,272.272,198.201
254.509,275.957,199.005
250.786,275.731,199.506
248.095,276.829,201.933
244.744,275.094,202.231
241.585,276.303,203.975
238.321,274.719,205.094
235.354,276.365,203.34
234.898,278.434,200.175
236.639,281.741,200.698
237.986,282.091,197.179
236.435,285.483,196.288
237.365,287.284,199.48
240.872,285.844,199.393
241.416,286.957,195.804
240.337,290.435,196.826
242.579,290.394,199.905
245.628,289.249,197.966
244.961,291.914,195.374
244.868,294.605,198.038
248.322,293.51,199.24
249.645,293.836,195.705
250.794,290.359,194.688
302.625,268.872,183.751
302.837,268.454,187.535
300.106,268.296,190.191
300.173,270.654,193.217
299.798,268.962,196.658
296.213,269.352,197.92
295.278,272.074,200.401
293.908,270.959,203.783
290.921,273.382,203.789
291.419,273.807,207.533
290.925,277.532,208.008
291.39,279.851,210.968
290.827,283.608,210.648
293.99,285.731,211.175
294.035,288.736,213.546
294.815,291.139,210.682
291.528,290.423,208.878
289.975,293.907,209.058
293.148,295.479,207.623
293.57,292.963,204.768
289.913,293.293,203.796
289.894,297.105,203.877
293.145,297.188,201.864
291.455,294.957,199.308
288.341,297.171,199.395
290.518,300.163,198.5
292.662,298.488,195.812
289.798,296.565,194.155
287.198,299.322,194.104
289.942,301.853,193.412
287.777,304.119,195.533
288.697,306.4,198.376
286.717,304.696,201.138
283.239,306.14,201.852
282.763,306.551,205.624
281.534,302.972,206.204
283.84,300.605,204.303
282.048,297.341,205.087
278.609,298.486,203.902
279.533,299.046,200.247
277.491,296.877,197.855
279.03,294.12,195.709
276.246,294.139,193.058
278.613,294.846,190.136
280.091,291.663,188.693
283.609,292.954,187.901
284.054,294.359,191.392
282.667,291.26,193.087
284.752,288.845,191.011
287.948,290.827,191.479
287.292,291.386,195.203
286.527,287.772,196.07
289.267,286.365,193.793
291.79,288.585,195.585
290.374,287.556,198.964
290.73,283.973,197.768
294.397,284.154,196.807
295.188,286.184,199.956
293.276,284.133,202.531
293.96,280.738,200.904
290.2,280.038,201.183
287.321,280.468,198.678
283.593,281.174,198.902
281.641,278.115,197.678
279.248,278.439,194.732
276.175,278.211,196.983
277.238,281.141,199.176
277.951,283.469,196.24
274.321,284.563,196.15
274.555,285.354,199.866
277.289,288.005,199.521
275.785,291.455,198.945
277.54,293.837,201.311
281.205,293.446,202.215
279.853,292.843,205.716
278.781,289.394,204.501
282.305,288.531,203.36
283.624,289.752,206.704
281.141,287.535,208.531
281.901,284.62,206.213
285.651,284.75,206.765
285.233,285.234,210.529
283.937,281.651,210.876
286.452,278.732,210.929
286.039,275.447,209.052
287.376,272.119,210.325
287.965,269.411,207.721
288.525,266.802,210.43
285.736,264.205,210.641
283.648,263.479,213.751
285.844,260.466,214.507
289.098,262.415,214.204
287.432,265.066,216.385
286.778,262.416,219.022
290.379,261.146,219.006
291.741,264.569,220.025
288.889,265.402,222.422
290.647,264.107,225.587
289.007,260.704,226.115
288.699,259.008,229.524
291.168,256.19,230.304
288.505,253.479,230.142
287.557,254.174,226.512
289.763,252.855,223.7
288.986,253.617,220.063
290.842,251.73,217.318
290.396,252.628,213.633
290.299,249.482,211.49
290.026,250.873,207.959
264.7,222.251,203.297
268.431,221.623,203.102
270.441,224.726,202.32
273.639,224.825,200.248
276.741,224.115,202.306
279.195,226.197,200.309
279.501,229.942,199.877
278.681,230.913,196.289
281.375,232.739,194.355
280.888,236.37,195.342
279.538,238.115,192.271
281.07,241.529,191.755
278.939,243.916,189.762
280.741,247.059,188.757
278.192,249.794,188.589
280.488,251.775,186.354
280.329,249.463,183.371
279.24,251.159,180.141
275.558,250.266,180.128
274.972,251.306,183.737
276.895,254.584,183.558
275.19,255.799,180.444
271.742,254.774,181.642
268.738,256.905,180.875
270.816,259.393,178.976
268.5,260.521,176.19
265.242,260.278,178.147
264.796,264.045,177.959
265.35,264.083,174.188
261.996,265.747,173.569
262.277,268.614,176.025
265.897,269.445,175.514
265.755,268.473,171.891
263.181,270.956,170.645
260.486,268.389,170.407
261.166,266.147,167.485
261.689,262.731,168.912
259.36,261.668,171.714
261.057,259.407,174.301
259.002,256.471,172.882
261.5,256.212,170.052
264.094,255.089,172.567
262.133,251.951,173.406
263.712,248.764,172.117
261.462,245.721,172.056
258.586,243.765,170.475
256.874,245.624,167.659
253.504,245.671,169.301
254.803,246.88,172.649
256.763,249.979,171.77
255.445,252.936,173.749
252.223,251.222,174.707
250.829,249.327,177.655
247.792,247.25,178.571
246.421,244.414,180.668
247.073,240.9,179.389
243.852,240.815,177.361
244.58,244.074,175.545
248.123,242.927,175.045
247.163,239.7,173.313
244.486,241.352,171.273
247.018,243.846,170.025
249.697,241.257,169.314
247.249,239.361,167.174
246.167,242.448,165.296
249.702,243.501,164.524
251.868,240.459,163.983
249.135,237.835,163.84
249.722,236.903,160.224
253.449,236.467,160.728
252.926,233.967,163.531
253.608,230.267,163.58
250.578,228.003,163.552
250.829,226.635,167.091
251.5,230.069,168.476
248.637,231.664,166.637
246.286,228.955,167.807
247.499,229.332,171.355
247.049,233.051,171.072
243.472,232.678,169.974
242.65,230.314,172.801
244.323,232.652,175.24
242.194,235.487,173.989
238.988,233.524,174.277
239.845,232.5,177.797
240.738,235.993,178.906
237.647,237.404,177.283
235.435,234.959,179.081
237.196,235.496,182.357
237.324,239.272,182.489
233.859,239.778,181.169
231.984,237.062,183.023
233.905,236.312,186.23
234.99,238.173,189.289
233.868,239.496,192.61
232.983,243.005,191.704
230.71,242.866,188.7
237.477,238.08,253.435
235.715,240.07,256.14
234.498,242.93,254.012
231.348,243.442,256.043
233.266,244.12,259.2
235.628,246.443,257.386
232.567,248.342,256.188
230.89,248.785,259.551
234.101,250.351,260.785
234.15,252.862,257.943
237.135,251.417,256.087
237.247,250.263,252.496
235.748,246.846,251.864
239.057,246.008,250.235
242.319,246.57,252.187
243.765,247.922,248.963
241.493,250.954,248.712
242.411,254.251,250.309
243.751,253.036,253.658
247.205,254.046,254.989
248.51,250.75,253.627
248.093,251.955,250.051
248.384,255.725,250.234
251.75,256.021,251.956
255.025,256.235,249.944
256.365,252.704,250.478
260.024,253.603,250.071
262.533,256.401,250.524
266.278,256.96,250.101
268.494,256.024,253.051
269.491,259.688,253.492
265.861,260.596,254.048
265.127,262.433,250.795
261.671,261.532,249.454
261.233,259.13,246.553
259.621,260.198,243.261
255.875,259.836,243.739
254.022,256.66,242.806
252.091,256.27,239.561
249.119,254.684,241.292
248.794,257.441,243.87
249.162,260.039,241.134
246.242,258.692,239.16
244.18,258.22,242.323
244.858,261.855,243.25
243.775,263.0,239.822
240.472,261.189,239.713
239.649,261.883,243.359
240.077,265.525,242.453
237.897,265.057,239.389
235.193,263.595,241.611
235.318,266.409,244.147
235.228,269.05,241.401
232.12,267.389,240.095
230.489,267.357,243.546
231.041,271.072,243.868
229.694,271.708,240.373
226.455,269.728,240.854
225.852,271.276,244.262
226.243,274.768,242.814
224.04,274.101,239.784
221.267,272.778,241.972
221.439,275.798,244.271
221.426,278.269,241.377
218.461,276.343,240.017
216.456,276.746,243.215
217.323,280.45,243.489
216.266,280.992,239.872
212.888,279.36,240.542
212.282,281.442,243.681
213.142,284.557,241.708
210.633,283.685,238.959
207.986,283.24,241.663
208.789,286.705,243.03
208.54,288.125,239.52
205.104,286.587,239.066
203.888,287.947,242.418
205.293,291.341,241.444
203.491,291.378,238.084
200.173,290.552,239.764
200.515,293.857,241.661
201.978,295.567,238.597
198.561,295.093,236.979
196.727,296.723,239.901
199.015,299.757,240.321
198.844,300.473,236.597
195.067,299.947,236.33
192.376,302.62,235.889
189.886,303.616,238.612
186.582,301.771,238.293
183.704,304.248,237.952
180.452,303.354,236.239
178.582,301.089,238.669
179.86,302.779,241.838
179.008,306.407,240.995
175.214,306.019,241.175
175.3,304.403,244.645
180.858,191.706,281.643
181.016,190.718,277.976
184.335,188.874,278.32
182.832,186.718,281.103
179.844,185.697,278.969
182.059,184.484,276.1
184.018,182.384,278.567
181.33,179.992,279.73
180.917,180.517,283.49
179.317,177.03,283.905
182.532,175.749,285.547
181.694,177.719,288.725
179.839,176.61,291.883
179.259,179.569,294.217
180.191,183.271,293.943
179.901,185.666,296.872
180.996,189.298,297.16
181.605,190.773,300.613
181.947,194.553,300.729
181.382,197.626,302.885
179.35,200.367,301.113
180.488,203.359,303.175
184.213,202.845,302.524
185.999,204.934,299.888
187.794,201.993,298.255
184.876,199.715,297.319
184.064,200.947,293.784
186.198,198.256,292.18
184.496,195.356,293.952
181.097,196.858,293.079
182.044,197.034,289.393
183.035,193.373,289.6
179.662,192.594,291.21
177.686,194.281,288.439
179.862,192.561,285.829
179.124,189.083,287.239
175.452,189.841,287.992
174.616,190.713,284.366
172.072,188.623,282.495
174.547,186.994,280.092
176.922,185.61,282.709
174.02,184.872,285.063
172.25,182.799,282.375
175.347,180.902,281.188
174.699,178.496,284.084
171.772,178.263,286.505
173.622,175.961,288.897
175.599,178.943,290.205
174.419,181.297,292.944
175.6,184.883,293.325
175.428,186.259,296.862
175.951,189.881,297.891
177.229,190.282,301.455
176.694,193.825,302.659
178.122,194.958,306.008
179.019,198.379,307.399
181.789,197.377,309.843
183.75,194.639,308.026
185.97,197.324,306.473
187.734,194.911,304.068
186.091,194.299,300.661
186.562,190.787,299.259
185.555,188.376,296.5
185.32,184.601,297.0
184.641,182.094,294.208
184.405,178.283,294.491
184.472,176.005,291.46
184.252,172.319,290.626
187.977,171.717,290.34
187.741,171.69,294.126
189.272,175.141,293.741
188.738,178.246,295.851
189.765,181.618,294.387
189.758,184.487,296.871
190.776,187.942,295.659
190.657,190.777,298.143
189.869,193.962,296.299
191.301,196.804,298.299
193.786,198.415,296.029
192.849,196.149,293.088
191.189,197.594,289.961
187.943,196.181,288.56
189.263,194.855,285.25
192.344,193.444,286.977
189.957,191.401,289.115
187.994,190.4,286.034
191.123,189.473,284.034
192.52,187.495,286.957
189.095,185.863,287.319
189.061,184.95,283.629
192.562,183.476,283.244
192.256,181.712,286.615
188.777,180.242,286.386
188.799,179.35,282.7
192.232,177.78,282.193
191.308,175.652,285.256
187.932,173.949,284.912
131.883,191.06,261.214
130.413,194.379,260.078
128.3,196.91,261.977
126.506,199.996,260.644
126.043,202.468,263.499
123.574,205.365,263.49
122.572,207.536,266.507
120.196,204.676,267.265
122.774,201.969,266.378
125.952,203.536,267.887
124.194,203.905,271.245
122.434,200.491,270.939
125.591,198.53,270.069
127.447,200.151,272.972
126.811,201.115,276.566
127.521,204.842,276.481
127.845,206.452,279.906
126.538,209.957,280.791
128.789,213.009,280.383
129.095,213.452,284.173
130.426,209.895,284.561
133.463,210.391,282.289
136.815,211.472,283.834
138.353,214.92,283.275
141.531,213.896,281.437
139.429,212.451,278.591
138.408,216.01,277.561
141.87,217.581,277.972
143.854,215.346,275.588
144.673,216.97,272.244
142.601,215.398,269.493
144.414,216.179,266.224
147.309,218.725,266.614
150.443,216.784,267.66
152.549,219.336,269.57
155.558,221.212,268.157
158.913,222.185,269.653
158.428,225.957,269.896
155.05,225.5,271.573
156.317,223.521,274.576
157.926,225.059,277.665
161.668,224.283,278.117
160.963,223.714,281.845
158.58,220.833,281.037
159.724,217.192,280.727
157.791,216.578,277.501
159.779,219.299,275.732
162.935,217.346,276.455
161.326,214.112,275.336
160.608,215.796,272.007
164.104,217.242,271.778
165.527,213.782,272.382
163.321,212.381,269.631
164.488,215.064,267.199
168.111,214.395,268.112
167.555,210.749,267.272
165.976,211.646,263.937
168.942,213.852,263.186
171.423,211.112,264.063
169.424,208.754,261.864
169.595,211.098,258.883
173.316,211.579,259.431
173.839,207.81,259.48
172.512,207.351,255.924
176.111,207.227,254.642
177.188,204.084,256.525
179.49,201.778,254.583
179.004,199.014,257.169
219.892,203.925,235.643
217.7,206.952,235.99
218.226,208.968,232.866
216.948,212.398,232.201
215.026,212.315,228.941
216.52,214.385,226.129
218.713,217.261,227.124
219.202,218.01,230.78
217.941,221.536,231.345
215.647,222.137,228.381
212.445,220.431,227.43
209.094,219.215,228.722
210.992,217.044,231.218
213.907,218.603,233.052
216.397,217.756,235.72
214.566,218.73,238.965
217.227,220.917,240.64
216.189,222.297,244.101
216.588,225.757,245.582
219.396,226.017,248.114
219.366,227.952,251.405
222.381,229.768,249.93
220.321,230.95,246.967
217.482,232.078,249.214
219.989,234.121,251.209
221.438,235.726,248.097
218.071,236.627,246.614
216.923,238.12,249.895
220.073,240.211,250.198
219.546,241.658,246.71
215.944,242.39,247.646
216.965,244.297,250.749
219.44,246.42,248.814
216.726,247.242,246.353
214.192,248.135,249.045
216.671,250.606,250.399
217.252,251.76,246.837
213.676,252.742,246.354
213.698,254.476,249.655
216.372,256.915,248.496
214.615,257.369,245.217
211.436,258.434,246.895
212.01,262.087,247.866
213.546,264.462,245.303
215.395,267.581,246.432
214.024,269.887,243.773
210.457,269.588,242.507
209.705,268.823,238.862
209.168,272.451,237.942
212.05,273.689,240.067
214.538,271.885,237.818
213.225,273.117,234.446
216.166,274.451,232.485
218.043,274.455,235.781
221.124,273.667,233.823
220.425,274.366,230.178
223.519,276.447,229.772
225.967,273.717,230.584
224.277,271.267,228.239
224.221,273.624,225.243
227.843,274.54,225.985
228.887,270.886,226.044
227.261,270.295,222.684
229.129,273.299,221.271
232.251,271.583,222.579
231.463,268.363,220.694
230.762,270.26,217.483
233.92,272.329,217.799
236.04,269.226,218.391
234.773,267.586,215.204
234.915,270.672,212.978
238.66,270.897,213.54
239.365,267.637,211.721
241.691,268.384,208.819
244.784,266.852,207.196
247.904,267.596,209.252
250.579,270.146,208.325
253.524,269.012,206.238
256.944,270.403,207.137
260.351,270.582,205.446
261.958,268.732,208.336
260.353,265.49,207.191
261.024,265.46,203.476
264.526,266.836,203.952
265.143,264.916,207.141
264.895,261.663,205.212
268.265,262.405,203.597
269.889,261.825,206.981
269.672,258.119,206.149
272.988,258.241,204.283
274.97,260.429,206.76
278.581,259.185,207.11
281.992,259.549,208.631
284.618,260.754,206.167
239.961,289.662,145.808
238.007,286.392,145.67
234.457,286.102,144.368
232.118,283.129,143.961
228.88,282.238,142.205
227.264,282.557,145.618
228.912,285.8,146.692
227.056,288.64,148.313
226.99,290.868,145.262
225.723,288.283,142.798
223.037,287.049,145.199
221.696,290.547,145.748
222.633,292.582,142.655
220.862,295.712,143.844
223.121,296.533,146.811
226.87,296.124,146.325
229.342,298.555,147.946
230.899,297.336,151.217
229.489,300.382,153.024
225.902,299.52,152.01
225.129,297.626,155.212
226.457,300.339,157.533
224.454,303.232,156.074
222.261,305.017,158.607
218.668,305.703,157.498
217.803,308.499,159.964
215.181,309.592,157.425
213.524,306.157,157.625
212.593,306.595,161.282
212.148,310.291,161.988
209.644,309.595,164.771
212.343,308.986,167.409
209.979,308.209,170.244
211.703,308.434,173.613
214.841,310.548,173.035
216.758,308.593,175.668
219.19,311.476,176.285
216.246,313.304,177.888
215.579,310.61,180.49
217.249,310.084,183.833
218.231,306.415,183.948
219.264,304.963,187.291
220.742,301.547,188.052
220.292,299.93,191.466
222.273,296.689,191.385
220.931,294.084,193.832
223.184,291.011,194.146
222.684,288.104,196.55
218.397,286.503,194.257
220.462,288.402,191.698
218.423,291.216,190.072
219.154,294.734,188.837
216.492,297.369,189.372
216.473,299.816,186.478
214.64,303.109,186.836
213.395,305.683,184.345
212.619,309.19,185.616
211.499,312.259,183.74
209.528,315.454,184.294
206.043,315.033,182.812
205.019,318.679,182.344
208.436,319.568,180.929
208.434,316.754,178.342
207.821,318.189,174.881
208.137,315.041,172.76
204.621,314.115,173.767
201.526,316.051,172.708
199.593,318.184,175.199
196.364,316.123,175.294
198.446,312.966,175.85
200.698,314.706,178.406
197.539,315.585,180.348
195.869,312.145,180.144
199.077,310.483,181.37
199.017,312.648,184.493
195.523,311.24,185.071
195.856,307.472,184.566
199.352,307.094,186.023
199.214,309.677,188.85
199.981,306.807,191.238
203.508,306.505,189.887
204.04,310.268,189.549
206.251,312.033,192.119
205.694,315.259,194.11
208.502,316.9,192.121
206.436,316.215,188.994
208.505,313.198,187.967
207.059,310.162,186.233
208.917,307.081,187.416
209.039,303.682,185.725
210.776,300.681,187.23
211.771,297.246,186.003
213.163,294.336,187.919
213.178,290.946,186.232
216.437,290.207,184.375
219.948,290.171,185.764
220.945,292.115,182.624
220.056,295.795,182.789
219.752,295.953,179.014
216.655,293.831,179.433
215.426,296.031,182.265
215.88,299.251,180.335
214.088,297.563,177.455
211.178,296.688,179.729
210.932,300.266,180.985
211.039,301.736,177.506
208.441,299.257,176.306
206.203,300.217,179.243
206.557,303.898,178.381
205.832,303.201,174.712
202.683,301.372,175.747
201.486,304.109,178.107
201.977,306.756,175.445
200.293,304.394,172.978
197.116,303.88,175.027
196.933,307.54,176.096
197.363,308.789,172.517
194.467,306.543,171.512
191.185,308.426,172.086
189.502,305.07,171.4
190.541,303.699,174.808
187.366,302.829,176.738
189.124,301.94,180.03
187.101,298.724,180.497
186.931,297.546,184.122
186.499,293.971,185.397
183.812,293.116,187.957
186.063,290.586,189.732
187.936,292.836,192.194
185.621,295.828,191.701
182.408,294.16,192.928
183.394,295.02,196.508
184.088,298.557,195.314
180.717,299.06,193.576
178.68,297.498,196.363
180.484,299.219,199.26
180.227,302.454,197.262
176.468,302.073,196.762
176.022,301.111,200.391
177.967,304.087,201.715
175.741,306.069,199.342
172.638,304.811,201.164
173.913,306.54,204.324
175.369,309.594,202.552
171.817,310.222,201.26
170.745,312.181,204.372
169.913,315.722,203.242
170.249,318.795,205.418
172.785,321.567,204.804
175.742,321.929,207.165
178.609,324.389,207.818
282.741,256.78,178.713
281.234,259.043,176.091
277.58,258.916,175.07
276.216,257.633,171.754
275.329,260.161,169.07
271.868,261.576,169.906
268.923,260.161,167.963
267.715,262.66,165.38
264.758,262.89,163.054
266.031,263.038,159.466
264.331,265.921,157.685
265.08,264.59,154.209
262.136,263.289,152.168
261.563,259.552,152.628
260.498,257.297,149.783
259.916,253.563,150.321
260.52,251.031,147.525
257.249,250.673,145.569
258.512,247.31,144.296
259.3,245.753,147.708
256.385,243.506,148.786
257.302,243.969,152.468
256.384,247.654,152.376
253.052,248.685,153.919
250.268,249.695,151.577
249.718,252.99,153.375
253.163,254.186,152.339
252.46,253.629,148.643
249.295,255.762,148.605
248.619,259.067,146.803
248.025,260.618,150.212
251.535,259.696,151.303
252.93,261.55,148.318
250.857,264.673,148.91
251.854,264.593,152.571
255.498,264.251,151.6
255.016,267.385,149.504
253.391,269.431,152.237
256.27,268.456,154.519
258.947,269.676,152.064
257.623,269.783,148.499
260.527,271.493,146.829
262.964,268.722,147.65
260.127,266.23,147.651
260.39,265.542,143.961
256.645,265.632,143.777
254.964,267.2,140.775
252.788,269.911,142.274
250.109,269.469,139.618
249.492,266.029,141.088
247.872,267.623,144.134
244.652,268.447,142.302
241.808,266.17,141.239
242.131,264.443,137.859
239.545,264.975,135.15
237.706,261.845,136.303
237.986,262.76,139.976
236.792,266.263,139.14
233.788,265.053,137.173
232.839,262.773,140.061
233.264,265.421,142.755
231.115,267.621,140.557
228.421,264.973,140.048
228.23,264.203,143.768
228.243,267.832,144.904
225.477,268.519,142.376
223.431,265.586,143.668
223.596,265.928,147.476
224.08,269.679,147.961
221.261,271.696,146.359
221.191,275.32,145.158
220.435,278.126,147.595
217.531,279.064,145.333
216.359,275.447,145.157
216.347,275.289,148.948
214.568,278.605,149.498
211.954,277.272,147.081
211.76,273.916,148.918
211.142,275.753,152.19
208.579,278.133,150.734
206.499,275.157,149.525
206.472,273.431,152.943
205.588,276.632,154.795
202.726,277.082,152.333
201.441,273.529,152.956
201.555,274.099,156.729
199.675,277.395,156.492
197.026,275.625,154.404
196.716,272.91,157.069
196.312,275.456,159.895
193.697,277.407,157.946
191.888,274.136,157.172
191.787,273.203,160.863
190.635,276.675,161.916
187.976,276.669,159.207
186.647,273.296,160.361
186.558,274.412,164.012
184.747,277.703,163.299
182.269,275.92,161.011
181.353,273.274,163.58
181.382,275.724,166.499
178.748,277.73,164.666
176.689,274.525,164.469
176.955,273.617,168.153
173.958,275.185,169.948
171.637,273.773,167.268
173.156,270.295,167.602
173.091,270.047,171.396
169.61,271.614,171.572
168.345,269.197,168.915
169.849,266.272,170.821
168.374,267.575,174.086
164.891,267.709,172.519
165.533,264.261,171.038
166.378,262.787,174.449
163.488,264.584,176.194
161.103,263.259,173.524
162.596,259.794,174.077
162.014,260.039,177.846
158.427,261.261,177.422
157.891,258.47,174.878
158.993,255.779,177.359
157.069,257.34,180.278
153.914,257.682,178.151
154.346,254.004,177.209
154.639,252.972,180.884
151.565,255.042,181.86
149.433,253.772,178.951
150.476,250.279,180.079
149.779,251.031,183.767
146.208,252.171,183.014
145.484,249.226,180.658
146.748,246.793,183.324
144.781,248.599,186.06
141.563,248.292,184.025
263.584,122.866,201.906
264.762,124.853,198.847
265.559,128.562,199.024
263.949,130.386,196.116
265.016,133.945,195.295
263.346,136.544,193.071
265.206,137.361,189.813
267.888,140.046,189.734
266.286,142.012,186.876
265.892,145.813,187.11
262.669,147.554,188.174
259.858,147.842,185.636
258.425,151.242,186.515
261.4,153.224,187.813
263.03,156.263,186.161
266.45,154.596,185.741
268.207,153.647,182.513
268.119,149.928,183.247
264.375,150.197,183.799
263.998,151.915,180.437
265.874,149.005,178.919
263.456,146.644,180.615
260.417,148.408,179.143
262.032,148.325,175.707
262.466,144.612,176.258
258.747,144.572,177.052
257.342,145.961,173.782
259.917,143.945,171.852
258.547,140.946,173.749
255.163,141.976,172.353
256.535,141.822,168.805
258.07,138.342,169.284
254.738,137.227,170.653
252.661,138.476,167.732
251.236,136.181,165.068
250.472,137.771,161.713
253.248,139.623,159.918
250.858,142.574,159.727
250.785,142.865,163.513
254.561,142.765,163.658
254.772,145.544,161.108
252.027,147.471,162.903
253.965,147.442,166.161
257.348,148.098,164.605
256.146,151.126,162.663
253.447,152.781,164.774
255.742,155.167,166.668
256.015,158.264,164.55
259.276,160.002,165.56
261.818,162.021,163.575
263.92,160.382,160.864
266.386,161.107,158.079
264.937,160.604,154.619
267.419,158.81,152.409
267.046,159.596,148.743
268.33,156.816,146.498
268.991,159.275,143.691
271.342,161.828,145.103
273.123,165.046,144.265
275.202,164.713,147.429
278.866,164.349,146.692
279.867,160.951,147.913
276.678,159.297,148.917
277.946,155.797,148.331
280.119,155.896,151.439
277.412,157.472,153.508
274.751,154.998,152.446
277.091,152.099,153.01
277.506,153.517,156.481
273.764,153.785,157.092
273.143,150.324,155.771
276.213,148.455,157.052
276.963,147.475,153.474
280.268,146.434,151.956
280.86,147.235,148.321
282.811,145.0,145.959
283.527,145.856,142.336
282.66,143.154,139.807
279.765,140.703,139.643
279.406,137.988,142.326
281.233,134.667,141.909
279.719,132.915,138.921
277.465,129.974,139.845
279.278,127.456,137.595
276.593,124.931,138.625
274.575,126.284,135.652
273.077,123.747,133.232
273.798,123.975,129.462
270.882,126.417,128.992
272.367,129.14,126.755
270.726,128.125,123.472
269.912,131.857,123.335
269.42,133.708,120.077
271.532,136.84,120.325
270.222,138.046,116.981
266.562,137.899,118.029
267.494,139.884,121.131
269.579,142.469,119.247
266.535,142.865,117.042
264.065,143.016,119.938
266.063,145.662,121.821
266.855,147.837,118.823
263.152,147.773,118.063
262.619,149.543,121.377
265.52,151.934,120.957
264.499,152.924,117.451
260.826,153.118,118.32
261.563,155.719,120.966
264.402,157.682,119.453
263.126,157.665,115.891
259.885,156.096,114.692
257.331,157.151,117.277
256.021,160.68,116.764
255.292,162.782,119.817
253.21,165.972,119.741
255.895,168.518,118.96
258.166,169.633,121.781
258.919,173.363,121.745
262.066,172.953,123.921
263.8,170.602,121.374
266.105,169.968,124.373
264.615,166.444,124.167
264.294,165.516,127.85
266.099,162.223,128.311
263.498,161.32,130.9
260.627,161.602,128.413
262.564,159.626,125.807
264.101,156.925,127.985
261.141,156.104,130.217
259.027,154.378,127.58
262.198,152.829,126.143
262.909,151.177,129.454
259.312,150.069,129.949
259.324,148.461,126.54
262.782,146.965,127.029
261.756,145.187,130.213
258.363,144.085,128.92
259.978,142.715,125.752
262.978,140.905,127.23
260.724,139.443,129.894
258.613,137.856,127.183
261.49,136.674,125.015
263.475,135.087,127.808
260.318,133.685,129.352
260.764,130.827,126.887
263.974,129.712,128.568
263.078,130.73,132.106
259.463,129.76,132.947
259.548,131.668,136.225
259.113,134.944,134.369
255.74,133.636,133.229
254.367,133.598,136.765
256.111,136.865,137.52
254.504,140.203,138.236
255.739,143.311,136.494
255.585,146.491,138.527
255.544,149.867,136.816
256.695,152.888,138.857
255.371,151.735,142.189
256.738,152.675,145.617
259.168,150.743,147.779
259.456,151.909,151.362
261.867,150.824,154.033
262.311,152.034,157.569
265.082,151.145,159.935
267.101,152.124,162.963
270.844,152.588,163.16
273.287,153.711,165.828
272.783,156.226,168.619
272.972,159.931,169.167
273.037,162.172,172.167
270.306,164.696,171.441
272.084,168.002,170.887
269.362,170.599,171.53
265.914,171.076,173.015
264.284,170.052,176.276
265.345,166.493,175.63
268.981,167.538,175.336
271.507,165.061,176.654
269.301,162.003,176.416
270.027,159.131,174.069
268.138,158.351,170.902
268.441,156.061,167.897
269.095,157.41,164.434
266.116,156.585,162.288
266.088,156.322,158.513
263.399,156.046,155.867
263.648,155.288,152.177
260.825,156.21,149.876
261.703,154.886,146.474
260.022,154.544,143.094
261.763,152.063,140.8
260.891,152.323,137.121
260.287,148.578,136.883
260.097,145.521,139.122
259.803,141.788,138.756
258.263,139.941,141.671
258.156,136.157,142.21
256.463,133.545,144.434
259.742,131.935,145.502
263.133,133.24,146.568
266.375,133.628,144.591
269.488,131.659,145.692
272.201,133.254,147.831
275.361,134.435,146.123
277.595,133.578,149.059
276.872,131.827,152.336
275.371,133.786,155.217
278.517,133.991,157.338
280.763,134.79,154.372
283.494,137.12,155.582
285.498,139.795,153.82
288.705,141.687,154.665
287.157,145.025,153.603
285.383,146.952,156.364
282.276,149.137,156.311
283.348,152.809,156.167
282.768,154.942,159.261
281.87,158.567,158.629
283.117,161.079,161.124
280.263,163.575,161.052
276.569,163.823,161.539
274.565,162.628,158.53
273.365,166.21,158.234
276.464,167.442,156.447
275.865,165.031,153.574
273.331,166.928,153.274
270.419,165.022,154.782
267.275,166.266,156.455
265.103,165.06,159.253
261.342,164.937,158.879
258.511,163.004,160.478
255.599,161.183,158.871
254.331,157.604,158.695
257.094,155.015,158.555
256.246,152.412,155.989
257.764,149.086,155.145
256.394,148.207,151.764
257.659,145.809,149.145
255.89,147.199,146.107
252.831,145.329,147.34
250.91,144.588,150.542
251.651,141.654,152.819
248.585,139.706,151.649
250.128,139.25,148.203
251.365,135.769,147.186
254.404,137.209,145.401
256.785,138.074,148.201
260.184,138.121,146.6
262.28,140.373,144.453
263.932,139.462,141.198
265.365,142.592,139.64
264.787,146.335,139.705
265.235,148.842,136.912
266.085,152.372,137.888
266.023,155.214,135.442
268.332,158.02,136.496
266.559,161.367,136.861
267.431,164.366,134.718
269.546,166.299,137.252
272.045,163.449,137.375
272.96,163.263,133.662
276.63,162.663,132.837
276.616,165.963,130.988
275.318,168.032,133.917
277.844,166.446,136.261
280.623,167.155,133.778
279.575,170.818,133.81
279.657,170.976,137.604
283.288,169.861,137.694
282.297,166.462,139.097
284.033,163.713,137.169
284.224,160.729,139.513
280.691,161.34,140.707
279.352,159.835,137.499
280.046,156.452,139.024
279.046,157.343,142.565
275.505,158.312,141.625
274.914,154.827,140.254
276.403,153.042,143.255
274.422,155.033,145.767
271.16,154.347,144.012
271.65,150.602,144.053
272.913,150.522,147.594
269.844,152.35,148.786
267.142,150.913,146.596
268.172,147.302,146.734
268.795,147.464,150.449
265.348,148.85,150.993
263.852,146.224,148.751
265.617,143.308,150.293
265.065,144.677,153.769
261.368,144.945,153.078
261.168,141.415,151.724
262.902,140.208,154.832
260.401,141.897,157.093
257.528,140.472,155.149
258.816,137.107,156.251
258.704,138.221,159.852
262.39,138.797,160.368
263.516,141.976,162.114
266.172,143.542,164.352
265.785,140.99,167.145
265.024,137.952,164.964
267.826,138.864,162.557
267.797,136.663,159.467
268.162,132.936,158.833
268.61,132.82,155.021
270.331,135.559,152.996
267.909,137.736,151.041
269.06,138.646,147.57
267.981,140.874,144.733
269.35,142.346,141.548
269.236,145.763,139.968
269.944,147.559,136.732
270.553,151.253,136.792
270.33,153.311,133.696
270.784,156.659,132.151
269.053,155.905,128.85
272.415,155.277,127.156
274.524,153.798,129.998
273.932,150.741,132.196
275.272,149.34,135.467
274.446,146.063,137.165
274.177,145.4,140.868
273.687,142.413,143.083
272.679,142.851,146.654
272.753,140.394,149.495
271.071,141.222,152.792
272.509,139.27,155.709
272.085,141.451,158.778
268.788,143.073,159.472
270.007,144.116,162.895
271.675,147.484,162.605
270.214,148.669,165.915
272.496,150.008,168.655
271.783,147.093,171.012
271.616,144.449,168.297
274.791,145.424,166.442
277.144,145.044,169.4
278.556,141.559,168.875
277.197,141.078,165.366
279.863,139.897,162.816
277.738,139.857,159.617
277.721,142.443,156.828
275.432,143.238,153.917
277.133,142.857,150.575
276.759,144.693,147.288
278.474,143.8,144.023
278.512,146.296,141.208
279.613,146.938,137.674
281.356,149.903,136.153
278.971,151.961,134.024
278.989,151.163,130.316
277.2,152.189,127.093
274.503,150.101,125.422
274.56,151.836,122.09
276.598,154.607,120.569
274.868,157.497,118.795
271.576,156.404,117.189
271.276,158.023,113.767
268.222,158.007,111.497
266.765,154.545,112.258
270.288,153.074,112.463
271.783,152.082,115.824
275.472,152.575,115.258
277.612,151.273,118.106
276.21,148.285,119.935
277.445,146.326,122.942
276.583,142.68,123.162
278.137,142.329,126.624
275.471,144.595,128.083
272.728,142.463,126.557
274.449,139.381,127.909
274.548,140.674,131.461
270.949,141.811,131.307
270.191,138.3,130.099
272.186,136.828,132.979
270.128,138.713,135.526
266.898,137.815,133.814
267.887,134.14,133.723
268.191,133.751,137.494
265.909,131.141,139.081
264.785,129.845,142.452
266.327,126.443,143.212
264.006,123.525,142.562
262.681,120.779,144.843
203.371,202.329,292.77
201.032,199.506,293.638
202.131,195.873,293.449
199.65,193.053,292.903
200.544,189.799,294.628
199.298,186.262,293.991
199.789,183.248,296.283
198.919,179.536,295.9
198.12,177.679,299.15
196.366,174.296,299.308
193.934,174.758,296.392
193.172,178.323,297.529
194.561,181.315,295.611
194.92,184.776,297.148
195.271,187.92,295.015
195.777,191.23,296.79
196.833,194.81,296.106
199.647,196.328,298.158
200.879,199.934,298.14
204.558,200.889,298.186
206.133,204.347,298.506
206.15,206.707,295.538
208.901,209.305,295.137
207.546,212.848,294.878
208.044,215.799,292.553
211.217,217.693,293.491
210.423,220.611,295.838
211.017,223.756,293.8
210.192,224.027,290.07
211.504,227.04,288.078
208.215,227.84,286.339
205.479,226.853,288.834
202.73,228.518,286.803
203.765,226.157,284.013
201.122,223.646,283.03
202.912,220.54,281.728
205.64,218.606,283.644
208.312,219.227,281.002
207.556,222.919,280.794
207.618,223.859,284.433
211.141,222.509,284.579
212.035,224.551,281.493
212.952,221.422,279.583
210.961,222.312,276.496
213.052,221.969,273.337
216.039,220.817,275.409
215.895,217.098,276.169
217.021,214.717,273.451
216.973,210.907,273.027
220.277,210.992,274.814
218.991,212.242,278.149
218.081,209.151,280.027
217.691,210.581,283.508
214.725,212.474,282.154
213.261,209.728,280.0
213.293,206.898,282.522
210.861,208.876,284.667
208.063,208.103,282.283
208.07,204.396,281.455
207.346,201.065,283.034
209.878,198.736,284.642
209.368,196.566,281.562
210.24,199.383,279.186
206.988,200.627,277.719
205.673,204.172,277.834
203.455,205.464,280.643
199.997,206.686,279.599
199.494,210.378,279.157
196.679,211.203,281.559
198.716,209.655,284.377
201.863,211.571,283.566
200.125,214.788,282.599
202.327,215.711,279.658
201.235,218.248,277.059
200.116,216.1,274.113
202.925,217.26,271.86
205.606,216.634,274.452
204.179,213.201,275.129
204.7,212.28,271.529
208.22,213.696,271.643
209.125,211.747,274.786
207.722,208.578,273.237
209.902,208.997,270.174
212.914,209.584,272.366
212.274,206.531,274.432
211.978,204.333,271.377
215.228,205.81,270.09
216.928,205.31,273.459
215.86,201.711,273.695
217.188,201.05,270.234
220.397,202.856,271.108
221.175,200.373,273.872
220.502,202.753,276.741
218.156,201.605,279.489
219.434,198.004,279.432
217.684,197.371,282.76
214.228,198.225,281.511
213.732,195.096,279.413
211.574,192.166,280.604
213.529,189.385,282.342
213.4,185.914,280.728
215.742,183.263,282.332
215.942,181.086,279.191
216.574,183.639,276.442
219.7,185.309,277.82
221.673,182.139,277.072
221.094,181.875,273.252
223.568,184.43,271.868
222.865,186.238,268.606
225.408,188.141,266.497
226.653,190.836,268.899
224.285,193.785,268.97
225.043,196.257,266.219
225.741,199.598,267.834
223.305,202.197,266.565
221.896,205.524,267.633
219.235,208.004,266.614
217.251,205.334,264.803
213.808,206.447,263.701
212.356,203.205,262.391
212.567,199.695,263.804
215.421,197.546,262.477
213.153,194.688,261.385
210.877,196.858,259.267
213.351,198.456,256.91
214.087,197.365,253.362
217.671,197.834,252.166
217.781,200.532,249.529
219.275,198.849,246.507
218.731,201.668,244.147
220.134,204.819,245.808
219.581,206.959,242.769
221.378,209.835,241.193
222.053,213.324,242.319
218.674,214.661,241.225
216.448,211.903,242.527
218.13,210.539,245.619
216.83,208.147,248.23
217.798,209.618,251.574
218.099,207.679,254.823
216.206,209.089,257.814
218.116,209.899,261.002
216.504,210.978,264.27
212.876,212.057,264.283
211.193,215.179,262.875
209.325,215.497,266.172
212.562,216.84,267.586
213.289,219.377,264.843
212.499,222.189,267.288
215.3,221.423,269.744
217.478,224.434,270.4
220.449,224.508,268.029
223.571,226.06,269.452
225.395,225.9,266.137
222.492,227.669,264.453
222.365,225.237,261.535
219.219,223.112,261.561
219.629,219.464,262.439
220.043,217.202,259.459
217.179,214.756,259.414
218.032,212.786,256.306
221.159,211.293,254.897
136.311,241.389,196.578
133.679,241.632,199.317
129.958,242.407,198.977
127.459,241.061,201.525
123.697,241.334,200.98
121.187,242.147,203.742
117.848,240.328,203.308
114.694,241.915,204.766
143.354,238.167,195.221
144.937,238.081,198.703
142.263,235.905,200.321
142.308,233.869,197.092
146.011,233.049,197.607
145.226,232.415,201.297
142.417,230.043,200.214
144.633,228.432,197.542
147.28,227.8,200.217
144.546,226.566,202.603
143.114,224.246,199.93
146.632,222.998,199.123
147.382,222.512,202.851
144.087,220.633,203.337
145.028,217.991,200.74
150.911,233.384,197.177
154.523,232.193,196.68
154.521,229.807,199.677
151.5,228.109,198.093
153.437,227.659,194.815
156.426,226.238,196.719
154.275,223.914,198.877
152.173,222.79,195.869
155.321,222.212,193.775
156.742,220.128,196.647
153.401,218.285,196.983
153.101,217.705,193.202
156.706,216.443,193.121
155.863,214.256,196.159
152.69,212.936,194.461
154.529,212.225,191.176
157.017,210.097,193.148
111.868,229.186,213.452
112.03,232.93,214.187
112.391,233.778,210.476
109.438,231.475,209.683
107.315,233.127,212.408
108.361,236.566,211.129
107.565,235.368,207.581
104.167,234.234,208.89
103.579,237.611,210.581
104.728,239.55,207.482
102.767,237.446,204.957
99.707,237.746,207.249
100.158,241.535,207.644
100.613,241.891,203.861
97.138,240.474,203.194
110.844,248.89,204.658
109.917,245.962,206.929
111.866,246.809,210.075
111.115,250.458,209.315
107.504,249.701,210.195
108.64,247.418,213.014
110.779,250.299,214.366
107.879,252.699,213.783
105.767,250.316,215.882
108.451,250.102,218.582
108.698,253.901,218.828
143.14,242.136,171.691
145.645,244.286,173.624
143.457,245.074,176.656
142.413,241.398,176.899
146.076,240.32,177.076
146.671,243.132,179.607
143.692,241.89,181.68
144.849,238.243,181.371
148.291,239.483,182.502
146.73,241.405,185.436
144.806,238.216,186.338
147.968,236.086,186.027
149.783,238.669,188.208
146.913,238.725,190.739
146.887,234.905,190.845
150.659,234.575,191.338
88.076,114.976,148.881
89.884,111.862,147.609
88.947,112.699,144.023
90.259,116.246,144.501
93.549,114.564,145.367
92.983,112.66,142.11
92.432,115.887,140.138
95.659,117.311,141.596
97.716,114.078,141.289
96.725,113.091,137.733
98.496,115.781,135.602
101.938,115.194,137.203
102.212,111.643,135.764
102.434,112.768,132.109
105.378,114.728,130.712
103.4,116.606,128.011
100.041,116.86,129.81
98.952,120.221,128.29
100.696,119.355,124.98
102.767,122.53,124.814
105.446,120.873,122.622
103.635,122.104,119.509
103.486,125.786,120.528
107.001,126.51,119.229
110.176,125.096,117.669
113.852,125.934,117.2
112.907,127.546,113.86
109.945,129.379,115.449
112.267,130.906,118.053
114.991,131.628,115.46
112.569,133.663,113.342
111.74,135.709,116.471
115.456,136.749,116.719
115.643,135.043,120.181
119.161,133.665,119.461
120.579,137.231,119.427
122.51,138.635,122.416
124.457,141.832,123.228
128.118,142.696,122.512
130.813,140.457,124.052
131.97,143.42,126.155
128.605,143.374,127.946
128.548,139.601,128.548
127.68,138.393,132.051
130.071,135.665,133.232
127.361,133.165,134.195
125.835,133.381,130.697
128.715,131.598,128.904
127.414,127.995,129.175
124.257,129.264,127.394
126.159,130.843,124.51
126.574,128.985,121.224
129.289,131.519,120.423
130.278,135.055,119.451
129.767,136.143,115.861
131.788,139.271,115.113
131.462,140.717,118.622
127.777,139.898,119.015
126.849,137.027,121.339
124.749,134.217,119.84
122.604,132.339,122.354
122.381,128.589,121.737
118.716,127.961,120.81
118.939,124.229,121.468
119.353,124.98,125.181
116.784,127.791,124.873
114.206,125.303,123.62
115.193,122.69,126.241
114.686,125.346,128.971
111.573,127.104,127.585
109.944,123.673,127.455
110.371,123.159,131.186
109.455,126.798,131.926
106.141,126.648,130.052
105.495,123.191,131.597
105.894,124.633,135.115
103.861,127.778,134.35
100.894,125.754,133.033
101.044,123.331,135.991
100.903,126.339,138.358
97.9,127.868,136.567
96.158,124.439,136.621
96.448,124.159,140.4
94.86,127.606,140.746
97.694,129.864,141.854
98.736,133.416,141.307
101.01,134.317,138.413
102.724,137.68,138.266
104.339,139.096,135.142
107.153,141.376,136.159
109.12,143.485,133.767
110.516,146.94,134.085
111.113,147.95,130.492
109.272,150.818,128.95
108.465,149.641,125.493
106.593,146.448,126.204
105.019,147.655,129.456
101.564,148.082,127.881
101.873,144.84,125.903
102.679,142.874,129.041
99.921,144.466,131.155
97.577,143.584,128.307
98.917,139.994,128.142
98.467,139.331,131.873
94.972,140.926,131.895
94.087,138.532,129.048
95.413,135.408,130.811
93.52,136.422,133.933
96.894,136.962,135.593
98.547,139.868,137.362
101.284,142.205,136.104
103.68,144.574,137.839
105.299,146.605,135.072
105.766,149.773,137.089
108.23,151.109,139.639
108.595,148.261,142.168
107.881,149.503,145.696
110.619,148.602,148.158
109.033,146.256,150.682
106.5,144.782,148.245
107.229,141.046,148.474
109.147,141.06,151.795
106.746,143.203,153.791
103.442,142.232,152.167
100.944,142.949,154.984
101.855,146.639,155.249
102.074,147.527,151.56
99.196,145.403,150.241
96.921,144.819,153.276
96.11,143.066,156.617
96.572,139.564,155.237
97.262,138.704,151.623
98.167,135.87,149.295
101.433,136.183,147.395
102.117,135.06,143.785
102.987,131.353,143.602
105.111,132.052,140.511
106.742,135.164,139.085
107.607,135.614,135.396
110.37,138.021,134.359
110.269,139.188,130.747
113.135,141.497,131.684
115.457,140.509,134.513
116.92,144.011,134.757
115.711,147.442,135.798
116.198,150.571,133.724
119.471,151.367,135.591
120.691,147.905,134.358
120.884,146.264,137.776
119.046,143.008,138.512
115.338,143.587,139.317
114.902,143.544,143.107
111.949,141.229,142.774
114.4,138.469,141.79
116.322,138.619,145.083
113.083,139.146,147.035
111.097,136.331,145.382
114.056,134.11,146.147
113.902,135.464,149.704
110.202,134.645,149.865
110.353,131.014,148.69
108.653,131.725,145.368
109.754,130.009,142.164
110.751,132.251,139.292
110.675,131.926,135.507
112.453,134.62,133.519
113.986,135.456,130.153
117.657,136.023,130.834
119.467,137.877,128.049
123.188,137.684,127.328
124.027,140.249,130.066
121.521,139.096,132.79
122.257,136.993,135.915
120.516,133.536,135.833
121.755,132.402,139.266
118.764,133.122,141.536
116.169,132.317,138.87
114.389,128.901,139.175
113.527,128.281,135.517
115.62,130.638,133.371
115.071,130.638,129.632
118.13,132.031,127.789
117.065,134.332,124.92
116.612,137.872,123.565
114.549,140.272,125.724
115.327,143.51,123.751
113.773,143.073,120.246
109.92,143.254,119.826
109.247,139.875,118.076
111.052,138.021,120.895
109.136,139.749,123.718
105.884,139.277,121.755
106.654,135.599,121.121
107.217,134.961,124.82
104.163,137.025,125.848
102.076,134.879,123.505
103.665,131.597,124.633
103.056,132.152,128.336
99.554,133.484,127.525
98.696,130.247,125.729
100.224,127.966,128.393
98.149,129.76,131.077
94.916,129.672,129.071
95.336,125.944,128.208
96.031,125.074,131.841
92.928,126.878,133.123
90.763,125.267,130.426
91.994,121.727,131.187
91.249,122.466,134.852
87.666,123.468,133.949
87.108,120.361,131.827
88.659,117.838,134.26
86.444,119.561,136.872
83.321,118.989,134.739
84.406,115.357,134.318
84.848,115.189,138.109
81.281,116.483,138.647
79.813,113.966,136.179
81.734,111.13,137.911
79.107,111.319,140.652
107.544,176.299,174.986
103.96,176.748,176.177
103.276,174.211,178.946
99.851,175.561,179.957
97.135,172.913,180.333
98.827,170.605,177.827
99.046,166.828,177.574
102.515,166.231,176.115
102.953,163.739,173.278
103.97,160.316,174.603
105.432,157.314,172.782
102.001,157.238,171.11
100.127,154.921,173.488
98.583,157.611,175.711
94.751,157.692,175.905
93.411,161.267,175.688
89.967,162.837,176.223
88.649,165.447,173.749
89.111,167.912,176.59
92.812,167.297,177.309
93.622,167.098,173.592
93.164,170.855,173.139
95.452,173.628,174.433
94.23,177.0,175.878
94.316,178.729,172.471
91.475,176.339,171.405
88.898,177.501,173.994
85.84,179.153,172.301
87.215,177.826,168.994
86.961,174.045,169.345
86.324,173.201,173.025
83.817,175.241,175.072
83.659,176.324,178.733
83.445,173.929,181.68
81.456,176.557,183.612
78.482,178.724,182.574
77.498,181.833,184.526
76.594,185.5,184.029
79.262,187.034,186.299
81.938,187.386,183.58
79.668,189.371,181.234
80.297,193.111,180.712
77.987,194.789,183.254
77.741,192.045,185.865
78.851,191.338,189.43
80.251,188.691,191.841
82.556,186.854,189.406
84.901,186.22,192.38
82.219,184.362,194.361
81.179,182.161,191.417
84.862,181.356,190.867
85.589,180.248,194.475
82.331,178.258,194.397
83.472,176.619,191.151
86.866,175.601,192.579
85.357,174.158,195.744
82.83,172.266,193.63
85.498,170.585,191.492
87.604,169.66,194.575
84.55,168.436,196.498
83.035,166.364,193.675
86.437,164.8,193.031
86.764,163.802,196.701
83.159,162.594,197.097
83.291,160.331,194.026
86.752,158.712,194.269
88.031,157.089,191.07
84.752,157.072,189.156
84.978,160.629,187.846
85.56,160.412,184.083
85.871,163.987,182.77
86.109,167.462,184.319
82.848,168.879,185.755
80.238,170.906,183.825
78.743,173.69,185.99
75.595,175.441,184.706
74.152,178.339,186.717
70.558,179.395,185.957
68.543,181.909,188.05
70.009,180.99,191.498
70.117,177.22,190.886
73.274,175.311,189.879
73.105,172.133,187.801
76.263,170.034,188.12
76.645,167.717,185.124
79.187,164.906,185.506
80.592,162.036,183.424
81.056,159.033,185.689
82.725,155.645,185.229
80.711,152.599,186.262
82.426,151.535,189.463
80.041,151.684,192.4
76.7,149.834,192.618
73.768,152.21,191.854
73.008,152.114,195.619
76.141,154.066,196.476
75.604,156.297,193.406
72.149,157.39,194.559
73.331,157.673,198.184
75.979,160.164,197.112
73.612,161.947,194.671
71.224,162.756,197.514
73.903,163.364,200.146
75.783,165.779,197.863
72.74,167.657,196.537
71.441,168.191,200.085
74.839,169.093,201.558
75.7,171.695,198.896
72.146,173.077,198.876
72.579,173.765,202.608
76.17,174.984,202.181
75.625,177.44,199.317
72.032,178.339,200.307
70.574,177.577,196.862
68.924,174.593,195.077
71.558,172.121,193.812
70.85,169.727,190.937
73.115,166.744,190.175
73.012,164.916,186.833
75.13,161.781,186.427
75.918,160.415,182.977
77.445,156.948,183.264
80.061,155.719,180.755
81.765,152.252,180.568
85.346,153.613,180.395
87.074,156.939,179.692
85.985,158.114,176.237
89.081,158.273,174.035
89.548,161.039,171.484
93.194,160.493,170.57
96.264,158.211,170.418
95.628,154.844,172.063
94.244,175.797,203.048
91.725,173.477,201.43
92.084,175.271,198.063
95.842,174.977,198.541
95.704,171.201,197.956
95.938,169.05,194.807
95.31,165.794,192.907
97.293,162.641,193.845
98.619,162.31,190.289
100.085,165.817,190.459
101.692,165.045,193.828
103.284,161.786,192.662
104.473,163.325,189.377
106.031,166.029,191.549
107.705,163.792,194.142
109.05,161.114,191.77
110.941,163.558,189.507
110.986,161.235,186.481
110.633,163.989,183.884
113.612,165.994,185.166
116.881,166.791,183.393
118.817,164.445,185.682
117.124,161.389,184.186
117.906,162.111,180.522
121.68,162.574,180.371
122.125,159.979,183.108
123.197,162.7,185.525
122.191,160.472,188.418
122.845,156.908,189.491
120.678,153.831,188.88
121.081,152.502,192.435
118.85,155.355,193.648
115.245,154.209,193.334
111.844,155.299,194.674
108.365,154.105,193.691
104.744,155.241,193.472
102.121,153.528,195.633
98.366,154.007,195.21
96.852,155.463,198.395
93.312,154.585,197.277
94.222,150.884,196.981
92.756,149.553,200.234
90.087,152.164,200.976
86.317,151.673,200.683
83.651,154.353,200.16
82.173,155.746,203.374
84.953,154.459,205.616
86.569,156.934,208.001
88.403,156.652,211.308
85.461,158.282,213.105
83.75,154.918,212.696
80.402,155.715,211.089
78.178,153.234,209.256
76.19,154.642,206.33
73.092,152.748,205.027
74.111,152.933,201.337
77.89,152.56,201.596
79.519,150.708,204.528
76.579,148.482,205.433
73.76,146.918,203.332
70.712,149.19,202.884
68.212,146.783,204.485
68.69,144.543,207.538
65.924,142.045,208.366
63.616,143.651,205.789
63.781,147.164,207.265
65.871,150.321,206.755
69.05,150.58,208.84
69.562,153.886,210.672
72.823,155.876,210.627
75.014,154.353,213.367
78.524,154.376,214.866
80.794,151.443,215.833
82.19,150.786,219.319
85.69,152.036,220.185
87.294,148.558,220.227
85.553,147.638,216.936
87.269,150.593,215.254
90.529,149.499,216.942
90.205,146.079,215.247
89.307,147.67,211.878
92.382,149.951,211.961
94.498,146.957,213.015
93.201,145.106,209.91
94.014,147.984,207.536
97.506,148.321,209.089
98.109,144.586,208.562
96.937,145.042,204.95
99.585,147.746,204.407
102.258,145.532,205.992
101.119,142.665,203.743
101.527,144.751,200.576
104.929,145.95,201.819
105.758,142.267,202.367
104.713,141.535,198.762
106.573,144.517,197.289
110.006,143.902,198.861
110.137,140.339,197.516
112.115,140.208,194.257
111.217,137.472,191.751
114.041,135.082,190.815
115.839,135.609,187.503
117.297,132.39,186.078
120.968,133.059,185.284
122.2,132.208,181.807
125.976,132.38,182.105
126.747,134.95,184.73
124.488,136.658,187.255
124.542,140.042,185.519
124.914,138.808,181.918
121.905,138.446,179.631
123.771,135.797,177.632
122.402,132.274,177.759
119.065,133.519,179.099
115.837,132.154,177.547
113.319,134.667,176.156
110.521,132.107,175.756
108.783,131.07,172.488
108.615,133.699,169.709
105.397,135.499,168.78
102.712,133.896,166.566
102.936,135.021,162.931
100.204,136.982,161.102
98.759,133.79,159.571
98.051,132.27,162.979
101.207,130.176,162.627
102.46,129.347,166.131
105.776,127.99,167.37
105.766,126.675,170.942
108.419,124.169,169.88
110.907,126.995,169.541
112.979,128.376,172.374
115.044,131.542,172.049
118.312,132.233,173.857
120.162,135.505,174.109
123.706,135.446,172.73
124.724,139.046,173.265
123.116,142.185,174.627
125.064,145.396,174.14
124.506,149.07,174.919
125.526,151.004,171.829
125.76,154.745,171.146
125.347,157.29,168.359
126.193,160.984,168.471
123.092,163.083,167.646
122.979,166.78,166.657
120.567,167.756,169.44
120.662,164.983,172.053
124.387,164.233,171.904
125.021,160.625,172.963
122.025,158.453,172.164
121.842,154.965,173.636
120.296,152.053,171.772
120.396,148.455,172.96
121.166,145.811,170.364
120.749,142.127,171.116
121.745,139.029,169.196
119.415,136.127,169.708
119.142,132.557,168.418
116.141,130.234,168.054
115.814,126.487,167.48
113.267,123.682,167.894
115.841,121.068,168.924
114.847,119.102,165.826
117.638,120.453,163.608
116.162,123.752,162.47
117.689,126.854,163.966
118.596,130.415,163.128
119.891,133.644,164.593
119.053,137.309,164.199
119.925,140.694,165.574
117.631,143.473,166.779
117.996,147.041,167.956
115.854,149.528,169.875
115.935,152.352,172.43
114.332,150.011,174.978
115.754,146.637,175.974
112.34,144.937,175.916
111.599,146.176,172.388
114.916,144.921,171.074
114.227,141.501,172.644
110.913,141.269,170.791
112.326,142.524,167.477
115.178,140.034,167.623
112.91,137.049,168.378
110.401,137.75,165.666
113.123,138.556,163.155
115.048,135.379,164.086
112.178,133.112,163.117
112.522,134.313,159.503
116.13,133.169,159.073
116.305,129.453,159.821
118.887,126.904,158.793
118.504,123.196,158.542
121.467,121.54,160.151
121.9,117.893,159.201
122.708,115.722,162.195
124.5,112.384,161.903
122.544,109.988,164.133
120.789,113.084,165.564
123.473,113.838,168.185
126.782,114.86,166.51
127.651,116.553,163.196
128.678,114.564,160.08
132.414,115.209,159.847
135.183,117.433,161.198
134.729,121.105,160.335
137.214,123.925,160.358
136.281,127.363,159.107
137.819,130.784,159.116
134.993,133.306,159.063
136.463,136.798,158.818
138.965,136.948,161.705
137.369,134.105,163.684
138.481,130.431,163.511
136.038,127.722,164.51
137.271,124.165,164.7
134.701,121.447,165.395
135.405,117.759,165.906
132.791,115.025,165.77
132.467,113.046,169.018
131.026,109.628,169.987
127.732,109.222,171.883
128.802,109.715,175.504
130.881,112.892,175.144
128.68,115.943,175.768
129.116,119.392,174.204
132.654,120.556,175.011
132.566,124.071,173.551
132.58,127.846,173.866
129.439,128.627,175.892
127.724,130.445,173.015
128.29,127.437,170.77
126.91,125.146,173.5
123.768,127.293,173.598
123.241,127.292,169.82
123.903,123.542,169.89
121.237,122.856,172.523
118.877,124.821,170.285
119.868,122.848,167.157
119.735,119.498,168.93
123.445,118.677,168.683
124.222,116.78,171.879
127.877,115.797,171.445
130.676,117.999,170.075
134.071,119.552,170.563
134.771,123.102,169.327
137.724,125.402,169.813
137.543,129.033,168.678
140.683,131.086,168.017
141.366,134.616,166.807
138.608,137.177,167.408
135.882,135.807,169.708
133.409,138.517,168.595
129.951,137.113,169.107
128.127,137.907,165.863
130.995,136.7,163.673
131.101,133.594,165.829
127.458,132.672,165.203
127.466,133.658,161.495
130.614,131.62,160.941
129.149,128.795,163.018
125.862,128.568,161.092
127.735,128.832,157.786
130.037,125.972,158.779
127.135,123.808,159.929
125.172,124.636,156.766
128.135,123.551,154.628
127.975,120.007,156.064
128.224,117.128,153.577
125.937,114.182,154.425
127.216,110.607,153.988
124.481,110.29,151.363
125.801,113.259,149.349
129.295,111.736,149.515
127.997,108.281,148.549
126.238,109.882,145.589
129.114,112.059,144.327
131.744,109.266,144.588
129.156,106.575,143.642
130.546,104.257,146.373
129.491,102.559,149.613
130.443,104.689,152.627
131.142,102.208,155.41
131.644,103.072,159.079
134.064,101.236,161.358
133.219,101.41,165.041
136.161,100.71,167.351
133.852,99.074,169.912
132.218,96.882,167.258
135.638,95.83,165.94
136.368,95.048,162.238
132.6,94.727,161.5
131.841,96.908,158.424
128.588,98.809,159.102
127.379,100.262,155.792
126.069,103.751,156.441
125.389,105.023,152.932
124.798,103.453,149.525
124.957,105.371,146.198
121.382,105.29,144.819
121.88,104.936,141.075
124.813,103.028,139.547
127.649,101.928,141.89
131.273,102.069,140.628
133.323,98.953,139.813
136.394,101.2,140.029
138.327,101.192,143.352
139.527,104.551,144.767
143.127,105.377,143.797
145.287,104.355,146.732
147.497,107.161,147.945
150.404,105.761,149.922
151.006,109.19,151.477
147.976,111.554,151.5
148.269,115.31,150.938
146.064,117.03,153.521
146.369,120.32,155.367
147.196,119.534,158.989
146.641,121.719,162.045
149.72,121.75,164.252
147.264,121.73,167.178
145.718,118.347,166.365
149.157,116.866,165.775
150.455,118.311,169.047
147.375,116.797,170.713
147.884,113.325,169.221
151.51,113.094,170.348
150.793,114.293,173.902
152.587,117.651,173.717
149.558,119.481,175.123
150.304,119.822,178.832
147.906,122.743,179.538
146.54,122.83,183.078
143.371,124.322,181.618
142.539,121.524,179.146
141.901,118.473,181.345
139.742,120.315,183.872
136.592,118.645,185.165
133.48,120.724,184.482
129.791,120.382,185.291
127.339,118.596,183.005
126.661,119.898,179.466
178.364,155.381,104.122
179.711,155.722,107.717
180.178,159.329,108.791
178.454,162.433,107.615
180.283,165.706,108.021
177.895,168.631,108.063
179.969,171.613,107.075
178.824,175.199,107.287
181.378,177.382,105.527
181.85,181.121,105.507
180.04,182.53,102.474
182.717,183.477,99.929
183.589,183.555,96.217
184.317,180.523,94.022
188.125,180.121,94.35
188.333,180.548,98.128
185.405,178.147,98.709
186.969,175.517,96.447
190.207,176.099,98.395
188.644,175.547,101.817
186.785,172.45,100.608
190.017,171.081,99.195
192.203,171.562,102.293
189.359,170.239,104.456
189.049,167.084,102.373
192.827,166.669,102.466
192.787,167.139,106.235
190.197,164.334,106.367
192.221,161.915,104.197
195.242,162.674,106.418
193.567,161.346,109.57
193.073,158.147,107.575
189.709,158.864,105.96
188.183,157.512,102.719
185.879,160.167,101.202
182.845,158.686,99.434
181.133,161.833,98.183
180.842,165.619,98.355
177.453,167.36,98.164
176.482,171.009,97.957
173.342,172.272,99.711
173.958,175.787,98.4
174.386,179.005,100.323
171.518,180.332,102.433
170.915,182.915,105.067
171.594,181.128,108.394
168.715,180.195,110.784
170.289,182.549,113.329
173.434,184.709,113.401
176.448,182.541,114.255
179.444,184.062,116.04
182.683,182.287,115.126
186.324,183.358,114.988
185.719,187.013,115.951
183.059,187.37,113.272
179.253,187.425,113.413
177.903,185.592,110.375
174.574,186.016,108.613
174.859,183.793,105.502
176.787,180.609,104.731
177.444,177.672,102.41
176.245,174.166,103.306
178.059,170.913,102.527
177.868,167.204,103.217
180.899,164.949,103.239
180.092,161.237,103.486
183.153,159.218,104.407
184.644,156.229,106.176
187.067,156.845,109.024
188.566,154.835,111.878
186.542,155.43,115.073
189.59,156.951,116.789
189.995,159.832,114.401
186.717,161.735,114.616
187.897,163.792,117.565
191.066,164.618,115.636
189.13,165.918,112.594
186.851,167.908,114.867
189.854,169.619,116.47
191.12,170.615,113.037
187.824,171.978,111.805
187.48,173.974,115.052
190.568,176.063,114.373
189.763,176.627,110.675
188.669,180.287,110.331
186.745,179.621,107.108
184.407,177.13,108.815
181.323,178.713,110.345
180.493,175.449,112.123
181.418,171.715,111.857
179.446,168.68,112.987
180.052,164.957,112.579
177.195,162.491,112.628
176.847,158.715,112.191
175.61,158.587,108.583
171.776,158.406,108.341
172.12,155.707,105.674
173.77,153.289,108.109
170.58,153.088,110.185
167.884,151.188,108.304
164.118,151.707,108.553
162.184,149.024,110.43
158.547,148.55,109.357
155.749,150.449,111.12
153.209,147.631,110.675
150.561,150.1,111.737
149.294,151.659,114.937
148.278,148.947,117.4
145.391,150.634,119.23
145.603,150.534,123.042
142.483,149.249,124.871
141.313,151.11,127.99
143.089,149.652,131.052
140.928,147.356,133.218
140.893,145.961,136.772
142.713,149.047,138.051
140.388,149.038,141.029
138.504,146.469,143.049
134.885,145.345,142.788
133.923,147.23,145.979
130.401,148.644,146.056
130.591,152.27,147.218
101.72,194.908,152.094
98.018,194.775,152.93
97.948,194.218,149.17
98.852,190.773,147.836
101.406,190.562,144.962
98.353,190.282,142.656
97.686,194.046,142.929
99.05,196.289,140.165
99.892,199.955,140.725
97.344,202.477,139.374
97.954,204.55,136.245
96.731,208.02,137.207
97.426,209.675,133.796
94.253,210.985,132.113
95.861,211.487,128.69
96.528,207.736,128.422
92.877,206.749,128.855
91.418,209.671,126.878
93.151,209.046,123.506
93.524,205.231,122.991
92.577,204.736,119.316
95.934,205.598,117.669
98.12,202.866,119.254
97.846,199.084,118.674
100.386,197.631,121.129
99.126,199.836,123.994
95.467,199.032,123.219
96.456,195.36,123.429
98.432,196.141,126.617
95.723,197.818,128.725
93.196,195.389,127.222
95.324,192.712,128.858
95.463,195.058,131.892
91.751,195.197,132.784
90.565,192.002,131.019
93.046,189.93,133.056
90.646,190.632,135.94
93.621,192.427,137.517
93.209,193.979,140.955
94.365,197.576,141.32
95.821,199.3,144.381
93.791,202.27,145.655
95.344,205.525,144.347
97.441,207.378,146.995
96.402,210.508,148.914
99.562,212.351,147.818
99.003,211.654,144.106
96.204,213.384,142.165
95.059,213.7,138.513
96.016,217.387,138.93
97.654,219.134,135.976
99.62,221.239,138.503
101.58,218.564,140.403
105.279,217.79,139.858
106.415,214.394,141.249
109.865,215.948,141.971
108.365,218.827,143.967
106.349,216.182,145.87
109.465,214.045,146.574
111.39,217.103,147.81
108.356,217.986,149.947
108.398,214.529,151.544
112.158,214.749,152.047
111.735,218.067,153.906
109.064,216.631,156.212
109.842,216.081,159.893
107.501,213.951,162.019
104.125,213.48,160.34
103.755,217.017,158.931
102.681,217.124,155.29
101.039,220.481,156.043
104.164,222.272,157.34
106.409,220.806,154.59
103.95,221.641,151.781
103.821,225.065,153.428
107.631,225.54,153.239
107.683,224.181,149.636
104.887,226.588,148.56
106.635,229.505,150.279
110.006,228.615,148.684
108.45,228.447,145.186
106.702,231.791,145.79
109.986,233.263,147.128
111.928,232.135,143.987
109.154,233.588,141.778
109.137,237.022,143.488
112.963,237.081,143.723
113.042,236.628,139.916
110.36,239.291,139.38
112.419,241.704,141.557
115.435,240.747,139.415
113.289,241.167,136.253
111.895,244.699,136.751
115.266,246.158,137.809
116.877,244.893,134.562
116.985,245.944,130.878
115.261,244.466,127.776
118.138,242.041,127.021
118.208,240.674,130.591
114.385,240.722,130.528
114.626,238.317,127.572
117.27,236.187,129.376
115.988,235.842,132.998
113.725,232.862,133.903
110.671,233.586,136.098
109.376,229.977,136.303
110.197,228.565,139.793
109.538,225.058,138.388
112.212,225.19,135.625
114.6,226.844,138.139
113.967,223.974,140.6
114.531,221.292,137.941
117.627,223.034,136.479
119.173,223.644,139.947
118.734,219.939,140.811
120.047,218.742,137.403
123.096,220.987,137.951
123.53,219.763,141.54
123.342,215.993,140.846
126.695,214.086,140.961
127.993,212.088,137.95
130.103,209.55,139.858
130.348,208.411,143.492
132.345,206.639,146.2
131.829,203.268,147.875
134.11,201.864,150.596
135.62,198.467,149.779
137.478,196.165,152.148
140.701,194.697,150.787
143.652,193.3,152.733
142.295,194.571,156.038
142.026,198.149,154.8
139.069,200.241,153.639
139.625,202.008,150.338
137.247,204.612,148.921
136.56,203.534,145.338
134.89,205.371,142.419
131.497,203.864,141.557
129.196,204.826,138.662
125.74,205.622,140.139
122.14,204.818,139.121
119.862,207.745,138.179
117.532,207.619,141.208
120.571,207.601,143.537
121.911,210.809,141.911
118.548,212.626,142.034
118.222,211.567,145.676
121.737,212.791,146.478
120.979,216.141,144.828
117.78,216.764,146.812
119.209,215.47,150.106
122.29,217.693,149.712
120.036,220.695,149.112
117.911,220.069,152.232
121.025,219.168,154.265
122.723,222.469,153.496
119.686,224.754,153.81
118.817,223.063,157.15
122.349,223.119,158.567
124.153,226.265,157.448
121.572,229.073,157.837
121.486,231.505,160.786
118.68,230.651,163.262
116.903,233.973,162.545
116.703,233.053,158.849
113.582,231.196,157.686
113.625,228.058,155.497
111.9,229.287,152.266
114.412,232.167,152.223
117.584,230.049,152.509
116.145,227.376,150.168
115.155,229.898,147.452
118.634,231.479,147.809
120.349,228.124,147.263
117.952,227.107,144.431
118.89,230.275,142.541
122.613,229.876,143.369
122.611,226.225,142.202
120.728,227.328,139.076
123.818,229.448,138.33
126.25,226.692,139.467
127.912,228.935,142.093
126.322,227.405,145.224
128.11,225.455,148.033
125.99,222.426,147.02
127.793,222.304,143.636
131.055,222.727,145.608
130.088,219.531,147.475
129.399,217.754,144.152
132.875,218.98,143.075
134.526,217.665,146.274
132.95,214.327,145.302
134.281,214.477,141.724
137.786,215.461,142.942
137.825,212.656,145.532
136.661,210.353,142.713
139.621,211.398,140.516
142.191,211.294,143.357
141.342,207.589,143.818
140.832,206.657,140.123
143.438,203.819,140.107
141.473,202.12,142.885
138.66,201.763,140.301
140.13,198.302,139.639
139.046,197.098,143.118
135.438,197.31,141.917
134.31,193.818,140.782
130.882,194.764,139.374
83.123,148.656,158.497
80.159,148.009,156.14
77.727,146.947,158.883
78.684,150.229,160.522
77.553,152.328,157.519
74.32,150.292,157.114
73.482,150.882,160.801
74.449,154.593,160.67
72.095,155.117,157.697
69.244,153.271,159.491
69.65,155.439,162.615
70.075,158.56,160.463
66.69,157.891,158.791
65.002,157.087,162.131
66.591,160.184,163.719
65.521,162.361,160.765
61.955,161.125,161.313
62.222,162.048,165.02
63.674,165.523,164.246
60.969,166.093,161.626
58.434,165.242,164.366
59.708,167.516,167.182
60.354,170.494,164.88
56.735,170.122,163.744
57.438,169.53,160.058
56.526,167.081,157.281
59.047,164.175,157.457
58.953,163.867,153.636
59.768,167.502,152.73
62.632,167.622,155.263
65.929,168.611,153.573
69.533,168.855,154.799
68.974,172.615,155.005
66.067,172.139,157.428
68.094,169.593,159.441
70.812,172.248,159.746
68.371,174.954,160.94
66.869,172.425,163.363
70.127,171.444,165.091
71.318,175.073,164.917
68.249,175.928,167.03
68.234,172.858,169.335
71.996,172.75,169.995
73.273,176.364,169.612
77.072,176.064,169.896
78.923,179.308,169.48
82.358,178.116,168.412
84.426,179.895,165.779
85.553,176.678,164.097
82.592,175.462,162.035
83.746,171.836,161.9
83.577,171.65,165.715
79.812,172.446,165.684
76.974,169.883,166.179
76.208,167.855,163.062
73.67,165.284,161.936
74.33,164.388,158.295
74.084,161.361,156.005
76.847,158.842,156.986
78.291,158.914,153.429
79.214,162.615,153.821
80.478,162.229,157.397
82.585,159.061,156.905
85.538,158.918,154.442
85.395,156.796,151.261
86.529,153.215,151.862
88.759,151.08,149.663
86.666,147.993,148.862
87.774,144.386,149.472
90.616,143.642,147.088
90.266,139.851,146.806
87.798,136.966,146.911
87.501,134.495,149.784
90.093,132.292,148.029
92.675,135.09,148.213
92.881,135.878,144.496
92.776,139.68,143.972
89.97,141.015,141.769
91.983,143.515,139.717
95.026,142.357,137.66
97.05,145.472,138.648
96.625,144.808,142.393
100.263,143.978,143.184
101.406,147.387,141.96
100.21,148.706,145.3
98.399,151.364,143.347
95.727,149.587,141.302
93.417,152.571,140.691
96.052,155.046,139.47
97.891,152.563,137.245
94.576,151.286,135.852
93.776,154.895,134.961
97.175,155.22,133.258
96.789,151.832,131.478
93.455,152.859,129.955
94.641,156.399,129.091
97.638,154.908,127.243
95.366,152.288,125.644
93.198,155.1,124.239
96.27,157.08,123.073
97.346,153.931,121.188
93.793,153.642,119.832
93.833,157.271,118.563
97.248,156.657,116.965
96.013,153.489,115.165
92.701,154.951,113.959
94.288,158.247,112.892
97.048,156.35,111.022
94.446,154.287,109.158
92.834,157.643,108.3
96.253,158.949,107.175
96.501,156.023,104.726
92.95,156.631,103.394
93.63,160.372,102.807
91.278,161.518,105.579
91.764,163.983,108.383
88.151,164.319,109.539
88.791,165.473,113.098
89.201,168.841,114.797
91.104,170.296,117.742
88.86,170.371,120.818
91.914,171.319,122.888
90.801,174.934,123.367
87.985,175.157,125.899
89.492,178.448,127.173
86.286,180.545,126.891
84.533,177.931,129.119
87.28,178.572,131.671
88.427,174.967,131.532
91.221,173.62,133.691
92.445,170.224,134.823
91.582,168.601,138.162
93.822,169.448,141.098
95.766,166.556,142.631
93.2,166.6,145.437
90.289,166.012,143.046
92.082,163.187,141.223
92.971,161.693,144.618
89.31,161.806,145.621
88.196,160.318,142.278
90.375,157.2,142.583
89.848,156.809,146.365
93.659,156.552,146.611
96.586,158.701,147.811
98.82,160.131,145.062
102.242,161.69,144.486
103.033,164.999,142.773
105.035,163.173,140.097
102.144,160.707,139.65
99.599,163.45,139.02
102.082,165.323,136.779
102.708,162.11,134.778
98.988,161.532,134.315
98.229,165.13,133.321
101.123,165.134,130.836
99.749,161.941,129.257
96.311,163.662,128.973
98.04,166.538,127.175
99.524,163.928,124.815
96.008,162.536,124.213
94.219,165.878,123.638
96.965,167.104,121.248
95.98,164.431,118.69
92.795,163.995,116.599
89.931,163.643,119.101
87.475,160.756,118.959
84.034,160.955,120.584
84.757,158.392,123.313
88.192,159.993,123.759
86.741,163.512,124.126
84.178,162.262,126.667
87.093,160.486,128.369
89.385,163.518,128.818
86.34,165.546,129.865
85.959,163.699,133.183
89.227,165.382,134.072
87.976,168.793,133.035
86.751,171.281,135.614
85.44,174.754,134.798
86.786,177.753,136.72
83.836,179.912,137.889
82.856,183.328,136.501
85.769,185.653,135.891
84.669,189.233,135.411
85.741,192.16,137.572
83.146,194.485,136.003
81.457,196.537,138.714
77.734,196.58,139.508
76.318,199.9,138.307
74.001,201.695,140.742
70.633,202.17,138.991
70.119,205.943,138.578
67.439,207.388,140.84
64.725,210.029,140.31
63.379,211.573,143.526
60.518,214.034,144.217
60.343,215.699,140.774
64.132,216.067,140.986
66.062,214.197,138.307
69.289,212.167,138.152
70.704,211.746,141.664
73.14,208.929,142.512
74.485,207.641,145.83
77.805,206.147,146.936
79.456,205.111,150.193
83.18,205.201,150.871
84.991,203.786,153.884
88.595,204.636,154.753
90.556,204.332,158.002
87.972,204.834,160.829
86.191,207.359,158.501
82.813,206.685,156.81
81.43,208.855,153.978
77.949,208.893,152.406
77.802,210.945,149.201
74.737,211.966,147.168
75.496,213.606,143.806
73.052,215.503,141.56
73.882,215.708,137.841
71.312,218.464,137.344
73.176,221.05,139.441
76.201,223.331,139.075
79.583,222.624,140.665
79.63,222.868,144.457
80.069,220.424,147.359
78.411,220.507,150.783
80.097,218.311,153.417
78.166,217.985,156.707
76.107,221.089,155.896
79.061,223.376,155.144
81.117,224.36,152.087
84.0,222.08,151.096
86.439,225.024,151.223
85.454,225.515,154.874
85.484,221.84,155.908
88.829,220.994,154.257
91.26,223.946,154.924
94.209,221.915,153.557
94.816,222.11,149.783
95.696,218.389,149.598
92.21,217.344,150.783
90.394,219.581,148.269
92.636,218.105,145.554
91.563,214.66,146.796
87.92,215.719,146.383
88.864,217.154,142.954
90.526,213.949,141.694
87.534,211.947,140.338
85.694,214.959,138.859
88.864,216.209,137.147
89.454,212.619,135.999
86.02,212.511,134.306
86.09,216.211,133.222
82.825,216.724,135.161
84.384,219.514,137.29
81.547,222.048,136.814
78.588,219.766,136.043
77.672,218.139,139.387
76.32,219.191,142.804
77.118,217.042,145.844
76.079,216.618,149.489
78.069,214.486,151.963
78.007,213.025,155.468
81.458,212.012,156.756
82.266,210.785,160.275
85.312,209.592,162.221
89.021,209.498,161.421
91.053,212.639,160.766
90.921,215.257,158.013
92.804,213.21,155.381
90.891,210.002,156.241
87.681,211.97,155.63
89.06,213.436,152.379
89.797,209.875,151.233
86.451,208.395,152.322
84.595,211.201,150.5
86.917,210.727,147.481
85.969,207.022,147.279
82.256,207.634,147.944
82.178,210.382,145.292
83.973,208.141,142.776
81.501,205.291,143.394
78.629,207.801,143.076
79.767,209.168,139.675
79.608,205.678,138.098
75.842,205.937,137.496
76.261,209.122,135.383
79.177,207.954,133.237
79.709,205.373,130.437
80.694,201.736,131.127
84.22,202.338,129.732
85.11,205.303,132.003
84.09,203.109,134.979
86.907,200.734,133.984
89.14,203.813,133.551
88.361,204.98,137.114
89.013,201.475,138.465
92.36,201.413,136.614
93.261,204.801,138.13
92.51,203.276,141.534
89.479,205.453,142.354
86.942,202.674,142.989
88.954,200.445,145.356
88.723,200.923,149.126
92.123,201.503,150.751
92.848,198.437,152.985
95.693,200.237,154.796
94.718,200.568,158.456
96.499,201.074,161.805
98.136,197.879,163.156
97.629,196.766,166.773
100.464,197.366,169.249
102.046,194.07,170.388
103.206,193.154,173.944
106.974,193.261,174.525
107.35,195.737,171.674
106.718,199.458,171.433
105.002,200.319,168.133
103.557,197.074,166.624
106.804,197.052,164.641
109.188,199.128,166.769
110.972,196.949,169.361
112.423,197.768,172.751
116.163,198.509,172.738
118.038,195.198,172.353
121.161,194.798,174.491
123.893,192.497,173.122
125.885,192.302,176.369
50.863,155.483,170.37
49.635,156.874,173.71
46.477,155.111,174.969
46.299,156.032,178.651
44.901,159.523,179.072
44.54,161.256,182.449
41.013,162.713,182.604
40.256,166.317,183.66
43.863,167.483,184.084
43.372,171.263,184.142
42.864,173.595,187.126
44.014,177.213,186.434
43.465,179.951,189.048
42.875,183.541,187.857
41.042,186.397,189.596
40.021,189.825,188.24
40.616,192.784,190.561
38.607,195.954,189.858
41.846,197.945,189.543
42.938,199.719,186.268
45.834,197.463,185.086
49.153,199.228,184.392
49.879,200.14,180.76
53.326,199.829,179.162
54.068,202.088,176.2
57.296,200.232,175.395
59.179,197.265,176.918
62.866,196.711,176.096
64.473,193.37,176.982
68.281,193.315,176.547
69.908,189.873,176.598
73.66,189.879,177.096
75.514,186.668,176.22
78.927,185.159,175.539
78.307,182.98,172.456
76.122,184.15,169.532
74.211,180.948,168.659
72.502,180.804,172.083
71.278,184.42,171.675
70.047,183.499,168.163
67.966,180.474,169.281
66.785,182.557,172.264
65.748,185.417,169.976
63.876,182.91,167.768
62.18,181.403,170.86
61.282,184.855,172.278
59.917,186.185,168.943
57.819,183.0,168.483
56.47,183.252,172.074
55.593,186.928,171.341
53.831,186.109,168.029
51.736,183.447,169.798
50.508,186.005,172.391
50.168,188.68,169.664
52.548,191.082,171.43
53.959,192.689,168.198
57.753,192.908,168.77
60.891,194.095,166.903
64.438,192.727,167.372
67.784,194.409,166.693
71.425,193.682,167.537
73.407,196.156,169.707
77.178,196.341,168.908
79.34,193.723,170.717
81.793,194.573,173.511
85.197,192.877,173.749
87.221,193.456,176.916
90.909,192.608,176.62
93.575,192.414,179.331
97.219,191.371,179.721
98.966,189.062,182.217
102.541,187.788,182.554
103.191,184.434,180.85
106.0,183.43,183.238
105.817,182.552,186.931
108.923,184.584,187.763
110.718,186.916,185.32
110.283,187.609,181.64
108.403,190.85,181.123
108.724,190.801,177.338
106.282,187.888,177.32
102.559,188.193,178.005
99.262,186.338,177.631
96.251,188.295,176.374
92.714,187.358,177.405
89.297,188.307,176.027
85.743,188.547,177.296
83.157,188.943,174.535
79.679,190.22,175.468
77.136,190.04,172.635
73.689,191.671,172.686
70.15,191.012,171.529
67.473,193.665,172.016
63.822,192.592,171.994
61.67,195.725,171.74
57.974,195.092,172.461
55.376,197.836,172.02
51.869,198.583,173.305
51.6,196.045,176.158
49.461,195.741,179.303
50.575,194.783,182.83
49.232,191.211,182.891
50.588,190.4,179.407
53.916,191.928,180.518
54.136,189.749,183.665
53.124,186.54,181.778
55.555,187.12,178.875
58.382,188.17,181.217
57.752,185.15,183.495
57.726,182.68,180.551
60.804,184.291,178.993
62.774,184.587,182.282
62.139,180.923,183.203
63.701,179.858,179.87
66.778,182.131,180.104
69.943,180.054,179.294
72.619,179.661,182.023
75.308,181.733,180.299
73.167,184.772,179.406
71.919,187.753,181.485
68.884,190.011,180.919
68.022,193.681,181.552
64.39,194.85,181.385
63.546,198.518,180.767
59.805,199.154,181.097
58.44,202.591,180.215
54.974,202.682,181.786
52.11,205.123,181.18
50.656,207.283,183.976
48.209,210.097,183.192
48.978,212.796,185.828
49.421,213.011,189.63
46.447,214.196,191.743
47.838,217.383,193.293
48.963,218.611,189.847
45.781,217.958,187.823
44.313,221.425,187.563
44.687,222.923,191.034
47.086,225.811,191.549
48.328,225.703,195.153
140.577,190.289,100.196
143.635,188.219,101.144
144.994,189.235,104.551
147.966,187.495,106.16
148.389,187.61,109.931
152.066,186.849,109.403
154.416,189.826,108.815
156.349,190.801,105.57
159.796,189.076,105.46
162.61,191.586,104.537
164.006,189.75,101.484
160.527,189.554,99.935
159.199,191.756,97.115
156.071,192.348,99.186
154.505,195.775,98.726
152.592,197.245,101.65
153.192,200.823,102.736
152.013,202.867,105.7
152.677,206.509,104.783
154.913,205.178,101.995
157.35,203.354,104.293
158.175,199.63,104.233
157.198,197.477,107.236
160.864,197.617,108.29
161.095,201.429,108.292
158.238,201.864,110.765
159.134,202.99,114.328
158.835,200.499,117.204
156.935,200.975,120.469
158.489,198.886,123.214
156.127,198.251,126.107
157.642,196.619,129.188
154.647,195.46,131.224
155.665,194.217,134.65
153.563,193.517,137.698
154.561,196.701,139.557
154.885,199.078,136.561
154.622,199.713,132.794
157.298,201.478,130.71
156.825,202.588,127.1
159.48,203.78,124.65
158.93,204.67,120.983
162.049,204.296,118.847
163.144,204.756,115.223
163.551,201.721,112.961
167.235,202.723,113.189
166.983,202.325,116.978
167.121,206.027,117.892
164.889,206.845,120.876
161.999,209.183,119.984
159.793,209.185,123.097
159.725,207.752,126.609
156.725,207.412,128.955
156.252,205.328,132.112
153.643,205.072,134.906
156.194,206.628,137.247
156.96,209.383,134.728
153.193,209.96,134.624
153.011,210.964,138.278
151.541,207.849,139.859
153.06,206.187,142.903
153.827,202.771,144.26
150.753,200.505,144.128
148.704,202.8,141.906
151.166,202.581,139.012
150.598,198.847,138.698
147.026,199.312,137.473
145.731,199.349,133.88
144.462,202.934,134.178
148.032,204.12,134.791
149.243,202.022,131.849
146.664,203.691,129.614
147.713,207.141,130.858
151.375,206.371,130.06
150.326,205.051,126.621
148.488,208.288,125.812
151.419,210.395,127.066
153.849,208.345,124.961
151.705,208.623,121.8
151.475,212.405,122.347
155.243,212.939,122.751
155.797,210.62,119.756
153.318,212.277,117.36
155.036,215.512,118.418
158.106,214.08,116.661
155.729,213.004,113.887
155.277,209.248,113.958
152.015,208.197,112.321
152.285,204.41,112.548
154.044,202.086,114.978
154.887,198.397,115.459
154.194,197.322,119.029
156.611,195.017,120.922
155.194,193.816,124.24
157.754,192.553,126.75
156.27,191.018,129.853
152.985,189.676,131.152
151.291,192.093,133.501
148.329,194.355,134.376
149.273,197.03,131.846
149.619,195.057,128.598
146.39,195.751,126.73
145.741,199.03,128.532
149.043,200.514,127.332
148.444,199.226,123.796
144.956,200.762,123.37
146.327,203.752,125.307
148.745,204.153,122.415
145.719,203.892,120.087
143.712,206.396,122.189
146.713,208.737,122.265
146.299,209.332,118.536
148.8,206.782,117.217
148.346,203.97,114.684
149.345,200.389,115.48
150.1,198.082,112.54
151.744,194.955,114.014
151.682,193.735,117.595
154.528,191.416,118.576
155.099,189.638,121.855
158.7,189.287,122.888
158.596,188.005,126.46
161.723,186.391,127.889
161.15,182.627,127.886
164.16,180.756,129.152
164.623,177.25,127.752
166.044,176.862,131.297
168.642,179.49,132.126
168.771,181.125,135.597
166.759,179.612,138.464
164.084,182.147,139.551
163.555,183.259,143.173
161.742,181.078,145.697
157.965,180.735,146.069
156.104,182.922,148.588
154.301,181.606,151.724
156.651,178.795,152.81
159.028,132.007,159.516
160.256,129.084,157.376
161.227,125.667,158.753
164.946,126.375,158.476
164.677,129.59,160.489
162.499,127.875,163.108
165.174,125.176,163.424
167.913,127.791,163.631
166.292,129.688,166.495
164.889,126.698,168.371
161.414,126.686,169.977
160.367,129.771,171.965
161.319,129.719,175.642
159.353,131.411,178.416
161.485,134.107,180.115
161.987,133.616,183.876
159.943,135.828,186.181
161.512,139.206,186.901
161.641,139.578,190.681
159.752,142.261,192.55
159.959,144.397,195.718
160.262,141.552,198.249
162.937,139.819,196.157
161.108,136.501,195.865
160.399,136.248,199.601
156.773,136.204,200.832
157.477,138.731,203.563
160.228,140.969,204.845
161.067,142.322,208.279
161.94,146.007,208.46
162.225,148.997,210.782
160.332,152.248,210.397
162.468,155.283,209.591
159.676,157.807,209.084
155.897,158.118,208.873
154.265,160.512,206.414
151.367,161.109,204.032
151.042,160.682,200.258
148.529,162.058,197.787
147.173,159.474,195.267
147.075,159.937,191.49
144.806,162.401,189.74
141.434,160.735,189.069
140.69,160.095,192.735
141.962,161.786,195.883
142.686,161.221,199.587
145.82,161.358,201.678
147.134,157.856,202.308
149.104,156.857,205.39
152.596,155.627,204.536
155.927,154.903,206.129
159.534,154.576,205.006
161.223,151.35,206.09
164.606,149.705,205.994
164.409,146.007,205.157
166.454,142.955,206.149
168.035,143.024,202.684
169.328,146.512,203.465
167.201,148.178,200.799
165.162,151.139,201.988
161.636,151.385,200.566
158.346,153.247,200.881
155.535,151.134,202.272
151.792,151.477,202.881
149.721,151.097,206.03
146.243,149.543,205.502
143.179,150.096,207.685
141.888,153.289,209.278
144.265,154.77,211.821
147.514,153.362,213.167
150.221,153.869,215.733
153.701,153.844,214.298
156.805,155.681,215.368
160.4,155.468,214.311
162.292,152.318,215.425
159.153,150.173,215.372
159.723,146.804,213.71
157.153,145.621,211.175
156.486,142.904,208.656
155.803,143.906,205.044
154.207,141.956,202.184
153.995,142.196,198.408
150.644,143.852,197.614
150.889,146.892,195.314
148.769,149.939,196.178
147.012,151.16,193.047
146.429,154.847,193.836
149.938,155.444,195.025
152.533,155.57,192.29
155.782,153.886,193.302
154.514,152.177,196.445
154.86,148.432,196.01
154.808,147.249,199.645
152.276,146.839,202.458
152.681,146.589,206.246
151.25,143.367,207.661
148.587,144.368,210.188
148.768,142.481,213.481
152.455,141.514,213.632
155.293,142.969,215.719
154.757,146.673,216.418
151.738,147.067,214.149
148.62,145.682,215.831
145.226,144.804,214.371
142.911,147.802,213.84
140.982,148.526,217.048
137.206,148.439,216.741
135.666,151.82,217.544
135.15,152.536,221.255
93.299,177.536,207.943
93.848,180.662,205.88
96.661,179.694,203.482
99.171,182.027,205.185
99.701,183.889,208.48
99.67,187.063,206.325
96.192,186.151,205.066
95.127,185.704,208.709
96.45,189.149,209.717
94.535,190.676,206.77
91.282,188.869,207.734
91.641,190.394,211.242
92.313,193.809,209.656
89.115,193.58,207.553
87.044,192.573,210.638
88.413,195.453,212.792
88.096,198.002,209.965
84.499,196.791,209.403
83.706,197.227,213.117
85.127,200.784,213.585
83.947,202.134,210.175
81.133,204.165,211.796
83.362,205.753,214.491
86.022,206.687,211.925
83.422,208.114,209.477
81.705,210.233,212.168
85.015,211.606,213.585
86.564,212.292,210.148
83.366,214.215,209.324
84.411,216.72,212.027
88.052,216.507,210.91
87.392,217.083,207.146
85.181,220.164,207.672
86.245,223.87,207.419
82.992,225.131,209.054
83.742,223.821,212.577
86.298,225.497,214.885
89.888,224.249,215.033
89.598,223.586,218.789
87.03,220.878,218.003
89.045,219.312,215.145
92.233,219.006,217.264
90.394,216.993,219.926
88.679,215.032,217.073
92.165,214.4,215.613
93.401,212.888,218.889
90.098,210.928,218.912
90.615,209.308,215.474
94.331,208.712,216.196
93.271,207.118,219.515
91.436,204.407,217.544
93.142,200.969,217.197
95.856,201.122,214.508
94.522,198.045,212.671
91.042,199.538,212.108
92.163,202.01,209.382
91.39,200.985,205.723
94.867,201.846,204.288
96.384,198.848,206.153
94.118,196.421,204.264
95.724,194.478,201.37
93.856,192.884,198.476
95.493,189.438,198.33
94.924,186.441,196.091
91.987,184.548,197.57
93.326,180.999,196.942
97.091,181.515,196.896
97.581,184.557,199.233
99.787,186.408,196.629
100.177,190.101,197.742
100.317,191.454,194.161
99.697,190.622,190.53
96.021,190.266,191.388
93.049,190.763,189.039
90.552,192.593,191.256
87.46,191.285,189.494
88.196,187.627,190.406
90.294,188.513,193.484
92.85,186.103,191.996
96.64,186.1,191.457
97.495,186.153,187.715
99.031,182.678,188.098
95.998,180.981,189.641
93.756,182.982,187.292
95.661,181.761,184.242
95.611,178.218,185.579
91.835,178.292,185.86
91.219,180.162,182.593
93.523,177.904,180.558
91.52,174.815,181.559
88.24,176.394,180.359
86.969,176.817,183.92
86.276,180.566,183.676
83.115,181.176,181.602
83.494,183.732,178.806
87.259,184.055,179.321
89.461,183.069,176.362
92.819,183.759,174.687
92.863,187.065,172.772
93.502,186.976,168.997
93.097,190.183,166.944
198.205,141.646,125.779
197.342,140.36,122.297
197.181,142.295,119.025
194.383,141.579,116.445
196.218,143.35,113.518
194.731,146.51,111.869
194.433,144.747,108.484
192.698,141.631,109.824
189.566,141.885,107.68
186.592,141.484,110.062
185.014,138.127,110.922
181.953,138.025,108.613
184.014,138.985,105.545
186.876,136.482,106.009
185.229,133.413,104.432
183.641,135.088,101.387
185.384,133.893,98.159
187.901,135.918,96.146
188.245,138.555,98.86
192.017,138.972,98.451
191.631,139.772,94.744
189.701,142.939,95.644
191.526,146.308,95.443
193.245,147.949,98.447
190.431,150.429,99.221
187.555,147.936,99.708
189.972,145.612,101.505
190.646,148.576,103.841
186.97,149.394,104.477
186.499,145.762,105.567
189.624,145.97,107.743
189.662,146.219,111.543
191.089,149.644,110.64
187.686,151.16,109.802
186.006,148.83,112.289
184.194,149.338,115.573
185.595,148.082,118.889
182.923,145.368,118.937
184.459,143.932,115.771
187.863,143.55,117.425
185.985,141.867,120.246
184.314,139.373,117.854
187.738,138.565,116.415
189.394,138.211,119.835
186.578,135.902,120.927
186.982,133.658,117.86
190.781,133.479,118.174
190.601,132.633,121.859
187.904,129.957,121.498
190.012,128.347,118.765
193.313,128.482,120.702
191.907,127.247,123.987
188.992,124.943,123.23
188.323,121.472,121.837
184.973,121.934,120.065
184.544,125.654,119.195
181.092,124.701,117.85
179.469,124.245,121.302
178.419,127.565,122.814
176.522,125.612,125.487
179.538,123.985,127.176
180.813,125.434,130.49
184.265,126.088,129.023
182.894,128.004,125.987
181.042,130.367,128.325
184.162,130.754,130.488
186.077,131.865,127.4
183.43,134.345,126.177
183.128,135.814,129.687
186.928,136.084,129.9
186.963,138.149,126.681
184.231,140.44,128.032
186.053,140.796,131.362
189.321,141.768,129.658
187.454,144.406,127.626
185.906,145.915,130.796
189.351,145.874,132.367
190.532,148.061,129.488
187.522,150.392,129.764
188.11,150.788,133.518
191.726,151.578,132.835
190.623,154.535,130.747
187.675,155.556,132.944
188.579,155.423,136.642
185.436,156.923,138.1
182.87,154.994,136.071
180.998,153.014,138.663
178.611,151.249,136.271
181.344,149.26,134.575
183.218,148.638,137.808
180.039,146.838,138.808
179.922,144.987,135.465
183.548,143.976,135.87
183.37,142.689,139.435
179.999,140.988,138.849
181.135,139.255,135.682
184.367,138.151,137.426
182.247,136.485,140.097
180.147,134.745,137.433
183.313,133.379,135.775
184.684,132.188,139.097
181.351,130.481,139.825
181.375,128.621,136.49
184.994,127.661,137.293
183.992,126.243,140.66
181.449,124.293,138.639
183.94,122.937,136.051
186.388,121.893,138.773
183.58,119.816,140.329
182.469,118.041,137.117
185.252,117.852,134.477
188.669,118.26,136.146
190.905,117.763,133.113
189.308,120.534,131.068
189.2,122.805,134.142
192.95,122.349,134.607
193.582,123.11,130.946
191.415,126.279,130.92
192.99,127.597,134.108
196.421,127.186,132.498
195.395,128.682,129.118
193.483,131.805,130.163
195.876,132.63,132.98
192.983,132.352,135.431
194.063,131.265,138.891
191.352,129.489,140.867
191.405,130.181,144.598
189.224,128.437,147.167
186.766,130.647,149.106
187.926,131.111,152.694
185.731,129.892,155.452
184.775,132.88,157.613
184.724,136.118,155.674
185.268,138.737,158.355
186.452,142.291,158.082
190.054,142.506,159.207
190.218,145.605,161.342
192.989,147.567,163.038
192.796,145.771,166.38
192.574,142.245,165.012
195.259,142.788,162.362
197.688,144.28,164.907
197.001,141.646,167.61
197.382,138.798,165.09
200.692,140.304,163.945
201.971,140.377,167.529
200.79,136.825,168.252
202.617,135.516,165.187
205.812,137.34,166.29
205.502,135.978,169.863
205.104,132.504,168.395
208.219,132.709,166.201
210.255,134.128,169.093
209.066,131.38,171.489
209.903,128.473,169.187
213.236,130.163,168.263
214.147,130.336,171.972
213.136,126.693,172.453
215.504,125.847,169.58
218.35,127.82,171.238
217.722,126.063,174.586
217.913,122.722,172.733
221.215,123.73,171.065
222.596,124.636,174.525
221.288,121.325,175.961
222.873,119.323,173.107
226.244,121.123,173.408
226.298,120.764,177.22
225.321,117.066,177.383
227.713,116.202,174.496
230.721,118.015,176.028
229.812,116.297,179.335
229.57,112.776,177.866
232.866,113.044,175.948
235.004,113.977,178.96
178.741,104.947,192.686
182.358,103.712,192.692
183.469,102.078,195.976
186.85,100.774,197.256
185.722,97.196,197.812
182.883,95.013,199.004
180.941,92.132,197.485
177.794,91.014,195.681
175.173,90.183,198.381
171.567,88.872,198.47
169.693,90.548,201.333
166.391,92.03,202.512
165.588,95.609,201.472
162.964,97.066,203.818
160.077,98.504,201.863
157.248,99.6,204.068
154.989,101.742,206.16
155.039,102.331,209.933
154.121,99.087,211.835
153.52,97.414,208.444
156.868,96.013,207.16
157.585,94.374,203.801
160.825,93.035,202.254
162.176,93.048,198.723
164.737,90.231,198.372
167.556,91.907,196.506
170.849,91.312,194.684
172.898,94.314,195.804
176.437,95.595,196.26
177.427,95.304,199.956
178.505,98.943,200.522
175.416,100.732,199.09
172.473,101.688,201.407
169.836,99.146,202.539
166.729,100.261,200.595
168.966,101.85,198.006
170.383,100.922,194.612
170.489,97.257,193.629
171.833,95.01,190.848
168.644,92.943,190.627
165.496,92.256,192.651
165.215,88.536,193.319
162.036,88.109,195.333
159.754,89.476,198.032
158.909,88.614,201.652
155.736,89.634,203.476
156.332,89.275,207.256
152.699,89.822,208.219
150.223,86.889,207.941
147.412,87.72,205.473
143.697,86.759,205.427
144.57,83.034,205.123
147.222,83.148,207.883
150.106,83.183,205.385
153.469,84.923,205.094
154.141,85.165,201.363
157.627,84.569,200.014
158.394,84.692,196.324
161.831,83.589,195.163
163.264,83.694,191.633
165.216,80.473,191.918
166.881,80.55,188.495
168.413,83.998,189.161
169.038,83.245,192.873
171.293,80.323,191.958
172.704,82.286,189.03
173.972,84.853,191.579
175.075,82.289,194.238
176.616,80.672,191.153
178.47,83.977,190.675
179.654,83.926,194.291
177.051,86.093,196.011
176.924,85.914,199.839
173.59,85.481,201.596
172.464,87.395,204.672
171.448,85.371,207.744
167.664,85.921,207.305
168.059,85.19,203.548
169.729,81.933,204.59
166.971,81.205,207.144
164.357,81.815,204.442
165.995,79.661,201.731
166.352,76.87,204.32
162.707,77.29,205.364
161.843,76.828,201.654
163.931,73.672,201.378
166.044,75.239,198.648
168.818,75.187,201.259
169.587,72.989,204.29
168.11,74.307,207.547
170.464,76.904,208.985
172.071,75.562,212.225
170.744,78.549,214.2
167.14,77.848,213.208
167.504,74.413,214.775
169.468,75.71,217.819
166.878,78.43,218.563
164.16,75.783,218.12
165.87,73.753,220.86
166.306,76.796,223.153
162.595,77.495,222.669
161.718,73.864,223.561
163.765,74.111,226.788
162.078,77.442,227.643
158.687,75.744,227.171
159.843,72.844,229.395
161.064,75.09,232.25
157.886,77.19,231.998
155.807,73.966,232.17
157.666,72.86,235.307
157.467,76.39,236.808
153.704,76.333,236.109
153.274,72.99,237.917
155.464,74.269,240.811
153.506,77.534,241.215
150.152,75.701,241.01
151.177,73.67,244.086
191.138,88.23,167.338
191.258,91.652,169.003
191.644,94.804,166.926
189.177,97.558,167.875
188.408,101.25,168.333
186.111,102.449,171.168
184.744,105.099,168.75
181.111,104.833,167.466
182.337,106.015,164.072
183.755,102.743,162.699
182.79,103.489,159.089
181.92,106.95,157.773
181.824,108.869,154.498
182.636,112.573,154.219
183.83,115.415,152.026
187.474,116.554,152.017
187.676,120.03,153.594
191.422,120.682,153.426
194.78,119.042,152.757
196.876,121.603,154.696
198.637,119.135,157.054
201.248,116.467,156.165
199.756,113.031,155.414
196.456,114.085,157.007
193.137,114.993,155.409
190.568,117.122,157.231
187.164,115.613,156.442
183.608,116.892,156.981
181.188,114.1,157.761
177.492,115.025,157.626
174.627,113.127,159.318
170.818,113.534,159.426
169.66,114.596,162.905
165.97,114.821,163.878
164.953,118.232,165.24
162.442,117.044,167.95
160.182,120.078,167.91
159.66,120.167,164.14
160.182,116.398,163.708
162.361,117.06,160.699
165.832,116.043,159.521
168.696,118.501,159.14
172.386,117.995,158.383
174.733,118.142,161.357
178.341,118.428,160.254
181.417,117.217,162.159
185.086,117.119,161.14
187.39,114.107,161.417
191.122,113.857,160.905
192.037,110.937,158.597
195.486,109.428,157.856
196.414,109.628,154.188
199.538,107.531,153.564
200.213,108.624,149.972
198.729,112.159,150.218
196.132,111.086,147.641
193.384,113.603,148.533
192.333,116.73,146.638
189.935,119.226,148.263
186.306,118.343,147.5
186.663,114.559,147.14
184.041,112.239,148.628
185.887,109.779,150.795
185.401,106.726,153.065
186.936,106.586,156.552
187.759,103.482,158.546
188.287,103.749,162.312
191.897,103.4,163.505
192.401,100.568,166.039
195.102,102.631,167.793
194.816,106.477,167.721
197.706,108.154,165.824
197.163,111.285,167.942
194.299,112.696,170.044
192.76,114.247,166.913
193.429,111.436,164.402
191.131,108.509,165.07
190.632,107.543,161.436
192.359,106.283,158.332
191.393,106.986,154.727
190.178,103.727,153.206
188.916,104.53,149.704
188.401,107.583,147.533
184.74,107.114,146.6
184.471,110.135,144.282
187.554,111.976,143.043
186.775,115.698,142.562
186.026,116.703,138.951
186.939,113.208,137.769
184.298,110.592,138.489
183.886,107.036,137.227
180.253,105.921,137.45
180.148,102.887,139.803
177.073,101.498,137.976
178.331,101.518,134.335
182.074,101.858,135.091
182.394,104.879,132.787
183.898,108.402,133.087
181.278,111.15,133.558
181.189,114.942,134.014
178.031,115.595,136.035
174.921,113.961,134.559
176.634,113.513,131.17
178.729,110.512,130.068
182.274,111.379,128.938
182.733,107.948,127.321
179.581,106.17,126.13
178.947,102.743,127.779
177.253,101.517,124.539
180.368,102.06,122.383
182.803,99.352,123.63
184.869,99.278,120.442
129.325,114.658,112.292
127.773,118.12,111.837
129.337,120.104,108.971
127.459,123.335,109.827
129.633,123.947,112.926
132.021,126.975,112.923
135.677,126.78,111.894
138.457,127.969,114.277
140.004,130.383,111.72
141.407,133.872,112.408
139.196,136.854,111.453
139.065,137.269,107.634
137.237,140.598,107.811
139.871,142.172,110.077
140.924,145.563,108.725
144.513,146.691,108.154
145.987,148.85,110.923
145.994,152.625,110.351
149.33,154.321,109.768
151.338,157.359,110.875
151.642,159.726,107.916
155.295,158.663,107.984
154.901,154.811,108.425
157.996,153.565,106.566
159.331,156.982,105.503
162.754,158.336,106.56
163.017,161.427,108.749
166.253,163.269,108.04
167.636,166.22,110.045
168.966,167.635,106.802
165.553,168.451,105.333
164.111,171.395,107.202
160.812,171.423,105.256
159.298,168.133,106.498
160.445,169.004,109.987
159.077,172.559,110.074
155.715,171.108,109.049
155.359,169.919,112.682
156.375,173.223,114.259
154.133,176.039,115.499
154.612,178.965,113.06
154.559,181.733,115.693
156.504,180.133,118.55
158.774,177.455,117.157
157.363,174.852,119.486
157.115,171.185,118.604
153.559,169.841,118.386
152.638,166.711,120.348
150.949,163.459,119.22
147.405,164.715,119.769
148.3,167.364,117.143
150.659,165.712,114.597
149.029,162.293,114.954
152.055,159.991,114.645
153.165,156.532,115.888
155.315,157.039,119.006
158.333,156.001,116.922
157.856,158.795,114.416
156.974,161.46,117.006
160.275,160.593,118.71
162.109,160.621,115.392
160.702,163.966,114.314
161.611,165.446,117.702
165.236,164.205,117.801
165.617,165.277,114.178
164.277,168.768,114.951
166.61,169.27,117.886
169.632,168.07,115.893
168.793,170.279,112.892
168.31,173.202,115.254
171.732,173.002,116.937
173.66,172.035,113.734
172.437,175.318,112.249
170.025,174.029,109.607
166.7,175.237,111.102
165.657,178.272,113.206
164.357,177.6,116.754
162.148,180.58,117.68
159.894,180.636,114.568
158.986,178.542,111.557
161.124,179.645,108.598
158.875,181.973,106.494
159.796,180.106,103.31
157.935,177.037,104.583
154.824,178.907,105.746
152.643,178.03,102.723
153.551,174.322,102.6
150.75,171.74,103.147
149.286,171.907,106.672
149.138,168.374,108.113
148.615,169.421,111.772
145.239,169.591,113.519
145.608,172.925,115.305
143.522,176.011,114.472
144.832,179.315,115.779
142.612,181.755,113.92
138.899,181.456,114.612
168.267,187.489,120.161
170.377,185.908,117.441
167.217,185.091,115.498
165.646,187.59,113.089
163.263,190.018,114.81
159.525,190.409,114.129
159.069,186.976,112.506
157.77,185.214,115.647
154.896,185.711,118.089
153.848,188.522,115.761
150.369,189.366,114.541
149.478,192.03,111.945
146.364,194.131,112.766
143.553,194.004,110.18
141.625,197.131,109.176
142.969,198.974,112.22
141.132,196.947,114.888
143.71,196.29,117.593
141.606,194.41,120.191
140.87,191.491,117.853
144.541,191.301,116.876
145.717,191.188,120.502
143.017,188.543,121.156
144.344,186.431,118.29
147.87,186.803,119.74
146.809,185.86,123.284
144.951,182.828,121.919
148.134,181.777,120.088
150.306,182.095,123.208
147.725,180.319,125.394
147.497,177.549,122.765
151.208,176.807,123.027
151.271,176.999,126.829
153.549,180.033,126.625
151.319,181.954,129.067
151.178,179.18,131.692
154.954,178.849,131.371
155.524,182.628,131.714
153.393,182.511,134.866
154.955,179.359,136.321
158.487,180.713,135.885
157.872,183.781,138.014
158.707,181.615,141.027
160.877,178.509,141.062
159.014,175.284,141.528
161.011,172.483,143.11
161.252,169.263,141.015
158.988,167.195,143.28
156.264,169.881,143.278
156.562,169.849,139.481
156.345,166.046,139.304
153.203,166.143,141.458
151.621,168.88,139.322
152.244,166.936,136.131
150.798,163.702,137.582
147.686,165.487,138.839
147.174,167.324,135.533
147.386,164.085,133.594
144.907,162.383,135.886
142.579,165.379,135.499
142.935,165.212,131.722
142.157,161.48,131.678
138.997,162.028,133.731
137.819,165.032,131.663
138.517,163.257,128.381
136.656,160.154,129.491
133.705,162.153,130.843
133.363,164.223,127.656
133.528,160.929,125.75
130.652,159.374,127.744
128.727,162.634,127.335
129.005,162.71,123.542
128.403,158.945,123.376
125.203,159.388,125.437
124.065,162.635,123.746
121.692,160.904,121.301
119.45,159.713,124.111
118.645,163.252,125.251
115.771,163.26,122.692
112.108,163.422,123.833
111.02,160.027,125.172
108.745,157.741,123.07
107.181,155.707,125.873
106.029,158.566,128.162
103.512,157.678,130.883
103.831,154.012,129.866
74.111,237.391,202.652
70.344,237.125,202.059
68.514,234.322,203.885
65.213,233.409,202.211
62.538,231.363,203.987
61.48,228.201,202.155
58.597,226.289,203.73
59.329,222.596,204.119
56.26,221.641,206.183
53.665,223.365,203.953
54.586,221.688,200.654
55.333,218.58,202.752
51.892,218.107,204.29
50.238,219.328,201.047
52.039,216.904,198.674
52.147,214.001,201.248
55.903,214.694,201.616
56.083,214.948,205.436
139.403,56.542,171.483
136.36,57.817,173.381
135.158,61.007,171.585
136.657,64.221,173.068
135.612,67.898,172.886
138.587,68.765,170.636
137.952,65.996,168.074
137.588,67.557,164.596
134.188,65.865,164.188
132.781,67.275,167.458
134.46,70.636,166.776
132.949,70.949,163.27
129.494,69.807,164.441
129.494,72.396,167.279
131.011,75.199,165.117
128.185,74.479,162.646
125.531,74.411,165.418
126.755,77.682,166.96
126.199,79.809,163.849
127.628,83.179,162.879
125.553,86.233,163.765
127.87,89.154,162.972
125.582,91.555,164.843
125.654,89.599,168.141
129.348,88.623,167.684
130.332,92.241,167.171
128.17,94.298,169.506
128.596,97.817,170.896
130.66,97.473,174.072
130.535,99.619,177.237
134.211,100.6,176.967
135.29,104.222,176.339
134.233,105.313,172.859
136.3,106.91,170.131
134.874,108.583,166.99
134.124,106.105,164.127
136.154,105.904,160.902
134.835,106.053,157.336
136.121,104.645,154.042
134.825,104.515,150.462
134.526,100.965,149.106
133.508,99.083,145.953
131.092,96.146,146.28
134.258,94.048,146.027
136.111,95.715,148.913
132.944,95.598,151.048
132.709,91.846,150.472
136.396,91.479,151.379
136.015,93.465,154.603
132.953,91.366,155.451
134.877,88.097,155.001
137.818,89.346,157.118
135.353,90.334,159.848
133.941,86.811,159.546
137.374,85.231,160.149
137.934,87.566,163.112
134.524,86.419,164.41
135.76,82.812,164.046
138.736,83.715,166.25
136.224,85.416,168.58
134.19,82.206,168.554
137.033,79.935,169.693
135.677,77.612,172.384
136.715,77.615,176.069
138.352,74.223,176.904
136.191,71.704,178.779
138.268,69.523,181.1
137.189,66.965,183.693
137.945,67.745,187.323
141.572,67.897,188.477
142.805,65.516,191.202
143.53,67.052,194.672
147.255,67.624,195.355
148.585,66.041,198.544
152.366,65.498,198.604
154.758,66.113,201.524
158.299,67.089,200.456
159.69,66.717,204.029
159.015,66.762,207.773
161.14,68.595,210.325
159.798,68.01,213.846
162.372,70.503,215.191
160.392,73.394,213.572
157.095,72.396,215.257
156.325,75.273,217.672
158.433,78.06,216.129
155.835,79.783,213.847
152.096,80.496,214.262
151.462,80.893,210.498
152.428,79.152,207.245
155.159,80.165,204.805
154.234,80.049,201.104
157.174,79.864,198.663
156.32,80.63,195.054
158.89,80.136,192.304
158.559,83.146,190.043
160.648,82.887,186.882
159.277,84.34,183.659
160.08,81.32,181.445
158.165,78.702,183.483
154.654,77.544,182.471
152.171,78.064,185.346
151.287,74.372,185.575
155.012,73.705,186.152
155.805,76.23,188.933
156.887,75.123,192.406
154.549,76.338,195.136
155.546,74.989,198.506
154.165,75.462,202.014
155.937,75.259,205.373
153.217,74.743,207.965
153.443,75.559,211.675
153.424,71.741,212.174
156.826,71.682,210.438
155.835,69.686,207.362
157.081,71.007,204.019
154.293,70.094,201.591
153.068,71.074,198.111
150.388,73.812,197.931
146.796,72.715,197.154
145.098,73.745,193.886
143.25,76.847,195.183
146.283,78.215,197.076
148.416,77.516,193.968
146.135,79.473,191.572
145.609,82.288,194.144
149.4,82.604,194.421
149.944,82.588,190.641
147.398,85.467,190.472
149.231,87.37,193.212
152.613,87.069,191.5
151.455,86.957,187.865
148.305,89.105,187.7
146.098,88.84,184.618
142.974,91.013,184.316
139.559,89.687,185.304
140.834,87.812,188.358
140.164,88.735,191.973
142.602,86.971,194.323
139.75,86.551,196.813
136.817,84.727,195.166
134.076,87.236,194.079
130.706,87.475,195.877
128.92,87.076,192.505
129.511,83.311,192.405
127.28,82.674,195.447
123.9,81.104,194.549
121.82,84.208,195.364
123.821,86.55,193.107
123.951,83.955,190.305
120.166,83.489,190.514
119.695,87.274,190.294
121.957,87.368,187.187
119.978,84.508,185.655
116.74,86.458,186.163
118.317,89.296,184.135
119.411,86.675,181.506
123.101,87.679,181.869
124.206,84.025,181.511
126.857,84.807,178.832
128.441,87.299,181.263
128.314,84.679,184.065
130.239,82.294,181.79
132.838,84.925,180.754
133.29,85.89,184.433
133.834,82.247,185.397
136.224,81.73,182.41
138.476,84.628,183.472
138.147,84.061,187.271
138.56,80.25,187.562
140.466,77.483,185.709
138.856,75.062,183.151
139.691,71.941,185.24
138.817,73.53,188.613
135.871,72.589,190.848
134.007,75.905,190.632
134.564,76.395,186.871
132.722,73.126,186.259
130.209,73.705,189.14
129.17,77.082,187.682
129.24,76.124,183.984
127.013,73.121,184.746
124.667,75.06,187.067
124.268,77.698,184.303
123.568,75.054,181.631
121.034,73.658,184.084
119.211,77.002,184.286
119.254,77.706,180.469
117.778,74.203,180.213
115.114,74.847,182.868
114.062,78.149,181.247
114.323,77.248,177.533
116.751,80.145,177.036
119.241,78.359,174.695
119.19,81.057,171.958
121.083,83.353,174.381
124.217,81.246,173.791
123.479,80.878,170.058
126.215,82.8,168.253
128.237,82.775,171.495
131.639,81.039,171.835
129.854,79.328,174.782
127.348,77.226,172.729
129.301,73.958,172.272
129.755,73.862,176.05
126.066,73.318,176.814
125.935,71.234,173.617
128.507,68.712,174.895
127.139,68.835,178.471
123.58,68.08,177.248
124.758,65.208,175.017
126.714,63.712,177.975
123.828,64.224,180.469
121.393,62.83,177.869
118.942,65.721,177.782
118.678,66.719,174.112
114.976,67.555,174.511
114.717,71.33,174.987
117.638,72.019,172.625
116.083,69.964,169.798
112.669,71.538,170.422
114.371,74.961,170.379
116.437,74.244,167.232
113.381,73.069,165.274
111.153,75.953,166.507
113.901,78.327,165.247
113.304,76.578,161.9
116.84,75.185,161.921
116.674,71.409,161.321
120.221,71.063,159.903
121.476,71.896,163.405
118.91,69.591,165.08
120.085,66.677,162.888
123.76,67.62,163.439
122.872,67.436,167.175
121.229,64.001,167.057
124.222,62.957,164.915
126.557,64.186,167.699
124.477,62.239,170.229
125.084,59.131,168.083
128.844,59.774,167.891
129.119,60.174,171.695
126.787,57.228,172.324
127.875,54.778,169.544
126.252,51.747,171.192
122.696,52.646,172.164
119.233,51.836,170.806
118.865,55.097,168.798
122.369,54.955,167.244
121.911,51.284,166.348
118.382,51.916,164.982
119.751,54.823,162.894
122.403,52.419,161.601
119.606,49.904,160.822
116.983,52.136,159.196
119.562,54.08,157.168
118.018,57.279,158.496
118.19,60.59,156.615
118.463,63.698,158.81
114.778,64.446,159.434
114.128,60.711,159.763
117.191,60.572,162.052
115.46,63.093,164.342
112.336,60.885,164.117
114.463,57.829,165.067
115.841,59.654,168.112
112.326,60.938,168.942
111.136,57.32,169.053
113.951,55.383,170.727
115.56,57.491,173.474
114.4,61.089,174.07
112.465,61.551,177.34
109.797,63.665,175.616
108.77,62.195,172.254
105.398,63.945,172.234
106.784,67.484,172.014
109.51,66.454,169.53
107.125,64.622,167.186
104.504,67.396,167.459
107.056,70.154,166.736
108.559,68.08,163.875
105.037,67.579,162.532
104.262,71.31,162.729
107.613,72.337,161.177
107.382,69.807,158.331
103.762,70.54,157.355
103.947,74.332,157.779
107.3,74.668,155.943
106.266,72.412,153.034
102.951,74.282,152.63
104.531,77.766,152.894
107.468,77.27,150.488
107.781,131.123,159.252
110.102,130.68,156.247
113.782,131.022,155.306
114.764,134.422,153.962
118.353,133.451,153.322
118.795,133.682,149.544
122.462,132.75,149.683
122.161,129.483,151.675
120.757,127.254,148.924
117.993,126.804,146.367
114.415,127.751,147.291
113.746,124.015,146.909
116.53,123.071,149.341
115.335,125.479,152.071
111.626,124.717,151.583
112.049,120.919,151.586
114.325,121.063,154.646
112.006,123.452,156.507
109.157,120.98,155.967
111.467,118.126,156.938
112.154,119.783,160.316
108.432,120.193,160.978
108.659,123.994,160.951
106.6,124.425,157.806
103.43,122.37,158.305
101.88,123.094,154.897
103.442,121.982,151.621
103.264,124.609,148.827
101.923,123.828,145.303
105.031,124.775,143.381
106.923,122.25,145.515
105.092,119.231,144.043
105.165,120.732,140.545
108.953,121.22,141.0
109.32,117.614,142.236
107.715,116.34,139.051
109.783,118.441,136.585
113.014,119.888,138.146
114.931,122.651,136.306
118.19,121.843,134.523
120.37,123.503,137.171
119.81,124.002,140.915
119.111,127.769,141.269
121.656,128.133,144.108
123.264,131.491,144.84
126.592,132.241,143.236
128.814,135.308,143.379
130.041,136.893,140.102
133.794,137.153,140.689
135.787,139.162,138.175
138.381,137.085,136.272
142.105,137.661,136.895
145.528,136.716,135.561
145.837,134.592,132.422
142.279,133.252,132.682
139.896,134.199,129.861
136.49,132.865,128.81
135.756,129.699,126.805
133.486,131.396,124.245
134.234,130.396,120.645
134.112,132.952,117.825
131.859,131.949,114.93
133.533,131.552,111.504
132.931,129.552,108.297
135.013,129.271,105.062
132.249,131.172,103.284
133.379,134.144,105.377
136.941,133.656,104.045
135.347,134.264,100.628
132.905,137.051,101.691
135.906,139.054,102.902
137.378,139.119,99.397
133.959,139.902,97.913
133.496,142.873,100.268
137.102,144.031,99.77
136.579,144.208,96.014
132.894,145.063,95.463
131.807,146.252,98.926
128.187,145.624,99.92
126.006,144.382,97.044
123.474,146.393,94.96
120.487,144.444,96.362
120.821,145.989,99.856
119.642,143.642,102.626
116.368,142.271,103.956
116.842,140.844,107.428
113.083,140.27,107.641
113.086,137.676,104.819
114.13,134.294,106.34
115.231,132.798,103.019
116.798,135.98,101.56
120.046,135.4,99.632
122.299,138.397,99.0
124.655,139.22,96.108
127.569,138.017,98.258
125.797,134.709,98.949
125.324,134.196,95.193
129.036,134.894,94.732
129.729,132.368,97.52
127.762,129.566,95.844
129.341,130.31,92.427
132.793,130.177,94.071
131.911,126.877,95.838
130.784,125.348,92.517
133.906,126.46,90.622
135.907,125.034,93.558
134.381,121.574,92.905
135.745,121.714,89.342
139.22,121.586,90.883
140.599,125.093,90.341
143.091,125.792,93.148
144.037,129.295,91.973
142.288,132.171,93.757
142.29,134.537,90.755
140.6,131.98,88.466
137.864,131.086,90.966
137.215,134.73,91.901
137.161,136.323,88.421
135.181,133.391,86.909
132.626,133.503,89.73
132.375,137.223,88.93
131.689,136.278,85.302
129.271,133.483,86.316
127.4,136.171,88.289
127.539,138.717,85.415
125.881,135.975,83.338
122.812,135.978,85.614
122.489,139.748,85.199
123.88,141.156,88.459
126.01,144.317,88.15
129.303,144.47,90.051
130.471,148.108,90.054
133.354,147.164,92.379
135.319,149.934,94.204
138.622,151.733,93.471
151.934,120.888,161.283
151.014,123.48,158.691
154.162,124.551,156.778
155.817,122.28,154.202
154.662,120.513,151.037
153.658,117.115,152.485
153.304,118.028,156.169
152.104,114.549,157.116
155.698,113.314,156.839
156.778,115.508,159.766
154.354,113.558,161.985
155.676,111.118,164.649
153.171,108.541,163.441
154.301,108.612,159.791
157.944,108.244,160.886
157.127,105.342,163.195
155.068,103.475,160.568
157.83,103.266,157.955
159.236,99.733,158.213
162.812,98.975,157.254
165.275,97.826,159.937
168.847,97.369,158.683
171.004,94.438,159.742
173.801,95.248,162.18
176.321,94.974,159.354
175.038,98.213,157.791
176.864,101.386,158.846
176.606,103.835,155.949
173.936,104.298,153.29
174.71,106.655,150.419
171.952,107.811,148.065
173.123,109.282,144.75
170.31,110.754,142.652
169.319,113.316,140.079
167.165,116.41,140.206
166.074,115.981,136.578
165.069,113.323,134.049
161.943,111.159,134.017
163.821,108.02,134.979
165.351,109.33,138.226
161.846,110.173,139.476
161.213,107.268,141.865
164.629,107.88,143.436
163.708,111.488,144.236
160.412,110.381,145.758
162.361,107.895,147.822
164.645,110.682,149.185
161.502,112.76,149.854
159.378,110.159,151.617
161.063,107.031,152.987
164.545,108.385,153.783
163.033,110.082,156.872
161.183,106.86,157.854
164.316,104.736,157.353
166.635,107.004,159.347
164.064,107.136,162.167
164.248,103.371,162.828
167.974,103.189,162.11
169.237,106.089,164.278
172.846,104.938,164.268
173.176,104.473,160.511
174.745,107.39,158.655
172.672,108.424,155.622
174.114,110.795,153.0
172.739,112.277,149.739
174.609,113.331,146.595
172.876,115.142,143.768
173.849,115.228,140.078
177.224,113.467,140.414
176.445,110.329,138.395
174.138,110.391,135.295
172.22,107.508,136.967
170.492,107.106,140.388
171.706,104.422,142.821
172.262,103.427,146.44
175.434,102.21,148.154
175.491,100.371,151.471
178.695,100.153,153.479
178.891,97.193,155.818
181.087,96.445,158.845
183.012,93.784,156.899
184.131,96.303,154.255
181.527,94.837,151.924
179.925,97.321,149.504
176.373,96.689,148.294
175.551,98.673,145.139
171.802,98.918,144.411
170.798,100.392,141.042
167.493,102.239,141.265
166.492,103.577,137.867
162.943,103.349,136.556
162.077,101.744,139.878
159.147,103.181,141.849
159.499,104.552,145.383
157.794,101.443,146.866
159.878,99.037,144.754
163.096,100.599,146.072
161.852,100.26,149.648
160.738,96.61,149.266
163.907,95.648,147.404
166.12,97.217,150.093
164.054,95.574,152.887
164.62,92.312,150.991
168.427,92.672,150.692
169.364,93.781,154.2
166.226,93.759,156.337
165.31,91.952,159.475
162.78,89.14,159.136
159.586,89.765,161.088
160.716,86.715,163.085
163.931,88.533,164.07
162.143,91.732,165.144
159.431,89.828,167.077
162.076,87.785,168.927
163.949,91.011,169.773
160.871,92.789,171.153
159.978,89.536,172.941
163.344,89.707,174.71
162.664,93.365,175.568
159.197,92.561,176.98
160.54,89.917,179.382
162.755,92.645,180.85
159.945,94.034,183.029
158.825,91.342,185.471
155.161,91.356,186.694
155.992,89.993,190.173
158.44,92.704,191.26
157.756,95.712,193.546
158.948,99.354,193.465
158.544,102.699,191.587
155.446,103.069,189.342
157.875,103.713,186.488
159.367,100.213,186.529
156.713,98.212,188.434
153.001,97.322,188.484
152.957,97.663,192.267
154.788,99.431,195.133
153.747,98.183,198.604
152.307,94.74,199.047
149.69,96.756,200.982
147.92,96.999,197.628
147.661,93.256,196.927
144.105,92.122,197.779
144.341,89.54,200.583
147.29,91.164,202.391
147.428,93.717,205.224
146.513,97.288,204.014
148.67,100.451,204.071
148.077,101.906,207.573
147.695,105.315,205.916
144.469,103.953,204.413
143.231,101.568,207.119
144.678,102.372,210.605
145.949,99.177,212.287
144.385,97.289,215.248
145.891,98.571,218.523
147.787,95.327,219.168
149.849,95.382,215.925
151.096,98.865,216.896
154.651,99.071,218.266
153.522,101.764,220.714
151.039,99.338,222.302
153.617,96.514,222.44
156.211,98.835,224.048
153.601,100.219,226.495
152.79,96.584,227.411
156.414,95.421,227.888
157.06,98.529,230.005
154.253,97.637,232.446
178.355,106.53,211.501
181.754,107.846,212.652
184.956,108.457,210.674
188.574,107.184,210.661
189.734,110.523,212.102
186.844,110.843,214.575
188.221,110.381,218.129
186.54,107.682,220.299
184.371,108.631,223.289
185.777,109.273,226.773
183.408,106.715,228.327
184.129,103.98,225.737
187.867,104.546,226.342
188.624,102.117,229.19
186.176,99.486,227.924
186.761,96.372,225.799
184.113,93.754,224.816
182.864,91.123,227.317
182.347,87.618,225.782
179.161,85.558,226.466
178.771,82.577,228.844
179.552,79.332,226.97
177.238,76.282,227.34
179.702,73.524,226.276
177.256,70.823,225.085
175.0,72.985,222.902
178.075,74.903,221.713
179.749,71.684,220.51
176.598,70.341,218.83
176.372,73.761,217.161
179.976,73.756,215.857
179.197,70.386,214.245
175.944,71.689,212.722
177.784,74.633,211.153
180.633,72.525,209.716
178.123,70.07,208.163
175.842,72.862,206.898
178.676,74.911,205.375
180.079,71.791,203.713
176.622,71.12,202.148
176.078,74.72,201.019
179.626,74.729,199.575
178.797,71.672,197.431
175.584,73.4,196.287
177.456,76.611,195.365
179.953,74.601,193.285
177.008,72.831,191.607
175.626,76.269,190.645
179.036,77.56,189.446
179.218,74.526,187.146
175.688,75.337,185.905
176.714,78.903,184.985
179.799,77.481,183.171
177.584,75.228,181.063
174.876,77.789,180.224
177.454,80.473,179.316
179.525,78.194,177.051
176.426,76.735,175.344
174.926,80.178,174.711
178.312,81.213,173.287
180.084,78.443,171.331
177.201,75.942,171.428
175.213,74.287,168.622
172.489,76.788,167.646
174.876,79.745,168.003
177.025,78.209,165.253
173.869,77.342,163.293
172.845,81.014,163.524
176.301,82.197,162.369
176.533,79.877,159.345
172.892,80.318,158.292
173.064,84.111,158.509
176.352,84.296,156.558
174.788,81.972,153.946
171.583,84.013,153.538
173.806,87.086,153.273
175.853,85.768,150.312
172.617,84.518,148.685
171.047,87.968,148.8
174.267,89.753,147.691
174.535,87.472,144.659
170.801,88.051,144.032
171.347,91.824,144.055
174.342,91.364,141.723
172.156,89.47,139.229
169.519,92.191,139.516
171.97,95.056,138.812
173.302,93.201,135.758
169.753,92.713,134.406
169.069,96.436,134.829
172.409,97.195,133.179
171.311,95.317,130.051
167.95,97.124,130.005
169.831,100.427,130.214
172.215,99.518,127.399
169.217,98.768,125.148
167.545,102.106,125.976
170.829,104.011,125.401
171.474,102.489,121.953
167.938,103.575,121.079
168.634,107.134,122.299
171.852,107.213,120.249
169.866,106.394,117.092
167.27,109.105,117.752
170.165,111.516,118.421
171.825,110.81,115.051
168.446,111.567,113.421
168.437,114.9,115.285
171.987,115.52,113.99
170.801,115.067,110.397
168.018,117.638,110.97
170.327,120.225,112.579
172.943,119.664,109.851
170.305,120.498,107.218
169.15,123.717,108.935
172.694,124.986,109.661
173.643,124.29,106.037
170.689,126.392,104.797
171.46,129.365,107.038
175.203,129.156,106.289
174.262,129.503,102.616
171.928,132.473,103.275
174.669,134.27,105.218
177.372,133.544,102.62
175.018,135.038,100.012
174.317,138.211,102.02
177.999,138.874,102.767
178.961,138.187,99.119
176.349,140.642,97.806
177.707,143.211,100.251
181.367,142.773,99.191
180.461,143.129,95.502
178.195,146.09,96.309
181.057,147.963,97.975
183.331,146.816,95.107
181.033,148.813,92.815
180.707,151.805,95.149
184.503,152.03,95.457
184.881,153.061,91.813
183.124,156.334,92.644
185.072,157.422,95.763
187.14,160.633,95.938
190.921,160.173,95.834
193.977,162.483,95.688
193.52,162.672,91.894
189.75,163.142,91.849
190.045,166.001,94.384
190.083,169.099,92.172
187.575,167.565,89.792
184.966,166.29,92.252
185.294,169.582,94.218
184.747,171.804,91.193
181.948,169.43,90.17
180.099,169.509,93.489
180.359,173.311,93.47
178.26,173.277,90.277
175.415,170.916,91.323
173.304,171.977,94.367
171.169,169.148,95.81
168.209,169.387,98.183
167.041,166.843,100.733
163.86,168.871,101.227
160.393,167.42,100.83
156.972,167.696,102.464
154.064,165.333,103.186
150.328,165.6,102.585
147.612,164.368,104.98
147.204,161.345,102.688
150.654,159.913,103.384
151.999,161.291,100.106
155.366,162.889,99.29
155.567,166.363,97.753
158.825,167.568,96.162
159.85,171.217,95.412
161.76,170.678,92.127
158.602,171.473,90.131
159.074,175.17,90.988
240.932,65.806,232.51
242.233,63.242,229.996
240.47,64.948,227.051
242.156,68.4,227.185
245.711,67.229,227.999
245.778,64.296,225.527
244.01,66.26,222.759
246.832,68.73,221.946
244.628,71.872,222.041
247.12,74.73,222.289
249.247,73.63,219.306
246.235,73.56,216.973
244.906,76.927,218.23
248.361,78.534,217.871
248.486,77.08,214.349
245.051,78.517,213.44
245.46,82.333,213.182
246.703,83.395,209.717
245.056,86.794,209.217
247.576,89.586,210.103
245.077,92.41,210.84
244.91,95.488,213.106
242.424,96.125,215.946
241.916,99.906,215.612
241.357,99.744,211.823
238.705,97.031,212.188
237.223,99.048,215.086
236.923,102.186,212.918
235.485,100.219,209.963
232.943,98.476,212.257
231.871,101.66,214.108
231.574,103.299,210.649
229.265,100.531,209.332
227.114,100.921,212.48
227.019,104.738,212.214
225.784,104.781,208.598
223.465,101.895,209.626
224.636,99.149,207.253
225.418,95.44,207.773
228.838,93.97,208.704
230.64,90.848,207.414
231.314,87.91,209.749
234.877,88.158,208.397
235.713,91.492,210.074
234.411,90.064,213.385
236.42,86.806,213.102
239.477,88.966,212.309
238.793,91.28,215.263
238.492,88.314,217.674
241.606,86.617,216.16
243.926,89.594,216.788
243.218,90.213,220.51
246.431,90.715,222.539
244.982,91.879,225.899
242.17,91.753,228.496
241.065,95.22,227.376
240.906,93.916,223.784
238.828,90.945,225.029
236.454,93.537,226.564
236.356,95.267,223.149
235.706,91.871,221.486
232.795,91.241,223.893
231.3,94.666,223.138
231.625,94.251,219.329
230.205,90.699,219.37
227.308,92.135,221.396
226.828,94.971,218.893
227.171,92.438,216.013
224.435,90.079,217.287
222.252,93.211,217.279
223.121,93.667,213.56
221.291,92.225,210.463
223.894,89.436,210.058
223.652,87.992,213.613
222.704,84.583,212.163
225.964,84.573,210.145
228.362,83.973,213.072
230.361,80.843,212.162
231.834,78.127,214.4
235.475,79.133,213.972
234.77,82.67,215.226
233.071,81.418,218.418
236.039,79.039,218.679
238.483,81.951,218.33
236.714,83.796,221.146
236.67,80.768,223.485
240.407,80.14,222.851
241.239,83.842,223.38
239.481,83.519,226.749
241.514,80.354,227.439
244.542,82.547,226.741
243.65,84.991,229.544
241.192,84.121,232.336
238.897,81.553,230.658
236.814,81.218,233.845
234.869,84.504,233.802
233.974,86.058,230.45
233.238,82.804,228.566
230.81,81.864,231.342
229.271,85.344,231.23
228.67,85.251,227.457
227.237,81.73,227.811
224.994,82.869,230.694
223.978,85.962,228.747
223.42,83.638,225.768
220.85,85.57,223.693
222.679,88.939,223.904
226.135,87.936,222.573
224.957,84.909,220.599
228.054,82.734,220.939
226.026,79.48,221.131
228.941,77.012,220.774
227.197,73.698,220.088
230.343,71.669,219.565
233.338,69.982,221.171
234.035,73.515,222.498
231.739,72.842,225.49
233.841,69.754,226.243
236.946,71.96,225.941
235.676,74.632,228.382
234.533,71.965,230.853
237.953,70.24,230.772
239.736,73.563,231.359
237.457,73.851,234.394
238.189,70.306,235.706
241.972,70.839,235.485
241.778,74.067,237.522
239.055,72.929,239.988
236.407,75.689,239.979
233.26,73.63,240.615
230.292,76.084,240.805
231.065,77.806,237.479
231.464,74.435,235.717
228.04,73.612,237.257
226.376,76.676,235.753
228.074,75.857,232.401
226.641,72.304,232.71
223.198,73.915,233.141
223.734,76.014,229.986
224.934,73.019,227.934
221.729,71.343,229.148
219.54,74.354,228.205
220.787,74.376,224.587
220.366,70.548,224.609
223.883,70.239,223.224
224.727,66.522,223.464
225.423,64.536,220.32
228.916,64.232,221.836
229.652,62.327,224.966
230.262,65.569,226.866
227.217,63.993,228.46
229.433,61.628,230.422
231.856,64.504,231.117
228.878,66.499,232.376
227.074,63.537,233.959
230.285,62.964,235.871
230.366,66.506,237.074
226.643,66.617,237.881
226.961,63.473,239.935
229.986,65.042,241.678
227.659,67.875,242.593
225.017,65.231,243.361
227.168,64.115,246.3
228.048,67.783,246.926
224.343,68.273,247.623
223.295,68.376,251.214
220.83,71.274,251.499
217.095,72.032,251.283
216.407,72.736,247.598
213.9,75.398,246.524
211.647,75.142,243.451
214.081,76.361,240.76
217.007,74.36,242.182
214.963,71.129,242.174
213.937,71.935,238.592
217.514,72.65,237.437
218.709,69.434,239.088
215.988,67.176,237.659
216.691,68.701,234.245
220.472,68.204,234.499
219.766,64.587,235.505
217.273,63.91,232.712
218.501,65.711,229.581
222.171,64.896,230.079
221.503,61.232,230.869
220.778,59.601,227.531
222.892,56.612,228.484
221.867,53.103,227.42
225.391,51.746,227.955
225.243,51.77,231.753
223.026,51.508,234.828
224.121,54.942,236.085
222.534,56.753,233.115
219.216,54.963,233.748
219.174,55.604,237.539
220.192,59.254,237.035
217.168,59.329,234.715
215.196,57.846,237.67
216.648,60.564,239.932
215.639,63.341,237.492
212.099,62.038,236.82
211.678,61.784,240.603
212.842,65.367,241.322
210.658,66.754,238.507
207.775,64.653,239.854
208.227,66.385,243.225
208.276,69.758,241.433
204.979,68.707,239.793
203.144,67.432,242.893
204.197,70.288,245.214
203.679,73.385,243.013
202.535,72.91,239.411
203.159,71.179,236.079
203.871,74.62,234.594
206.822,75.06,236.975
208.503,72.114,235.196
208.453,72.715,231.424
208.343,76.533,231.743
211.749,77.613,230.376
213.215,74.079,230.312
213.59,71.683,227.327
210.917,69.46,228.894
207.455,68.184,227.96
204.138,69.531,229.279
202.638,66.024,229.474
201.703,65.314,233.143
203.21,61.812,233.484
206.762,61.914,234.868
206.801,59.599,237.89
205.161,57.157,235.456
208.144,57.493,233.073
210.515,56.687,235.97
208.438,53.635,236.945
208.544,52.812,233.185
212.375,52.816,233.347
212.014,50.583,236.447
209.722,48.268,234.411
212.432,47.85,231.739
214.395,45.824,234.317
212.309,42.691,233.715
214.234,42.062,230.466
217.408,44.087,231.315
220.383,43.541,233.726
221.236,46.835,235.486
220.246,49.862,237.617
222.238,52.465,239.588
219.535,51.991,242.14
220.987,53.306,245.436
220.248,56.961,244.712
217.063,55.905,242.94
216.148,54.273,246.261
217.117,57.243,248.478
215.562,59.994,246.344
212.362,58.113,245.438
212.185,57.434,249.216
212.367,61.194,249.896
209.602,61.555,247.265
207.389,58.82,248.748
208.018,60.381,252.202
206.964,63.911,251.198
203.941,62.593,249.24
203.061,60.535,252.319
203.673,63.289,254.932
201.692,65.868,252.927
198.47,63.784,253.153
197.829,63.301,256.917
199.374,66.629,257.989
197.805,69.513,256.059
199.168,72.223,258.36
202.711,70.853,258.48
203.363,70.316,254.747
201.068,72.702,252.822
201.036,75.813,255.068
204.113,77.291,253.34
202.559,79.504,250.609
200.969,82.685,252.018
201.821,85.038,249.122
198.486,86.127,247.607
195.23,84.219,248.199
192.788,86.427,246.247
195.223,87.178,243.396
196.11,83.473,242.984
192.426,82.443,243.232
191.369,85.053,240.631
194.317,84.401,238.264
194.052,80.619,238.797
194.63,78.659,235.576
194.076,74.932,235.031
196.203,73.244,232.333
194.89,69.774,233.232
191.554,68.313,232.062
188.666,66.952,234.168
189.164,63.453,232.675
192.991,63.547,232.947
193.125,61.943,236.438
195.349,64.301,238.487
198.601,62.742,239.778
197.669,63.492,243.419
194.901,60.877,243.144
197.276,58.125,241.922
199.57,58.049,245.017
198.379,54.629,246.346
199.596,53.218,242.995
202.947,55.054,243.18
203.814,53.82,246.696
202.835,50.25,245.707
204.925,50.411,242.502
208.008,51.771,244.245
207.715,49.122,247.043
207.021,46.197,244.656
209.565,47.22,241.981
212.286,47.867,244.607
211.631,44.339,245.94
211.942,43.012,242.354
215.106,44.886,241.243
217.298,44.045,244.259
216.253,40.37,244.128
216.587,40.018,240.327
218.998,42.548,238.819
221.029,42.626,242.063
222.622,45.811,240.72
222.532,47.908,243.918
225.485,50.299,243.837
227.481,51.122,246.964
228.049,54.644,245.628
226.652,56.326,242.498
229.31,59.076,242.544
232.325,56.755,242.457
230.856,54.121,240.087
229.789,56.794,237.591
233.252,58.379,237.928
234.938,55.048,237.104
232.532,54.389,234.207
233.027,57.713,232.392
236.762,57.801,233.16
236.886,54.342,231.538
234.872,55.323,228.448
236.748,58.651,228.099
239.936,57.8,226.083
238.375,55.999,223.072
235.856,58.854,222.736
238.749,61.35,222.75
240.493,59.36,219.997
237.233,59.47,218.004
236.713,63.237,218.513
240.246,64.214,217.35
239.749,62.924,213.772
236.518,64.902,213.247
237.568,68.108,215.059
240.712,68.276,212.876
238.755,68.107,209.6
236.451,70.805,210.997
239.572,72.902,211.676
240.606,72.554,208.015
237.083,73.212,206.677
236.739,76.507,208.579
239.994,77.746,207.007
238.651,76.727,203.597
235.577,78.903,204.215
237.589,81.903,205.445
239.799,81.618,202.333
236.793,81.516,199.964
235.206,84.524,201.706
238.386,86.671,201.567
238.602,85.715,197.875
235.051,87.037,197.407
235.891,90.286,199.263
238.892,90.87,196.977
236.945,90.049,193.788
234.136,92.446,194.772
236.534,95.289,195.633
238.41,94.783,192.344
235.165,94.901,190.326
234.101,98.036,192.237
237.467,99.689,191.518
237.332,98.768,187.808
233.798,100.139,187.404
234.815,103.222,189.44
237.731,103.821,187.043
235.411,103.25,184.061
232.901,105.827,185.386
235.581,108.315,186.566
237.6,108.267,183.304
234.584,108.617,180.974
231.597,110.406,182.555
228.027,109.688,181.442
225.157,110.36,183.876
221.58,111.423,182.934
114.79,118.498,111.19
117.064,121.555,111.013
119.972,121.801,113.506
120.297,125.286,115.052
123.812,125.497,113.559
122.351,124.9,110.091
119.91,127.798,110.471
122.483,130.179,111.947
125.063,129.521,109.195
122.633,130.483,106.407
120.658,133.326,108.079
120.707,136.816,106.407
122.564,138.324,109.391
125.322,135.7,109.112
125.594,136.463,105.366
126.17,140.193,106.032
129.387,139.7,108.014
130.646,142.982,109.538
127.762,145.424,109.948
129.848,148.472,109.032
128.696,150.497,105.982
126.028,147.946,104.992
123.022,148.844,102.844
119.945,147.609,104.71
116.142,147.745,104.424
114.238,148.803,107.533
110.744,149.702,108.708
109.399,152.612,110.774
107.378,151.218,113.708
107.218,154.428,115.732
107.379,158.212,115.459
108.06,161.197,117.724
108.066,164.658,116.103
111.321,164.549,114.099
112.363,161.09,115.34
111.797,157.97,113.273
112.198,154.746,115.23
113.311,152.24,112.662
113.398,148.453,112.987
115.907,147.199,110.405
115.566,143.682,111.766
118.885,142.934,113.455
118.365,143.368,117.234
117.91,146.956,118.36
115.94,149.602,116.521
117.888,152.604,115.285
116.604,156.179,115.473
116.933,158.59,112.578
115.879,162.196,112.033
113.137,162.983,109.501
114.775,164.555,106.403
113.567,167.851,104.891
112.942,166.332,101.434
109.514,164.592,101.381
109.027,164.876,105.146
105.424,163.674,105.216
106.156,160.531,103.175
107.59,158.992,106.362
104.867,157.365,108.471
104.354,154.328,110.697
104.722,151.241,108.49
106.832,153.065,105.86
109.88,151.22,104.543
113.298,152.885,104.121
116.937,152.415,103.073
119.703,152.663,105.683
123.48,152.576,105.834
124.383,150.501,108.878
127.396,151.659,110.876
126.982,149.775,114.17
124.681,146.899,115.152
124.782,147.972,118.803
126.256,151.202,120.177
128.508,150.181,123.052
131.755,151.269,124.724
133.677,150.666,127.922
134.374,153.713,130.083
136.912,154.64,132.805
136.647,152.424,135.882
133.776,150.2,134.722
133.542,146.365,134.899
131.336,145.975,131.81
130.419,147.991,128.737
127.672,150.583,128.506
124.746,149.744,126.2
122.783,152.599,124.661
120.176,149.988,123.638
120.178,151.307,120.048
121.796,150.726,116.679
123.733,153.319,114.663
122.588,154.015,111.089
122.313,156.684,108.397
118.89,157.255,106.807
119.489,157.504,103.054
116.108,157.62,101.326
112.942,155.544,101.413
112.683,152.17,99.67
112.983,153.201,96.011
110.631,150.835,94.167
89.103,237.799,125.484
88.121,238.982,128.967
88.495,242.556,130.23
90.698,243.289,133.274
92.568,246.58,133.764
90.867,248.307,130.817
88.606,250.352,133.119
89.31,254.088,133.145
90.066,255.103,136.731
87.582,257.404,138.435
86.921,256.317,142.097
83.799,258.526,142.12
82.581,257.754,138.57
82.854,253.937,138.775
79.952,252.401,136.851
77.804,249.364,137.729
78.593,247.799,134.319
82.328,248.388,134.906
82.034,245.57,137.479
85.06,243.292,137.812
87.65,245.65,136.308
90.999,246.74,137.785
91.618,250.482,138.007
95.206,251.682,138.521
96.615,253.765,141.398
99.934,255.669,141.584
102.715,254.986,144.117
102.653,258.466,145.649
98.903,257.907,145.804
99.716,254.76,147.796
102.014,256.783,150.1
99.567,259.662,150.692
96.297,257.665,150.922
97.573,254.618,152.891
100.384,255.664,155.269
98.608,253.226,157.563
98.546,249.492,156.851
97.55,247.93,153.544
96.9,244.147,153.732
100.332,242.398,153.715
99.392,240.049,150.825
98.24,242.927,148.619
101.319,244.972,149.665
103.304,242.025,148.297
101.171,242.108,145.104
101.981,245.792,144.519
105.693,245.55,145.376
106.024,242.552,143.028
104.108,243.999,140.075
105.216,247.637,140.66
101.579,248.318,139.727
98.823,248.788,142.294
95.669,247.563,140.554
92.336,247.166,142.371
89.194,245.366,141.143
85.759,246.997,141.473
83.326,244.835,143.483
79.546,245.106,144.116
79.651,245.718,147.914
82.209,248.509,147.307
80.001,250.041,144.554
77.0,249.815,146.899
78.81,251.493,149.828
80.229,254.19,147.501
76.658,254.765,146.266
75.61,255.231,149.902
78.516,257.691,150.298
77.389,259.691,147.233
73.974,260.531,148.667
75.281,261.31,152.175
73.454,264.104,153.976
76.024,265.589,156.352
73.276,267.349,158.331
72.005,263.937,159.452
73.898,262.187,162.299
76.859,259.911,161.431
75.798,256.713,159.613
77.29,253.326,160.592
78.139,250.811,157.853
79.47,247.283,158.487
81.261,244.94,156.049
80.946,241.281,157.045
81.973,238.078,155.246
83.891,234.792,155.22
87.672,234.748,155.855
89.751,236.026,152.914
86.726,237.395,150.969
88.119,240.909,150.267
86.726,243.079,153.118
89.775,245.279,153.929
90.259,245.891,150.171
86.602,247.029,149.874
87.397,249.363,152.842
90.498,250.634,150.987
88.445,251.323,147.824
86.27,253.681,149.887
89.308,255.056,151.78
91.058,256.178,148.573
87.873,257.461,146.866
87.223,259.616,149.97
90.865,260.694,150.019
90.238,261.759,146.388
87.231,263.905,147.402
89.511,265.557,149.99
88.082,264.385,153.31
89.765,263.848,156.671
90.803,260.18,156.647
91.062,258.508,160.064
92.235,254.908,159.528
92.923,252.03,161.947
94.404,249.078,159.947
93.554,246.507,162.639
91.783,247.395,165.886
93.022,243.999,167.129
96.71,245.034,167.303
95.904,247.446,170.151
94.152,244.664,172.144
96.86,241.981,171.804
100.663,241.506,172.002
101.705,244.771,173.679
105.264,244.903,175.017
104.729,248.126,176.967
101.528,248.643,178.962
101.511,251.959,180.859
99.28,252.883,183.818
97.348,256.171,183.835
95.214,257.631,186.646
94.571,260.798,184.601
91.775,258.857,182.889
90.668,257.21,186.189
92.444,253.824,186.066
93.133,253.392,182.344
96.057,251.819,180.485
97.911,253.22,177.462
99.992,251.877,174.539
102.904,254.272,173.742
104.241,252.208,170.799
100.93,251.755,168.936
99.793,255.344,169.568
103.132,256.708,168.266
102.966,254.528,165.111
99.338,255.494,164.399
100.191,259.205,164.94
103.211,258.957,162.599
101.004,257.418,159.89
98.214,259.975,160.57
100.686,262.846,160.09
101.389,261.67,156.509
97.718,260.734,155.956
96.338,264.28,155.84
98.77,267.221,155.767
96.459,269.915,154.341
93.914,269.844,157.169
96.411,269.673,160.073
97.487,273.281,159.397
93.891,274.448,158.829
92.203,273.167,162.028
92.31,275.46,165.057
92.183,273.572,168.356
90.068,275.237,171.041
91.087,273.947,174.491
93.65,274.467,177.237
95.771,271.273,177.088
98.313,270.124,179.702
101.026,267.665,178.599
103.342,268.182,181.595
103.797,270.455,184.605
106.495,272.107,182.447
104.742,271.999,179.063
101.342,272.866,177.586
99.465,273.7,174.369
96.775,276.407,174.44
93.906,277.135,172.04
94.503,278.592,168.573
97.078,275.983,167.537
96.989,274.049,164.243
96.403,270.323,164.926
99.686,269.389,163.214
101.449,270.798,166.28
99.442,268.546,168.638
100.005,265.433,166.461
103.79,266.079,166.29
103.905,267.004,170.006
102.438,263.519,170.54
104.857,261.873,168.084
107.977,263.504,169.624
107.093,262.529,173.208
106.101,258.841,173.216
105.118,258.946,176.916
101.902,260.942,176.433
101.299,259.97,172.761
98.116,258.055,173.737
96.534,261.078,175.477
97.494,262.931,172.273
95.555,260.323,170.213
92.492,260.623,172.488
92.771,264.431,172.38
93.084,264.453,168.552
89.997,262.183,168.476
87.643,264.124,170.81
88.719,267.459,169.286
88.08,265.815,165.884
84.532,265.025,167.039
83.951,268.564,168.429
85.18,270.373,165.286
83.29,268.022,162.935
80.043,269.997,163.352
81.565,272.77,161.205
81.583,272.637,157.391
85.401,272.514,157.497
85.209,268.835,158.472
84.141,265.837,156.419
85.289,262.912,158.543
85.628,259.335,157.268
86.328,256.965,160.174
87.406,253.483,159.075
87.87,250.972,161.897
88.879,247.504,160.646
88.044,244.677,163.056
85.721,246.744,165.242
84.873,243.653,167.345
88.181,244.133,169.161
86.595,247.152,170.885
83.787,245.189,172.632
85.524,241.788,172.76
87.752,240.123,175.367
91.322,241.309,176.029
94.468,239.157,176.171
96.735,241.795,177.787
97.398,241.415,181.517
98.428,243.22,184.7
101.438,242.201,186.807
98.708,240.608,188.963
98.2,238.218,185.997
94.582,239.434,186.111
93.174,240.167,182.628
92.035,243.691,181.763
88.797,244.777,180.079
88.809,246.613,176.719
87.315,249.508,178.737
90.531,249.687,180.797
92.514,250.702,177.7
92.748,254.42,176.899
93.012,253.8,173.129
89.897,251.546,172.992
87.901,253.77,175.389
88.561,256.813,173.168
88.055,254.873,169.896
84.635,253.811,171.243
83.627,257.492,171.387
84.228,257.794,167.619
81.611,255.16,166.65
78.711,256.522,168.783
77.155,258.547,165.853
76.666,261.585,168.126
78.127,263.956,165.527
77.302,265.522,162.134
79.219,265.611,158.844
80.888,262.219,159.236
80.391,258.623,158.097
81.735,255.557,159.954
82.637,252.607,157.71
83.354,249.51,159.849
84.541,245.948,159.18
83.82,242.981,161.464
86.806,240.607,161.264
87.873,237.037,162.109
91.551,236.592,161.132
92.867,238.868,163.897
90.229,238.156,166.569
90.442,236.901,170.161
88.434,234.026,171.732
86.271,233.847,168.57
85.925,230.527,166.649
87.5,230.483,163.164
84.206,229.648,161.406
82.214,232.68,162.664
81.919,235.435,160.028
78.575,236.847,161.259
78.328,240.349,162.856
76.381,239.614,166.079
78.578,236.573,166.788
81.839,238.564,166.563
80.514,241.753,168.207
78.468,239.916,170.849
75.682,241.39,172.982
77.797,244.393,174.018
78.951,244.884,170.432
75.645,244.625,168.564
73.594,246.478,171.211
76.019,249.428,171.429
76.408,249.459,167.635
72.928,250.964,167.004
71.013,250.61,163.7
73.653,250.15,160.953
73.896,248.967,157.321
74.983,245.262,157.152
76.873,244.936,153.814
77.773,241.349,152.811
81.066,240.582,151.044
80.957,237.359,148.996
83.171,235.231,146.722
84.002,236.044,143.091
81.216,235.314,140.606
82.179,233.791,137.199
83.013,237.229,135.699
85.022,238.627,138.661
86.93,235.326,138.718
87.725,235.235,134.97
88.764,238.894,135.199
91.146,238.261,138.132
92.682,235.261,136.309
93.155,237.358,133.139
94.723,240.108,135.287
97.26,237.592,136.607
97.886,236.309,133.056
98.511,239.877,131.829
101.228,240.34,134.481
102.418,236.814,133.536
102.207,235.869,137.233
100.925,232.39,136.385
104.174,230.643,135.458
102.808,227.128,135.099
102.769,226.008,131.449
99.325,224.395,131.924
97.757,227.439,133.65
97.018,228.913,130.2
94.51,226.149,129.37
90.848,225.892,130.405
91.907,222.975,132.626
94.036,225.238,134.858
91.043,227.554,135.269
88.629,224.704,136.169
91.087,223.418,138.785
91.924,226.853,140.266
88.178,227.549,140.435
87.596,224.244,142.222
90.513,224.321,144.69
90.108,228.02,145.601
86.271,227.884,145.483
86.792,231.236,143.666
87.532,232.884,147.024
89.911,235.888,146.52
92.492,235.189,149.285
92.455,231.444,148.517
92.978,232.076,144.791
95.819,234.488,145.657
97.418,231.75,147.812
96.954,229.167,145.017
98.363,231.487,142.325
101.289,232.617,144.54
103.346,229.376,144.356
102.113,228.513,140.833
47.428,172.09,219.435
49.91,169.26,218.766
47.161,166.898,217.561
46.022,169.27,214.788
49.67,169.474,213.64
50.071,165.671,213.613
46.749,165.526,211.719
48.067,168.04,209.159
51.268,165.947,208.921
49.356,162.667,208.48
47.333,164.376,205.736
50.388,165.998,204.117
52.045,162.537,204.182
49.398,160.871,201.971
49.253,164.071,199.898
53.009,164.118,199.164
54.381,161.993,196.338
57.961,162.001,195.149
57.937,164.473,192.205
56.413,163.2,188.948
57.907,165.992,186.826
60.272,168.981,186.768
57.413,171.461,186.846
56.352,169.771,190.092
59.851,170.217,191.538
59.866,173.939,190.619
56.319,174.472,191.973
57.055,172.82,195.35
60.38,174.699,195.468
58.756,178.068,194.698
56.087,177.508,197.386
58.863,176.372,199.763
60.844,179.563,199.07
63.955,177.827,197.691
63.22,178.762,194.059
62.968,182.409,192.943
59.789,184.367,192.166
59.165,185.167,188.49
59.197,187.529,186.759
62.143,188.717,188.866
62.07,191.927,190.858
65.357,192.601,192.68
63.642,194.103,195.767
61.826,190.846,196.625
62.392,189.865,200.26
63.34,193.394,201.368
60.827,196.216,202.096
63.141,198.427,204.247
60.863,198.556,207.353
57.866,199.838,205.332
59.564,203.264,205.228
58.595,205.968,202.722
60.812,208.515,200.957
60.001,211.467,203.246
61.426,209.465,206.185
64.605,209.281,204.077
64.874,212.644,202.242
63.74,215.077,204.981
65.618,214.712,208.285
64.692,218.212,209.587
62.694,216.511,212.372
65.893,215.383,214.148
67.587,218.781,213.742
64.912,220.193,216.083
67.271,220.141,219.078
70.394,222.03,217.88
71.514,225.707,217.847
69.61,227.304,214.945
71.827,230.161,213.669
75.28,228.711,214.454
78.081,226.917,212.517
76.655,223.693,213.988
73.666,224.283,211.683
76.044,224.561,208.708
77.801,221.33,209.778
74.654,219.363,210.636
72.789,220.518,207.495
75.707,219.154,205.48
75.592,215.886,207.49
71.779,215.787,207.002
72.055,216.388,203.221
74.658,213.615,202.961
72.361,211.213,204.828
69.549,212.484,202.546
71.416,211.212,199.47
72.315,207.827,201.066
70.743,204.637,199.495
72.696,202.087,201.599
71.45,203.033,205.089
68.054,202.568,206.786
66.127,205.323,208.602
67.305,203.888,211.957
71.032,204.147,211.175
70.808,207.742,209.858
68.946,208.623,213.076
71.717,206.957,215.128
74.266,209.13,213.245
72.302,212.32,214.063
72.011,211.168,217.702
75.707,210.33,217.976
76.371,213.953,216.914
73.771,215.263,219.375
75.447,213.277,222.178
79.02,214.218,221.141
78.302,217.955,220.791
76.303,217.9,224.057
79.232,215.923,225.512
81.563,218.886,225.085
79.973,222.199,226.049
83.284,223.531,227.389
85.33,223.614,224.168
82.34,225.094,222.287
81.841,227.998,224.733
85.6,228.682,224.879
85.756,228.578,221.057
84.579,232.17,220.633
80.979,231.237,219.899
78.404,230.397,222.573
76.766,227.159,221.439
73.767,225.183,222.7
75.535,236.767,187.534
72.528,238.369,189.288
70.705,238.205,192.652
67.758,236.711,190.734
70.012,233.855,189.567
71.364,233.268,193.127
67.806,233.165,194.531
66.807,230.765,191.718
69.765,228.492,192.543
69.104,228.573,196.307
65.539,227.526,195.424
66.564,224.675,193.055
69.032,223.407,195.707
66.546,223.663,198.613
63.949,221.957,196.366
65.84,218.965,194.947
67.309,218.272,198.401
70.877,219.386,197.654
72.992,221.69,199.856
71.173,225.005,200.44
73.655,227.479,201.961
76.997,228.243,200.188
79.89,225.994,201.282
83.667,225.636,200.716
85.042,223.039,198.264
86.788,221.575,201.336
83.654,221.125,203.5
81.581,219.39,200.771
83.731,216.343,201.586
81.448,215.607,204.588
78.393,215.588,202.277
80.364,213.141,200.14
81.337,211.15,203.277
77.732,210.481,204.244
76.437,210.26,200.634
78.428,207.036,200.092
79.134,203.711,201.728
82.417,203.977,203.679
85.177,201.804,202.149
85.613,199.295,204.997
81.84,198.573,204.913
81.569,197.308,201.304
80.914,193.592,200.643
83.885,193.762,198.26
86.038,194.565,201.312
85.061,192.785,204.538
83.597,189.81,202.565
86.681,189.622,200.248
88.011,186.314,201.608
85.985,183.13,201.7
86.174,181.607,205.17
89.034,179.135,204.875
88.473,177.721,208.369
84.892,176.643,207.471
86.001,174.872,204.286
89.113,173.245,205.842
87.341,172.093,209.014
84.179,170.913,207.219
86.022,168.871,204.609
88.302,167.525,207.324
85.293,166.28,209.283
83.7,164.862,206.129
86.969,163.039,205.467
86.939,161.553,208.999
83.28,160.605,208.469
84.451,158.779,205.356
82.396,160.8,202.884
84.979,163.111,201.261
88.274,161.519,200.115
91.407,163.71,200.357
94.329,162.289,198.365
96.544,165.248,199.247
96.156,164.665,202.982
96.509,160.91,202.341
99.847,161.625,200.643
101.003,163.823,203.524
99.929,161.07,205.934
101.722,158.116,204.341
104.833,160.255,203.766
104.922,161.246,207.449
104.249,157.622,208.505
107.232,156.364,206.536
109.235,159.331,207.868
108.632,158.396,211.53
109.296,154.773,210.54
112.698,155.868,209.148
113.474,157.302,212.576
113.068,160.993,211.81
109.869,162.321,213.396
108.646,165.575,214.927
110.097,166.122,218.452
107.557,166.318,221.306
107.387,169.963,222.403
110.303,171.143,224.564
112.532,168.115,223.969
114.584,168.97,220.878
117.223,171.674,221.522
118.742,171.014,224.969
118.658,167.195,224.863
186.243,112.76,182.789
187.342,114.987,179.888
186.193,118.602,179.632
188.357,120.821,177.428
189.105,123.415,180.14
190.14,120.858,182.815
192.72,122.09,185.361
196.093,120.323,185.938
196.16,119.483,189.671
199.851,119.185,190.585
199.612,118.857,194.372
197.742,115.544,194.067
200.894,113.873,192.692
203.153,115.7,195.194
201.036,114.555,198.16
201.072,110.995,196.731
204.875,110.762,196.388
205.512,112.558,199.692
203.105,110.306,201.632
204.6,107.127,200.092
208.109,108.343,201.011
207.198,109.312,204.599
205.532,105.904,204.818
208.662,103.965,203.805
211.019,106.135,205.881
208.954,106.226,209.095
207.915,102.572,208.688
207.858,101.21,212.301
210.17,98.463,213.544
207.913,95.617,214.705
209.914,95.661,217.968
208.15,98.832,219.198
204.991,97.938,217.246
203.913,94.724,219.001
205.438,96.014,222.254
202.922,95.546,225.063
202.123,96.913,228.521
201.403,93.824,230.674
199.707,95.713,233.541
197.103,97.615,231.449
197.1,95.067,228.569
197.58,98.001,226.157
199.795,98.485,223.083
201.697,101.811,223.284
202.015,102.086,219.483
198.442,101.445,218.346
196.74,102.439,221.612
194.862,99.138,221.165
193.577,97.089,224.118
193.817,93.292,223.895
190.831,90.866,223.924
189.74,89.539,227.369
189.92,85.866,226.236
193.571,86.467,225.266
194.637,87.859,228.698
195.785,84.724,230.586
197.785,83.333,227.612
199.638,86.67,227.454
200.907,86.481,231.039
201.67,82.75,231.251
203.096,82.085,227.769
205.911,83.149,225.422
206.007,84.287,221.776
208.046,82.44,219.128
211.171,84.655,219.097
211.339,84.485,222.926
211.979,80.728,222.598
213.986,81.044,219.339
216.561,83.556,220.612
218.146,81.13,223.125
218.453,78.393,220.471
221.997,77.867,219.028
221.491,78.343,215.248
218.526,80.516,216.175
216.443,77.38,215.849
216.816,76.004,212.323
215.289,72.591,211.528
213.594,72.729,214.937
209.977,71.771,215.69
207.542,74.284,217.266
203.948,73.816,218.449
201.201,76.17,219.587
199.34,75.919,222.944
195.899,76.388,221.348
196.634,73.492,218.955
197.817,71.354,221.885
194.591,72.058,223.772
192.246,71.715,220.769
193.956,69.125,218.535
195.135,65.756,219.876
196.831,65.002,216.557
200.302,66.596,216.089
200.311,70.287,215.091
203.744,71.805,214.442
205.938,74.219,212.473
209.324,73.175,211.114
211.452,76.321,210.81
213.154,76.934,207.447
214.324,80.54,207.875
214.15,82.942,210.82
214.804,86.687,210.426
214.815,88.454,213.841
214.49,92.172,214.599
217.584,93.642,216.17
216.211,97.022,217.231
214.795,94.916,220.062
216.969,95.096,223.192
215.698,91.681,224.328
215.489,90.388,220.712
211.927,89.05,221.266
210.509,89.875,217.821
211.073,88.719,214.229
209.673,87.268,211.004
209.626,83.472,210.597
209.248,80.963,207.729
208.833,77.201,207.448
206.904,74.052,206.566
203.71,73.107,208.424
202.137,69.901,209.725
198.558,70.342,210.974
196.445,67.459,212.352
199.302,65.202,211.229
198.893,66.25,207.588
202.04,67.778,206.091
202.322,70.603,203.56
205.082,70.129,200.967
206.245,73.759,200.686
207.973,76.616,202.514
205.733,79.433,203.839
205.859,82.44,206.192
204.667,81.652,209.736
201.524,83.397,210.962
200.803,84.997,214.359
204.419,84.991,215.557
203.861,87.854,218.051
201.057,85.873,219.752
201.885,84.304,223.064
200.777,80.739,222.513
204.174,79.476,221.434
206.007,76.35,222.698
209.165,74.483,221.596
209.45,70.659,221.603
212.718,69.084,222.921
215.069,66.979,220.738
214.198,63.728,222.543
210.405,64.233,222.507
210.711,65.291,218.856
210.255,61.757,217.46
207.41,61.337,220.011
205.43,64.301,218.591
206.194,63.563,214.889
204.775,60.099,215.613
201.365,60.066,213.936
198.602,57.442,213.862
197.048,57.649,210.388
193.262,57.257,210.477
190.841,57.322,207.493
187.941,59.798,207.158
184.422,58.488,207.859
182.326,61.429,206.574
179.931,60.25,203.793
181.047,61.321,200.294
177.419,62.014,199.286
174.361,63.574,201.013
170.649,64.136,200.207
169.656,67.227,198.199
167.581,69.687,200.264
163.911,68.565,199.898
162.63,71.185,197.42
165.844,71.219,195.359
165.634,67.414,195.253
161.991,67.572,194.058
163.015,70.133,191.406
165.73,67.837,190.024
163.319,64.874,190.007
160.57,66.747,188.125
163.197,68.193,185.768
164.631,64.857,184.608
161.05,63.508,184.541
160.238,66.237,181.991
162.975,65.135,179.584
162.051,61.445,179.555
164.617,60.151,182.048
162.866,57.337,183.951
165.743,56.439,186.327
164.42,56.55,189.902
168.027,56.565,191.139
168.29,59.009,194.057
169.943,62.366,193.193
173.072,62.739,195.364
175.175,65.72,196.498
178.927,65.068,196.145
180.893,66.561,199.078
184.439,65.753,197.846
185.456,69.347,197.028
183.361,70.732,199.896
186.262,70.035,202.266
187.168,73.042,204.461
189.983,73.533,207.018
189.018,74.348,210.642
189.515,77.959,211.747
192.735,77.096,213.621
194.477,76.39,210.283
196.969,79.238,209.636
196.447,81.334,206.467
199.355,82.157,204.135
200.696,85.723,204.352
202.312,85.446,200.917
200.678,87.536,198.171
198.917,85.497,195.475
200.404,85.073,191.996
197.615,85.737,189.489
197.092,82.983,186.893
77.384,142.518,188.896
77.347,144.705,185.786
74.102,146.076,184.345
73.829,147.627,180.87
70.338,148.612,179.678
69.624,149.672,176.062
68.838,153.435,175.7
65.363,155.05,175.575
65.81,155.576,171.816
64.871,151.893,171.292
61.41,152.154,172.906
60.807,155.581,171.331
57.817,155.8,168.964
58.446,157.678,165.693
55.581,160.153,166.166
55.82,160.43,169.981
55.324,164.063,171.029
58.677,165.579,171.955
57.734,168.134,174.669
56.526,165.169,176.793
60.142,163.934,177.014
61.788,167.323,177.708
59.252,169.394,179.687
61.863,171.427,181.586
65.423,172.696,181.08
67.597,169.567,180.914
71.351,168.611,180.863
70.975,166.59,177.568
71.233,162.927,178.526
72.227,161.121,175.252
70.13,158.047,176.159
66.895,160.08,176.19
67.523,161.761,172.796
66.612,159.804,169.564
68.57,161.914,167.001
72.13,160.855,166.139
74.237,163.988,166.562
77.988,164.158,166.033
79.777,167.093,167.651
83.447,167.694,168.396
86.368,168.293,166.049
87.085,165.298,163.785
90.417,163.479,163.382
92.263,163.261,160.025
90.657,160.002,158.858
87.895,159.94,161.471
84.562,161.662,162.086
83.201,163.905,164.894
82.557,161.976,168.138
79.238,160.233,168.837
76.596,161.636,171.196
77.358,159.068,173.92
79.987,160.089,176.487
80.484,163.383,174.631
81.25,166.17,177.137
80.996,168.926,174.524
77.269,168.228,173.991
76.892,168.397,177.774
78.458,171.904,177.8
75.924,173.185,175.234
72.732,174.949,176.328
69.994,172.832,174.692
66.735,174.306,173.389
65.121,170.832,173.365
62.448,171.837,175.951
61.638,174.874,173.765
60.928,172.972,170.482
58.345,175.045,168.47
55.483,172.558,169.173
56.092,173.053,172.93
56.056,176.878,172.477
52.699,176.659,170.632
51.216,174.544,173.453
52.755,176.616,176.298
51.599,179.948,174.813
48.125,178.517,174.167
48.038,177.669,177.899
49.168,181.242,178.687
46.444,182.941,176.578
44.263,182.91,179.712
46.452,185.123,181.938
46.935,187.967,179.422
44.611,191.014,179.299
43.843,193.009,176.109
45.322,196.34,174.934
42.854,199.3,174.522
41.93,200.093,170.901
42.031,203.913,170.673
45.579,204.038,172.107
46.999,202.461,168.884
48.92,205.651,167.917
51.5,207.558,170.009
49.629,210.844,169.471
46.657,209.658,171.56
49.11,208.074,174.032
50.534,211.563,174.675
47.136,213.321,174.592
45.802,210.887,177.221
48.854,209.841,179.269
51.516,212.652,179.444
53.881,210.859,181.845
56.474,208.09,181.234
58.07,206.275,184.195
61.152,204.214,183.246
62.059,201.301,185.542
64.892,198.744,185.145
64.763,195.065,186.253
67.868,192.804,186.124
68.215,189.009,186.152
71.6,187.351,186.846
72.372,183.749,187.901
73.497,183.243,191.508
72.348,182.958,195.174
71.505,186.695,195.63
68.823,188.717,193.772
70.072,192.134,194.863
70.992,194.575,192.079
71.98,198.155,193.154
71.001,199.47,189.667
67.322,198.521,190.25
66.62,201.581,192.479
66.786,204.183,189.691
63.432,205.526,188.442
63.337,207.962,185.517
60.484,210.433,184.953
59.966,211.857,181.465
57.191,214.454,181.116
56.414,216.69,178.124
55.921,220.366,179.125
53.239,220.879,176.442
50.92,218.526,178.399
51.179,220.757,181.496
48.861,223.603,182.548
51.74,226.087,183.052
51.52,229.868,182.59
54.087,231.7,180.437
55.744,233.018,183.632
55.333,229.634,185.369
56.898,227.801,182.381
59.908,230.129,182.09
60.391,230.004,185.885
60.181,226.182,185.738
62.715,225.95,182.864
65.105,228.201,184.825
64.44,226.246,188.065
65.083,222.688,186.754
67.708,223.641,184.162
69.636,220.707,182.661
66.792,218.216,183.293
64.781,219.945,180.54
65.376,219.313,176.821
64.666,222.502,174.851
64.349,220.889,171.4
62.066,217.936,172.274
60.42,219.627,175.311
60.938,216.491,177.411
61.658,217.082,181.113
63.635,214.345,182.928
63.742,213.492,186.653
66.257,210.759,187.537
65.694,209.365,191.013
68.354,207.389,192.875
68.839,208.396,196.511
66.415,205.94,198.202
66.757,202.124,198.872
63.566,201.098,197.006
62.304,201.851,193.469
58.861,202.587,194.95
60.369,205.187,197.326
62.214,206.682,194.336
58.995,206.586,192.253
57.132,208.474,194.994
60.003,210.969,195.367
60.072,211.563,191.571
56.302,212.181,191.399
56.568,214.43,194.49
59.433,216.394,192.916
57.262,216.905,189.805
54.319,218.102,191.925
56.457,220.557,193.956
58.152,221.847,190.775
54.712,222.647,189.289
53.355,224.16,192.55
56.479,226.306,193.028
56.627,227.42,189.359
53.314,229.34,189.683
54.34,231.23,192.838
55.601,234.748,192.151
57.753,236.277,194.882
59.529,239.556,195.752
62.932,239.045,194.073
61.194,237.996,190.813
60.472,241.708,190.319
64.227,242.32,190.678
64.874,240.345,187.481
67.877,241.651,185.513
67.561,242.259,181.751
70.671,240.097,181.312
68.686,237.287,182.972
66.079,237.312,180.177
65.392,234.329,177.903
64.088,236.674,175.21
64.819,240.1,173.759
61.927,242.434,174.633
61.82,245.713,172.676
60.673,247.644,175.767
63.332,249.549,177.763
66.033,248.366,175.345
69.338,250.004,174.419
68.45,249.942,170.697
65.339,251.893,171.734
67.491,254.692,173.233
69.823,254.578,170.209
66.778,254.844,167.91
65.212,257.684,169.954
68.527,259.577,169.93
68.971,258.897,166.179
65.465,260.242,165.489
65.952,263.13,167.964
69.035,264.203,165.985
67.255,263.52,162.663
64.406,265.788,163.894
66.974,268.373,165.07
68.657,268.257,161.629
65.487,268.51,159.492
64.424,271.579,161.535
61.166,269.849,162.478
60.23,270.979,165.994
57.868,268.029,166.493
59.05,266.006,169.504
57.265,263.087,171.187
58.011,259.482,172.186
54.468,258.565,171.141
54.998,260.156,167.709
58.427,258.639,167.009
57.843,255.126,168.395
54.308,254.9,166.99
55.53,255.214,163.4
55.65,252.164,161.089
59.457,252.397,160.725
60.283,251.908,164.432
57.748,249.022,164.306
59.599,247.306,161.427
62.651,247.894,163.644
60.869,246.167,166.568
60.168,243.14,164.371
63.645,243.107,162.753
65.704,243.512,165.981
63.528,241.088,168.008
63.784,238.58,165.142
67.568,239.21,164.954
68.206,238.903,168.71
65.814,235.978,169.32
66.235,233.956,166.079
69.907,234.877,165.596
72.018,235.958,162.621
70.49,234.932,159.303
70.412,236.027,155.647
66.724,237.025,155.712
66.892,238.565,159.221
69.809,240.801,158.142
67.705,241.589,155.048
65.028,242.765,157.511
67.698,244.787,159.354
68.902,246.172,156.016
65.372,247.282,155.043
64.354,248.684,158.48
67.542,250.743,158.963
67.326,251.815,155.272
63.812,253.218,155.862
64.672,254.717,159.276
67.836,256.516,158.052
66.13,257.763,154.841
68.58,256.104,152.409
66.998,254.132,149.544
141.992,160.198,122.28
142.561,159.493,126.001
146.094,159.394,127.556
146.968,155.728,128.213
146.258,154.144,131.579
148.586,151.166,130.987
151.435,150.779,133.486
150.719,154.228,134.967
149.338,153.349,138.435
151.065,151.428,141.24
149.755,147.858,141.299
150.926,144.46,142.522
151.416,143.175,138.98
153.058,146.236,137.412
156.842,145.844,136.641
157.865,149.512,136.619
157.332,152.455,138.94
154.207,154.703,139.128
153.733,157.606,136.707
150.368,158.846,137.963
149.568,159.041,141.662
145.792,159.554,141.721
144.518,161.653,144.583
141.068,160.074,144.404
140.324,156.88,142.42
139.809,157.248,138.682
136.257,156.051,138.16
133.649,157.921,136.176
131.134,159.516,138.561
127.435,159.404,137.758
127.139,163.175,137.848
129.078,166.182,136.545
130.126,169.316,138.347
128.274,172.592,138.646
129.469,175.374,136.335
131.803,177.885,137.962
130.316,181.379,138.042
132.489,183.892,136.168
134.697,186.205,138.229
133.501,189.759,137.72
135.777,192.643,136.829
135.322,196.426,136.785
133.248,197.815,133.91
133.294,201.25,132.18
136.807,202.057,133.492
137.919,203.29,130.006
135.082,205.846,129.608
135.676,206.851,133.235
139.377,207.59,132.618
138.434,209.558,129.478
135.918,211.615,131.503
138.444,212.184,134.342
141.038,213.451,131.838
138.34,215.761,130.452
137.661,217.064,134.007
141.326,217.467,134.955
141.825,219.495,131.761
138.702,221.702,131.915
138.892,222.276,135.719
135.872,220.143,136.722
133.161,222.244,135.099
130.549,219.789,133.807
129.3,222.162,131.087
132.708,221.912,129.386
132.439,218.236,128.428
128.924,216.932,127.836
130.015,214.027,125.601
132.212,212.003,127.99
129.709,212.322,130.844
126.85,211.149,128.589
128.93,208.267,127.176
130.023,207.136,130.677
126.338,207.176,131.677
125.418,205.267,128.494
128.132,202.698,129.241
126.964,202.282,132.872
123.415,201.669,131.601
124.755,199.016,129.198
126.662,197.465,132.132
123.49,197.322,134.26
121.479,195.864,131.362
124.362,193.415,130.913
124.369,192.336,134.581
120.587,191.822,134.668
119.923,190.206,131.267
123.078,188.061,130.989
122.484,186.239,134.288
119.363,184.396,133.026
120.626,183.461,129.542
124.04,182.358,130.849
122.206,180.32,133.51
120.028,178.623,130.871
121.7,178.35,127.454
124.949,176.37,127.469
125.134,176.567,123.648
126.099,173.157,122.226
125.93,171.419,125.618
123.219,170.769,128.236
122.457,172.288,131.665
124.166,170.208,134.413
120.782,168.942,135.691
119.791,167.253,132.417
123.334,165.907,132.082
123.096,164.359,135.543
119.689,162.796,134.784
121.083,161.447,131.513
124.075,159.962,133.366
121.843,158.394,136.029
119.99,156.774,133.135
123.278,155.162,132.04
125.38,154.669,135.205
129.054,153.621,135.658
129.454,150.106,137.09
132.364,149.723,139.556
130.629,146.779,141.217
130.108,143.21,139.993
147.04,159.779,162.49
150.299,157.845,162.232
151.821,161.291,162.432
151.47,161.14,166.214
154.295,158.55,166.429
156.39,160.533,163.991
155.742,163.613,166.139
156.999,161.855,169.231
160.2,160.748,167.483
160.568,164.211,165.963
160.463,165.846,169.326
162.767,163.313,170.954
165.416,163.735,168.288
165.186,167.491,168.318
165.561,167.587,172.093
168.486,165.189,171.941
170.347,167.174,169.282
169.869,170.355,171.328
171.287,168.43,174.278
174.388,167.251,172.407
174.975,170.849,171.319
174.888,172.06,174.93
176.823,169.142,176.393
179.294,168.936,173.521
182.651,169.409,175.224
181.719,167.298,178.217
180.947,164.533,175.731
184.219,165.26,173.977
186.243,164.82,177.155
184.362,161.621,177.991
184.893,160.027,174.583
188.596,160.905,174.778
188.925,159.27,178.2
187.164,156.223,176.786
189.603,156.037,173.886
192.528,156.236,176.299
190.983,153.411,178.326
190.549,151.405,175.134
194.19,151.865,174.087
195.364,150.834,177.546
193.201,147.672,177.69
194.514,146.76,174.254
198.101,147.173,175.494
197.364,145.023,178.587
195.907,142.36,176.324
199.091,142.206,174.252
201.402,142.3,177.302
199.42,139.468,178.879
199.862,137.603,175.552
203.682,137.722,175.357
204.029,137.21,179.119
201.885,134.068,179.287
204.05,132.809,176.411
207.023,132.902,178.783
208.923,135.795,177.189
210.083,138.685,179.382
210.266,141.678,177.056
208.017,142.168,174.032
209.404,140.527,170.842
212.182,142.286,168.931
211.031,145.476,167.22
207.527,145.709,168.67
206.099,149.195,169.209
202.376,148.267,169.73
200.888,151.065,167.535
198.182,153.479,168.697
195.05,152.54,166.755
192.29,154.255,168.725
194.151,157.425,169.698
194.702,157.959,165.998
194.551,161.671,165.213
191.043,162.416,163.845
35.729,209.014,176.687
37.858,207.26,174.066
40.164,206.22,176.921
39.563,202.579,177.868
41.467,200.571,180.481
41.157,196.848,181.219
41.477,195.379,184.71
44.385,193.412,186.163
44.466,189.659,186.572
46.103,188.82,189.9
47.302,185.202,189.968
49.232,183.143,192.525
53.046,182.891,192.279
53.137,179.29,191.012
50.159,179.801,188.642
52.061,180.162,185.347
54.218,177.101,186.195
51.042,175.053,186.762
49.554,176.41,183.51
52.7,175.201,181.728
52.527,171.859,183.605
49.084,171.395,182.033
50.363,171.29,178.434
52.684,168.402,179.345
51.246,164.94,179.971
53.15,161.878,181.199
55.922,160.221,179.142
55.535,156.555,178.151
59.129,155.453,177.498
60.482,157.463,180.456
61.502,156.021,183.816
60.228,157.76,187.01
61.369,161.403,187.227
62.9,160.946,190.679
65.562,158.472,189.507
68.652,159.293,187.411
68.038,159.188,183.654
71.037,157.074,182.479
70.549,153.372,181.445
72.849,152.106,184.249
71.033,153.804,187.15
67.505,153.262,185.755
65.521,150.782,187.92
64.938,147.424,186.182
62.475,145.832,188.658
60.27,146.848,191.59
62.839,145.773,194.214
65.417,147.929,192.428
63.081,150.951,192.447
62.613,150.486,196.185
66.316,150.016,197.002
67.34,152.966,194.777
64.857,155.503,196.158
65.426,154.279,199.73
69.174,154.704,199.167
68.674,158.276,197.888
66.665,159.131,201.002
69.245,157.488,203.319
71.845,159.72,201.673
69.754,162.861,202.156
69.404,161.733,205.804
73.161,161.338,206.192
73.665,164.867,204.794
71.068,166.426,207.105
72.643,164.542,210.017
76.009,166.158,209.245
74.372,169.607,208.94
72.658,169.311,212.35
75.702,167.774,214.084
77.935,170.697,213.044
75.673,173.715,212.331
78.351,176.456,212.529
79.801,175.383,209.166
76.476,176.009,207.381
75.78,179.257,209.262
77.192,181.756,206.739
74.447,183.051,204.454
74.631,184.125,200.812
71.141,184.035,199.274
69.311,187.392,199.241
65.696,186.195,199.61
67.025,184.224,202.628
65.421,180.794,202.352
64.709,179.687,205.98
64.509,176.06,204.752
68.267,175.658,204.13
69.292,176.676,207.671
70.631,174.092,210.181
68.227,173.056,212.967
68.604,173.428,216.739
67.414,170.498,218.833
69.046,171.767,222.056
67.135,173.556,224.877
67.73,177.33,224.821
67.757,177.714,228.624
69.078,175.204,231.187
68.108,175.932,234.817
64.92,177.971,234.179
61.884,175.643,234.302
59.187,177.485,232.282
61.448,177.579,229.205
63.178,174.164,229.338
59.837,172.353,229.882
58.235,173.456,226.593
61.633,173.533,224.826
62.463,169.872,225.621
58.828,168.781,225.071
58.913,170.144,221.499
62.077,168.052,221.035
60.422,162.912,224.964
62.825,161.772,227.729
64.559,165.166,227.975
61.036,166.57,228.371
60.448,164.322,231.404
63.897,165.187,232.809
62.861,168.839,232.393
59.463,168.334,234.088
61.297,166.464,236.871
63.729,169.4,237.216
60.728,171.777,237.414
58.911,169.605,239.993
62.056,169.339,242.174
62.281,173.143,242.515
58.671,173.367,243.786
57.726,175.228,240.595
53.974,174.943,239.944
53.054,173.28,236.633
49.928,174.915,235.185
47.095,173.563,233.016
49.054,174.206,229.797
52.346,172.61,230.97
51.459,168.936,231.418
48.773,169.228,228.738
51.769,169.627,226.439
53.667,166.967,228.423
50.51,164.861,228.067
50.29,165.43,224.289
53.943,164.313,224.382
52.993,161.214,226.429
50.449,160.31,223.72
52.684,161.266,220.75
55.839,159.491,221.993
54.656,156.644,224.244
52.172,150.69,230.464
53.358,151.653,233.969
54.858,154.984,232.854
51.495,155.963,231.335
49.739,155.338,234.656
52.454,157.25,236.551
52.416,160.218,234.121
48.598,160.244,234.298
48.762,160.262,238.12
51.156,163.242,237.953
48.812,164.951,235.459
45.737,164.661,237.731
47.195,164.779,241.282
49.548,167.772,241.055
47.54,170.061,238.753
43.715,169.928,238.573
43.844,169.896,234.76
40.842,171.054,232.744
39.292,167.956,231.163
39.533,169.123,227.523
43.293,168.402,227.541
44.015,165.592,230.065
41.133,163.412,228.808
42.267,164.183,225.246
45.747,162.804,225.796
44.788,159.913,228.096
41.851,158.697,225.931
44.102,158.902,222.85
47.019,157.125,224.549
45.075,154.462,226.444
43.791,153.402,223.023
47.489,152.835,222.264
48.294,151.237,225.659
45.069,149.189,225.277
43.036,150.139,228.388
39.676,151.767,227.322
37.838,151.376,230.696
39.652,154.175,232.55
38.818,156.343,229.495
35.052,155.838,229.983
35.629,156.652,233.671
37.422,159.816,232.49
34.404,160.473,230.242
32.214,160.386,233.365
34.647,162.69,235.233
34.653,164.937,232.116
30.856,165.061,231.683
30.466,165.861,235.414
32.578,169.059,235.282
30.375,170.679,232.573
33.227,170.589,230.057
31.714,168.933,226.999
33.437,166.082,225.188
34.969,167.392,221.932
34.732,165.635,218.536
37.824,163.394,218.976
36.395,162.255,222.338
33.178,160.793,221.016
35.312,159.461,218.134
37.812,157.633,220.391
35.063,156.486,222.826
32.685,155.392,220.033
35.77,153.452,218.959
36.435,152.307,222.564
32.873,151.067,223.169
32.784,149.545,219.665
36.178,147.782,219.694
35.517,146.303,223.135
32.993,143.511,222.58
32.558,140.431,224.738
30.01,138.069,223.142
27.438,140.9,222.83
27.432,143.402,219.95
24.077,145.123,220.591
24.994,146.283,224.12
27.916,148.08,222.472
26.262,149.541,219.326
23.494,150.884,221.602
26.021,152.642,223.882
27.582,154.044,220.686
24.285,155.485,219.412
23.671,156.816,222.955
27.028,158.64,223.033
26.231,159.921,219.504
22.903,161.361,220.696
24.74,162.659,223.801
27.157,164.374,221.403
24.318,165.995,219.442
22.868,167.161,222.814
26.147,168.676,224.145
26.313,171.131,221.185
29.288,169.245,219.711
28.718,168.736,215.982
29.782,165.288,214.761
32.463,165.719,212.087
32.841,163.756,208.866
35.469,161.763,210.761
32.988,160.877,213.525
30.639,159.161,211.052
33.8,157.803,209.41
34.988,156.46,212.796
31.526,154.935,213.343
31.728,153.143,209.963
35.297,151.97,210.705
33.908,150.544,213.966
30.938,148.806,212.304
33.385,147.143,209.864
35.302,144.798,212.163
32.425,142.895,213.797
29.405,142.052,211.643
29.54,141.667,207.857
25.844,142.615,207.849
26.49,145.741,209.922
26.711,147.542,206.569
23.035,148.573,206.781
23.345,150.823,209.897
26.521,152.178,208.283
24.542,152.888,205.086
22.051,154.759,207.263
25.057,156.746,208.564
26.21,157.301,204.955
22.864,159.008,204.221
22.91,160.728,207.646
26.143,162.625,206.887
24.739,163.535,203.445
21.788,165.16,205.23
23.888,167.692,207.193
26.01,168.903,204.259
29.43,167.315,204.83
30.829,165.677,201.665
31.626,161.991,202.47
35.356,161.239,202.762
37.286,158.749,200.658
37.867,156.848,203.918
34.112,156.601,204.551
33.604,155.244,201.024
36.553,152.89,201.633
35.02,151.242,204.688
31.772,151.16,202.7
33.526,149.152,199.948
35.224,146.963,202.607
32.063,145.658,204.315
30.286,145.744,200.95
33.139,143.548,199.611
32.955,141.062,202.501
29.268,140.778,201.527
30.132,141.064,197.786
31.716,137.599,197.599
28.561,135.52,198.298
26.035,138.155,197.07
26.509,140.271,193.937
23.816,142.891,194.669
25.907,144.769,197.231
28.409,144.842,194.363
25.916,146.795,192.244
25.48,149.144,195.227
29.269,149.776,195.465
29.335,150.276,191.7
26.468,152.801,191.758
27.812,154.638,194.858
31.081,154.818,192.919
29.124,155.888,189.788
27.834,158.929,191.695
31.268,159.483,193.27
33.153,159.596,189.927
31.489,162.573,188.229
33.295,164.744,190.764
36.769,166.24,191.305
38.339,165.15,194.601
40.038,166.995,197.44
41.667,164.104,199.398
41.961,166.063,202.655
41.082,163.402,205.271
43.393,160.9,207.069
42.515,157.307,205.994
41.726,157.748,202.288
44.343,155.447,200.633
42.566,152.093,200.788
39.499,153.61,199.015
41.315,153.575,195.668
42.773,150.224,196.746
39.361,148.567,197.336
37.398,150.563,194.729
39.363,148.974,191.907
40.016,145.704,193.813
36.412,144.55,193.572
36.57,144.929,189.745
39.335,142.239,189.757
37.177,139.634,191.589
33.902,140.235,189.684
35.692,140.873,186.373
34.013,144.161,185.43
36.171,146.448,183.263
33.824,149.402,182.624
33.784,150.411,186.304
37.582,150.034,186.287
37.723,152.548,183.391
35.596,154.603,185.756
37.934,154.143,188.788
40.864,155.112,186.531
38.922,158.176,185.382
38.437,159.027,189.056
42.098,158.564,189.991
43.443,160.768,187.181
40.977,163.558,187.932
41.545,165.683,191.047
45.098,164.669,191.855
46.116,161.203,190.644
49.326,161.205,192.657
47.792,162.098,196.024
45.231,159.279,195.752
47.505,156.284,196.45
49.551,156.055,199.649
52.106,153.236,199.319
54.021,151.371,196.592
52.753,147.894,197.523
49.136,149.1,197.477
50.128,150.871,194.249
51.274,147.723,192.414
48.143,145.912,193.634
46.209,148.475,191.564
48.042,147.799,188.29
48.28,144.039,188.882
44.489,143.734,189.139
43.696,146.514,186.608
45.919,145.065,183.886
44.653,141.625,184.929
41.25,142.905,183.754
42.601,144.766,180.692
44.39,141.701,179.272
41.592,139.074,179.086
38.486,141.324,179.052
39.584,143.531,176.125
40.611,143.08,172.485
44.362,142.684,171.788
44.273,146.174,170.204
43.58,147.618,173.676
45.818,145.271,175.728
48.958,145.619,173.548
48.342,149.353,173.697
47.932,149.887,177.482
50.799,147.382,177.909
53.68,149.577,176.732
52.234,152.539,178.689
51.718,150.916,182.111
54.347,148.168,182.404
57.811,149.72,181.968
56.853,153.305,182.834
54.82,153.278,186.055
55.116,150.026,188.007
56.767,146.746,187.082
55.17,143.281,186.452
54.665,140.765,189.246
53.969,137.054,188.657
50.21,137.739,188.508
50.58,140.226,185.62
53.14,137.837,184.103
50.724,134.888,183.73
47.96,137.166,182.364
49.853,138.13,179.184
50.601,134.433,178.625
46.899,133.502,178.84
45.987,136.588,176.778
48.15,135.533,173.818
46.937,131.902,173.812
43.237,132.728,173.292
43.609,135.437,170.623
46.285,133.387,168.822
49.164,135.883,168.878
52.581,134.346,168.118
54.173,137.672,167.095
54.418,139.258,170.559
56.165,136.354,172.351
59.8,137.521,171.817
58.973,141.063,173.001
57.129,140.067,176.19
59.86,137.492,176.887
62.598,140.138,176.516
60.749,142.458,178.909
59.966,139.683,181.434
63.683,138.894,181.413
64.438,142.453,182.523
61.787,142.824,185.233
61.152,139.187,186.147
64.525,137.531,186.947
63.541,135.878,190.282
60.128,134.57,189.133
61.742,132.855,186.112
61.946,129.158,187.098
58.282,128.949,188.21
56.465,130.877,185.439
58.795,129.593,182.678
56.959,126.274,182.37
53.835,128.392,181.813
55.51,130.732,179.295
56.746,127.942,177.049
53.476,125.916,176.979
51.94,128.446,174.572
54.494,127.396,171.936
52.796,123.99,171.523
49.266,125.327,171.017
50.147,127.059,167.734
50.948,126.048,164.16
54.21,127.484,162.858
54.736,129.068,159.369
58.2,129.426,157.68
58.367,133.09,158.795
58.296,132.485,162.565
61.183,129.965,162.654
63.981,132.348,163.666
61.926,133.863,166.516
61.456,130.409,168.072
65.108,129.57,167.433
66.407,132.709,169.185
63.868,132.78,172.062
64.46,129.11,172.902
68.248,129.169,172.328
68.843,132.048,174.768
66.653,130.224,177.306
68.448,126.859,177.033
71.905,128.45,176.767
71.021,130.18,180.037
69.972,127.015,181.931
72.747,124.778,180.567
75.47,127.199,181.746
74.343,127.078,185.401
68.181,125.152,186.757
65.931,122.101,186.317
64.865,121.997,182.692
61.434,120.628,181.538
60.978,118.185,178.633
58.252,120.538,177.405
60.968,122.978,176.29
62.439,120.188,174.128
58.998,119.383,172.679
59.042,123.049,171.674
62.618,123.396,170.296
62.174,120.104,168.359
58.666,120.85,166.98
59.416,124.527,166.168
62.607,123.29,164.47
60.503,120.757,162.527
58.295,123.614,161.27
61.561,125.49,160.696
63.177,122.702,158.667
66.16,122.397,161.005
66.93,118.852,162.24
70.6,119.294,163.208
70.026,121.613,166.181
67.031,119.672,167.53
69.347,116.633,167.586
71.997,118.421,169.648
69.25,119.666,172.004
67.746,116.173,172.546
71.382,115.226,173.058
71.723,117.969,175.678
68.655,116.735,177.606
69.781,113.093,177.641
73.072,114.509,179.03
71.073,116.098,181.877
70.696,112.633,183.475
66.963,112.195,182.736
64.716,111.842,179.683
61.644,113.314,177.913
58.513,111.209,177.503
58.456,109.149,174.316
56.141,111.275,172.141
59.017,113.746,171.717
61.602,111.037,171.051
59.157,109.618,168.491
58.708,113.162,167.14
62.446,113.556,166.484
62.646,109.914,165.385
60.173,111.138,162.744
62.105,114.373,162.064
65.304,112.345,161.531
63.289,109.755,159.541
61.817,112.263,157.045
65.26,113.596,156.008
66.709,110.033,155.943
68.972,110.109,159.017
68.881,106.502,160.378
72.103,106.71,162.468
70.628,109.446,164.678
67.567,107.183,165.04
69.878,104.334,166.165
71.379,106.634,168.798
67.94,107.883,169.962
66.346,104.438,170.375
69.533,103.071,171.99
69.35,105.821,174.631
65.588,105.142,174.76
65.972,101.417,175.484
68.622,102.194,178.107
66.201,104.497,179.995
63.117,102.154,180.081
60.751,104.394,178.003
57.081,103.137,177.968
56.519,103.176,174.163
59.518,100.799,173.649
57.404,98.311,171.643
56.272,101.217,169.467
59.766,102.788,169.572
61.48,99.62,168.295
58.63,99.411,165.747
59.367,102.999,164.598
63.096,102.399,164.07
62.308,99.071,162.353
59.939,101.04,160.065
62.466,103.855,159.425
65.257,101.314,158.749
62.942,99.427,156.384
62.226,102.732,154.561
65.914,103.794,154.21
67.042,100.14,153.817
69.239,100.137,156.954
67.82,96.716,157.925
71.167,95.112,158.918
71.562,97.855,161.564
67.997,97.078,162.685
68.925,93.408,163.206
72.087,94.697,164.895
69.762,96.838,167.013
67.69,93.8,168.035
70.949,91.925,168.802
72.209,94.918,170.844
68.906,95.11,172.785
68.664,91.335,173.447
72.133,91.297,175.07
112.299,108.375,205.604
109.503,105.733,205.579
111.039,103.593,202.802
114.349,102.563,204.412
114.609,98.786,203.836
112.813,99.289,200.485
114.553,102.292,198.81
113.495,101.465,195.219
109.878,102.138,196.207
110.5,105.893,196.321
111.807,105.891,192.757
108.495,104.327,191.664
106.478,106.756,193.804
104.185,109.376,192.27
105.827,112.223,194.193
109.208,111.266,192.728
107.721,111.073,189.221
106.036,114.416,189.881
109.182,116.125,191.177
112.004,114.814,188.964
110.038,113.645,185.91
112.024,111.386,183.577
115.229,113.486,183.823
118.01,112.458,186.217
117.974,113.657,189.838
120.905,115.984,189.288
119.902,117.417,185.883
118.431,120.69,187.251
121.038,121.414,189.943
123.714,124.066,189.437
126.89,124.667,191.425
127.615,128.227,192.629
131.25,129.269,192.267
133.7,132.138,191.958
134.432,131.974,188.222
134.095,130.408,184.785
135.76,127.159,185.864
134.526,125.364,188.998
136.85,124.248,191.842
138.24,120.897,190.706
136.604,119.009,193.549
133.08,119.704,194.905
132.265,120.753,198.46
133.307,118.061,200.929
130.056,117.354,202.75
126.857,119.402,202.693
125.359,118.202,205.994
127.214,118.708,209.276
125.187,117.409,212.215
121.849,119.229,212.202
122.97,121.956,209.79
122.23,121.482,206.087
124.552,123.793,204.187
123.266,126.385,201.713
122.202,124.941,198.376
122.435,121.119,198.932
123.356,118.42,196.395
120.943,116.491,194.169
121.124,113.476,196.488
121.272,115.162,199.891
118.574,117.81,199.348
116.054,114.971,199.064
116.337,112.755,202.123
113.986,110.102,200.746
116.722,109.294,198.276
118.828,106.469,199.729
122.237,105.387,198.497
122.488,101.59,198.59
123.903,98.914,196.341
120.251,97.912,195.996
118.291,100.503,194.007
119.74,100.365,190.529
117.383,103.013,189.136
119.092,105.645,191.287
122.642,104.409,190.753
122.079,104.185,186.985
121.882,107.994,186.753
125.411,108.359,188.091
126.861,105.962,185.529
127.331,106.797,181.85
124.934,104.895,179.586
127.282,104.281,176.669
130.721,104.483,178.353
129.71,102.691,181.567
131.982,104.905,183.667
131.119,106.707,186.883
130.89,110.489,186.528
133.227,112.592,188.648
131.584,114.72,191.345
131.932,118.055,189.463
129.952,116.639,186.511
126.913,115.731,188.628
127.306,118.167,191.497
127.183,115.672,194.369
129.122,116.359,197.581
132.41,114.497,198.049
131.103,112.287,200.883
128.136,111.19,198.791
130.215,110.813,195.649
132.467,108.351,197.473
129.394,106.635,198.99
127.978,106.294,195.438
131.239,104.899,194.047
131.339,102.206,196.753
127.619,101.402,196.342
127.919,101.086,192.518
130.905,98.843,193.158
128.967,96.493,195.493
125.998,96.434,193.062
128.266,95.518,190.116
129.706,92.79,192.353
126.168,91.535,193.091
125.324,91.608,189.365
122.475,94.048,190.074
124.042,96.525,187.642
125.364,95.941,184.106
128.957,96.521,183.016
131.544,95.242,180.541
132.84,91.692,181.042
135.598,91.223,178.389
136.484,88.022,176.458
139.692,86.508,177.88
141.657,83.425,176.834
142.521,80.595,179.219
145.431,81.433,181.54
147.425,78.448,180.228
148.602,77.417,176.752
148.812,73.653,177.38
147.248,72.032,180.456
149.103,68.963,181.771
149.084,67.84,185.425
152.002,65.606,184.335
154.911,67.781,185.523
156.424,66.919,188.926
155.408,70.283,190.408
151.663,69.45,190.389
151.962,65.62,190.436
153.238,63.527,193.394
156.979,62.808,193.783
158.586,59.398,194.797
159.282,60.205,198.529
162.925,60.26,199.675
164.579,57.297,201.509
164.969,59.615,204.535
161.212,60.35,204.711
159.91,56.788,204.202
161.868,55.779,207.338
160.829,58.74,209.526
164.375,60.109,210.013
165.518,63.811,210.068
166.412,64.934,206.497
170.017,65.379,207.583
171.685,63.388,210.396
172.704,66.621,212.228
169.133,67.927,212.367
168.881,65.589,215.373
170.553,66.471,218.689
173.489,64.116,219.367
175.186,63.981,222.791
178.923,64.954,222.509
181.912,62.805,223.648
182.941,63.62,227.257
186.574,64.449,226.381
185.412,67.201,224.013
183.095,68.672,226.676
185.98,68.652,229.182
188.309,70.268,226.575
185.712,73.032,226.061
185.362,73.327,229.882
189.137,73.874,229.969
189.052,76.501,227.175
186.174,78.741,228.373
186.785,78.076,232.116
185.309,80.639,234.543
183.294,82.109,231.656
181.333,78.845,231.733
177.564,78.25,231.769
175.419,75.325,232.998
175.688,72.455,230.502
172.442,71.507,228.728
171.171,67.965,228.147
168.8,66.637,225.439
165.927,68.812,224.105
162.388,67.807,225.227
160.865,65.85,222.279
157.549,67.689,221.836
156.742,71.171,223.179
153.87,71.524,225.741
151.467,74.467,226.147
150.303,76.663,229.052
189.36,208.717,205.491
