"protein_id_chain","class","similar_chains_knotprot","similar_chains_unknotted","similar_chains_pdb"
"8AXZ_A","K+3(1)","[2P02_A, 4KTT_A, 4KTV_A, 5UGH_A]","[]","[7BHR_A, 7BHS_A, 7BHT_A, 7BHU_A, 7BHV_A]"
"7NH8_A","K+3(1)","[]","[]","[]"
"7PRI_A","K+3(1)","[]","[]","[]"
"7PLF_A","K+3(1)","[]","[]","[]"
"7NG1_A","K+3(1)","[6QQM_A, 7NG1_A, 7PRI_A]","[7NEX_A]","[7NWY_A, 7O2S_A, 7O48_A, 7OA1_A, 7YZH_A]"
"7EDC_A","K+3(1)","[1V2X_A, 1ZJR_A]","[7D9V_A]","[]"
"7E3S_A","K+3(1)","[1J85_A, 1MXI_A, 3N4J_A, 4JAK_A, 4JAL_A, 4KDZ_A, 7D51_A, 7E3Q_A, 7E3R_A]","[]","[]"
"7LNH_A","K+3(1)","[4KTT_A, 4KTV_A, 4NDN_A, 5A19_A, 5A1G_A, 5A1I_A, 5UGH_A]","[]","[6FAJ_A, 6G6R_A]"
"7E3T_A","K+3(1)","[1J85_A, 1MXI_A, 4PZK_A, 7D51_A]","[6AHW_A]","[]"
"7E3R_A","K+3(1)","[1J85_A, 1MXI_A, 3N4J_A, 3N4K_A, 4JAK_A, 4JAL_A, 4KDZ_A, 7E3R_A, 7E3S_A]","[]","[]"
"7E3Q_A","K+3(1)","[1J85_A, 1MXI_A, 3N4J_A, 3N4K_A, 4JAK_A, 4JAL_A, 4KDZ_A, 7E3R_A, 7E3S_A]","[]","[]"
"5NFJ_A","K+3(1)","[7ONU_F]","[]","[8CBK_F, 8CBL_F, 8CBM_F, 8RR1_F, 8RR3_F, 8RR4_F, 9EY0_F, 9EY1_F]"
"7LOO_A","K+3(1)","[1FUG_A, 7LOO_A, 7OCK_B]","[]","[7LNN_A, 7LO2_A, 7LOW_A, 7LOZ_A, 8BB1_A, 8P4O_1]"
"7D51_A","K+3(1)","[1J85_A, 1MXI_A, 3N4J_A, 3N4K_A, 4JAK_A, 4JAL_A, 4KDZ_A, 7E3S_A]","[]","[6QH8_A]"
"7CWW_A","K+3(1)","[]","[]","[]"
"7ONU_F","K+3(1)","[]","[]","[8CBK_F, 8CBL_F, 8CBM_F, 8RR1_F, 8RR3_F, 9EY0_F, 9EY1_F, 9EY2_F, 9GCH_F]"
"7MU3_A","K+3(1)","[4R59_A, 4R5A_A, 5G0B_A, 6VKG_A, 7MU3_A]","[]","[8QHG_A, 8TTR_A, 8UFW_A, 9EN9_A]"
"7OCK_B","K+3(1)","[7LOO_A]","[7R2W_A]","[7LL3_A, 7LNN_A, 7LO2_A, 7LOW_A, 7LOZ_A, 8BB1_A, 8P4O_1]"
"6ZR9_A","K+3(1)","[3ML5_A, 6H36_A, 6H37_A, 6H38_A, 6SDT_A, 6ZR9_A]","[7NC4_A]","[7P1A_A, 8Q3U_A]"
"6JKI_A","K+3(1)","[1P9P_A, 1UAJ_A, 1UAK_A, 5WYQ_A, 5WYR_A, 6AFK_A, 6JOE_A]","[]","[5ZHM_A, 5ZHN_A]"
"7MYS_A","K+3(1)","[1UAJ_A, 1UAK_A, 1UAL_A, 1UAM_A, 3AXZ_A, 4YQD_A, 4YVG_A, 4YVH_A, 7MYS_A]","[]","[]"
"7MYQ_A","K+3(1)","[1UAJ_A, 1UAK_A, 1UAL_A, 1UAM_A, 3AXZ_A, 4YQD_A, 4YVG_A, 4YVH_A, 7MYS_A]","[]","[]"
"6QRB_A","K+3(1)","[6NW7_A]","[]","[6NVR_A, 6NW6_A, 6QO2_A, 6QO3_A, 6QO4_A, 6QO6_A, 6QOA_A, 6QOC_A]"
"6JOF_A","K+3(1)","[6JOF_A]","[]","[5ZHJ_A, 5ZHK_A, 5ZHL_A, 6W14_A, 6W15_A, 8FCH_A, 8FCI_A, 8TXA_A]"
"6JOE_A","K+3(1)","[1P9P_A, 1UAJ_A, 1UAK_A, 5WYQ_A, 5WYR_A, 6AFK_A, 6JKI_A, 6JOE_A]","[]","[5ZHN_A]"
"6QOW_A","K+3(1)","[6NW7_A]","[]","[6NVR_A, 6NW6_A, 6QO2_A, 6QO3_A, 6QO4_A, 6QO6_A, 6QOA_A, 6QOC_A]"
"6QOE_A","K+3(1)","[6NW7_A]","[]","[6NVR_A, 6NW6_A, 6QO2_A, 6QO3_A, 6QO4_A, 6QO6_A, 6QOA_A, 6QOC_A]"
"6QQY_A","K+3(1)","[6NW7_A]","[]","[6NVR_A, 6NW6_A, 6QO2_A, 6QO3_A, 6QO4_A, 6QO6_A, 6QOA_A, 6QOC_A]"
"6NW7_A","K+3(1)","[6NW7_A]","[]","[6NVR_A, 6NW6_A, 6QO2_A, 6QO3_A, 6QO4_A, 6QO6_A, 6QOA_A, 6QOC_A]"
"6RRG_A","K+3(1)","[3M2Y_A, 5M78_A, 6GDC_A]","[6HQX_A]","[3M14_A, 3M1K_A, 3M2X_A, 6GM9_A]"
"1IPA_A","K+3(1)","[4X3L_A, 4X3M_A]","[]","[9H1K_A, 9MUJ_A, 9MUK_A]"
"2FG7_C","K+3(1)","[1JS1_X, 2FG7_C, 2G7M_C]","[6M76_A]","[]"
"6YJ3_A","K+3(1)","[4R5A_A, 4RIU_A, 4RIV_A, 4ZAO_A, 6FJI_A, 6FJJ_A, 6GCY_A, 6T9Z_A, 6YJ3_A]","[]","[]"
"6Y74_A","K+3(1)","[3IAI_A, 5FL4_A, 5FL5_A, 5FL6_A, 6FE1_A, 6FE2_A, 6G98_A, 6G9U_A]","[6FE0_A]","[]"
"6YOK_A","K+3(1)","[4R5A_A, 4RIU_A, 4RIV_A, 4ZAO_A, 6FJI_A, 6FJJ_A, 6GCY_A, 6T9Z_A, 6YJ3_A]","[]","[]"
"6KM1_A","K+3(1)","[1CA3_A, 1CNW_A, 1CNX_A, 1CNY_A, 3U7C_A, 6KLZ_A, 6KM0_A, 6KM1_A, 6KM2_A]","[]","[]"
"6YMA_A","K+3(1)","[1CNW_A, 1CNX_A, 1CNY_A, 1EOU_A, 1G6V_A, 1HCA_A, 1KWQ_A, 1KWR_A, 1T9N_A]","[]","[]"
"6KM3_A","K+3(1)","[1CNW_A, 1CNX_A, 1CNY_A, 1EOU_A, 1G6V_A, 1HCA_A, 1KWQ_A, 1KWR_A, 1T9N_A]","[]","[]"
"6WQ7_A","K+3(1)","[1CNW_A, 1CNX_A, 1CNY_A, 1EOU_A, 1G6V_A, 1HCA_A, 1KWQ_A, 1KWR_A, 1T9N_A]","[]","[]"
"6KM5_A","K+3(1)","[1CNW_A, 1CNX_A, 1CNY_A, 1EOU_A, 1G6V_A, 1HCA_A, 1KWQ_A, 1KWR_A, 1T9N_A]","[]","[]"
"6OTM_A","K+3(1)","[4R59_A, 4R5A_A, 4RIU_A, 4RIV_A, 4YWP_A, 4ZAO_A, 4ZWX_A, 4ZWZ_A, 5JMZ_A]","[]","[]"
"6KM2_A","K+3(1)","[1CA3_A, 1CNW_A, 1CNX_A, 1CNY_A, 3U7C_A, 6KLZ_A, 6KM0_A, 6KM1_A, 6KM2_A]","[]","[]"
"6RHJ_A","K+3(1)","[1CNW_A, 1CNX_A, 1CNY_A, 1EOU_A, 1G6V_A, 1HCA_A, 1KWQ_A, 1KWR_A, 1T9N_A]","[]","[]"
"6OTI_A","K+3(1)","[4R59_A, 4R5A_A, 4RIU_A, 4RIV_A, 4YWP_A, 4ZAO_A, 4ZWX_A, 4ZWZ_A, 5JMZ_A]","[]","[]"
"6OUE_A","K+3(1)","[1AM6_A, 1AVN_A, 1BCD_A, 1BN1_A, 1BN3_A, 1BN4_A, 1BNM_A, 1BNN_A, 1BNQ_A]","[]","[]"
"6RG4_A","K+3(1)","[1CNW_A, 1CNX_A, 1CNY_A, 1EOU_A, 1G6V_A, 1HCA_A, 1KWQ_A, 1KWR_A, 1T9N_A]","[]","[]"
"6ROF_A","K+3(1)","[1CA3_A, 1CNW_A, 1CNX_A, 1CNY_A, 1EOU_A, 1G6V_A, 6ROF_A]","[]","[8WER_A, 8WES_A]"
"6UX1_A","K+3(1)","[1CNW_A, 1CNX_A, 1CNY_A, 1EOU_A, 1G6V_A, 1HCA_A, 1KWQ_A, 1KWR_A, 1T9N_A]","[]","[]"
"6R6Y_A","K+3(1)","[4KP5_A, 4KP8_A, 4Q0L_A, 4QJ0_A, 4QJO_A, 4QJW_A, 5LL5_A, 5LL9_A]","[4WW8_A]","[]"
"6VJ3_A","K+3(1)","[1AM6_A, 1AVN_A, 1BCD_A, 1BN1_A, 1BN3_A, 1BN4_A, 1BNM_A, 1BNN_A, 1BNQ_A]","[]","[]"
"6UGN_A","K+3(1)","[1AM6_A, 1AVN_A, 1BCD_A, 1BN1_A, 1BN3_A, 1BN4_A, 1BNM_A, 1BNN_A, 1BNQ_A]","[]","[]"
"6QNG_A","K+3(1)","[1JD0_A, 4HT2_A, 6QN0_A, 6QNG_A, 6QNL_A]","[]","[7PP9_A, 8CO3_A, 9R0L_A, 9R0U_A]"
"6QNL_A","K+3(1)","[1JD0_A, 4HT2_A, 6QN0_A, 6QNG_A, 6QNL_A]","[]","[7PP9_A, 8CO3_A, 9R0L_A, 9R0U_A]"
"6QN5_A","K+3(1)","[5FL4_A, 5FL5_A, 5FL6_A, 6FE1_A, 6FE2_A, 6G98_A, 6G9U_A, 6QN2_A]","[6FE0_A]","[]"
"6I0J_A","K+3(1)","[6EVR_A, 6EX1_A, 6F3B_A, 6FAF_A, 6FAG_A, 6G3V_A, 6HWZ_A, 6I0J_A, 6I0L_A]","[]","[]"
"6I0W_A","K+3(1)","[3M2Y_A, 5M78_A, 6GDC_A]","[6HQX_A]","[3M14_A, 3M1K_A, 3M2X_A, 6GM9_A]"
"6QQM_A","K+3(1)","[7NG1_A, 7PRI_A]","[7NEX_A]","[7NWY_A, 7O2S_A, 7O48_A, 7OA1_A, 7YZH_A]"
"6HR3_A","K+3(1)","[3M2Y_A, 5M78_A, 6GDC_A]","[6HQX_A]","[3M14_A, 3M1K_A, 3M2X_A, 6GM9_A]"
"6NJ4_A","K+3(1)","[6B00_A, 6NJ2_A, 6NJ4_A, 6NJ5_A, 6NJ6_A]","[]","[9JWE_A, 9JWU_A, 9JWW_A, 9U5B_A]"
"6NJ5_A","K+3(1)","[6B00_A, 6NJ2_A, 6NJ4_A, 6NJ5_A, 6NJ6_A]","[]","[9JWE_A, 9JWU_A, 9JWW_A, 9U5B_A]"
"6NJ2_A","K+3(1)","[6B00_A, 6NJ3_A, 6NJ4_A, 6NJ5_A, 6NJ6_A]","[]","[9F2E_A, 9F2F_A, 9JWE_A, 9JWU_A]"
"6QL3_A","K+3(1)","[3DBU_A, 3DC3_A, 3DC9_A, 3DCC_A, 3DCS_A, 3DCW_A, 3OIK_A, 6QL2_A, 6QL3_A]","[]","[]"
"6QRF_A","K+3(1)","[6NW7_A]","[]","[6NVR_A, 6NW6_A, 6QO2_A, 6QO3_A, 6QO4_A, 6QO6_A, 6QOA_A, 6QOC_A]"
"6QRD_A","K+3(1)","[6NW7_A]","[]","[6NVR_A, 6NW6_A, 6QO2_A, 6QO3_A, 6QO4_A, 6QO6_A, 6QOA_A, 6QOC_A]"
"6QRC_A","K+3(1)","[6NW7_A]","[]","[6NVR_A, 6NW6_A, 6QO2_A, 6QO3_A, 6QO4_A, 6QO6_A, 6QOA_A, 6QOC_A]"
"6QQQ_A","K+3(1)","[6NW7_A]","[]","[6NVR_A, 6NW6_A, 6QO2_A, 6QO3_A, 6QO4_A, 6QO6_A, 6QOA_A, 6QOC_A]"
"6QRA_A","K+3(1)","[6NW7_A]","[]","[6NVR_A, 6NW6_A, 6QO2_A, 6QO3_A, 6QO4_A, 6QO6_A, 6QOA_A, 6QOC_A]"
"6QQR_A","K+3(1)","[6NW7_A]","[]","[6NVR_A, 6NW6_A, 6QO2_A, 6QO3_A, 6QO4_A, 6QO6_A, 6QOA_A, 6QOC_A]"
"6QRE_A","K+3(1)","[6NW7_A]","[]","[6NVR_A, 6NW6_A, 6QO2_A, 6QO3_A, 6QO4_A, 6QO6_A, 6QOA_A, 6QOC_A]"
"6QRG_A","K+3(1)","[6NW7_A]","[]","[6NVR_A, 6NW6_A, 6QO2_A, 6QO3_A, 6QO4_A, 6QO6_A, 6QOA_A, 6QOC_A]"
"6QR1_A","K+3(1)","[6NW7_A]","[]","[6NVR_A, 6NW6_A, 6QO2_A, 6QO3_A, 6QO4_A, 6QO6_A, 6QOA_A, 6QOC_A]"
"6QQT_A","K+3(1)","[6NW7_A]","[]","[6NVR_A, 6NW6_A, 6QO2_A, 6QO3_A, 6QO4_A, 6QO6_A, 6QOA_A, 6QOC_A]"
"6QR3_A","K+3(1)","[6NW7_A]","[]","[6NVR_A, 6NW6_A, 6QO2_A, 6QO3_A, 6QO4_A, 6QO6_A, 6QOA_A, 6QOC_A]"
"6QR0_A","K+3(1)","[]","[]","[]"
"6QQV_A","K+3(1)","[6NW7_A]","[]","[6NVR_A, 6NW6_A, 6QO2_A, 6QO3_A, 6QO4_A, 6QO6_A, 6QOA_A, 6QOC_A]"
"6QQW_A","K+3(1)","[6NW7_A]","[]","[6NVR_A, 6NW6_A, 6QO2_A, 6QO3_A, 6QO4_A, 6QO6_A, 6QOA_A, 6QOC_A]"
"6QR2_A","K+3(1)","[6NW7_A]","[]","[6NVR_A, 6NW6_A, 6QO2_A, 6QO3_A, 6QO4_A, 6QO6_A, 6QOA_A, 6QOC_A]"
"6UEV_A","K+3(1)","[...loading_similar]","[...loading_similar]","[...loading_similar]"
"6HZX_A","K+3(1)","[1AM6_A, 1AVN_A, 1BCD_A, 1BN1_A, 1BN3_A, 1BN4_A, 1BNM_A, 1BNN_A, 1BNQ_A]","[]","[]"
"6QQZ_A","K+3(1)","[6NW7_A]","[]","[6NVR_A, 6NW6_A, 6QO2_A, 6QO3_A, 6QO4_A, 6QO6_A, 6QOA_A, 6QOC_A]"
"6RQN_A","K+3(1)","[3IAI_A, 5FL4_A, 5FL5_A, 5FL6_A, 6RQN_A, 6RQQ_A, 6Y74_A]","[6RQW_A]","[]"
"6AC6_A","K+3(1)","[]","[6YHZ_A]","[]"
"6RQQ_A","K+3(1)","[3IAI_A, 5FL4_A, 5FL5_A, 5FL6_A, 6RQN_A, 6RQQ_A, 6Y74_A]","[6RQW_A]","[]"
"6RXZ_CN","K+3(1)","[2V3J_A, 2V3K_A, 3OII_A, 6RXT_CN, 6RXV_CN, 6RXX_CN, 6RXY_CN, 6RXZ_CN]","[]","[6RXU_CN]"
"6RXY_CN","K+3(1)","[2V3J_A, 2V3K_A, 3OII_A, 6RXT_CN, 6RXV_CN, 6RXX_CN, 6RXY_CN, 6RXZ_CN]","[]","[6RXU_CN]"
"6RXX_CN","K+3(1)","[2V3J_A, 2V3K_A, 3OII_A, 6RXT_CN, 6RXV_CN, 6RXX_CN, 6RXY_CN, 6RXZ_CN]","[]","[6RXU_CN]"
"6RXV_CN","K+3(1)","[2V3J_A, 2V3K_A, 3OII_A, 6RXT_CN, 6RXV_CN, 6RXX_CN, 6RXY_CN, 6RXZ_CN]","[]","[6RXU_CN]"
"6RXT_CN","K+3(1)","[2V3J_A, 2V3K_A, 3OII_A, 6RXT_CN, 6RXV_CN, 6RXX_CN, 6RXY_CN, 6RXZ_CN]","[]","[6RXU_CN]"
"6EEA_A","K+3(1)","[4R59_A, 4R5A_A, 4RIU_A, 4RIV_A, 4YWP_A, 4ZAO_A, 4ZWX_A, 4ZWZ_A, 5JMZ_A]","[]","[]"
"6AFK_A","K+3(1)","[1P9P_A, 1UAJ_A, 1UAK_A, 5WYQ_A, 5WYR_A, 6AFK_A, 6JKI_A, 6JOE_A]","[]","[5ZHN_A]"
"6H36_A","K+3(1)","[3ML5_A, 6H36_A, 6H37_A, 6H38_A, 6SDT_A, 6ZR9_A]","[7NC4_A]","[7P1A_A, 8Q3U_A]"
"1MG3_B","K+3(1)","[1MG3_B, 2GC4_B, 2GC7_B, 2J55_L, 2J56_L, 2J57_K, 3L4O_C]","[3ORV_C]","[]"
"6EDA_A","K+3(1)","[1AM6_A, 1AVN_A, 1BCD_A, 1BN1_A, 1BN3_A, 1BN4_A, 1BNM_A, 1BNN_A, 1BNQ_A]","[]","[]"
"2H47_B","K+3(1)","[2AGW_D, 2AGX_D, 2AGY_D, 2AH0_D, 2AH1_D, 2H3X_B, 2H47_B, 2HJ4_D]","[2AGZ_D]","[]"
"2H3X_B","K+3(1)","[2AGW_D, 2AGX_D, 2AGY_D, 2AH0_D, 2AH1_D, 2H3X_B, 2H47_B, 2HJ4_D]","[2AGZ_D]","[]"
"2MAD_L","K+3(1)","[1MG2_B, 1MG3_B, 2BBK_L, 2GC4_B, 2GC7_B, 2J55_L, 2MAD_L, 3C75_L]","[1MAF_L]","[]"
"1MG2_B","K+3(1)","[1MG3_B, 2GC4_B, 2GC7_B, 2J55_L, 2J56_L, 2J57_K, 3L4O_C]","[3ORV_C]","[]"
"2J57_K","K+3(1)","[1MG3_B, 2GC4_B, 2GC7_B, 2J55_L, 2J56_L, 2J57_K, 3L4O_C]","[3ORV_C]","[]"
"2MTA_L","K+3(1)","[1MG3_B, 2BBK_L, 2GC4_B, 2GC7_B, 2J55_L, 2J56_L, 2J57_K, 2MTA_L]","[3L4M_C]","[]"
"2J55_L","K+3(1)","[1MG3_B, 2GC4_B, 2GC7_B, 2J55_L, 2J56_L, 2J57_K, 3L4O_C]","[3ORV_C]","[]"
"2J56_L","K+3(1)","[1MG3_B, 2GC4_B, 2GC7_B, 2J55_L, 2J56_L, 2J57_K, 3L4O_C]","[3ORV_C]","[]"
"4FA1_C","K+3(1)","[3L4O_C]","[3RN1_C]","[]"
"4K3I_C","K+3(1)","[3L4O_C]","[3RN1_C]","[]"
"2IAA_B","K+3(1)","[2AGW_D, 2AGX_D, 2AGY_D, 2AH0_D, 2AH1_D, 2H3X_B, 2H47_B, 2HJ4_D]","[2AGZ_D]","[]"
"4L3G_C","K+3(1)","[3L4O_C]","[3RN1_C]","[]"
"2GC4_B","K+3(1)","[1MG3_B, 2GC4_B, 2GC7_B, 2J55_L, 2J56_L, 2J57_K, 3L4O_C]","[3ORV_C]","[]"
"3L4O_C","K+3(1)","[3L4O_C]","[3RN1_C]","[]"
"2GC7_B","K+3(1)","[1MG3_B, 2GC4_B, 2GC7_B, 2J55_L, 2J56_L, 2J57_K, 3L4O_C]","[3ORV_C]","[]"
"2BBK_L","K+3(1)","[1MG3_B, 2BBK_L, 2GC4_B, 2GC7_B, 2J55_L, 2J56_L, 2J57_K, 2MTA_L]","[3L4M_C]","[]"
"2IUP_D","K+3(1)","[2AGW_D, 2AGX_D, 2AGY_D, 2AH0_D, 2AH1_D, 2H3X_B, 2H47_B, 2HJ4_D]","[2AGZ_D]","[]"
"2AGX_D","K+3(1)","[2AGW_D, 2AGX_D, 2AGY_D, 2AH0_D, 2AH1_D, 2H3X_B, 2H47_B, 2HJ4_D]","[2AGZ_D]","[]"
"2HJ4_D","K+3(1)","[2AGW_D, 2AGX_D, 2AGY_D, 2AH0_D, 2AH1_D, 2H3X_B, 2H47_B, 2HJ4_D]","[2AGZ_D]","[]"
"2HJB_D","K+3(1)","[2AGW_D, 2AGX_D, 2AGY_D, 2AH0_D, 2AH1_D, 2H3X_B, 2H47_B, 2HJ4_D]","[2AGZ_D]","[]"
"2AGW_D","K+3(1)","[2AGW_D, 2AGX_D, 2AGY_D, 2AH0_D, 2AH1_D, 2H3X_B, 2H47_B, 2HJ4_D]","[2AGZ_D]","[]"
"2AGY_D","K+3(1)","[2AGW_D, 2AGX_D, 2AGY_D, 2AH0_D, 2AH1_D, 2H3X_B, 2H47_B, 2HJ4_D]","[2AGZ_D]","[]"
"2AGL_D","K+3(1)","[2AGW_D, 2AGX_D, 2AGY_D, 2AH0_D, 2AH1_D, 2H3X_B, 2H47_B, 2HJ4_D]","[2AGZ_D]","[]"
"2IUR_D","K+3(1)","[2AGW_D, 2AGX_D, 2AGY_D, 2AH0_D, 2AH1_D, 2H3X_B, 2H47_B, 2HJ4_D]","[2AGZ_D]","[]"
"2HXC_D","K+3(1)","[2AGW_D, 2AGX_D, 2AGY_D, 2AH0_D, 2AH1_D, 2H3X_B, 2H47_B, 2HJ4_D]","[2AGZ_D]","[]"
"2AH0_D","K+3(1)","[2AGW_D, 2AGX_D, 2AGY_D, 2AH0_D, 2AH1_D, 2H3X_B, 2H47_B, 2HJ4_D]","[2AGZ_D]","[]"
"2AH1_D","K+3(1)","[2AGW_D, 2AGX_D, 2AGY_D, 2AH0_D, 2AH1_D, 2H3X_B, 2H47_B, 2HJ4_D]","[2AGZ_D]","[]"
"2I0S_D","K+3(1)","[2AGW_D, 2AGX_D, 2AGY_D, 2AH0_D, 2AH1_D, 2H3X_B, 2H47_B, 2HJ4_D]","[2AGZ_D]","[]"
"2I0T_D","K+3(1)","[2AGW_D, 2AGX_D, 2AGY_D, 2AH0_D, 2AH1_D, 2H3X_B, 2H47_B, 2HJ4_D]","[2AGZ_D]","[]"
"2Q7Q_D","K+3(1)","[2AGW_D, 2AGX_D, 2AGY_D, 2AH0_D, 2AH1_D, 2H3X_B, 2H47_B, 2HJ4_D]","[2AGZ_D]","[]"
"2HKR_D","K+3(1)","[2AGW_D, 2AGX_D, 2AGY_D, 2AH0_D, 2AH1_D, 2H3X_B, 2H47_B, 2HJ4_D]","[2AGZ_D]","[]"
"2HKM_D","K+3(1)","[2AGW_D, 2AGX_D, 2AGY_D, 2AH0_D, 2AH1_D, 2H3X_B, 2H47_B, 2HJ4_D]","[2AGZ_D]","[]"
"2IUQ_D","K+3(1)","[2AGW_D, 2AGX_D, 2AGY_D, 2AH0_D, 2AH1_D, 2H3X_B, 2H47_B, 2HJ4_D]","[2AGZ_D]","[]"
"2OK4_D","K+3(1)","[2AGW_D, 2AGX_D, 2AGY_D, 2AH0_D, 2AH1_D, 2H3X_B, 2H47_B, 2HJ4_D]","[2AGZ_D]","[]"
"2OJY_D","K+3(1)","[2AGW_D, 2AGX_D, 2AGY_D, 2AH0_D, 2AH1_D, 2H3X_B, 2H47_B, 2HJ4_D]","[2AGZ_D]","[]"
"1MDA_M","K+3(1)","[1MG2_B, 1MG3_B, 2BBK_L, 2GC4_B, 2GC7_B, 2MAD_L, 3C75_L]","[1MAF_L]","[]"
"5FL5_A","K+3(1)","[5FL4_A, 5FL5_A, 5FL6_A, 6FE1_A, 6FE2_A, 6G98_A, 6G9U_A, 6QN2_A]","[6FE0_A]","[]"
"5EIJ_A","K+3(1)","[1AM6_A, 1AVN_A, 1BCD_A, 1BN1_A, 1BN3_A, 1BN4_A, 1BNM_A, 1BNN_A, 1BNQ_A]","[]","[]"
"1CAK_A","K+3(1)","[1A42_A, 1AM6_A, 1AVN_A, 1BCD_A, 1BN1_A, 1BN3_A, 1BN4_A, 1BNM_A, 1CAZ_A]","[]","[]"
"4MLT_A","K+3(1)","[1CNW_A, 1CNX_A, 1CNY_A, 1EOU_A, 1G6V_A, 1HCA_A, 1KWQ_A, 1KWR_A, 1T9N_A]","[]","[]"
"4R59_A","K+3(1)","[4R5A_A, 4RIU_A, 4RIV_A, 4ZAO_A, 6FJI_A, 6FJJ_A, 6GCY_A, 6T9Z_A, 6YJ3_A]","[]","[]"
"3MNU_A","K+3(1)","[1AM6_A, 1AVN_A, 1BCD_A, 1BN1_A, 1BN3_A, 1BN4_A, 1BNM_A, 1BNN_A, 1BNQ_A]","[]","[]"
"4MDG_A","K+3(1)","[1AM6_A, 1AVN_A, 1BCD_A, 1BN1_A, 1BN3_A, 1BN4_A, 1BNM_A, 1BNN_A, 1BNQ_A]","[]","[]"
"2NNO_A","K+3(1)","[1CNW_A, 1CNX_A, 1CNY_A, 1EOU_A, 1G6V_A, 1HCA_A, 1KWQ_A, 1KWR_A, 1T9N_A]","[]","[]"
"3IQK_A","K+3(1)","[...loading_similar]","[...loading_similar]","[...loading_similar]"
"1CAO_A","K+3(1)","[1AM6_A, 1AVN_A, 1BCD_A, 1BN1_A, 1BN3_A, 1BN4_A, 1BNM_A, 1BNN_A, 1BNQ_A]","[]","[]"
"3V2J_A","K+3(1)","[1CNW_A, 1CNX_A, 1CNY_A, 1EOU_A, 1G6V_A, 1HCA_A, 1KWQ_A, 1KWR_A, 1T9N_A]","[]","[]"
"5MSA_A","K+3(1)","[4KP5_A, 4KP8_A, 4Q0L_A, 4QJ0_A, 4QJO_A, 4QJW_A, 5LL5_A, 5LL9_A]","[4WW8_A]","[]"
"3KON_A","K+3(1)","[1CNW_A, 1CNX_A, 1CNY_A, 1EOU_A, 1G6V_A, 1HCA_A, 1KWQ_A, 1KWR_A, 1T9N_A]","[]","[]"
"4M2R_A","K+3(1)","[1AM6_A, 1AVN_A, 1BCD_A, 1BN1_A, 1BN3_A, 1BN4_A, 1BNM_A, 1BNN_A, 1BNQ_A]","[]","[]"
"2NWO_A","K+3(1)","[1CA3_A, 1CNW_A, 1CNX_A, 1CNY_A, 1EOU_A, 1G6V_A, 1HCA_A, 1KWQ_A, 2NWP_A]","[]","[]"
"1YVE_I","K+3(1)","[1YVE_I, 3FR7_A, 3FR8_A]","[]","[9BAG_A]"
"3ML5_A","K+3(1)","[6G4T_A, 6H36_A, 6H37_A, 6H38_A, 6SDT_A, 6ZR9_A]","[7NC4_A]","[7P1A_A, 8Q3U_A]"
"5FLP_A","K+3(1)","[1CNW_A, 1CNX_A, 1CNY_A, 1EOU_A, 1G6V_A, 1HCA_A, 1KWQ_A, 1KWR_A, 1T9N_A]","[]","[]"
"5FLR_A","K+3(1)","[1CNW_A, 1CNX_A, 1CNY_A, 1EOU_A, 1G6V_A, 1HCA_A, 1KWQ_A, 1KWR_A, 1T9N_A]","[]","[]"
"4XZ5_A","K+3(1)","[4G7A_A, 6EKI_A]","[4UOV_A]","[6IM0_A, 6IM1_A, 6IM3_A, 8W7X_A]"
"1CNJ_A","K+3(1)","[1A42_A, 1AM6_A, 1AVN_A, 1BCD_A, 1BN1_A, 1BN3_A, 1BN4_A, 1BNM_A, 1BNN_A]","[]","[]"
"4QSB_A","K+3(1)","[1CNW_A, 1CNX_A, 1CNY_A, 1EOU_A, 1G6V_A, 1HCA_A, 1KWQ_A, 1KWR_A, 1T9N_A]","[]","[]"
"5TY1_A","K+3(1)","[1CNW_A, 1CNX_A, 1CNY_A, 1EOU_A, 1G6V_A, 1HCA_A, 1KWQ_A, 1KWR_A, 1T9N_A]","[]","[]"
"5FLS_A","K+3(1)","[1CNW_A, 1CNX_A, 1CNY_A, 1EOU_A, 1G6V_A, 1HCA_A, 1KWQ_A, 1KWR_A, 1T9N_A]","[]","[]"
"3MHC_A","K+3(1)","[1CNW_A, 1CNX_A, 1CNY_A, 1EOU_A, 1G6V_A, 1HCA_A, 1KWQ_A, 1KWR_A, 1T9N_A]","[]","[]"
"5UMC_A","K+3(1)","[1CNW_A, 1CNX_A, 1CNY_A, 1EOU_A, 1G6V_A, 1HCA_A, 1KWQ_A, 1KWR_A, 1T9N_A]","[]","[]"
"5TT3_A","K+3(1)","[4XFW_A, 5TT3_A, 5TT8_A, 5TUO_A, 5TV3_A]","[4YHA_A]","[]"
"5G01_A","K+3(1)","[4Q08_A, 4Q09_A, 5G0C_A]","[6YH5_A]","[8QHJ_A, 8QUF_A, 8RLQ_A, 8RNS_A]"
"4YWP_A","K+3(1)","[4R59_A, 4R5A_A, 4RIU_A, 4RIV_A, 4YWP_A, 4ZAO_A, 4ZWX_A, 4ZWZ_A, 5JMZ_A]","[]","[]"
"4MDL_A","K+3(1)","[1AM6_A, 1AVN_A, 1BCD_A, 1BN1_A, 1BN3_A, 1BN4_A, 1BNM_A, 1BNN_A, 1BNQ_A]","[]","[]"
"4FPT_A","K+3(1)","[1CNW_A, 1CNX_A, 1CNY_A, 1EOU_A, 1G6V_A, 1HCA_A, 1KWQ_A, 1KWR_A, 1T9N_A]","[]","[]"
"3S72_B","K+3(1)","[1AM6_A, 1AVN_A, 1BCD_A, 1BN1_A, 1BN3_A, 1BN4_A, 1BNM_A, 1BNN_A, 1BNQ_A]","[]","[]"
"3DAZ_A","K+3(1)","[1CNW_A, 1CNX_A, 1CNY_A, 1EOU_A, 1G6V_A, 1HCA_A, 1KWQ_A, 1KWR_A, 1T9N_A]","[]","[]"
"2VVB_X","K+3(1)","[1CNW_A, 1CNX_A, 1CNY_A, 1EOU_A, 1G6V_A, 1HCA_A, 1KWQ_A, 1KWR_A, 1T9N_A]","[]","[]"
"4Z1E_A","K+3(1)","[1AM6_A, 1AVN_A, 1BCD_A, 1BN1_A, 1BN3_A, 1BN4_A, 1BNM_A, 1BNN_A, 1BNQ_A]","[]","[]"
"3KKX_A","K+3(1)","[1CNW_A, 1CNX_A, 1CNY_A, 1EOU_A, 1G6V_A, 1HCA_A, 1KWQ_A, 1KWR_A, 1T9N_A]","[]","[]"
"4KP5_A","K+3(1)","[4KP5_A, 4KP8_A, 4Q0L_A, 4QJ0_A, 4QJO_A, 4QJW_A, 5LL5_A, 5LL9_A]","[4WW8_A]","[]"
"4L5V_A","K+3(1)","[1CA3_A, 1CNW_A, 1CNX_A, 1CNY_A, 1EOU_A, 1G6V_A, 1HCA_A, 1KWQ_A, 4L5U_A]","[]","[]"
"2FNN_A","K+3(1)","[1CA3_A, 1CNW_A, 1CNX_A, 1CNY_A, 2FNK_A, 2FNN_A, 3M1Q_A, 3M1W_A, 3RG3_A]","[]","[]"
"3U3A_X","K+3(1)","[1CA3_A, 1CNW_A, 1CNX_A, 1CNY_A, 3U7C_A, 6KLZ_A, 6KM0_A, 6KM1_A, 6KM2_A]","[]","[]"
"3HKN_A","K+3(1)","[1CNW_A, 1CNX_A, 1CNY_A, 1EOU_A, 1G6V_A, 1HCA_A, 1KWQ_A, 1KWR_A, 1T9N_A]","[]","[]"
"5TFX_A","K+3(1)","[1CNW_A, 1CNX_A, 1CNY_A, 1EOU_A, 1G6V_A, 1HCA_A, 1KWQ_A, 1KWR_A, 1T9N_A]","[]","[]"
"5JDF_A","K+3(1)","[3V5U_A, 5HYA_A, 5JDF_A, 5JDM_A, 5JDQ_A]","[5JDN_A]","[5JDG_A]"
"1UGD_A","K+3(1)","[1A42_A, 1AM6_A, 1AVN_A, 1BCD_A, 1BN1_A, 1BN3_A, 1BN4_A, 1BNM_A]","[]","[1UGG_A]"
"3P3J_A","K+3(1)","[1CNW_A, 1CNX_A, 1CNY_A, 1EOU_A, 1G6V_A, 1HCA_A, 1KWQ_A, 1KWR_A, 1T9N_A]","[]","[]"
"5JES_B","K+3(1)","[12CA_A, 1A42_A, 1AM6_A, 1AVN_A, 1BCD_A, 1BN1_A, 1BN3_A, 1BN4_A, 5JG5_B]","[]","[]"
"3GZ0_A","K+3(1)","[1AM6_A, 1AVN_A, 1BCD_A, 1BN1_A, 1BN3_A, 1BN4_A, 1BNM_A, 1BNN_A, 1BNQ_A]","[]","[]"
"4QK1_A","K+3(1)","[1CA3_A, 1CNW_A, 1CNX_A, 1CNY_A, 1EOU_A, 1G6V_A, 1HCA_A, 1KWQ_A, 1KWR_A]","[]","[]"
"5FLO_A","K+3(1)","[1CNW_A, 1CNX_A, 1CNY_A, 1EOU_A, 1G6V_A, 1HCA_A, 1KWQ_A, 1KWR_A, 1T9N_A]","[]","[]"
"5TH4_A","K+3(1)","[1CA3_A, 1CNW_A, 1CNX_A, 1HEA_A, 1HEB_A, 1HEC_A, 1HED_A, 5THI_A, 5TI0_A]","[]","[]"
"5CJF_A","K+3(1)","[1JD0_A, 1RJ5_A, 1RJ6_A, 4HT2_A, 4KP5_A, 4KP8_A, 5CJF_A]","[6RPS_A]","[1JCZ_A]"
"1Z97_A","K+3(1)","[1FLJ_A, 1Z93_A, 2HFW_A, 3UYN_A, 3UYQ_A, 6B00_A, 6NJ2_A, 6NJ3_A, 6NJ6_A]","[]","[]"
"5SZ5_A","K+3(1)","[4R59_A, 4R5A_A, 4RIU_A, 4RIV_A, 4YWP_A, 4ZAO_A, 4ZWX_A, 4ZWZ_A, 5JMZ_A]","[]","[]"
"1FSQ_A","K+3(1)","[1CA3_A, 1FQL_A, 1FQM_A, 1FQN_A, 1FQR_A, 1FR4_A, 1FSN_A, 1FSQ_A, 1FSR_A]","[]","[]"
"3RYJ_B","K+3(1)","[1AM6_A, 1AVN_A, 1BCD_A, 1BN1_A, 1BN3_A, 1BN4_A, 1BNM_A, 1BNN_A, 1BNQ_A]","[]","[]"
"1ZE8_A","K+3(1)","[1AM6_A, 1AVN_A, 1BCD_A, 1BN1_A, 1BN3_A, 1BN4_A, 1BNM_A, 1BNN_A, 1BNQ_A]","[]","[]"
"4YGN_A","K+3(1)","[1A42_A, 1AM6_A, 1AVN_A, 1BCD_A, 3RYY_A, 4YGL_A, 4YGN_A]","[4YGK_A]","[]"
"5LMD_A","K+3(1)","[4XE1_A, 5E2R_A, 5J8Z_A, 5JQ0_A, 5JQT_A, 5LMD_A, 5N0D_A, 5N0E_A, 6H2Z_A]","[]","[]"
"5JGS_B","K+3(1)","[1A42_A, 1AM6_A, 1AVN_A, 1BCD_A, 1BN1_A, 1HED_A, 5JE7_B, 5JEH_B, 5JGT_B]","[]","[]"
"3FR7_A","K+3(1)","[1QMG_A, 1YVE_I, 3FR8_A]","[]","[9BAG_A]"
"4KP8_A","K+3(1)","[4KP5_A, 4KP8_A, 4Q0L_A, 4QJ0_A, 4QJO_A, 4QJW_A, 5LL5_A, 5LL9_A]","[4WW8_A]","[]"
"4Z1K_A","K+3(1)","[1AM6_A, 1AVN_A, 1BCD_A, 1BN1_A, 1BN3_A, 1BN4_A, 1BNM_A, 1BNN_A, 1BNQ_A]","[]","[]"
"2POU_A","K+3(1)","[1CNW_A, 1CNX_A, 1CNY_A, 1EOU_A, 1G6V_A, 1HCA_A, 1KWQ_A, 1KWR_A, 1T9N_A]","[]","[]"
"5U0E_A","K+3(1)","[1CNW_A, 1CNX_A, 1CNY_A, 1EOU_A, 1G6V_A, 1HCA_A, 1KWQ_A, 1KWR_A, 1T9N_A]","[]","[]"
"6B00_A","K+3(1)","[6NJ2_A, 6NJ3_A, 6NJ4_A, 6NJ5_A, 6NJ6_A]","[]","[9JWE_A, 9JWU_A, 9JWW_A, 9U5B_A]"
"5G0B_A","K+3(1)","[4R59_A, 4R5A_A, 5G0B_A, 6VKG_A, 7MU3_A]","[]","[8QHG_A, 8TTR_A, 8UFW_A, 9EN9_A]"
"5LL9_A","K+3(1)","[4KP5_A, 4KP8_A, 4Q0L_A, 4QJ0_A, 4QJO_A, 4QJW_A, 5LL5_A, 5LL9_A]","[4WW8_A]","[]"
"4M2U_A","K+3(1)","[1AM6_A, 1AVN_A, 1BCD_A, 1BN1_A, 1BN3_A, 1BN4_A, 1BNM_A, 1BNN_A, 1BNQ_A]","[]","[]"
"4R5A_A","K+3(1)","[4R5A_A, 4RIU_A, 4RIV_A, 4ZAO_A, 6FJI_A, 6FJJ_A, 6GCY_A, 6T9Z_A, 6YJ3_A]","[]","[]"
"5FNM_A","K+3(1)","[1CNW_A, 1CNX_A, 1CNY_A, 1EOU_A, 1G6V_A, 1HCA_A, 1KWQ_A, 1KWR_A, 1T9N_A]","[]","[]"
"2FNK_A","K+3(1)","[1CA3_A, 1CNW_A, 1CNX_A, 1CNY_A, 1EOU_A, 1G6V_A, 1HCA_A, 1KWQ_A, 1KWR_A]","[]","[]"
"4IWZ_A","K+3(1)","[1AM6_A, 1AVN_A, 1BCD_A, 1BN1_A, 1BN3_A, 1BN4_A, 1BNM_A, 1BNN_A, 1BNQ_A]","[]","[]"
"4HT2_A","K+3(1)","[4KP5_A, 4KP8_A, 4Q0L_A, 4QJ0_A, 4QJO_A, 4QJW_A, 5LL5_A, 5LL9_A]","[4WW8_A]","[]"
"3S74_B","K+3(1)","[1AM6_A, 1AVN_A, 1BCD_A, 1BN1_A, 1BN3_A, 1BN4_A, 1BNM_A, 1BNN_A, 1BNQ_A]","[]","[]"
"3DV7_A","K+3(1)","[1A42_A, 1AM6_A, 1AVN_A, 1BCD_A, 1BN1_A, 1BN3_A, 1BN4_A, 3DVB_A, 3DVC_A]","[]","[]"
"3V7X_A","K+3(1)","[1AM6_A, 1AVN_A, 1BCD_A, 1BN1_A, 1BN3_A, 1BN4_A, 1BNM_A, 1BNN_A, 1BNQ_A]","[]","[]"
"4QJM_A","K+3(1)","[1CNW_A, 1CNX_A, 1CNY_A, 1EOU_A, 1G6V_A, 1HCA_A, 1KWQ_A, 1KWR_A, 1T9N_A]","[]","[]"
"6BBS_A","K+3(1)","[1CNW_A, 1CNX_A, 1CNY_A, 1EOU_A, 1G6V_A, 1HCA_A, 1KWQ_A, 1KWR_A, 1T9N_A]","[]","[]"
"4MDM_A","K+3(1)","[1AM6_A, 1AVN_A, 1BCD_A, 1BN1_A, 1BN3_A, 1BN4_A, 1BNM_A, 1BNN_A, 1BNQ_A]","[]","[]"
"3N0N_A","K+3(1)","[1CNW_A, 1CNX_A, 1CNY_A, 1EOU_A, 1G6V_A, 1HCA_A, 1KWQ_A, 1KWR_A, 1T9N_A]","[]","[]"
"4Q8Z_A","K+3(1)","[1CNW_A, 1CNX_A, 1CNY_A, 1EOU_A, 1G6V_A, 1HCA_A, 1KWQ_A, 1KWR_A, 1T9N_A]","[]","[]"
"5FDC_A","K+3(1)","[1CNW_A, 1CNX_A, 1CNY_A, 1EOU_A, 1G6V_A, 1HCA_A, 1KWQ_A, 1KWR_A, 1T9N_A]","[]","[]"
"4FL7_A","K+3(1)","[1AM6_A, 1AVN_A, 1BCD_A, 1BN1_A, 1BN3_A, 1BN4_A, 1BNM_A, 1BNN_A, 1BNQ_A]","[]","[]"
"5VGY_A","K+3(1)","[1CNW_A, 1CNX_A, 1CNY_A, 1EOU_A, 1G6V_A, 1HCA_A, 1KWQ_A, 1KWR_A, 1T9N_A]","[]","[]"
"4E5Q_A","K+3(1)","[1CNW_A, 1CNX_A, 1CNY_A, 1EOU_A, 1G6V_A, 1HCA_A, 1KWQ_A, 1KWR_A, 1T9N_A]","[]","[]"
"2WD3_A","K+3(1)","[1AM6_A, 1AVN_A, 1BCD_A, 1BN1_A, 1BN3_A, 1BN4_A, 1BNM_A, 1BNN_A, 1BNQ_A]","[]","[]"
"4WL4_A","K+3(1)","[1CNW_A, 1CNX_A, 1CNY_A, 1EOU_A, 1G6V_A, 1HCA_A, 1KWQ_A, 1KWR_A, 1T9N_A]","[]","[]"
"5U0F_A","K+3(1)","[1CNW_A, 1CNX_A, 1CNY_A, 1EOU_A, 1G6V_A, 1HCA_A, 1KWQ_A, 1KWR_A, 1T9N_A]","[]","[]"
"4KUY_A","K+3(1)","[1AM6_A, 1AVN_A, 1BCD_A, 1BN1_A, 1BN3_A, 1BN4_A, 1BNM_A, 1BNN_A, 1BNQ_A]","[]","[]"
"3V2M_A","K+3(1)","[1CNW_A, 1CNX_A, 1CNY_A, 1EOU_A, 1G6V_A, 1HCA_A, 1KWQ_A, 1KWR_A, 1T9N_A]","[]","[]"
"1G0F_A","K+3(1)","[1CA3_A, 1CNW_A, 1G0F_A, 4FIK_A, 4HEW_A, 4HEY_A, 4HEZ_A, 4HF3_A]","[1MOO_A]","[]"
"5TYA_A","K+3(1)","[1CNW_A, 1CNX_A, 1CNY_A, 1EOU_A, 1G6V_A, 1HCA_A, 1KWQ_A, 1KWR_A, 1T9N_A]","[]","[]"
"1RAZ_A","K+3(1)","[1AM6_A, 1AVN_A, 1BCD_A, 1BN1_A, 1BN3_A, 1BN4_A, 1BNM_A, 1BNN_A, 1BNQ_A]","[]","[]"
"4PYX_A","K+3(1)","[1CNW_A, 1CNX_A, 1CNY_A, 1EOU_A, 1G6V_A, 1HCA_A, 1KWQ_A, 1KWR_A, 1T9N_A]","[]","[]"
"6FE1_A","K+3(1)","[5FL4_A, 5FL5_A, 5FL6_A, 6FE1_A, 6FE2_A, 6G98_A, 6G9U_A, 6QN2_A]","[6FE0_A]","[]"
"3RYX_B","K+3(1)","[1AM6_A, 1AVN_A, 1BCD_A, 1BN1_A, 1BN3_A, 1BN4_A, 1BNM_A, 1BNN_A, 1BNQ_A]","[]","[]"
"4E4A_A","K+3(1)","[1CNW_A, 1CNX_A, 1CNY_A, 1EOU_A, 1G6V_A, 1HCA_A, 1KWQ_A, 1KWR_A, 1T9N_A]","[]","[]"
"2FNM_A","K+3(1)","[1CA3_A, 1CNW_A, 1CNX_A, 1CNY_A, 2FNK_A, 2FNN_A, 3M1Q_A, 3M1W_A, 3RG3_A]","[]","[]"
"3R16_A","K+3(1)","[1AM6_A, 1AVN_A, 1BCD_A, 1BN1_A, 1BN3_A, 1BN4_A, 1BNM_A, 1BNN_A, 1BNQ_A]","[]","[]"
"5WLR_A","K+3(1)","[4R59_A, 4R5A_A, 4RIU_A, 4RIV_A, 4YWP_A, 4ZAO_A, 4ZWX_A, 4ZWZ_A, 5JMZ_A]","[]","[]"
"6D1L_A","K+3(1)","[1CNW_A, 1CNX_A, 1CNY_A, 1EOU_A, 1G6V_A, 1HCA_A, 1KWQ_A, 1KWR_A, 1T9N_A]","[]","[]"
"5JEH_B","K+3(1)","[1HED_A, 3PYK_A, 5EKH_A, 5EKJ_A, 5EKM_A, 5JEG_B, 5JGT_B, 5NXI_A, 6QFU_A]","[]","[]"
"3VBD_A","K+3(1)","[1AM6_A, 1AVN_A, 1BCD_A, 1BN1_A, 1BN3_A, 1BN4_A, 1BNM_A, 1BNN_A, 1BNQ_A]","[]","[]"
"4Q90_A","K+3(1)","[1CNW_A, 1CNX_A, 1CNY_A, 1EOU_A, 1G6V_A, 1HCA_A, 1KWQ_A, 1KWR_A, 1T9N_A]","[]","[]"
"2NNS_A","K+3(1)","[1CNW_A, 1CNX_A, 1CNY_A, 1EOU_A, 1G6V_A, 1HCA_A, 1KWQ_A, 1KWR_A, 1T9N_A]","[]","[]"
"3M1Q_A","K+3(1)","[3KIG_A, 3M1W_A, 3M2Z_A, 3M5S_A, 3M5T_A]","[]","[3KNE_A, 3M04_A, 3M14_A, 3M1K_A]"
"3MYQ_A","K+3(1)","[1CNW_A, 1CNX_A, 1CNY_A, 1EOU_A, 1G6V_A, 1HCA_A, 1KWQ_A, 1KWR_A, 1T9N_A]","[]","[]"
"5TUO_A","K+3(1)","[4XFW_A, 5TT3_A, 5TT8_A, 5TUO_A, 5TV3_A]","[4YHA_A]","[]"
"4E3F_A","K+3(1)","[1CNW_A, 1CNX_A, 1CNY_A, 1EOU_A, 1G6V_A, 1HCA_A, 1KWQ_A, 1KWR_A, 1T9N_A]","[]","[]"
"2EU2_A","K+3(1)","[1CNW_A, 1CNX_A, 1CNY_A, 1EOU_A, 1G6V_A, 1HCA_A, 1KWQ_A, 1KWR_A, 1T9N_A]","[]","[]"
"2WEJ_A","K+3(1)","[1AM6_A, 1AVN_A, 1BCD_A, 1BN1_A, 1BN3_A, 1BN4_A, 1BNM_A, 1BNN_A, 1BNQ_A]","[]","[]"
"3K34_A","K+3(1)","[1CNW_A, 1CNX_A, 1CNY_A, 1EOU_A, 1G6V_A, 1HCA_A, 1KWQ_A, 1KWR_A, 1T9N_A]","[]","[]"
"4E3G_A","K+3(1)","[1CNW_A, 1CNX_A, 1CNY_A, 1EOU_A, 1G6V_A, 1HCA_A, 1KWQ_A, 1KWR_A, 1T9N_A]","[]","[]"
"2X7T_A","K+3(1)","[1AM6_A, 1AVN_A, 1BCD_A, 1BN1_A, 1BN3_A, 1BN4_A, 1BNM_A, 1BNN_A, 1BNQ_A]","[]","[]"
"2ILI_A","K+3(1)","[1AM6_A, 1AVN_A, 1BCD_A, 1BN1_A, 1BN3_A, 1BN4_A, 1BNM_A, 1BNN_A, 1BNQ_A]","[]","[]"
"4FIK_A","K+3(1)","[1CA3_A, 1CNW_A, 1G0F_A, 4FIK_A, 4HEW_A, 4HEY_A, 4HEZ_A, 4HF3_A]","[1MOO_A]","[]"
"3P55_A","K+3(1)","[1CNW_A, 1CNX_A, 1CNY_A, 1EOU_A, 1G6V_A, 1HCA_A, 1KWQ_A, 1KWR_A, 1T9N_A]","[]","[]"
"2NWZ_A","K+3(1)","[1CA3_A, 1CNW_A, 1CNX_A, 1CNY_A, 1EOU_A, 1G6V_A, 1HCA_A, 1KWQ_A, 2NWZ_A]","[]","[]"
"3UYN_A","K+3(1)","[1FLJ_A, 1Z93_A, 1Z97_A, 2HFW_A, 3UYQ_A, 6B00_A, 6NJ2_A, 6NJ3_A, 6NJ6_A]","[]","[]"
"5T71_A","K+3(1)","[1CA3_A, 1CNW_A, 1CNX_A, 1CNY_A, 1EOU_A, 1G6V_A, 1HCA_A]","[]","[5T72_A, 5T74_A]"
"3ML2_A","K+3(1)","[1CNW_A, 1CNX_A, 1CNY_A, 1EOU_A, 1G6V_A, 1HCA_A, 1KWQ_A, 1KWR_A, 1T9N_A]","[]","[]"
"4K1Q_A","K+3(1)","[4K0S_A, 4K0T_A, 4K13_A, 4K1Q_A, 4R59_A, 4R5A_A, 4RIU_A, 4RIV_A, 4ZAO_A]","[]","[]"
"5TY8_A","K+3(1)","[1CNW_A, 1CNX_A, 1CNY_A, 1EOU_A, 1G6V_A, 1HCA_A, 1KWQ_A, 1KWR_A, 1T9N_A]","[]","[]"
"5G0C_A","K+3(1)","[4Q08_A, 4Q09_A, 5G0C_A]","[6YH5_A]","[8QHJ_A, 8QUF_A, 8RLQ_A, 8RNS_A]"
"1FSR_A","K+3(1)","[1CA3_A, 1FQL_A, 1FQM_A, 1FQN_A, 1FQR_A, 1FR4_A, 1FSN_A, 1FSQ_A, 1FSR_A]","[]","[]"
"6G98_A","K+3(1)","[5FL4_A, 5FL5_A, 5FL6_A, 6FE1_A, 6FE2_A, 6G98_A, 6G9U_A, 6QN2_A]","[6FE0_A]","[]"
"4QEF_A","K+3(1)","[1CA3_A, 1CNW_A, 1CNX_A, 1CNY_A, 1EOU_A, 1G6V_A, 1HCA_A, 1KWQ_A, 1KWR_A]","[]","[]"
"5DVX_A","K+3(1)","[3IAI_A, 5FL4_A, 5FL5_A, 5FL6_A, 6RQN_A, 6RQQ_A, 6Y74_A]","[6RQW_A]","[]"
"5AMD_A","K+3(1)","[1AM6_A, 1AVN_A, 1BCD_A, 1BN1_A, 1BN3_A, 1BN4_A, 1BNM_A, 1BNN_A, 1BNQ_A]","[]","[]"
"4HEW_A","K+3(1)","[1CA3_A, 1CNW_A, 1G0F_A, 4FIK_A, 4HEW_A, 4HEY_A, 4HEZ_A, 4HF3_A]","[1MOO_A]","[]"
"3OKU_A","K+3(1)","[1CNW_A, 1CNX_A, 1CNY_A, 1EOU_A, 1G6V_A, 1HCA_A, 1KWQ_A, 1KWR_A, 1T9N_A]","[]","[]"
"1Z93_A","K+3(1)","[1FLJ_A, 1Z97_A, 2HFW_A, 3UYN_A, 3UYQ_A, 6B00_A, 6NJ2_A, 6NJ3_A, 6NJ6_A]","[]","[]"
"5BRW_A","K+3(1)","[3PYK_A, 5BRW_A, 5EKH_A, 5EKJ_A, 5EKM_A, 6QFU_A, 6QFV_A, 6QFW_A]","[5BRV_A]","[]"
"5WEX_A","K+3(1)","[1CNW_A, 1CNX_A, 1CNY_A, 1EOU_A, 1G6V_A, 1HCA_A, 1KWQ_A, 1KWR_A, 1T9N_A]","[]","[]"
"2HFX_A","K+3(1)","[...loading_similar]","[...loading_similar]","[...loading_similar]"
"4Q06_A","K+3(1)","[4Q07_A, 4R59_A, 4R5A_A, 4RIU_A, 4RIV_A, 4ZAO_A]","[]","[7Q0C_A, 8RAR_A, 8RBP_A]"
"3P5A_A","K+3(1)","[1CNW_A, 1CNX_A, 1CNY_A, 1EOU_A, 1G6V_A, 1HCA_A, 1KWQ_A, 1KWR_A, 1T9N_A]","[]","[]"
"5JE7_B","K+3(1)","[1A42_A, 1AM6_A, 1AVN_A, 1BCD_A, 1BN1_A, 1BN3_A, 1BN4_A, 1BNM_A, 1BNN_A]","[]","[]"
"3OYS_A","K+3(1)","[1CNW_A, 1CNX_A, 1CNY_A, 1EOU_A, 1G6V_A, 1HCA_A, 1KWQ_A, 1KWR_A, 1T9N_A]","[]","[]"
"4Z1J_A","K+3(1)","[1AM6_A, 1AVN_A, 1BCD_A, 1BN1_A, 1BN3_A, 1BN4_A, 1BNM_A, 1BNN_A, 1BNQ_A]","[]","[]"
"5EKM_A","K+3(1)","[5EKH_A, 5EKJ_A, 5EKM_A, 6QFU_A, 6QFV_A, 6QFW_A, 6QFX_A]","[]","[7ONP_A, 7U5W_A]"
"4ITP_A","K+3(1)","[1AM6_A, 1AVN_A, 1BCD_A, 1BN1_A, 1BN3_A, 1BN4_A, 1BNM_A, 1BNN_A, 1BNQ_A]","[]","[]"
"2POW_A","K+3(1)","[1CNW_A, 1CNX_A, 1CNY_A, 1EOU_A, 1G6V_A, 1HCA_A, 1KWQ_A, 1KWR_A, 1T9N_A]","[]","[]"
"3DVB_A","K+3(1)","[1A42_A, 1AM6_A, 1AVN_A, 1BCD_A, 1BN1_A, 2NWO_A, 2NWP_A, 3DV7_A, 3DVC_A]","[]","[]"
"1URT_A","K+3(1)","[1DMY_A, 1KEQ_A]","[1DMX_A]","[7NZR_A, 7NZS_A, 7NZT_A, 7NZU_A, 7NZW_A, 7NZX_A]"
"4KNN_A","K+3(1)","[4KNM_A, 4KNN_A, 4QIZ_A, 4QJP_A, 4QJX_A, 4QSJ_A, 5E2N_A, 5LLA_A, 5LLN_A]","[]","[]"
"3SAX_A","K+3(1)","[1CNW_A, 1CNX_A, 1CNY_A, 1EOU_A, 1G6V_A, 1HCA_A, 1KWQ_A, 1KWR_A, 1T9N_A]","[]","[]"
"3S8X_A","K+3(1)","[1CNW_A, 1CNX_A, 1CNY_A, 1EOU_A, 1G6V_A, 1HCA_A, 1KWQ_A, 1KWR_A, 1T9N_A]","[]","[]"
"4QSA_A","K+3(1)","[1CNW_A, 1CNX_A, 1CNY_A, 1EOU_A, 1G6V_A, 1HCA_A, 1KWQ_A, 1KWR_A, 1T9N_A]","[]","[]"
"6GOT_A","K+3(1)","[1CNW_A, 1CNX_A, 1CNY_A, 1EOU_A, 1G6V_A, 1HCA_A, 1KWQ_A, 1KWR_A, 1T9N_A]","[]","[]"
"3S73_B","K+3(1)","[1AM6_A, 1AVN_A, 1BCD_A, 1BN1_A, 1BN3_A, 1BN4_A, 1BNM_A, 1BNN_A, 1BNQ_A]","[]","[]"
"5YUJ_A","K+3(1)","[1CNW_A, 1CNX_A, 1CNY_A, 1EOU_A, 1G6V_A, 1HCA_A, 1KWQ_A, 1KWR_A, 1T9N_A]","[]","[]"
"2OSF_A","K+3(1)","[1AM6_A, 1AVN_A, 1BCD_A, 1BN1_A, 1BN3_A, 1BN4_A, 1BNM_A, 1BNN_A, 1BNQ_A]","[]","[]"
"4KAP_A","K+3(1)","[1A42_A, 1AM6_A, 1AVN_A, 1BCD_A, 1BN1_A, 1BN3_A]","[]","[8OGD_A, 8OGE_A, 8PHM_A]"
"1G0E_A","K+3(1)","[1CA3_A, 1CNW_A, 1G0F_A, 4FIK_A, 4HEW_A, 4HEY_A, 4HEZ_A, 4HF3_A]","[1MOO_A]","[]"
"2EZ7_A","K+3(1)","[1CNW_A, 1CNX_A, 1CNY_A, 1EOU_A, 1G6V_A, 1HCA_A, 1KWQ_A, 1KWR_A, 1T9N_A]","[]","[]"
"1IF9_A","K+3(1)","[1AM6_A, 1AVN_A, 1BCD_A, 1BN1_A, 1BN3_A, 1BN4_A, 1BNM_A, 1BNN_A, 1BNQ_A]","[]","[]"
"2CBC_A","K+3(1)","[1AM6_A, 1AVN_A, 1BCD_A, 1BN1_A, 1BN3_A, 1BN4_A, 1BNM_A, 1BNN_A, 1BNQ_A]","[]","[]"
"1IF7_A","K+3(1)","[1AM6_A, 1AVN_A, 1BCD_A, 1BN1_A, 1BN3_A, 1BN4_A, 1BNM_A, 1BNN_A, 1BNQ_A]","[]","[]"
"4LU3_A","K+3(1)","[1JD0_A, 1RJ5_A, 1RJ6_A, 4HT2_A, 4KP5_A, 4KP8_A, 5CJF_A]","[6RPS_A]","[1JCZ_A]"
"1THK_A","K+3(1)","[1CA3_A, 1CNW_A, 1CNX_A, 1CNY_A, 1EOU_A, 1G6V_A, 1HCA_A, 1KWQ_A, 1THK_A]","[]","[]"
"3RZ0_B","K+3(1)","[1AM6_A, 1AVN_A, 1BCD_A, 1BN1_A, 1BN3_A, 1BN4_A, 1BNM_A, 1BNN_A, 1BNQ_A]","[]","[]"
"3T85_A","K+3(1)","[1CNW_A, 1CNX_A, 1CNY_A, 1EOU_A, 1G6V_A, 1HCA_A, 1KWQ_A, 1KWR_A, 1T9N_A]","[]","[]"
"3CZV_A","K+3(1)","[3D0N_A, 4HU1_A, 4KNM_A, 4KNN_A, 4QIZ_A, 4QJP_A, 4QJX_A, 4QSJ_A, 5E2N_A]","[]","[]"
"3OKV_A","K+3(1)","[1CA3_A, 3DC3_A, 3DC9_A, 3DCC_A, 3DCS_A, 3DCW_A, 3OIK_A, 3OIL_A, 3OKV_A]","[]","[]"
"3SBI_A","K+3(1)","[1CNW_A, 1CNX_A, 1CNY_A, 1EOU_A, 1G6V_A, 1HCA_A, 1KWQ_A, 1KWR_A, 1T9N_A]","[]","[]"
"3BL0_A","K+3(1)","[1CNW_A, 1CNX_A, 1CNY_A, 1EOU_A, 1G6V_A, 1HCA_A, 1KWQ_A, 1KWR_A, 1T9N_A]","[]","[]"
"2FOS_A","K+3(1)","[1CNW_A, 1CNX_A, 1CNY_A, 1EOU_A, 1G6V_A, 1HCA_A, 1KWQ_A, 1KWR_A, 1T9N_A]","[]","[]"
"1FQM_A","K+3(1)","[1CA3_A, 1FQL_A, 1FQN_A, 1FQR_A, 1FR4_A, 1FR7_A, 1FSN_A, 1FSQ_A, 1FSR_A]","[]","[]"
"1XEV_A","K+3(1)","[1CNW_A, 1CNX_A, 1CNY_A, 1EOU_A, 1G6V_A, 1HCA_A, 1KWQ_A, 1KWR_A, 1T9N_A]","[]","[]"
"5GMN_A","K+3(1)","[1CNW_A, 1CNX_A, 1CNY_A, 1EOU_A, 1G6V_A, 1HCA_A, 1KWQ_A, 1KWR_A, 1T9N_A]","[]","[]"
"2NXT_A","K+3(1)","[1CA3_A, 1CNW_A, 1CNX_A, 1CNY_A, 1EOU_A, 1G6V_A, 1HCA_A, 2NXS_A, 2NXT_A]","[]","[]"
"3C75_L","K+3(1)","[1MG2_B, 1MG3_B, 2GC4_B, 2GC7_B, 2J55_L, 2J56_L, 2J57_K]","[1MAF_L]","[]"
"4V7H_BE","K+3(1)","[4V7H_BE]","[4V7R_BE]","[3JCT_D]"
"2AX2_A","K+3(1)","[1CNW_A, 1CNX_A, 1CNY_A, 1EOU_A, 1G6V_A, 1HCA_A, 1KWQ_A, 1KWR_A, 1T9N_A]","[]","[]"
"5L70_A","K+3(1)","[1CNW_A, 1CNX_A, 1CNY_A, 1EOU_A, 1G6V_A, 1HCA_A, 1KWQ_A, 1KWR_A, 1T9N_A]","[]","[]"
"4CND_B","K+3(1)","[3IC6_A, 3ILK_A, 3KTY_A, 4CNE_A, 4XBO_A, 5GM8_A, 5GMB_A, 5GMC_A]","[4RS2_A]","[]"
"4CNE_B","K+3(1)","[3IC6_A, 3ILK_A, 3KTY_A, 4CNE_A, 4XBO_A, 5GM8_A, 5GMB_A, 5GMC_A]","[4RS2_A]","[]"
"4CNF_B","K+3(1)","[4CNG_A]","[8BEA_R]","[]"
"4CNG_B","K+3(1)","[4CNG_A]","[8BEA_R]","[]"
"6EMS_A","K+3(1)","[6EMT_A, 6EMU_A, 6EMV_A]","[6VGS_A]","[]"
"5VM8_A","K+3(1)","[1NXZ_A, 1VHY_A, 4E8B_A]","[]","[]"
"5UGH_A","K+3(1)","[2P02_A, 4KTT_A, 4KTV_A, 8AXZ_A]","[]","[7BHR_A, 7BHS_A, 7BHT_A, 7BHU_A, 7BHV_A]"
"6EMT_A","K+3(1)","[6EMS_A, 6EMU_A, 6EMV_A]","[6IHW_A]","[6IHR_A, 6IHT_A, 6IHU_A, 6IHV_A]"
"6EMV_A","K+3(1)","[6EMS_A, 6EMU_A, 6EMV_A]","[6IHW_A]","[6IHR_A, 6IHT_A, 6IHU_A, 6IHV_A]"
"5A19_A","K+3(1)","[4KTT_A, 4KTV_A, 4NDN_A, 5A19_A, 5A1G_A, 5A1I_A, 5UGH_A]","[]","[6FAJ_A, 6G6R_A]"
"1CNG_A","K+3(1)","[1A42_A, 1AM6_A, 1AVN_A, 1BCD_A, 1BN1_A, 1BN3_A, 1BN4_A, 1BNM_A, 1BNN_A]","[]","[]"
"3MHL_A","K+3(1)","[1CNW_A, 1CNX_A, 1CNY_A, 1EOU_A, 1G6V_A, 1HCA_A, 1KWQ_A, 1KWR_A, 1T9N_A]","[]","[]"
"3M5E_A","K+3(1)","[1CNW_A, 1CNX_A, 1CNY_A, 1EOU_A, 1G6V_A, 1HCA_A, 1KWQ_A, 1KWR_A, 1T9N_A]","[]","[]"
"3M40_A","K+3(1)","[1CNW_A, 1CNX_A, 1CNY_A, 1EOU_A, 1G6V_A, 1HCA_A, 1KWQ_A, 1KWR_A, 1T9N_A]","[]","[]"
"3M3X_A","K+3(1)","[1CNW_A, 1CNX_A, 1CNY_A, 1EOU_A, 1G6V_A, 1HCA_A, 1KWQ_A, 1KWR_A, 1T9N_A]","[]","[]"
"3M67_A","K+3(1)","[1CNW_A, 1CNX_A, 1CNY_A, 1EOU_A, 1G6V_A, 1HCA_A, 1KWQ_A, 1KWR_A, 1T9N_A]","[]","[]"
"3M98_A","K+3(1)","[1CNW_A, 1CNX_A, 1CNY_A, 1EOU_A, 1G6V_A, 1HCA_A, 1KWQ_A, 1KWR_A, 1T9N_A]","[]","[]"
"3M2N_A","K+3(1)","[1CNW_A, 1CNX_A, 1CNY_A, 1EOU_A, 1G6V_A, 1HCA_A, 1KWQ_A, 1KWR_A, 1T9N_A]","[]","[]"
"3MHM_A","K+3(1)","[1CNW_A, 1CNX_A, 1CNY_A, 1EOU_A, 1G6V_A, 1HCA_A, 1KWQ_A, 1KWR_A, 1T9N_A]","[]","[]"
"3M96_A","K+3(1)","[1CNW_A, 1CNX_A, 1CNY_A, 1EOU_A, 1G6V_A, 1HCA_A, 1KWQ_A, 1KWR_A, 1T9N_A]","[]","[]"
"2W2J_A","K+3(1)","[3ML5_A, 6G4T_A, 6H36_A, 6H37_A, 6H38_A, 6SDT_A, 6ZR9_A]","[7NC4_A]","[7P1A_A]"
"3CAJ_A","K+3(1)","[1CNW_A, 1CNX_A, 1CNY_A, 1EOU_A, 1G6V_A, 1HCA_A, 1KWQ_A, 1KWR_A, 1T9N_A]","[]","[]"
"3PO6_A","K+3(1)","[1AM6_A, 1AVN_A, 1BCD_A, 1BN1_A, 1BN3_A, 1BN4_A, 1BNM_A, 1BNN_A, 1BNQ_A]","[]","[]"
"1HVA_A","K+3(1)","[1CA3_A, 1CNC_A, 1CNW_A, 1CNX_A, 1CNY_A, 1EOU_A, 4JSW_A, 4JSZ_A]","[]","[1CNB_A]"
"3BET_A","K+3(1)","[1AM6_A, 1AVN_A, 1BCD_A, 1BN1_A, 1BN3_A, 1BN4_A, 1BNM_A, 1BNN_A, 1BNQ_A]","[]","[]"
"3IBU_A","K+3(1)","[1AM6_A, 1AVN_A, 1BCD_A, 1BN1_A, 1BN3_A, 1BN4_A, 1BNM_A, 1BNN_A, 1BNQ_A]","[]","[]"
"3IBN_A","K+3(1)","[1AM6_A, 1AVN_A, 1BCD_A, 1BN1_A, 1BN3_A, 1BN4_A, 1BNM_A, 1BNN_A, 1BNQ_A]","[]","[]"
"3IBL_A","K+3(1)","[1AM6_A, 1AVN_A, 1BCD_A, 1BN1_A, 1BN3_A, 1BN4_A, 1BNM_A, 1BNN_A, 1BNQ_A]","[]","[]"
"5DSQ_A","K+3(1)","[1CNW_A, 1CNX_A, 1CNY_A, 1EOU_A, 1G6V_A, 1HCA_A, 1KWQ_A, 1KWR_A, 1T9N_A]","[]","[]"
"5DSO_A","K+3(1)","[1CNW_A, 1CNX_A, 1CNY_A, 1EOU_A, 1G6V_A, 1HCA_A, 1KWQ_A, 1KWR_A, 1T9N_A]","[]","[]"
"1FSN_A","K+3(1)","[1CA3_A, 1FQL_A, 1FQM_A, 1FQN_A, 1FQR_A, 1FR4_A, 1FSN_A, 1FSQ_A, 1FSR_A]","[]","[]"
"2CBE_A","K+3(1)","[1AM6_A, 1AVN_A, 1BCD_A, 1BN1_A, 1BN3_A, 1BN4_A, 1BNM_A, 1BNN_A, 1BNQ_A]","[]","[]"
"3RZ5_A","K+3(1)","[1AM6_A, 1AVN_A, 1BCD_A, 1BN1_A, 1BN3_A, 1BN4_A, 1BNM_A, 1BNN_A, 1BNQ_A]","[]","[]"
"1CNH_A","K+3(1)","[1A42_A, 1AM6_A, 1AVN_A, 1BCD_A, 1BN1_A, 1BN3_A, 1BN4_A, 1BNM_A, 1BNN_A]","[]","[]"
"3RZ7_A","K+3(1)","[1AM6_A, 1AVN_A, 1BCD_A, 1BN1_A, 1BN3_A, 1BN4_A, 1BNM_A, 1BNN_A, 1BNQ_A]","[]","[]"
"3S76_A","K+3(1)","[1AM6_A, 1AVN_A, 1BCD_A, 1BN1_A, 1BN3_A, 1BN4_A, 1BNM_A, 1BNN_A, 1BNQ_A]","[]","[]"
"1ZSA_A","K+3(1)","[1A42_A, 1AM6_A, 1AVN_A, 1BCD_A, 1BN1_A, 1BN3_A, 1BN4_A, 1ZSB_A, 1ZSC_A]","[]","[]"
"4TWM_A","K+3(1)","[4TWM_A]","[]","[]"
"4TWL_A","K+3(1)","[4TWM_A]","[]","[]"
"5A1G_A","K+3(1)","[4KTT_A, 4KTV_A, 4NDN_A, 5A19_A, 5A1G_A, 5A1I_A, 5UGH_A]","[]","[6FAJ_A, 6G6R_A]"
"5DSR_A","K+3(1)","[1CNW_A, 1CNX_A, 1CNY_A, 1EOU_A, 1G6V_A, 1HCA_A, 1KWQ_A, 1KWR_A, 1T9N_A]","[]","[]"
"6EMU_A","K+3(1)","[6EMS_A, 6EMU_A, 6EMV_A]","[6IHW_A]","[6IHR_A, 6IHT_A, 6IHU_A, 6IHV_A]"
"5Y2R_A","K+3(1)","[1CNW_A, 1CNX_A, 1CNY_A, 1EOU_A, 1G6V_A, 1HCA_A, 1KWQ_A, 1KWR_A, 1T9N_A]","[]","[]"
"1J85_A","K+3(1)","[1MXI_A, 3N4J_A, 3N4K_A, 4JAK_A, 4JAL_A, 4KDZ_A, 7D51_A, 7E3S_A]","[]","[6QH8_A]"
"5Y2S_A","K+3(1)","[1CNW_A, 1CNX_A, 1CNY_A, 1EOU_A, 1G6V_A, 1HCA_A, 1KWQ_A, 1KWR_A, 1T9N_A]","[]","[]"
"5MSB_A","K+3(1)","[4KP5_A, 4KP8_A, 4Q0L_A, 4QJ0_A, 4QJO_A, 4QJW_A, 5LL5_A, 5LL9_A]","[4WW8_A]","[]"
"5NXG_A","K+3(1)","[1AM6_A, 1AVN_A, 1BCD_A, 1BN1_A, 1BN3_A, 1BN4_A, 1BNM_A, 1BNN_A, 1BNQ_A]","[]","[]"
"5NXI_A","K+3(1)","[5EKH_A, 5EKJ_A, 5EKM_A, 5JEG_B, 5NXI_A, 6QFU_A, 6QFV_A, 6QFW_A, 6QFX_A]","[]","[]"
"5NXO_A","K+3(1)","[1AM6_A, 1AVN_A, 1BCD_A, 1BN1_A, 1BN3_A, 1BN4_A, 1BNM_A, 1BNN_A, 1BNQ_A]","[]","[]"
"5NXV_A","K+3(1)","[1AM6_A, 1AVN_A, 1BCD_A, 1BN1_A, 1BN3_A, 1BN4_A, 1BNM_A, 1BNN_A, 1BNQ_A]","[]","[]"
"5NXP_A","K+3(1)","[1AM6_A, 1AVN_A, 1BCD_A, 1BN1_A, 1BN3_A, 1BN4_A, 1BNM_A, 1BNN_A, 1BNQ_A]","[]","[]"
"5NXW_A","K+3(1)","[1AM6_A, 1AVN_A, 1BCD_A, 1BN1_A, 1BN3_A, 1BN4_A, 1BNM_A, 1BNN_A, 1BNQ_A]","[]","[]"
"5NY1_A","K+3(1)","[1AM6_A, 1AVN_A, 1BCD_A, 1BN1_A, 1BN3_A, 1BN4_A, 1BNM_A, 1BNN_A, 1BNQ_A]","[]","[]"
"5NY3_A","K+3(1)","[1AM6_A, 1AVN_A, 1BCD_A, 1BN1_A, 1BN3_A, 1BN4_A, 1BNM_A, 1BNN_A, 1BNQ_A]","[]","[]"
"5NY6_A","K+3(1)","[1AM6_A, 1AVN_A, 1BCD_A, 1BN1_A, 1BN3_A, 1BN4_A, 1BNM_A, 1BNN_A, 1BNQ_A]","[]","[]"
"5NYA_A","K+3(1)","[1AM6_A, 1AVN_A, 1BCD_A, 1BN1_A, 1BN3_A, 1BN4_A, 1BNM_A, 1BNN_A, 1BNQ_A]","[]","[]"
"5M78_A","K+3(1)","[3M2Y_A, 5M78_A, 6GDC_A]","[6HQX_A]","[3M14_A, 3M1K_A, 3M2X_A, 6GM9_A]"
"5YUD_A","K+3(1)","[]","[6B5B_A]","[7RAV_A, 8FML_A, 8FVU_A]"
"5WYR_A","K+3(1)","[1P9P_A, 1UAJ_A, 1UAK_A, 5WYR_A, 6AFK_A, 6JKI_A, 6JOE_A]","[]","[5ZHM_A, 5ZHN_A]"
"5WYQ_A","K+3(1)","[1P9P_A, 1UAJ_A, 1UAK_A, 5WYR_A, 6AFK_A, 6JKI_A, 6JOE_A]","[]","[5ZHM_A, 5ZHN_A]"
"5M4S_A","K+3(1)","[]","[5IYD_O]","[]"
"5O95_A","K+3(1)","[1NXZ_A, 1VHY_A, 4E8B_A, 5O96_A]","[]","[]"
"5O96_A","K+3(1)","[1NXZ_A, 1VHY_A, 4E8B_A, 5O96_A]","[]","[]"
"5OQL_E","K+3(1)","[]","[6RXZ_UF]","[]"
"5TV3_A","K+3(1)","[4XFW_A, 5TT3_A, 5TT8_A, 5TUO_A, 5TV3_A]","[4YHA_A]","[]"
"5T75_A","K+3(1)","[1CA3_A, 1CNW_A, 1CNX_A, 1CNY_A, 1EOU_A, 1G6V_A, 1HCA_A, 1KWQ_A, 1KWR_A]","[]","[]"
"5L0Z_A","K+3(1)","[5L0Z_A]","[]","[]"
"5TT8_A","K+3(1)","[4XFW_A, 5TT3_A, 5TT8_A, 5TUO_A, 5TV3_A]","[4YHA_A]","[]"
"5KZK_A","K+3(1)","[5L0Z_A]","[]","[]"
"5KU6_A","K+3(1)","[3F7B_A, 3F7U_A, 3FW3_A, 5IPZ_A, 5JN8_A, 5JNA_A, 5JNC_A, 5KU6_A]","[5JN9_A]","[]"
"5LLG_A","K+3(1)","[1CNW_A, 1CNX_A, 1CNY_A, 1EOU_A, 1G6V_A, 1HCA_A, 1KWQ_A, 1KWR_A, 1T9N_A]","[]","[]"
"5LLN_A","K+3(1)","[4KNM_A, 4KNN_A, 4QIZ_A, 4QJP_A, 4QJX_A, 4QSJ_A, 5E2N_A, 5LLA_A, 5LLN_A]","[]","[]"
"5LLE_A","K+3(1)","[1CNW_A, 1CNX_A, 1CNY_A, 1EOU_A, 1G6V_A, 1HCA_A, 1KWQ_A, 1KWR_A, 1T9N_A]","[]","[]"
"5LLO_A","K+3(1)","[4KP5_A, 4KP8_A, 4Q0L_A, 4QJ0_A, 4QJO_A, 4QJW_A, 5LL5_A, 5LL9_A]","[4WW8_A]","[]"
"5JNC_A","K+3(1)","[3F7B_A, 3F7U_A, 3FW3_A, 5IPZ_A, 5JN8_A, 5JNA_A, 5JNC_A, 5KU6_A]","[5JN9_A]","[]"
"5LLP_A","K+3(1)","[4KP5_A, 4KP8_A, 4Q0L_A, 4QJ0_A, 4QJO_A, 4QJW_A, 5LL5_A, 5LL9_A]","[4WW8_A]","[]"
"5TWK_A","K+3(1)","[1NS5_A, 5TWK_A]","[7CFY_A]","[]"
"5THJ_A","K+3(1)","[1CNW_A, 1CNX_A, 1CNY_A, 1EOU_A, 1G6V_A, 1HCA_A, 1KWQ_A, 1KWR_A, 1T9N_A]","[]","[]"
"5GRA_A","K+3(1)","[3KTY_A, 3ONP_A, 5GM8_A, 5GMB_A, 5GMC_A]","[]","[]"
"5JN8_A","K+3(1)","[3F7B_A, 3F7U_A, 3FW3_A, 5IPZ_A, 5JN8_A, 5JNA_A, 5JNC_A, 5KU6_A]","[5JN9_A]","[]"
"5TWJ_A","K+3(1)","[1NS5_A, 5TWK_A]","[7CFY_A]","[]"
"5JNA_A","K+3(1)","[3F7B_A, 3F7U_A, 3FW3_A, 5IPZ_A, 5JN8_A, 5JNA_A, 5JNC_A, 5KU6_A]","[5JN9_A]","[]"
"5L6K_A","K+3(1)","[1CNW_A, 1CNX_A, 1CNY_A, 1EOU_A, 1G6V_A, 1HCA_A, 1KWQ_A, 1KWR_A, 1T9N_A]","[]","[]"
"5JN3_A","K+3(1)","[4R59_A, 4R5A_A, 4RIU_A, 4RIV_A, 4YWP_A, 4ZAO_A, 4ZWX_A, 4ZWZ_A, 5JMZ_A]","[]","[]"
"5WYK_E1","K+3(1)","[2V3K_A, 3OII_A, 3OIJ_A, 3OIN_A, 5JPQ_e, 5WYK_E1]","[]","[5TZS_j, 5WLC_SJ, 5WYJ_E1]"
"5IPZ_A","K+3(1)","[1ZNC_A, 3F7B_A, 3F7U_A, 3FW3_A, 5JN8_A, 5JNA_A, 5JNC_A, 5KU6_A]","[5JN9_A]","[]"
"5SZ7_A","K+3(1)","[4M2W_A, 4R59_A, 4R5A_A, 4RIU_A, 4RIV_A, 4YWP_A, 4ZAO_A, 4ZWX_A, 4ZWZ_A]","[]","[]"
"5SZ0_A","K+3(1)","[1AM6_A, 1AVN_A, 1BCD_A, 1BN1_A, 1BN3_A, 1BN4_A, 1BNM_A, 1BNN_A, 1BNQ_A]","[]","[]"
"5SZ1_A","K+3(1)","[1AM6_A, 1AVN_A, 1BCD_A, 1BN1_A, 1BN3_A, 1BN4_A, 1BNM_A, 1BNN_A, 1BNQ_A]","[]","[]"
"5SZ2_A","K+3(1)","[1AM6_A, 1AVN_A, 1BCD_A, 1BN1_A, 1BN3_A, 1BN4_A, 1BNM_A, 1BNN_A, 1BNQ_A]","[]","[]"
"5SZ3_A","K+3(1)","[1AM6_A, 1AVN_A, 1BCD_A, 1BN1_A, 1BN3_A, 1BN4_A, 1BNM_A, 1BNN_A, 1BNQ_A]","[]","[]"
"5SZ4_A","K+3(1)","[4R59_A, 4R5A_A, 4RIU_A, 4RIV_A, 4YWP_A, 4ZAO_A, 4ZWX_A, 4ZWZ_A, 5JMZ_A]","[]","[]"
"5H9U_A","K+3(1)","[1FUG_A, 1MXA_A, 1MXB_A, 1MXC_A, 1P7L_A, 1RG9_A]","[7R3B_A]","[7LOW_A, 7LOZ_A]"
"5H5F_A","K+3(1)","[5C74_A, 5C77_A, 5H5E_A, 5H5F_A]","[6IPB_A]","[]"
"5H5E_A","K+3(1)","[5C74_A, 5C77_A, 5H5E_A, 5H5F_A]","[6IPB_A]","[]"
"5JIR_A","K+3(1)","[]","[]","[7F4V_aB]"
"5GM8_A","K+3(1)","[3IC6_A, 3ILK_A, 3KTY_A, 4CND_A, 4CNE_A, 4XBO_A, 5GMB_A, 5GMC_A, 5GRA_A]","[]","[]"
"5GMC_A","K+3(1)","[3IC6_A, 3ILK_A, 3KTY_A, 4CND_A, 4CNE_A, 4XBO_A, 5GM8_A, 5GMB_A, 5GRA_A]","[]","[]"
"5GMB_A","K+3(1)","[3IC6_A, 3ILK_A, 3KTY_A, 4CND_A, 4CNE_A, 4XBO_A, 5GMB_A, 5GMC_A, 5GRA_A]","[]","[]"
"5T8S_A","K+3(1)","[3IML_A, 5T8T_A, 7LOO_A]","[7R2W_A]","[7LL3_A, 7LNN_A, 7LO2_A, 7LOW_A, 7LOZ_A]"
"5T8T_A","K+3(1)","[3IML_A, 5T8T_A, 7LOO_A]","[7R2W_A]","[7LL3_A, 7LNN_A, 7LO2_A, 7LOW_A, 7LOZ_A]"
"5DRS_A","K+3(1)","[1CNW_A, 1CNX_A, 1CNY_A, 1EOU_A, 1G6V_A, 1HCA_A, 1KWQ_A, 1KWR_A, 1T9N_A]","[]","[]"
"5DOG_A","K+3(1)","[1CNW_A, 1CNX_A, 1CNY_A, 1EOU_A, 1G6V_A, 1HCA_A, 1KWQ_A, 1KWR_A, 1T9N_A]","[]","[]"
"5DOH_A","K+3(1)","[1CNW_A, 1CNX_A, 1CNY_A, 1EOU_A, 1G6V_A, 1HCA_A, 1KWQ_A, 1KWR_A, 1T9N_A]","[]","[]"
"5E5R_A","K+3(1)","[3JXF_A, 3JXG_A, 3KLD_B, 3S97_A, 5E5R_A, 5E5U_A]","[]","[]"
"5JPQ_E","K+3(1)","[]","[]","[]"
"5CO4_A","K+3(1)","[1J85_A, 1MXI_A, 3N4J_A, 4JAK_A, 4JAL_A, 7D51_A, 7E3S_A]","[]","[6QH8_A, 6QKV_A]"
"5G03_A","K+3(1)","[4R59_A, 4R5A_A, 5G0B_A, 6VKG_A, 7MU3_A]","[]","[8QHG_A, 8TTR_A, 8UFW_A, 9EN9_A]"
"5HWY_A","K+3(1)","[3V5U_A, 5HWX_A, 5HWY_A, 5HYA_A]","[5HXS_A]","[5HXR_A]"
"5APG_A","K+3(1)","[]","[]","[]"
"5AP8_A","K+3(1)","[]","[]","[]"
"4YQT_A","K+3(1)","[1UAK_A, 1UAL_A, 1UAM_A, 3AXZ_A, 4YPX_A]","[]","[4YPW_A, 4YPY_A, 4YPZ_A, 4YQ0_A]"
"4YQS_A","K+3(1)","[1UAK_A, 1UAL_A, 1UAM_A, 3AXZ_A, 4YPX_A]","[]","[4YPW_A, 4YPY_A, 4YPZ_A, 4YQ0_A]"
"4YQR_A","K+3(1)","[1UAK_A, 1UAL_A, 1UAM_A, 3AXZ_A, 4YPX_A]","[]","[4YPW_A, 4YPY_A, 4YPZ_A, 4YQ0_A]"
"5CJL_A","K+3(1)","[...loading_similar]","[...loading_similar]","[...loading_similar]"
"4YPX_A","K+3(1)","[1UAK_A, 1UAL_A, 1UAM_A, 3AXZ_A, 4YPX_A]","[]","[4YPW_A, 4YPY_A, 4YPZ_A, 4YQ0_A]"
"5A1I_A","K+3(1)","[4KTT_A, 4KTV_A, 4NDN_A, 5A19_A, 5A1G_A, 5A1I_A, 5UGH_A]","[]","[6FAJ_A, 6G6R_A]"
"5FAI_A","K+3(1)","[2V3J_A, 2V3K_A, 3OII_A, 3OIJ_A, 3OIN_A, 5JPQ_e]","[]","[7MQ8_SJ, 7MQ9_SJ, 7MQA_SJ]"
"4X3L_A","K+3(1)","[1IPA_A, 3L8U_A, 4X3M_A]","[]","[9H1K_A, 9MUJ_A, 9MUK_A]"
"5C77_A","K+3(1)","[5C74_A, 5H5E_A, 5H5F_A]","[]","[5H5D_A]"
"5C74_A","K+3(1)","[5C77_A, 5H5E_A, 5H5F_A]","[]","[5H5D_A]"
"5A7Y_A","K+3(1)","[5A7T_A, 5A7Z_A]","[8J53_A]","[8UCE_A, 8UCF_A, 8UCG_A, 8UCH_A, 8UCI_A]"
"5A7Z_A","K+3(1)","[5A7Y_A, 5A7Z_A]","[8J53_A]","[8UCE_A, 8UCF_A, 8UCG_A, 8UCH_A, 8UCI_A]"
"5A7T_A","K+3(1)","[5A7Y_A, 5A7Z_A]","[8J53_A]","[8UCE_A, 8UCF_A, 8UCG_A, 8UCH_A, 8UCI_A]"
"4YVK_A","K+3(1)","[1UAK_A, 1UAL_A, 1UAM_A, 3AXZ_A, 4YQD_A, 4YVG_A, 4YVH_A, 4YVI_A, 4YVJ_A]","[]","[]"
"4YVJ_A","K+3(1)","[1UAK_A, 1UAL_A, 1UAM_A, 3AXZ_A, 4YQD_A, 4YVG_A, 4YVH_A, 4YVI_A, 4YVJ_A]","[]","[]"
"4YVI_A","K+3(1)","[1UAK_A, 1UAL_A, 1UAM_A, 3AXZ_A, 4YQD_A, 4YVG_A, 4YVH_A, 4YVI_A, 4YVJ_A]","[]","[]"
"4YVH_A","K+3(1)","[1UAK_A, 1UAL_A, 1UAM_A, 3AXZ_A, 4YQD_A, 4YVG_A, 4YVH_A, 4YVI_A, 4YVJ_A]","[]","[]"
"4X3M_A","K+3(1)","[1IPA_A, 3L8U_A, 4X3M_A]","[]","[9H1K_A, 9MUJ_A, 9MUK_A]"
"4YVG_A","K+3(1)","[1UAK_A, 1UAL_A, 1UAM_A, 3AXZ_A, 4YQD_A, 4YVG_A, 4YVH_A, 4YVI_A, 4YVJ_A]","[]","[]"
"4XBO_A","K+3(1)","[3IC6_A, 3ILK_A, 3KTY_A, 4CND_A, 4CNE_A, 5GM8_A, 5GMB_A, 5GMC_A]","[]","[]"
"5E4R_A","K+3(1)","[]","[5YEQ_A]","[7Q03_A, 7Q07_A, 8EP7_A, 8K32_A]"
"4YQD_A","K+3(1)","[1UAK_A, 1UAL_A, 1UAM_A, 3AXZ_A, 4YQD_A, 4YVG_A, 4YVH_A, 4YVI_A, 4YVJ_A]","[]","[]"
"4WS9_A","K+3(1)","[4HPV_A, 4K0B_A, 4L2Z_A, 4L4Q_A, 4L7I_A]","[]","[7P82_A, 7P83_A, 7P84_A, 7P8M_A]"
"4RG1_A","K+3(1)","[]","[]","[8QSU_A, 8QSV_A, 8QSW_A]"
"3S97_A","K+3(1)","[3JXF_A, 3JXG_A, 3JXH_C, 3KLD_B, 5E5R_A, 5E5U_A]","[]","[]"
"3KLD_B","K+3(1)","[3JXF_A, 3JXH_C, 3KLD_B, 3S97_A, 5E5R_A, 5E5U_A]","[]","[]"
"4ETQ_C","K+3(1)","[4ETQ_C]","[5USL_A]","[6B9J_X]"
"3V5S_A","K+3(1)","[3V5U_A, 5HYA_A, 5JDF_A, 5JDM_A, 5JDQ_A]","[5JDN_A]","[5JDG_A]"
"4CNG_A","K+3(1)","[4CNG_A]","[8BEA_R]","[]"
"4CNF_A","K+3(1)","[4CNG_A]","[8BEA_R]","[]"
"4CNE_A","K+3(1)","[3IC6_A, 3ILK_A, 3KTY_A, 4CNE_A, 4XBO_A, 5GM8_A, 5GMB_A, 5GMC_A]","[4RS2_A]","[]"
"4CND_A","K+3(1)","[3IC6_A, 3ILK_A, 3KTY_A, 4CNE_A, 4XBO_A, 5GM8_A, 5GMB_A, 5GMC_A]","[4RS2_A]","[]"
"4J3C_A","K+3(1)","[]","[6ES1_B]","[]"
"3CWO_X","K+3(1)","[]","[6RTZ_A]","[]"
"4JAL_A","K+3(1)","[1J85_A, 1MXI_A, 3N4J_A, 3N4K_A, 4JAL_A, 4KDZ_A, 7D51_A, 7E3Q_A, 7E3S_A]","[]","[]"
"4K0B_A","K+3(1)","[4K0B_A, 4L2Z_A, 4L4Q_A, 4L7I_A, 4WS9_A]","[]","[7P82_A, 7P83_A, 7P84_A, 7P8M_A]"
"4MCC_A","K+3(1)","[1UAK_A, 1UAL_A, 1UAM_A, 3AXZ_A, 4MCB_A, 4MCC_A, 4MCD_A, 4YPX_A]","[]","[4YPW_A]"
"4MCB_A","K+3(1)","[1UAK_A, 1UAL_A, 1UAM_A, 3AXZ_A, 4MCB_A, 4MCC_A, 4MCD_A, 4YPX_A]","[]","[4YPW_A]"
"4L2Z_A","K+3(1)","[4K0B_A, 4L2Z_A, 4L4Q_A, 4L7I_A, 4WS9_A]","[]","[7P82_A, 7P83_A, 7P84_A, 7P8M_A]"
"3AXZ_A","K+3(1)","[1UAK_A, 1UAL_A, 1UAM_A, 3AXZ_A, 4YQD_A, 4YVG_A, 4YVH_A, 4YVI_A, 4YVJ_A]","[]","[]"
"4IG6_A","K+3(1)","[3IEF_A, 3QUV_A, 4H3Y_A, 4H3Z_A, 4IG6_A]","[]","[8FCH_A, 8FCI_A, 8SH4_A, 8TXA_A]"
"4HPV_A","K+3(1)","[4K0B_A, 4L2Z_A, 4L4Q_A, 4L7I_A, 4WS9_A]","[]","[7P82_A, 7P83_A, 7P84_A, 7P8M_A]"
"4H3Y_A","K+3(1)","[1UAJ_A, 1UAK_A, 1UAL_A, 1UAM_A, 3AXZ_A, 4H3Z_A, 4YQD_A, 4YVG_A, 4YVH_A]","[]","[]"
"3KZM_A","K+3(1)","[3KZK_A, 3KZM_A, 3KZN_A, 3KZO_A, 3L02_A, 3L04_A, 3M4J_A, 3M5C_A, 3M5D_A]","[]","[]"
"4JWG_A","K+3(1)","[4FMW_A, 4JWG_A, 4JWH_A, 4JWJ_A]","[]","[9XZQ_B, 9XZR_B, 9XZS_B]"
"3SO4_A","K+3(1)","[]","[7L1A_A]","[6FWB_A, 7RXV_A, 8P1T_A, 8P1V_A, 8P1W_A, 8P4H_A, 8XAR_A, 8XB0_A]"
"4L4Q_A","K+3(1)","[4HPV_A, 4K0B_A, 4L2Z_A]","[]","[6S81_A, 6S83_A, 7P82_A, 7P83_A, 7P84_A, 7P8M_A]"
"4PZK_B","K+3(1)","[1J85_A, 1MXI_A, 3L8U_A, 3N4J_A, 4JAK_A, 4JAL_A, 4KDZ_A]","[]","[8W9U_A, 9J5P_B]"
"4PZK_A","K+3(1)","[1J85_A, 1MXI_A, 3L8U_A, 3N4J_A, 4JAK_A, 4JAL_A, 4KDZ_A]","[]","[8W9U_A, 9J5P_B]"
"4NDN_B","K+3(1)","[4KTT_A, 4KTV_A, 4NDN_A, 5A19_A, 5A1G_A, 5A1I_A, 5UGH_A]","[]","[6FAJ_A, 6G6R_A]"
"4NDN_A","K+3(1)","[4KTT_A, 4KTV_A, 4NDN_A, 5A19_A, 5A1G_A, 5A1I_A, 5UGH_A]","[]","[6FAJ_A, 6G6R_A]"
"4NDN_C","K+3(1)","[4KTT_A, 4KTV_A, 4NDN_A, 5A19_A, 5A1G_A, 5A1I_A, 5UGH_A]","[]","[6FAJ_A, 6G6R_A]"
"4KTV_D","K+3(1)","[4KTT_A, 4KTV_A, 5UGH_A]","[]","[7BHR_A, 7BHS_A, 7BHT_A, 7BHU_A, 7BHV_A, 7BHW_A]"
"4NDN_D","K+3(1)","[4KTT_A, 4KTV_A, 4NDN_A, 5A19_A, 5A1G_A, 5A1I_A, 5UGH_A]","[]","[6FAJ_A, 6G6R_A]"
"4KTV_A","K+3(1)","[4KTT_A, 4KTV_A, 5UGH_A]","[]","[7BHR_A, 7BHS_A, 7BHT_A, 7BHU_A, 7BHV_A, 7BHW_A]"
"4KTV_C","K+3(1)","[4KTT_A, 4KTV_A, 5UGH_A]","[]","[7BHR_A, 7BHS_A, 7BHT_A, 7BHU_A, 7BHV_A, 7BHW_A]"
"4KTV_B","K+3(1)","[4KTT_A, 4KTV_A, 5UGH_A]","[]","[7BHR_A, 7BHS_A, 7BHT_A, 7BHU_A, 7BHV_A, 7BHW_A]"
"4KTT_D","K+3(1)","[4KTT_A, 4KTV_A, 5UGH_A]","[]","[7BHR_A, 7BHS_A, 7BHT_A, 7BHU_A, 7BHV_A, 7BHW_A]"
"1UAK_A","K+3(1)","[1UAK_A, 1UAL_A, 1UAM_A, 3AXZ_A, 4YQD_A, 4YVG_A, 4YVH_A, 4YVI_A, 4YVJ_A]","[]","[]"
"4KTT_C","K+3(1)","[4KTT_A, 4KTV_A, 5UGH_A]","[]","[7BHR_A, 7BHS_A, 7BHT_A, 7BHU_A, 7BHV_A, 7BHW_A]"
"4KTT_B","K+3(1)","[4KTT_A, 4KTV_A, 5UGH_A]","[]","[7BHR_A, 7BHS_A, 7BHT_A, 7BHU_A, 7BHV_A, 7BHW_A]"
"1FUG_A","K+3(1)","[1MXA_A, 1MXB_A, 1MXC_A, 1P7L_A, 1RG9_A, 1XRA_A, 1XRB_A, 1XRC_A]","[]","[7LL3_A]"
"4KTT_A","K+3(1)","[4KTT_A, 4KTV_A, 5UGH_A]","[]","[7BHR_A, 7BHS_A, 7BHT_A, 7BHU_A, 7BHV_A, 7BHW_A]"
"1BY7_A","K+3(1)","[]","[4ZK3_A]","[]"
"1F48_A","K+3(1)","[]","[3PG5_A]","[9NBL_A, 9NBM_A, 9NBO_A, 9NBW_A]"
"1JS1_X","K+3(1)","[2FG6_C, 2FG7_C, 2G7M_C]","[]","[]"
"1GZ0_A","K+3(1)","[]","[]","[]"
"1K3R_A","K+3(1)","[]","[]","[]"
"1MXA_A","K+3(1)","[1MXA_A, 1MXB_A, 1MXC_A, 1P7L_A, 1RG9_A, 1XRA_A, 1XRB_A, 1XRC_A]","[]","[7LL3_A]"
"1NS5_A","K+3(1)","[5TWJ_A, 5TWK_A]","[7CFY_A]","[]"
"1MXB_A","K+3(1)","[1MXA_A, 1MXB_A, 1MXC_A, 1P7L_A, 1RG9_A, 1XRA_A, 1XRB_A, 1XRC_A]","[]","[7LL3_A]"
"1MXC_A","K+3(1)","[1MXA_A, 1MXB_A, 1MXC_A, 1P7L_A, 1RG9_A, 1XRA_A, 1XRB_A, 1XRC_A]","[]","[7LL3_A]"
"1MXI_A","K+3(1)","[1MXI_A, 3N4J_A, 3N4K_A, 4JAK_A, 4JAL_A, 4KDZ_A, 7D51_A, 7E3S_A]","[]","[6QH8_A]"
"1NXZ_A","K+3(1)","[1VHY_A, 4E8B_A, 5O95_A, 5O96_A, 5VM8_A]","[]","[]"
"1O6D_A","K+3(1)","[]","[]","[]"
"1O90_A","K+3(1)","[1O92_A, 1O93_A, 1O9T_A, 1QM4_A, 2OBV_A, 2P02_A]","[]","[6SW5_A, 6SW6_A, 8SWA_A]"
"1O92_A","K+3(1)","[1O92_A, 1O93_A, 1O9T_A, 1QM4_A, 2OBV_A, 2P02_A]","[]","[6SW5_A, 6SW6_A, 8SWA_A]"
"1P9P_A","K+3(1)","[1UAJ_A, 1UAK_A, 1UAL_A, 1UAM_A, 3AXZ_A, 4YQD_A, 4YVG_A, 4YVH_A, 4YVI_A]","[]","[]"
"1O93_A","K+3(1)","[1O92_A, 1O93_A, 1O9T_A, 1QM4_A, 2OBV_A, 2P02_A]","[]","[6SW5_A, 6SW6_A, 8SWA_A]"
"1O9T_A","K+3(1)","[1O92_A, 1O93_A, 1O9T_A, 1QM4_A, 2OBV_A, 2P02_A]","[]","[6SW5_A, 6SW6_A, 8SWA_A]"
"1P7L_A","K+3(1)","[1MXA_A, 1MXB_A, 1MXC_A, 1P7L_A, 1RG9_A, 1XRA_A, 1XRB_A, 1XRC_A]","[]","[7LL3_A]"
"1QM4_A","K+3(1)","[1O92_A, 1O93_A, 1O9T_A, 1QM4_A, 2OBV_A, 2P02_A]","[]","[6SW5_A, 6SW6_A, 8SWA_A]"
"1RG9_A","K+3(1)","[1MXA_A, 1MXB_A, 1MXC_A, 1P7L_A, 1RG9_A, 1XRA_A, 1XRB_A, 1XRC_A]","[]","[7LL3_A]"
"1TO0_A","K+3(1)","[1VH0_A, 4FAK_A]","[]","[]"
"1UAJ_A","K+3(1)","[1UAK_A, 1UAL_A, 1UAM_A, 3AXZ_A, 4YQD_A, 4YVG_A, 4YVH_A, 4YVI_A, 4YVJ_A]","[]","[]"
"1UAL_A","K+3(1)","[1UAK_A, 1UAL_A, 1UAM_A, 3AXZ_A, 4YQD_A, 4YVG_A, 4YVH_A, 4YVI_A, 4YVJ_A]","[]","[]"
"1V6Z_A","K+3(1)","[2CX8_A, 2Z0Y_A]","[]","[]"
"1UAM_A","K+3(1)","[1UAK_A, 1UAL_A, 1UAM_A, 3AXZ_A, 4YQD_A, 4YVG_A, 4YVH_A, 4YVI_A, 4YVJ_A]","[]","[]"
"1VHK_A","K+3(1)","[]","[]","[]"
"1V2X_A","K+3(1)","[1ZJR_A, 4X3L_A, 4X3M_A, 7EDC_A]","[]","[7OI6_1, 9H1K_A, 9HCC_x, 9MUJ_A, 9MUK_A]"
"1VHY_A","K+3(1)","[1NXZ_A, 4E8B_A, 5O95_A, 5O96_A, 5VM8_A]","[]","[]"
"1VH0_A","K+3(1)","[1TO0_A, 4FAK_A]","[]","[]"
"1XRA_A","K+3(1)","[1MXA_A, 1MXB_A, 1MXC_A, 1P7L_A, 1RG9_A, 1XRA_A, 1XRB_A, 1XRC_A]","[]","[7LL3_A]"
"1X7O_A","K+3(1)","[1X7P_A]","[]","[]"
"1X7P_A","K+3(1)","[1X7P_A]","[]","[]"
"1XRB_A","K+3(1)","[1MXA_A, 1MXB_A, 1MXC_A, 1P7L_A, 1RG9_A, 1XRA_A, 1XRB_A, 1XRC_A]","[]","[7LL3_A]"
"1XRC_A","K+3(1)","[1MXA_A, 1MXB_A, 1MXC_A, 1P7L_A, 1RG9_A, 1XRA_A, 1XRB_A, 1XRC_A]","[]","[7LL3_A]"
"1YRL_A","K+3(1)","[3ULK_A]","[]","[]"
"1Y7W_A","K+3(1)","[]","[]","[]"
"1ZJR_A","K+3(1)","[1V2X_A, 7EDC_A]","[]","[]"
"1ZNC_A","K+3(1)","[3F7B_A, 3F7U_A, 3FW3_A, 5IPZ_A, 5JN8_A, 5JNA_A, 5JNC_A, 5KU6_A]","[5JN9_A]","[]"
"2CX8_A","K+3(1)","[2CX8_A, 2Z0Y_A]","[]","[]"
"2EGW_A","K+3(1)","[2EGW_A]","[]","[]"
"2EGV_A","K+3(1)","[2EGW_A]","[]","[]"
"2FG6_C","K+3(1)","[1JS1_X, 2FG7_C, 2G7M_C]","[6M76_A]","[]"
"2HA8_A","K+3(1)","[]","[]","[]"
"2G7M_C","K+3(1)","[1JS1_X, 2FG6_C, 2FG7_C]","[6M76_A]","[]"
"2I6D_A","K+3(1)","[]","[]","[]"
"1YH1_A","K+3(1)","[...loading_similar]","[...loading_similar]","[...loading_similar]"
"2O3A_A","K+3(1)","[2YY8_A]","[]","[8X6K_A, 9U46_A]"
"2OBV_A","K+3(1)","[1O90_A, 1O92_A, 1O93_A, 1O9T_A, 1QM4_A, 2P02_A]","[]","[6SW5_A, 6SW6_A, 8SWA_A]"
"2P02_A","K+3(1)","[4KTT_A, 4KTV_A, 5UGH_A]","[]","[7BHR_A, 7BHS_A, 7BHT_A, 7BHU_A, 7BHV_A, 7BHW_A]"
"2V3J_A","K+3(1)","[2V3K_A, 3OII_A, 3OIJ_A, 3OIN_A, 5JPQ_e, 5WYK_E1]","[]","[5TZS_j, 5WLC_SJ, 5WYJ_E1]"
"2QMM_A","K+3(1)","[3AI9_X, 3AIA_A]","[]","[]"
"2QWV_A","K+3(1)","[]","[]","[]"
"2V3K_A","K+3(1)","[2V3K_A, 3OII_A, 3OIJ_A, 3OIN_A, 5JPQ_e, 5WYK_E1]","[]","[5TZS_j, 5WLC_SJ, 5WYJ_E1]"
"2YFK_A","K+3(1)","[3Q98_A]","[6JWX_A]","[]"
"2YY8_A","K+3(1)","[2O3A_A]","[]","[8X6K_A, 9U46_A]"
"2Z0Y_A","K+3(1)","[2CX8_A, 2Z0Y_A]","[]","[]"
"2ZNC_A","K+3(1)","[1ZNC_A, 3F7B_A, 3F7U_A, 3FW3_A, 3ZNC_A, 5IPZ_A, 5JN8_A]","[5JN9_A]","[8JIF_R]"
"3AI9_X","K+3(1)","[2QMM_A, 3AIA_A]","[]","[]"
"3B1B_A","K+3(1)","[]","[]","[]"
"3AIA_A","K+3(1)","[2QMM_A, 3AI9_X]","[]","[]"
"2HFY_A","K+3(1)","[...loading_similar]","[...loading_similar]","[...loading_similar]"
"3BBD_A","K+3(1)","[3BBE_A, 3BBH_A]","[]","[9JGB_A, 9JGC_A, 9JGD_A]"
"3BBE_A","K+3(1)","[3BBE_A, 3BBH_A]","[]","[9JGB_A, 9JGC_A, 9JGD_A]"
"3BBH_A","K+3(1)","[3BBE_A, 3BBH_A]","[]","[9JGB_A, 9JGC_A, 9JGD_A]"
"3DCM_X","K+3(1)","[]","[]","[8B1N_A, 8RI0_A]"
"3E5Y_A","K+3(1)","[1J85_A, 3N4J_A, 3N4K_A, 4JAK_A, 4JAL_A, 4KDZ_A, 4KGN_A]","[]","[6QH8_A, 6QKV_A]"
"3ED7_A","K+3(1)","[]","[3EF9_A]","[1YPV_A]"
"3GYQ_A","K+3(1)","[3NK6_A, 3NK7_A]","[]","[]"
"3F7B_A","K+3(1)","[3F7B_A, 3F7U_A, 3FW3_A, 5IPZ_A, 5JN8_A, 5JNA_A, 5JNC_A, 5KU6_A]","[5JN9_A]","[]"
"3FW3_A","K+3(1)","[3F7B_A, 3F7U_A, 3FW3_A, 5IPZ_A, 5JN8_A, 5JNA_A, 5JNC_A, 5KU6_A]","[5JN9_A]","[]"
"3IC6_A","K+3(1)","[3ILK_A, 4CND_A, 4CNE_A, 4XBO_A, 5GM8_A, 5GMB_A, 5GMC_A]","[]","[]"
"3IEF_A","K+3(1)","[1P9P_A, 1UAJ_A, 1UAK_A, 1UAL_A, 1UAM_A, 3AXZ_A, 3KNU_A, 4IG6_A]","[]","[8SH4_A]"
"3ILK_A","K+3(1)","[3IC6_A, 3KTY_A, 4CND_A, 4CNE_A, 4XBO_A, 5GM8_A, 5GMB_A, 5GMC_A]","[]","[]"
"3IML_A","K+3(1)","[1FUG_A, 1MXA_A, 1MXB_A, 1MXC_A, 1P7L_A, 5T8S_A, 5T8T_A]","[]","[7LOW_A, 7LOZ_A]"
"3JXG_A","K+3(1)","[3JXF_A, 3JXH_C, 3KLD_B, 3S97_A, 5E5R_A, 5E5U_A]","[]","[]"
"3JXF_A","K+3(1)","[3JXG_A, 3JXH_C, 3KLD_B, 3S97_A, 5E5R_A, 5E5U_A]","[]","[]"
"3JXH_C","K+3(1)","[3JXF_A, 3JXG_A, 3KLD_B, 3S97_A, 5E5R_A, 5E5U_A]","[]","[]"
"3KNU_A","K+3(1)","[3IEF_A, 3QUV_A, 4H3Y_A, 4H3Z_A, 4IG6_A]","[]","[8FCH_A, 8FCI_A, 8SH4_A, 8TXA_A]"
"3KTY_A","K+3(1)","[3ILK_A, 4CND_A, 4CNE_A, 4XBO_A, 5GM8_A, 5GMB_A, 5GMC_A, 5GRA_A]","[]","[]"
"3KW2_A","K+3(1)","[]","[]","[]"
"3KY7_A","K+3(1)","[1UAJ_A, 1UAK_A, 6AFK_A, 6JOE_A]","[]","[5ZHM_A, 5ZHN_A, 7KFF_A, 9SDV_A, 9SDW_A]"
"3KZK_A","K+3(1)","[3KZK_A, 3KZM_A, 3KZN_A, 3KZO_A, 3L02_A, 3L04_A, 3M4J_A, 3M5C_A, 3M5D_A]","[]","[]"
"3KZC_A","K+3(1)","[3KZK_A, 3KZM_A, 3KZN_A, 3KZO_A, 3L02_A, 3L04_A, 3M4J_A, 3M5C_A, 3M5D_A]","[]","[]"
"3KZN_A","K+3(1)","[3KZK_A, 3KZM_A, 3KZN_A, 3KZO_A, 3L02_A, 3L04_A, 3M4J_A, 3M5C_A, 3M5D_A]","[]","[]"
"3KZO_A","K+3(1)","[3KZK_A, 3KZM_A, 3KZN_A, 3KZO_A, 3L02_A, 3L04_A, 3M4J_A, 3M5C_A, 3M5D_A]","[]","[]"
"3L02_A","K+3(1)","[3KZC_A, 3KZK_A, 3KZM_A, 3KZN_A, 3KZO_A, 3L04_A, 3L05_A, 3L06_A, 3M4J_A]","[]","[]"
"3L04_A","K+3(1)","[3KZC_A, 3KZK_A, 3KZM_A, 3KZN_A, 3KZO_A, 3L02_A, 3L05_A, 3L06_A, 3M4J_A]","[]","[]"
"3L05_A","K+3(1)","[3KZC_A, 3KZK_A, 3KZM_A, 3KZN_A, 3KZO_A, 3L02_A, 3L04_A, 3L06_A, 3M4J_A]","[]","[]"
"3JYW_E","K+3(1)","[...loading_similar]","[...loading_similar]","[...loading_similar]"
"3L06_A","K+3(1)","[3KZC_A, 3KZK_A, 3KZM_A, 3KZN_A, 3KZO_A, 3L02_A, 3L04_A, 3L05_A, 3M4J_A]","[]","[]"
"3L8U_A","K+3(1)","[3N4J_A, 3N4K_A, 4JAK_A, 4JAL_A, 4PZK_A]","[]","[6QH8_A, 6QKV_A, 8W9U_A, 9J5P_B]"
"3M4J_A","K+3(1)","[3KZK_A, 3KZM_A, 3KZN_A, 3KZO_A, 3L02_A, 3L04_A, 3M4J_A, 3M5C_A, 3M5D_A]","[]","[]"
"3M4N_A","K+3(1)","[3KZC_A, 3KZK_A, 3KZM_A, 3KZN_A, 3KZO_A, 3L05_A, 3M4J_A, 3M5C_A, 3M5D_A]","[]","[]"
"3M5C_A","K+3(1)","[3KZC_A, 3KZK_A, 3KZM_A, 3KZN_A, 3KZO_A, 3L05_A, 3M4J_A, 3M4N_A, 3M5D_A]","[]","[]"
"3M5D_A","K+3(1)","[3KZC_A, 3KZK_A, 3KZM_A, 3KZN_A, 3KZO_A, 3L02_A, 3M4J_A, 3M4N_A, 3M5C_A]","[]","[]"
"3N4J_A","K+3(1)","[1J85_A, 1MXI_A, 3N4K_A, 4JAK_A, 4JAL_A, 4KDZ_A, 7D51_A, 7E3Q_A, 7E3R_A]","[]","[]"
"3N4K_A","K+3(1)","[1J85_A, 1MXI_A, 3N4K_A, 4JAK_A, 4JAL_A, 4KDZ_A, 7D51_A, 7E3Q_A, 7E3R_A]","[]","[]"
"3NK6_A","K+3(1)","[3GYQ_A, 3NK7_A]","[]","[]"
"3NK7_A","K+3(1)","[3GYQ_A, 3NK7_A]","[]","[]"
"3O7B_A","K+3(1)","[]","[8U1J_A]","[9JGB_A, 9JGC_A, 9JGD_A, 9YUP_A]"
"3OII_A","K+3(1)","[2V3J_A, 2V3K_A, 3OIJ_A, 3OIN_A, 5JPQ_e, 5WYK_E1]","[]","[5TZS_j, 5WLC_SJ, 5WYJ_E1]"
"3OIJ_A","K+3(1)","[2V3J_A, 2V3K_A, 3OIJ_A, 3OIN_A, 5JPQ_e, 5WYK_E1]","[]","[5TZS_j, 5WLC_SJ, 5WYJ_E1]"
"3QUV_A","K+3(1)","[6NW7_A]","[]","[6NVR_A, 6NW6_A, 6QO2_A, 6QO3_A, 6QO4_A, 6QO6_A, 6QOA_A, 6QOC_A]"
"3RV2_A","K+3(1)","[1FUG_A, 1MXA_A, 3S82_A, 3TDE_A, 5H9U_A]","[7R3B_A]","[8JZG_A, 8JZH_A, 8JZI_A]"
"3OIN_A","K+3(1)","[2V3J_A, 2V3K_A, 3OIJ_A, 3OIN_A, 5JPQ_e, 5WYK_E1]","[]","[5TZS_j, 5WLC_SJ, 5WYJ_E1]"
"3ONP_A","K+3(1)","[5GM8_A, 5GMB_A, 5GMC_A, 5GRA_A]","[]","[]"
"3Q98_A","K+3(1)","[2YFK_A]","[]","[]"
"3S82_A","K+3(1)","[1FUG_A, 1MXA_A, 3RV2_A, 3TDE_A, 5H9U_A]","[7R3B_A]","[8JZG_A, 8JZH_A, 8JZI_A]"
"3SIG_A","K+3(1)","[3SIJ_A]","[5ZDG_C]","[3SII_A]"
"3V5U_A","K+3(1)","[3V5U_A, 5HYA_A, 5JDF_A, 5JDM_A, 5JDQ_A]","[5JDN_A]","[5JDG_A]"
"3SIJ_A","K+3(1)","[3SIG_A]","[5ZDG_C]","[3SII_A]"
"3ULK_A","K+3(1)","[3ULK_A]","[]","[]"
"3TDE_A","K+3(1)","[1FUG_A, 1MXA_A, 3RV2_A, 3S82_A, 5H9U_A]","[7R3B_A]","[8JZG_A, 8JZH_A, 8JZI_A]"
"4FAK_A","K+3(1)","[1TO0_A, 1VH0_A]","[]","[]"
"3ZNC_A","K+3(1)","[1ZNC_A, 3F7B_A, 3F7U_A, 3FW3_A, 3ZNC_A, 5IPZ_A, 5JN8_A]","[5JN9_A]","[8JIF_R]"
"4E8B_A","K+3(1)","[1NXZ_A, 1VHY_A, 5O95_A, 5O96_A, 5VM8_A]","[]","[]"
"4FMW_A","K+3(1)","[4JWF_A, 4JWG_A, 4JWH_A]","[]","[]"
"4H3Z_A","K+3(1)","[1UAJ_A, 1UAK_A, 1UAL_A, 1UAM_A, 3AXZ_A, 4H3Z_A, 4YQD_A, 4YVG_A, 4YVH_A]","[]","[]"
"4H6V_A","K+3(1)","[]","[4H6W_A]","[3ZXX_A]"
"4JAK_A","K+3(1)","[1J85_A, 1MXI_A, 3N4J_A, 3N4K_A, 4JAL_A, 4KDZ_A, 7D51_A, 7E3Q_A, 7E3S_A]","[]","[]"
"4JWF_A","K+3(1)","[4FMW_A, 4JWG_A, 4JWH_A, 4JWJ_A]","[]","[9XZQ_B, 9XZR_B, 9XZS_B]"
"4JWJ_A","K+3(1)","[4JWF_A, 4JWG_A, 4JWH_A]","[]","[9XZQ_B, 9XZR_B, 9XZS_B]"
"4KDZ_A","K+3(1)","[1J85_A, 1MXI_A, 3N4J_A, 3N4K_A, 4JAK_A, 4JAL_A, 7D51_A, 7E3Q_A, 7E3R_A]","[]","[]"
"4KGN_A","K+3(1)","[1J85_A, 3N4J_A, 3N4K_A, 4JAK_A, 4JAL_A, 4KDZ_A, 4KGN_A]","[]","[6QH8_A, 6QKV_A]"
"4KJR_A","K+3(1)","[]","[4KJS_A]","[]"
"4JWH_A","K+3(1)","[4FMW_A, 4JWF_A, 4JWG_A, 4JWJ_A]","[]","[9XZQ_B, 9XZR_B, 9XZS_B]"
"4GGE_A","K+3(1)","[...loading_similar]","[...loading_similar]","[...loading_similar]"
"4KPP_A","K+3(1)","[]","[]","[]"
"4K1C_A","K+3(1)","[]","[]","[]"
"4L69_A","K+3(1)","[]","[]","[]"
"4L7I_A","K+3(1)","[4K0B_A, 4L2Z_A, 4L4Q_A, 4L7I_A, 4WS9_A]","[]","[7P82_A, 7P83_A, 7P84_A, 7P8M_A]"
"4LE5_A","K+3(1)","[1FUG_A, 1MXA_A, 1MXB_A, 1MXC_A, 1P7L_A, 1RG9_A, 1XRA_A, 3IML_A]","[7R3B_A]","[]"
"4MCD_A","K+3(1)","[1UAK_A, 1UAL_A, 1UAM_A, 3AXZ_A, 4MCB_A, 4MCC_A, 4MCD_A, 4YPX_A]","[]","[4YPW_A]"
"4O6D_A","K+3(1)","[4O6B_A, 4O6D_A, 4O6D_B]","[6WER_A]","[4TPL_A, 5K6K_A, 6WEQ_A, 7K93_A, 8WBH_A]"
"4O6D_B","K+3(1)","[4O6B_A, 4O6D_A, 4O6D_B]","[6WER_A]","[4TPL_A, 5K6K_A, 6WEQ_A, 7K93_A, 8WBH_A]"
"4ODJ_A","K+3(1)","[1O90_A, 1O92_A, 1O93_A, 1O9T_A, 3SO4_A]","[]","[6C07_A, 6LTV_A, 6LTW_A, 8SWA_A]"
"7QI6_5","K-3(1)","[]","[]","[3J9M_5, 5OOL_5, 5OOM_5, 6I9R_5, 6VLZ_5, 6VMI_5, 6ZM5_5, 6ZM6_5, 6ZS9_5]"
"6ND4_N","K-3(1)","[]","[]","[5WLC_LN, 6KE6_A4, 6LQP_A4, 6LQQ_A4, 6LQR_A4, 6LQS_A4, 6LQT_A4, 6LQU_A4, 6LQV_A4]"
"6QX9_BP","K-3(1)","[5O9Z_y, 5Z56_6, 5Z57_6, 6FF4_y, 6QX9_BP]","[]","[5Z58_6, 6AH0_6, 6AHD_6, 6FF7_y]"
"4QRV_A","K-3(1)","[]","[4QRX_A]","[4QRG_A]"
"2EFV_A","K-3(1)","[]","[]","[]"
"5Z57_6","K-3(1)","[5O9Z_y, 5Z56_6, 5Z57_6, 6FF4_y]","[]","[5Z58_6, 6AH0_6, 6AHD_6, 6FF7_y, 6Y50_y]"
"5Z56_6","K-3(1)","[5O9Z_y, 5Z56_6, 5Z57_6, 6FF4_y]","[]","[5Z58_6, 6AH0_6, 6AHD_6, 6FF7_y, 6Y50_y]"
"5O9Z_Y","K-3(1)","[]","[]","[]"
"5NRL_S","K-3(1)","[2K0A_A, 5LQW_Y, 5NRL_S, 5ZWM_5, 5ZWO_5, 6G90_S]","[]","[7DCO_5, 7OQB_S, 7OQE_S]"
"5ZWM_5","K-3(1)","[2K0A_A, 5LQW_Y, 5NRL_S, 5ZWM_5, 5ZWO_5, 6G90_S]","[]","[7DCO_5, 7OQB_S, 7OQE_S]"
"5ZWO_5","K-3(1)","[2K0A_A, 5LQW_Y, 5NRL_S, 5ZWM_5, 5ZWO_5, 6G90_S]","[]","[7DCO_5, 7OQB_S, 7OQE_S]"
"6GAW_BW","K-3(1)","[]","[7NSI_BW]","[5AJ4_BW, 6GAW_BW, 6GB2_BW, 6YDP_BW]"
"6GB2_BW","K-3(1)","[]","[7NSI_BW]","[5AJ4_BW, 6GAW_BW, 6GB2_BW, 6YDP_BW]"
"6GAW_BA","K-3(1)","[]","[]","[]"
"2OFZ_A","K-3(1)","[]","[7CDZ_A]","[8IQJ_A, 8IV3_A, 8J6X_A]"
"5WTU_A","K-3(1)","[4LRV_A]","[]","[]"
"5OOM_S","K-3(1)","[]","[6ZM6_S]","[3J9M_S, 6ZM5_S]"
"5IFE_D","K-3(1)","[5O9Z_y, 5Z56_6, 5Z57_6, 6FF4_y]","[]","[5Z58_6, 6AH0_6, 6AHD_6, 6FF7_y, 6Y50_y]"
"5LQW_Y","K-3(1)","[2K0A_A, 5LQW_Y, 5NRL_S, 5ZWM_5, 5ZWO_5, 6G90_S]","[]","[7DCO_5, 7OQB_S, 7OQE_S]"
"5GM6_J","K-3(1)","[2K0A_A, 5LQW_Y, 5NRL_S, 5ZWM_5, 5ZWO_5, 6G90_S]","[]","[7DCO_5, 7OQB_S, 7OQE_S]"
"5SYB_A","K-3(1)","[5IFE_D, 5O9Z_y, 5Z56_6, 5Z57_6, 6FF4_y]","[]","[5Z58_6, 6AH0_6, 6AHD_6, 6FF7_y]"
"3J7Y_S","K-3(1)","[]","[6ZM6_S]","[3J9M_S, 6ZM5_S]"
"3J7Y_5","K-3(1)","[]","[]","[3J9M_5, 5OOL_5, 5OOM_5, 6I9R_5, 6VLZ_5, 6VMI_5, 6ZM5_5, 6ZM6_5, 6ZS9_5]"
"1CMX_A","K-3(1)","[]","[]","[7EN4_A]"
"4LRV_A","K-3(1)","[5WTU_A]","[]","[]"
"3O0P_A","K-3(1)","[]","[4G1J_A]","[]"
"5ZD5_D","K-3(1)","[...loading_similar]","[...loading_similar]","[...loading_similar]"
"3MT5_A","K-3(1)","[]","[6V38_A]","[6V22_A, 6V35_A, 6V3G_A, 6V5A_A, 8V60_A, 8V63_A, 8VAV_A, 8VAZ_A]"
"3MLG_A","K-3(1)","[]","[4U12_A]","[]"
"2RH3_A","K-3(1)","[]","[]","[]"
"6PTX_A","K4(1)","[6PTX_A]","[]","[7JR5_A, 7JRI_A, 9D2H_A, 9DZ3_A, 9DZA_A, 9DZP_A, 9MD9_A, 9MEB_A]"
"2K0A_A","K-3(1)","[5GM6_J, 5LQW_Y, 5NRL_S, 5ZWM_5, 5ZWO_5, 6G90_S]","[]","[7DCO_5, 7OQB_S, 7OQE_S]"
"6PU2_A","K4(1)","[6PTQ_A, 6PTX_A]","[]","[7JR5_A, 7JRI_A, 9D2H_A, 9DZ3_A, 9DZA_A, 9DZP_A, 9MD9_A]"
"6PTQ_A","K4(1)","[6PTX_A]","[]","[7JR5_A, 7JRI_A, 9D2H_A, 9DZ3_A, 9DZA_A, 9DZP_A, 9MD9_A, 9MEB_A]"
"1YVE_I","K4(1)","[1YVE_I, 3FR7_A, 3FR8_A]","[]","[9BAG_A]"
"3FR7_A","K4(1)","[1QMG_A, 1YVE_I, 3FR8_A]","[]","[9BAG_A]"
"6BAY_A","K4(1)","[2VEA_A, 4RQ9_A, 6BAF_A, 6BAK_A, 6BAO_A, 6BAY_A]","[4R70_A]","[8RVX_A, 9JRY_A]"
"6BAF_A","K4(1)","[2OOL_A, 4E04_A, 4RQ9_A, 6BAK_A, 6BAO_A, 6BAP_A, 6BAY_A]","[4R70_A]","[9JRY_A]"
"4V1A_A","K-3(1)","[...loading_similar]","[...loading_similar]","[...loading_similar]"
"4V1A_W","K-3(1)","[...loading_similar]","[...loading_similar]","[...loading_similar]"
"6BAK_A","K4(1)","[2OOL_A, 4E04_A, 6BAF_A, 6BAK_A, 6BAO_A, 6BAP_A, 6BAY_A]","[4R70_A]","[9JRY_A]"
"6BAP_A","K4(1)","[2VEA_A, 4RQ9_A, 6BAF_A, 6BAK_A, 6BAO_A, 6BAY_A]","[4R70_A]","[8RVX_A, 9JRY_A]"
"6BAO_A","K4(1)","[2VEA_A, 4RQ9_A, 6BAF_A, 6BAK_A, 6BAP_A, 6BAY_A]","[4R70_A]","[8RVX_A, 9JRY_A]"
"5VIV_A","K4(1)","[4GW9_A, 4XTQ_A, 5VIK_A, 5VIQ_A]","[]","[5OY5_A]"
"5VIQ_A","K4(1)","[4GW9_A, 4XTQ_A, 5VIK_A, 5VIV_A]","[]","[5OY5_A]"
"3BJX_A","K4(1)","[3WJ8_A, 4N2X_A]","[7ACG_A]","[8GDY_A, 8PZ4_A, 8Q2O_A, 8RQP_A]"
"5MG0_A","K4(1)","[1ZTU_A, 2O9C_A, 3S7N_A, 3S7O_A, 3S7P_A, 4Q0H_A, 4Q0I_A, 5K5B_A, 5MG0_A]","[]","[]"
"4XTQ_A","K4(1)","[4GW9_A, 5VIK_A, 5VIQ_A, 5VIV_A]","[]","[5OY5_A]"
"5C5K_A","K4(1)","[4O01_A, 4O0P_A, 4Q0J_A, 5NM3_A, 5NWN_A]","[]","[5MG1_A, 8AVV_A, 8AVW_A, 8AVX_A]"
"4RQ9_A","K4(1)","[2OOL_A, 6BAF_A, 6BAK_A, 6BAO_A, 6BAP_A, 6BAY_A]","[4S21_A]","[9JRY_A]"
"6FHT_A","K4(1)","[4O01_A, 4O0P_A, 4Q0J_A, 5NM3_A]","[]","[5MG1_A, 8AVV_A, 8AVW_A, 8AVX_A, 8SGK_A]"
"5NWN_A","K4(1)","[4O01_A, 4O0P_A, 4Q0J_A, 5C5K_A, 5NWN_A]","[]","[5MG1_A, 8AVV_A, 8AVW_A, 8AVX_A]"
"5NM3_A","K4(1)","[4O01_A, 4O0P_A, 4Q0J_A, 5C5K_A, 5NWN_A]","[]","[5MG1_A, 8AVV_A, 8AVW_A, 8AVX_A]"
"5NFX_A","K4(1)","[5K5B_A, 5L8M_A, 5LBR_A]","[]","[6T3L_A, 6T3U_A, 7GQV_A, 7GQW_A, 7GQX_A, 7GQY_A]"
"5VIK_A","K4(1)","[4GW9_A, 4XTQ_A, 5VIQ_A, 5VIV_A]","[]","[5OY5_A]"
"5LBR_A","K4(1)","[5L8M_A, 5LBR_A]","[]","[6T3L_A, 6T3U_A, 7GQV_A, 7GQW_A, 7GQX_A, 7GQY_A, 7GQZ_A]"
"5L8M_A","K4(1)","[5L8M_A, 5LBR_A]","[]","[6T3L_A, 6T3U_A, 7GQV_A, 7GQW_A, 7GQX_A, 7GQY_A, 7GQZ_A]"
"5K5B_A","K4(1)","[5L8M_A, 5LBR_A]","[]","[6T3L_A, 6T3U_A, 7GQV_A, 7GQW_A, 7GQX_A, 7GQY_A, 7GQZ_A]"
"5I5L_A","K4(1)","[4E04_A, 4R6L_A, 5HSQ_A]","[4S21_A]","[6R26_A, 6R27_A, 8CO5_A, 9F03_A, 9JRY_A]"
"5HSQ_A","K4(1)","[4E04_A, 4R6L_A, 5I5L_A]","[4S21_A]","[6R26_A, 6R27_A, 8CO5_A, 9F03_A, 9JRY_A]"
"5E4R_A","K4(1)","[]","[5YEQ_A]","[7Q03_A, 7Q07_A, 8EP7_A, 8K32_A]"
"4ZRR_A","K4(1)","[3S7Q_A, 4IJG_A, 4ZRR_A, 5K5B_A, 5L8M_A, 5LBR_A, 5NFX_A]","[]","[6T3L_A, 6T3U_A]"
"4Z1W_A","K4(1)","[3S7Q_A, 4IJG_A, 4ZRR_A, 5K5B_A, 5L8M_A, 5LBR_A, 5NFX_A]","[]","[6T3L_A, 6T3U_A]"
"4R6L_A","K4(1)","[4E04_A, 5I5L_A, 6BAO_A, 6BAP_A, 6BAY_A]","[4S21_A]","[8AFK_A, 9F03_A]"
"4Y3I_A","K4(1)","[1ZTU_A, 2O9C_A, 3S7N_A, 3S7O_A, 4Q0H_A, 4Q0I_A, 4Y3I_A, 4Y5F_A, 5MG0_A]","[]","[]"
"4Y5F_A","K4(1)","[1ZTU_A, 2O9C_A, 3S7N_A, 3S7O_A, 4Q0H_A, 4Q0I_A, 4Y3I_A, 4Y5F_A, 5MG0_A]","[]","[]"
"4Q0J_A","K4(1)","[4O01_A, 4O0P_A, 5C5K_A, 5NM3_A, 5NWN_A]","[]","[5MG1_A, 8AVV_A, 8AVW_A, 8AVX_A]"
"4O8G_A","K4(1)","[3S7N_A, 3S7O_A, 3S7P_A, 3S7Q_A, 5K5B_A, 5L8M_A, 5LBR_A]","[]","[5AJG_A, 6T3L_A]"
"3NOU_C","K4(1)","[3G6O_A, 3IBR_A, 3NHQ_A, 3NOP_C, 3NOT_C, 3NOU_C]","[]","[9EUT_A, 9EUY_A, 9RCC_A]"
"4WKK_A","K4(1)","[...loading_similar]","[...loading_similar]","[...loading_similar]"
"3NOP_C","K4(1)","[3G6O_A, 3IBR_A, 3NHQ_A, 3NOP_C, 3NOT_C, 3NOU_C]","[]","[9EUT_A, 9EUY_A, 9RCC_A]"
"3NOT_C","K4(1)","[3G6O_A, 3IBR_A, 3NHQ_A, 3NOP_C, 3NOT_C, 3NOU_C]","[]","[9EUT_A, 9EUY_A, 9RCC_A]"
"3S7P_A","K4(1)","[3S7O_A, 3S7P_A, 5K5B_A, 5L8M_A, 5LBR_A]","[]","[6T3L_A, 6T3U_A, 7GQV_A, 7GQW_A]"
"3S7N_A","K4(1)","[3S7O_A, 3S7P_A, 5K5B_A, 5L8M_A, 5LBR_A]","[]","[6T3L_A, 6T3U_A, 7GQV_A, 7GQW_A]"
"4N2X_A","K4(1)","[3BJX_A, 3WJ8_A]","[]","[]"
"3S7O_A","K4(1)","[3S7O_A, 3S7P_A, 5K5B_A, 5L8M_A, 5LBR_A]","[]","[6T3L_A, 6T3U_A, 7GQV_A, 7GQW_A]"
"4CHJ_A","K4(1)","[]","[]","[]"
"3ZQ5_A","K4(1)","[2VEA_A, 4RQ9_A, 6BAF_A, 6BAK_A, 6BAO_A, 6BAP_A, 6BAY_A]","[]","[8RVX_A, 9JRY_A]"
"3WJ8_A","K4(1)","[3BJX_A, 4N2X_A]","[]","[]"
"4Q0H_A","K4(1)","[1ZTU_A, 2O9C_A, 3S7N_A, 3S7O_A, 3S7P_A, 4Q0H_A, 4Q0I_A, 5K5B_A, 5MG0_A]","[]","[]"
"4CQH_A","K4(1)","[4O8G_A, 5K5B_A, 5L8M_A, 5LBR_A]","[]","[5AJG_A, 6T3L_A, 6T3U_A, 7GQV_A, 7GQW_A]"
"4O01_D","K4(1)","[4O0P_A, 4Q0J_A, 5C5K_A, 5NM3_A, 5NWN_A]","[]","[5MG1_A, 8AVV_A, 8AVW_A, 8AVX_A]"
"4O01_A","K4(1)","[4O0P_A, 4Q0J_A, 5C5K_A, 5NM3_A, 5NWN_A]","[]","[5MG1_A, 8AVV_A, 8AVW_A, 8AVX_A]"
"4O0P_B","K4(1)","[4O0P_A, 4Q0J_A, 5C5K_A, 5NM3_A, 5NWN_A]","[]","[5MG1_A, 8AVV_A, 8AVW_A, 8AVX_A]"
"4O0P_A","K4(1)","[4O0P_A, 4Q0J_A, 5C5K_A, 5NM3_A, 5NWN_A]","[]","[5MG1_A, 8AVV_A, 8AVW_A, 8AVX_A]"
"4O01_B","K4(1)","[4O0P_A, 4Q0J_A, 5C5K_A, 5NM3_A, 5NWN_A]","[]","[5MG1_A, 8AVV_A, 8AVW_A, 8AVX_A]"
"4O01_C","K4(1)","[4O0P_A, 4Q0J_A, 5C5K_A, 5NM3_A, 5NWN_A]","[]","[5MG1_A, 8AVV_A, 8AVW_A, 8AVX_A]"
"4Q0I_A","K4(1)","[1ZTU_A, 2O9B_A, 2O9C_A, 3S7N_A, 3S7O_A, 3S7P_A, 4Q0H_A, 5K5B_A, 5MG0_A]","[]","[]"
"1ZTU_A","K4(1)","[5K5B_A, 5L8M_A, 5LBR_A]","[]","[6T3L_A, 6T3U_A, 7GQV_A, 7GQW_A, 7GQX_A, 7GQY_A]"
"2O9C_A","K4(1)","[1ZTU_A, 2O9C_A, 3S7N_A, 3S7O_A, 3S7P_A, 4Q0H_A, 4Q0I_A, 5K5B_A, 5MG0_A]","[]","[]"
"2O9B_A","K4(1)","[1ZTU_A, 2O9C_A, 3S7N_A, 3S7O_A, 3S7P_A, 4Q0H_A, 4Q0I_A, 5K5B_A, 5MG0_A]","[]","[]"
"2OOL_A","K4(1)","[4E04_A, 4R6L_A, 4RQ9_A, 6BAP_A]","[4S21_A]","[8AFK_A, 9F03_A, 9JRY_A]"
"2VEA_A","K4(1)","[3ZQ5_A, 4RQ9_A, 6BAF_A, 6BAK_A, 6BAO_A, 6BAP_A, 6BAY_A]","[]","[8RVX_A, 9JRY_A]"
"3G6O_A","K4(1)","[3C2W_A, 3IBR_A, 3NHQ_A, 3NOP_C, 3NOT_C, 3NOU_C]","[]","[9EUT_A, 9EUY_A, 9RCC_A]"
"3C2W_A","K4(1)","[3G6O_A, 3IBR_A, 3NHQ_A, 3NOP_C, 3NOT_C, 3NOU_C]","[]","[9EUT_A, 9EUY_A, 9RCC_A]"
"3IBR_A","K4(1)","[3C2W_A, 3IBR_A, 3NHQ_A, 3NOP_C, 3NOT_C, 3NOU_C]","[]","[9EUT_A, 9EUY_A, 9RCC_A]"
"3ULK_A","K4(1)","[3ULK_A]","[]","[]"
"3NHQ_A","K4(1)","[3G6O_A, 3IBR_A, 3NHQ_A, 3NOP_C, 3NOT_C, 3NOU_C]","[]","[9EUT_A, 9EUY_A, 9RCC_A]"
"3S7Q_A","K4(1)","[3S7N_A, 3S7O_A, 3S7P_A, 4Z1W_A, 4ZRR_A, 5K5B_A, 5L8M_A, 5LBR_A, 5NFX_A]","[]","[]"
"1YRL_A","K4(1)","[3ULK_A]","[]","[]"
"4GW9_A","K4(1)","[4RQ9_A, 4XTQ_A, 5VIK_A, 5VIQ_A, 5VIV_A]","[2KLI_A]","[5OY5_A, 9NAA_A]"
"4IJG_A","K4(1)","[3S7Q_A, 4Z1W_A, 4ZRR_A, 5K5B_A, 5L8M_A, 5LBR_A]","[]","[6T3L_A, 6T3U_A, 7GQV_A]"
"4E04_A","K4(1)","[2OOL_A, 4R6L_A, 4RQ9_A, 6BAP_A, 6BAY_A]","[4S21_A]","[8AFK_A, 9F03_A]"
"4WLP_A","K-5(2)","[3RIS_A, 4UEL_A, 4UEM_A, 4UF5_A, 4UF6_A, 4WLP_A, 4WLQ_A, 4WLR_A]","[]","[9E7K_A]"
"4WLR_A","K-5(2)","[3IHR_A, 3RIS_A, 4UEL_A, 4UEM_A, 4UF5_A, 4UF6_A, 4WLP_A, 4WLR_A]","[]","[9E7K_A]"
"4WLQ_A","K-5(2)","[3IHR_A, 3RIS_A, 4UEL_A, 4UEM_A, 4UF5_A, 4UF6_A, 4WLP_A, 4WLR_A]","[]","[9E7K_A]"
"4UEL_A","K-5(2)","[3IHR_A, 3RIS_A, 4UEM_A, 4UF5_A, 4UF6_A, 4WLP_A, 4WLQ_A, 4WLR_A]","[]","[9E7K_A]"
"4UEM_A","K-5(2)","[3IHR_A, 3RIS_A, 4UEM_A, 4UF5_A, 4UF6_A, 4WLP_A, 4WLQ_A, 4WLR_A]","[]","[9E7K_A]"
"4IG7_A","K-5(2)","[3IHR_A, 4I6N_A, 4UEL_A, 4UEM_A, 4UF5_A, 4UF6_A, 4WLP_A, 4WLQ_A, 4WLR_A]","[]","[]"
"4UF5_A","K-5(2)","[3IHR_A, 3RIS_A, 4UEM_A, 4UF5_A, 4UF6_A, 4WLP_A, 4WLQ_A, 4WLR_A]","[]","[9E7K_A]"
"1UCH_A","K-5(2)","[1XD3_A, 2ETL_A, 3KW5_A, 4DM9_A]","[7YV4_A]","[6ISU_A, 6QML_A, 7ZM0_A, 8EDE_A]"
"4UF6_A","K-5(2)","[3IHR_A, 3RIS_A, 4UEM_A, 4UF5_A, 4UF6_A, 4WLP_A, 4WLQ_A, 4WLR_A]","[]","[9E7K_A]"
"4JKJ_A","K-5(2)","[2ETL_A, 2LEN_A, 3IRT_A, 3KVF_A, 3KW5_A, 4DM9_A, 4JKJ_A]","[]","[7ZM0_A, 8DY8_A]"
"3IHR_A","K-5(2)","[3RIS_A, 4UEL_A, 4UEM_A, 4UF5_A, 4UF6_A, 4WLP_A, 4WLQ_A, 4WLR_A]","[]","[9E7K_A]"
"2LEN_A","K-5(2)","[2ETL_A, 3IFW_A, 3KW5_A, 4DM9_A, 4JKJ_A]","[]","[7ZM0_A, 8EDE_A, 8PW1_A, 8XI7_A]"
"4JKJ_B","K-5(2)","[2ETL_A, 2LEN_A, 3IRT_A, 3KVF_A, 3KW5_A, 4DM9_A, 4JKJ_A]","[]","[7ZM0_A, 8DY8_A]"
"1XD3_A","K-5(2)","[1XD3_A, 2ETL_A, 3KW5_A, 4DM9_A]","[7YV4_A]","[6ISU_A, 6QML_A, 7ZM0_A, 8EDE_A]"
"4I6N_A","K-5(2)","[3IHR_A, 3RII_A, 3RIS_A, 4IG7_A, 4UEL_A, 4UEM_A, 4UF5_A, 4UF6_A, 4WLP_A]","[]","[]"
"4DM9_A","K-5(2)","[3IFW_A, 3IRT_A, 3KVF_A, 3KW5_A, 4DM9_A, 4JKJ_A]","[]","[7ZM0_A, 8DY8_A, 8PW1_A]"
"3KVF_A","K-5(2)","[2ETL_A, 3IFW_A, 3KVF_A, 3KW5_A, 4DM9_A, 4JKJ_A]","[]","[7ZM0_A, 8DY8_A, 8PW1_A]"
"3RIS_A","K-5(2)","[3IHR_A, 4UEL_A, 4UEM_A, 4UF5_A, 4UF6_A, 4WLP_A, 4WLQ_A, 4WLR_A]","[]","[9E7K_A]"
"3RII_A","K-5(2)","[3A7S_A, 3IHR_A, 3RIS_A, 3TB3_A, 4UEL_A, 4UEM_A, 4UF5_A, 4UF6_A]","[]","[9E7K_A]"
"3KW5_A","K-5(2)","[3IFW_A, 3IRT_A, 3KVF_A, 3KW5_A, 4DM9_A, 4JKJ_A]","[]","[7ZM0_A, 8DY8_A, 8PW1_A]"
"3IRT_A","K-5(2)","[2ETL_A, 3IFW_A, 3KVF_A, 3KW5_A, 4DM9_A, 4JKJ_A]","[]","[7ZM0_A, 8DY8_A, 8PW1_A]"
"3IFW_A","K-5(2)","[2ETL_A, 2LEN_A, 3IRT_A, 3KVF_A, 3KW5_A, 4DM9_A, 4JKJ_A]","[]","[7ZM0_A, 8DY8_A]"
"3A7S_A","K-5(2)","[3IHR_A, 3RII_A, 3RIS_A, 3TB3_A, 4UEL_A, 4UEM_A, 4UF5_A, 4UF6_A]","[]","[9E7K_A]"
"2WE6_A","K-5(2)","[2WE6_A]","[]","[]"
"2WDT_A","K-5(2)","[2WE6_A]","[]","[]"
"6UFD_A","S+3(1)","[1CNW_A, 1CNX_A, 1CNY_A, 1EOU_A, 1G6V_A, 1HCA_A, 1KWQ_A, 1KWR_A, 1T9N_A]","[]","[]"
"2ETL_A","K-5(2)","[3IFW_A, 3IRT_A, 3KVF_A, 3KW5_A, 4DM9_A, 4JKJ_A]","[]","[7ZM0_A, 8DY8_A, 8PW1_A]"
"6YMB_A","S+3(1)","[1CNW_A, 1CNX_A, 1CNY_A, 1EOU_A, 1G6V_A, 1HCA_A, 1KWQ_A, 1KWR_A, 1T9N_A]","[]","[]"
"6UFB_A","S+3(1)","[1CNW_A, 1CNX_A, 1CNY_A, 1EOU_A, 1G6V_A, 1HCA_A, 1KWQ_A, 1KWR_A, 1T9N_A]","[]","[]"
"6UFC_A","S+3(1)","[1CNW_A, 1CNX_A, 1CNY_A, 1EOU_A, 1G6V_A, 1HCA_A, 1KWQ_A, 1KWR_A, 1T9N_A]","[]","[]"
"6KM6_A","S+3(1)","[1CNW_A, 1CNX_A, 1CNY_A, 1EOU_A, 1G6V_A, 1HCA_A, 1KWQ_A, 1KWR_A, 1T9N_A]","[]","[]"
"6KLZ_A","S+3(1)","[1CA3_A, 1CNW_A, 1CNX_A, 1CNY_A, 3U7C_A, 6KLZ_A, 6KM0_A, 6KM1_A, 6KM2_A]","[]","[]"
"6KM0_A","S+3(1)","[1CA3_A, 1CNW_A, 1CNX_A, 1CNY_A, 3U7C_A, 6KLZ_A, 6KM0_A, 6KM1_A, 6KM2_A]","[]","[]"
"6KM4_A","S+3(1)","[1CNW_A, 1CNX_A, 1CNY_A, 1EOU_A, 1G6V_A, 1HCA_A, 1KWQ_A, 1KWR_A, 1T9N_A]","[]","[]"
"6WQ8_A","S+3(1)","[1CNW_A, 1CNX_A, 1CNY_A, 1EOU_A, 1G6V_A, 1HCA_A, 1KWQ_A, 1KWR_A, 1T9N_A]","[]","[]"
"6WQ4_A","S+3(1)","[1CNW_A, 1CNX_A, 1CNY_A, 1EOU_A, 1G6V_A, 1HCA_A, 1KWQ_A, 1KWR_A, 1T9N_A]","[]","[]"
"6WQ9_A","S+3(1)","[1CNW_A, 1CNX_A, 1CNY_A, 1EOU_A, 1G6V_A, 1HCA_A, 1KWQ_A, 1KWR_A, 1T9N_A]","[]","[]"
"6T7U_A","S+3(1)","[4R59_A, 4R5A_A, 4RIU_A, 4RIV_A, 4ZAO_A, 6FJI_A, 6FJJ_A, 6GCY_A, 6T9Z_A]","[]","[]"
"6T9Z_A","S+3(1)","[4R5A_A, 4RIU_A, 4RIV_A, 4ZAO_A, 6FJI_A, 6FJJ_A, 6GCY_A, 6T9Z_A, 6YJ3_A]","[]","[]"
"6RMX_A","S+3(1)","[1A42_A, 1AM6_A, 1AVN_A, 1BCD_A, 1BN1_A, 6RMY_A, 6ROF_A]","[]","[8WER_A, 8WES_A]"
"6OTK_A","S+3(1)","[4R59_A, 4R5A_A, 4RIU_A, 4RIV_A, 4YWP_A, 4ZAO_A, 4ZWX_A, 4ZWZ_A, 5JMZ_A]","[]","[]"
"6OTO_A","S+3(1)","[1CNW_A, 1CNX_A, 1CNY_A, 1EOU_A, 1G6V_A, 1HCA_A, 1KWQ_A, 1KWR_A, 1T9N_A]","[]","[]"
"6OTQ_A","S+3(1)","[1AM6_A, 1AVN_A, 1BCD_A, 1BN1_A, 1BN3_A, 1BN4_A, 1BNM_A, 1BNN_A, 1BNQ_A]","[]","[]"
"6OUB_A","S+3(1)","[1AM6_A, 1AVN_A, 1BCD_A, 1BN1_A, 1BN3_A, 1BN4_A, 1BNM_A, 1BNN_A, 1BNQ_A]","[]","[]"
"6OTP_A","S+3(1)","[1AM6_A, 1AVN_A, 1BCD_A, 1BN1_A, 1BN3_A, 1BN4_A, 1BNM_A, 1BNN_A, 1BNQ_A]","[]","[]"
"6OUD_A","S+3(1)","[4R59_A, 4R5A_A, 4RIU_A, 4RIV_A, 4YWP_A, 4ZAO_A, 4ZWX_A, 4ZWZ_A, 5JMZ_A]","[]","[]"
"6OUH_A","S+3(1)","[1AM6_A, 1AVN_A, 1BCD_A, 1BN1_A, 1BN3_A, 1BN4_A, 1BNM_A, 1BNN_A, 1BNQ_A]","[]","[]"
"6OUF_A","S+3(1)","[4R59_A, 4R5A_A, 4RIU_A, 4RIV_A, 4YWP_A, 4ZAO_A, 4ZWX_A, 4ZWZ_A, 5JMZ_A]","[]","[]"
"6OUK_A","S+3(1)","[1AM6_A, 1AVN_A, 1BCD_A, 1BN1_A, 1BN3_A, 1BN4_A, 1BNM_A, 1BNN_A, 1BNQ_A]","[]","[]"
"6OUI_A","S+3(1)","[4R59_A, 4R5A_A, 4RIU_A, 4RIV_A, 4YWP_A, 4ZAO_A, 4ZWX_A, 4ZWZ_A, 5JMZ_A]","[]","[]"
"6OUJ_A","S+3(1)","[1AM6_A, 1AVN_A, 1BCD_A, 1BN1_A, 1BN3_A, 1BN4_A, 1BNM_A, 1BNN_A, 1BNQ_A]","[]","[]"
"6OUM_A","S+3(1)","[4R59_A, 4R5A_A, 4RIU_A, 4RIV_A, 4YWP_A, 4ZAO_A, 4ZWX_A, 4ZWZ_A, 5JMZ_A]","[]","[]"
"6RG3_A","S+3(1)","[1CNW_A, 1CNX_A, 1CNY_A, 1EOU_A, 1G6V_A, 1HCA_A, 1KWQ_A, 1KWR_A, 1T9N_A]","[]","[]"
"6RMY_A","S+3(1)","[1CA3_A, 1CNW_A, 1CNX_A, 1CNY_A, 1EOU_A, 1G6V_A, 6ROF_A]","[]","[8WER_A, 8WES_A]"
"6RHK_A","S+3(1)","[1CNW_A, 1CNX_A, 1CNY_A, 1EOU_A, 1G6V_A, 1HCA_A, 1KWQ_A, 1KWR_A, 1T9N_A]","[]","[]"
"6RZX_A","S+3(1)","[4R59_A, 4R5A_A, 4RIU_A, 4RIV_A, 4ZAO_A, 6FJI_A, 6FJJ_A, 6GCY_A, 6S03_A]","[]","[]"
"6S03_A","S+3(1)","[4R59_A, 4R5A_A, 4RIU_A, 4RIV_A, 4ZAO_A, 6FJI_A, 6FJJ_A, 6GCY_A, 6S03_A]","[]","[]"
"6SDS_A","S+3(1)","[1CNW_A, 1CNX_A, 1CNY_A, 1EOU_A, 1G6V_A, 1HCA_A, 1KWQ_A, 1KWR_A, 1T9N_A]","[]","[]"
"6R71_A","S+3(1)","[4KP5_A, 4KP8_A, 4Q0L_A, 4QJ0_A, 4QJO_A, 4QJW_A, 5LL5_A, 5LL9_A]","[4WW8_A]","[]"
"6SDT_A","S+3(1)","[3ML5_A, 6H36_A, 6H37_A, 6H38_A, 6SDT_A, 6ZR9_A]","[7NC4_A]","[7P1A_A, 8Q3U_A]"
"6R6J_A","S+3(1)","[1CNW_A, 1CNX_A, 1CNY_A, 1EOU_A, 1G6V_A, 1HCA_A, 1KWQ_A, 1KWR_A, 1T9N_A]","[]","[]"
"6QUT_A","S+3(1)","[5FL4_A, 5FL5_A, 5FL6_A, 6FE1_A, 6FE2_A, 6G98_A, 6G9U_A, 6QN2_A]","[6FE0_A]","[]"
"6RM1_A","S+3(1)","[3M2Y_A, 5M78_A, 6GDC_A]","[6HQX_A]","[3M14_A, 3M1K_A, 3M2X_A, 6GM9_A]"
"6VKG_A","S+3(1)","[4R59_A, 4R5A_A, 5G0B_A, 6VKG_A, 7MU3_A]","[]","[8QHG_A, 8TTR_A, 8UFW_A, 9EN9_A]"
"6UGP_A","S+3(1)","[1AM6_A, 1AVN_A, 1BCD_A, 1BN1_A, 1BN3_A, 1BN4_A, 1BNM_A, 1BNN_A, 1BNQ_A]","[]","[]"
"6UGQ_A","S+3(1)","[4R59_A, 4R5A_A, 4RIU_A, 4RIV_A, 4YWP_A, 4ZAO_A, 4ZWX_A, 4ZWZ_A, 5JMZ_A]","[]","[]"
"6UGR_A","S+3(1)","[1AM6_A, 1AVN_A, 1BCD_A, 1BN1_A, 1BN3_A, 1BN4_A, 1BNM_A, 1BNN_A, 1BNQ_A]","[]","[]"
"6UGZ_A","S+3(1)","[4R59_A, 4R5A_A, 4RIU_A, 4RIV_A, 4YWP_A, 4ZAO_A, 4ZWX_A, 4ZWZ_A, 5JMZ_A]","[]","[]"
"6UGO_A","S+3(1)","[4R59_A, 4R5A_A, 4RIU_A, 4RIV_A, 4YWP_A, 4ZAO_A, 4ZWX_A, 4ZWZ_A, 5JMZ_A]","[]","[]"
"6UH0_A","S+3(1)","[1AM6_A, 1AVN_A, 1BCD_A, 1BN1_A, 1BN3_A, 1BN4_A, 1BNM_A, 1BNN_A, 1BNQ_A]","[]","[]"
"6PEA_A","S+3(1)","[1CNW_A, 1CNX_A, 1CNY_A, 1EOU_A, 1G6V_A, 1HCA_A, 1KWQ_A, 1KWR_A, 1T9N_A]","[]","[]"
"6QN2_A","S+3(1)","[5FL4_A, 5FL5_A, 5FL6_A, 6FE1_A, 6FE2_A, 6G98_A, 6G9U_A, 6QN2_A]","[6FE0_A]","[]"
"6PDV_A","S+3(1)","[1CNW_A, 1CNX_A, 1CNY_A, 1EOU_A, 1G6V_A, 1HCA_A, 1KWQ_A, 1KWR_A, 1T9N_A]","[]","[]"
"6R6F_A","S+3(1)","[1CNW_A, 1CNX_A, 1CNY_A, 1EOU_A, 1G6V_A, 1HCA_A, 1KWQ_A, 1KWR_A, 1T9N_A]","[]","[]"
"6QN0_A","S+3(1)","[1JD0_A, 4HT2_A, 6QN0_A, 6QNG_A, 6QNL_A]","[]","[7PP9_A, 8CO3_A, 9R0L_A, 9R0U_A]"
"6QN6_A","S+3(1)","[5FL4_A, 5FL5_A, 5FL6_A, 6FE1_A, 6FE2_A, 6G98_A, 6G9U_A, 6QN2_A]","[6FE0_A]","[]"
"6U4Q_A","S+3(1)","[1AM6_A, 1AVN_A, 1BCD_A, 1BN1_A, 1BN3_A, 1BN4_A, 1BNM_A, 1BNN_A, 1BNQ_A]","[]","[]"
"6U4T_A","S+3(1)","[4R59_A, 4R5A_A, 4RIU_A, 4RIV_A, 4YWP_A, 4ZAO_A, 4ZWX_A, 4ZWZ_A, 5JMZ_A]","[]","[]"
"6NM0_A","S+3(1)","[1AM6_A, 1AVN_A, 1BCD_A, 1BN1_A, 1BN3_A, 1BN4_A, 1BNM_A, 1BNN_A, 1BNQ_A]","[]","[]"
"6NLV_A","S+3(1)","[4R59_A, 4R5A_A, 4RIU_A, 4RIV_A, 4YWP_A, 4ZAO_A, 4ZWX_A, 4ZWZ_A, 5JMZ_A]","[]","[]"
"6I1U_A","S+3(1)","[3M2Y_A, 5M78_A, 6GDC_A]","[6HQX_A]","[3M14_A, 3M1K_A, 3M2X_A, 6GM9_A]"
"6TL2_A","S+3(1)","[5M8A_A, 5M8J_A, 5M8K_A, 6TL2_A]","[]","[5M94_A, 5M95_A, 7PHQ_B, 7PIJ_B]"
"6MPB_A","S+3(1)","[6MP6_A, 6MPB_A]","[]","[7BCQ_A, 7BCS_A, 7BCT_A, 8OUD_A, 8OUH_A, 8OUJ_A, 8QRO_A]"
"6MP6_A","S+3(1)","[6MP6_A, 6MPB_A]","[]","[7BCQ_A, 7BCS_A, 7BCT_A, 8OUD_A, 8OUH_A, 8OUJ_A, 8QRO_A]"
"6KI1_A","S+3(1)","[]","[]","[]"
"6I0L_A","S+3(1)","[6EVR_A, 6EX1_A, 6F3B_A, 6FAF_A, 6FAG_A, 6G3V_A, 6HWZ_A, 6I0J_A, 6I0L_A]","[]","[]"
"6I2F_A","S+3(1)","[3M2Y_A, 5M78_A, 6GDC_A]","[6HQX_A]","[3M14_A, 3M1K_A, 3M2X_A, 6GM9_A]"
"6HXD_A","S+3(1)","[3M2Y_A, 5M78_A, 6GDC_A]","[6HQX_A]","[3M14_A, 3M1K_A, 3M2X_A, 6GM9_A]"
"6SCF_A","S+3(1)","[2J85_A, 2X4I_A]","[6ED6_A]","[8EBN_D, 9M55_G, 9M57_G]"
"6KKT_A","S+3(1)","[6KKT_A, 6KKU_A]","[7TTI_A]","[7D90_A]"
"6KKU_A","S+3(1)","[6KKT_A, 6KKU_A]","[7TTI_A]","[7D90_A]"
"6NFF_A","S+3(1)","[]","[5ZIE_A]","[8SM8_A]"
"6TYS_A","S+3(1)","[5EVM_A]","[]","[6T3F_F, 7KI4_A, 7UPA_A, 7UPK_A, 8DO4_A, 8RVN_B, 9CIN_A, 9LNG_A]"
"6QD7_A","S+3(1)","[6F5U_A, 6F6N_A, 6F6S_A, 6QD8_A]","[]","[5JQ3_A, 5JQ7_A, 5JQB_A, 6F6I_A, 6G95_A]"
"6QD8_A","S+3(1)","[6F5U_A, 6F6N_A, 6F6S_A, 6QD8_A]","[]","[5JQ3_A, 5JQ7_A, 5JQB_A, 6F6I_A, 6G95_A]"
"6NJ6_A","S+3(1)","[6B00_A, 6NJ3_A, 6NJ4_A, 6NJ5_A, 6NJ6_A]","[]","[9F2E_A, 9F2F_A, 9JWE_A, 9JWU_A]"
"6NJ3_A","S+3(1)","[6B00_A, 6NJ2_A, 6NJ4_A, 6NJ5_A, 6NJ6_A]","[]","[9JWE_A, 9JWU_A, 9JWW_A, 9U5B_A]"
"6QL2_A","S+3(1)","[3DBU_A, 3DC3_A, 3DC9_A, 3DCC_A, 3DCS_A, 3DCW_A, 3OIK_A, 6QL2_A, 6QL3_A]","[]","[]"
"6PSO_A","S+3(1)","[6B1V_A, 6PRM_A, 6PSO_A]","[]","[6B0J_A, 6B0K_A, 6BIA_A, 9HH2_A, 9HH3_A, 9HH4_A]"
"6PRM_A","S+3(1)","[6B1V_A, 6PSO_A]","[]","[6B0J_A, 6B0K_A, 6BIA_A, 6PSM_A, 9HH2_A, 9HH3_A, 9HH4_A]"
"6QL1_A","S+3(1)","[3DBU_A, 3DC3_A, 3DC9_A, 3DCC_A, 3DCS_A, 3DCW_A, 3OIK_A, 6QL2_A, 6QL3_A]","[]","[]"
"6I7S_A","S+3(1)","[]","[4JU5_A]","[7ZSC_C, 8EOJ_A]"
"6DC5_A","S+3(1)","[5EA4_F, 5EA5_F, 5EA6_F, 5KWW_F, 5UDC_A, 6DC3_F, 6DC5_A]","[5EA7_F]","[6VKC_F]"
"6HD2_A","S+3(1)","[1CNW_A, 1CNX_A, 1CNY_A, 1EOU_A, 1G6V_A, 1HCA_A, 1KWQ_A, 1KWR_A, 1T9N_A]","[]","[]"
"6RVY_A","S+3(1)","[6RVY_A]","[]","[8QRO_A, 8QRP_B, 8QRQ_B, 8QRR_B, 8QRS_B, 8QRU_B, 8QRV_B, 8QRW_B]"
"6RVX_A","S+3(1)","[6RVY_A]","[]","[8QRO_A, 8QRP_B, 8QRQ_B, 8QRR_B, 8QRS_B, 8QRU_B, 8QRV_B, 8QRW_B]"
"6NPL_A","S+3(1)","[]","[7S1Y_A]","[7D10_A, 7N3N_A, 7SMP_A, 7ZGO_A, 9C0E_A, 9C0G_A, 9C0H_A]"
"6EAJ_F","S+3(1)","[5EA3_F, 5EA4_F, 5EA5_F, 5EA6_F, 5KWW_F, 5UDC_A, 6DC3_F, 6EAK_F]","[5EA7_F]","[]"
"6EAM_F","S+3(1)","[5EA3_F, 5EA4_F, 5EA5_F, 5EA6_F, 5KWW_F, 5UDC_A, 6DC3_F, 6DC5_A]","[5EA7_F]","[]"
"6EAK_F","S+3(1)","[5EA3_F, 5EA4_F, 5EA5_F, 5EA6_F, 5KWW_F, 5UDC_A, 6DC3_F, 6EAK_F]","[5EA7_F]","[]"
"6EAI_A","S+3(1)","[5EA3_F, 5EA4_F, 5EA5_F, 5EA6_F, 5KWW_F, 5UDC_A, 6DC3_F, 6EAH_A]","[5EA7_F]","[]"
"6EAH_A","S+3(1)","[5EA3_F, 5EA4_F, 5EA5_F, 5EA6_F, 5KWW_F, 5UDC_A, 6DC3_F, 6EAI_A]","[5EA7_F]","[]"
"6EAG_F","S+3(1)","[5EA3_F, 5EA4_F, 5EA5_F, 5EA6_F, 5KWW_F, 5UDC_A, 6DC3_F, 6EAG_F]","[5EA7_F]","[]"
"6EAF_A","S+3(1)","[5EA3_F, 5EA4_F, 5EA5_F, 5EA6_F, 5KWW_F, 5UDC_A, 6DC3_F, 6EAG_F]","[5EA7_F]","[]"
"6EAD_F","S+3(1)","[5EA3_F, 5EA4_F, 5EA5_F, 5EA6_F, 5W23_A, 6EAE_F]","[5EA7_F]","[6APD_A, 7LUE_A]"
"6NPH_A","S+3(1)","[6NPK_A, 6NPL_A]","[]","[7D10_A, 7MXO_A, 7N3N_A, 7SMP_A, 7ZGO_A, 9C0G_A, 9C0H_A]"
"6EAN_F","S+3(1)","[5EA3_F, 5EA4_F, 5EA5_F, 5EA6_F, 5KWW_F, 5UDC_A, 6DC3_F, 6DC5_A]","[5EA7_F]","[]"
"6EAL_F","S+3(1)","[5EA3_F, 5EA4_F, 5EA5_F, 5EA6_F, 5KWW_F, 5UDC_A, 6DC3_F, 6DC5_A]","[5EA7_F]","[]"
"6EAE_F","S+3(1)","[5EA3_F, 5EA4_F, 5EA5_F, 5EA6_F, 5W23_A, 6EAD_F]","[5EA7_F]","[6APD_A, 7LUE_A]"
"6NPK_A","S+3(1)","[6NPK_A, 6NPL_A]","[]","[7D10_A, 7MXO_A, 7N3N_A, 7SMP_A, 7ZGO_A, 9C0G_A, 9C0H_A]"
"6DC3_F","S+3(1)","[5EA4_F, 5EA5_F, 5EA6_F, 5KWW_F, 5UDC_A, 6DC3_F, 6DC5_A]","[5EA7_F]","[6VKC_F]"
"6J66_A","S+3(1)","[2QZU_A]","[]","[8DI0_A]"
"6HHM_A","S+3(1)","[]","[]","[]"
"6GXB_A","S+3(1)","[4R59_A, 4R5A_A, 4RIU_A, 4RIV_A, 4YWP_A, 4ZAO_A, 4ZWX_A, 4ZWZ_A, 5JMZ_A]","[]","[]"
"6GDC_A","S+3(1)","[3M2Y_A, 5M78_A, 6GDC_A]","[6HQX_A]","[3M14_A, 3M1K_A, 3M2X_A, 6GM9_A]"
"6GXE_A","S+3(1)","[4R59_A, 4R5A_A, 4RIU_A, 4RIV_A, 4YWP_A, 4ZAO_A, 4ZWX_A, 4ZWZ_A, 5JMZ_A]","[]","[]"
"6DZV_A","S+3(1)","[6DZZ_A]","[6VRL_A]","[7LI6_A, 7LI7_A, 7LI8_A, 7LI9_A, 7LIA_A]"
"6DZZ_A","S+3(1)","[]","[6VRL_A]","[7LI6_A, 7LWD_A, 7TXT_S, 9HCO_A, 9IY7_A, 9PNS_A]"
"6DZW_A","S+3(1)","[6AWO_A, 6DZW_A]","[]","[5I6X_A, 5I71_A, 5I73_A, 5I74_A, 5I75_A, 6W2B_A, 6W2C_A]"
"6F2G_A","S+3(1)","[6F2W_A]","[]","[9H76_A]"
"6DZY_A","S+3(1)","[6AWO_A, 6AWP_A, 6AWQ_A, 6DZY_A]","[]","[5I6X_A, 5I71_A, 5I73_A, 5I74_A, 5I75_A]"
"6F2W_A","S+3(1)","[6F2W_A]","[]","[9H76_A]"
"6QFW_A","S+3(1)","[5EKH_A, 5EKJ_A, 5EKM_A, 6QFU_A, 6QFV_A, 6QFW_A, 6QFX_A]","[]","[7ONP_A, 7U5W_A]"
"6QFU_A","S+3(1)","[5EKH_A, 5EKJ_A, 5EKM_A, 6QFU_A, 6QFV_A, 6QFW_A, 6QFX_A]","[]","[7ONP_A, 7U5W_A]"
"6QFV_A","S+3(1)","[5EKH_A, 5EKJ_A, 5EKM_A, 6QFU_A, 6QFV_A, 6QFW_A, 6QFX_A]","[]","[7ONP_A, 7U5W_A]"
"6R7R_A","S+3(1)","[4KY0_A, 6R7R_A]","[]","[5E9S_A, 6XWN_A, 6ZGB_A, 6ZL4_A, 6ZLH_A, 7NGH_A, 8AFA_A]"
"6QFX_A","S+3(1)","[5EKH_A, 5EKJ_A, 5EKM_A, 6QFU_A, 6QFV_A, 6QFW_A, 6QFX_A]","[]","[7ONP_A, 7U5W_A]"
"6MBY_A","S+3(1)","[1AM6_A, 1AVN_A, 1BCD_A, 1BN1_A, 1BN3_A, 1BN4_A, 1BNM_A, 1BNN_A, 1BNQ_A]","[]","[]"
"6O0H_A","S+3(1)","[]","[7LJ9_A]","[6POE_A, 6POF_A, 6UI9_A, 6UIA_A, 6UUZ_A, 7LLA_A]"
"6G6T_A","S+3(1)","[1CNW_A, 1CNX_A, 1CNY_A, 1EOU_A, 1G6V_A, 1HCA_A, 1KWQ_A, 1KWR_A, 1T9N_A]","[]","[]"
"6MBV_A","S+3(1)","[1AM6_A, 1AVN_A, 1BCD_A, 1BN1_A, 1BN3_A, 1BN4_A, 1BNM_A, 1BNN_A, 1BNQ_A]","[]","[]"
"6G5U_A","S+3(1)","[4KNM_A, 4KNN_A, 4QIZ_A, 4QJP_A, 4QJX_A, 4QSJ_A, 5E2N_A, 5LLA_A, 5LLN_A]","[]","[]"
"6G5L_A","S+3(1)","[4KP5_A, 4KP8_A, 4Q0L_A, 4QJ0_A, 4QJO_A, 4QJW_A, 5LL5_A, 5LL9_A]","[4WW8_A]","[]"
"6G7A_A","S+3(1)","[4KP5_A, 4KP8_A, 4Q0L_A, 4QJ0_A, 4QJO_A, 4QJW_A, 5LL5_A, 5LL9_A]","[4WW8_A]","[]"
"6QEB_A","S+3(1)","[1CNW_A, 1CNX_A, 1CNY_A, 1EOU_A, 1G6V_A, 1HCA_A, 1KWQ_A, 1KWR_A, 1T9N_A]","[]","[]"
"6FJJ_A","S+3(1)","[4R5A_A, 4RIU_A, 4RIV_A, 4ZAO_A, 6FJI_A, 6FJJ_A, 6GCY_A, 6T9Z_A, 6YJ3_A]","[]","[]"
"6FJI_A","S+3(1)","[4R5A_A, 4RIU_A, 4RIV_A, 4ZAO_A, 6FJI_A, 6FJJ_A, 6GCY_A, 6T9Z_A, 6YJ3_A]","[]","[]"
"6GCY_A","S+3(1)","[4R5A_A, 4RIU_A, 4RIV_A, 4ZAO_A, 6FJI_A, 6FJJ_A, 6GCY_A, 6T9Z_A, 6YJ3_A]","[]","[]"
"6H6S_A","S+3(1)","[1AM6_A, 1AVN_A, 1BCD_A, 1BN1_A, 1BN3_A, 1BN4_A, 1BNM_A, 1BNN_A, 1BNQ_A]","[]","[]"
"6HWZ_A","S+3(1)","[6EVR_A, 6EX1_A, 6F3B_A, 6FAF_A, 6FAG_A, 6G3V_A, 6HWZ_A, 6I0J_A, 6I0L_A]","[]","[]"
"6HX5_A","S+3(1)","[1CNW_A, 1CNX_A, 1CNY_A, 1EOU_A, 1G6V_A, 1HCA_A, 1KWQ_A, 1KWR_A, 1T9N_A]","[]","[]"
"6H33_A","S+3(1)","[4XE1_A, 5E2R_A, 5J8Z_A, 5JQ0_A, 5JQT_A, 5LMD_A, 5N0D_A, 5N0E_A, 6H2Z_A]","[]","[]"
"6H2Z_A","S+3(1)","[4XE1_A, 5E2R_A, 5J8Z_A, 5JQ0_A, 5JQT_A, 5LMD_A, 5N0D_A, 5N0E_A, 6H2Z_A]","[]","[]"
"6H34_A","S+3(1)","[4XE1_A, 5E2R_A, 5J8Z_A, 5JQ0_A, 5JQT_A, 5LMD_A, 5N0D_A, 5N0E_A, 6H2Z_A]","[]","[]"
"6H37_A","S+3(1)","[3ML5_A, 6H36_A, 6H37_A, 6H38_A, 6SDT_A, 6ZR9_A]","[7NC4_A]","[7P1A_A, 8Q3U_A]"
"6G3Q_A","S+3(1)","[1CNW_A, 1CNX_A, 1CNY_A, 1EOU_A, 1G6V_A, 1HCA_A, 1KWQ_A, 1KWR_A, 1T9N_A]","[]","[]"
"6H38_A","S+3(1)","[3ML5_A, 6H36_A, 6H37_A, 6H38_A, 6SDT_A, 6ZR9_A]","[7NC4_A]","[7P1A_A, 8Q3U_A]"
"6G3V_A","S+3(1)","[6EVR_A, 6EX1_A, 6F3B_A, 6FAF_A, 6FAG_A, 6G3V_A, 6HWZ_A, 6I0J_A, 6I0L_A]","[]","[]"
"6EEO_A","S+3(1)","[4R59_A, 4R5A_A, 4RIU_A, 4RIV_A, 4YWP_A, 4ZAO_A, 4ZWX_A, 4ZWZ_A, 5JMZ_A]","[]","[]"
"6EEH_A","S+3(1)","[4R59_A, 4R5A_A, 4RIU_A, 4RIV_A, 4YWP_A, 4ZAO_A, 4ZWX_A, 4ZWZ_A, 5JMZ_A]","[]","[]"
"6ECZ_A","S+3(1)","[1AM6_A, 1AVN_A, 1BCD_A, 1BN1_A, 1BN3_A, 1BN4_A, 1BNM_A, 1BNN_A, 1BNQ_A]","[]","[]"
"6EBE_A","S+3(1)","[1AM6_A, 1AVN_A, 1BCD_A, 1BN1_A, 1BN3_A, 1BN4_A, 1BNM_A, 1BNN_A, 1BNQ_A]","[]","[]"
"4YGL_A","S+3(1)","[1A42_A, 1AM6_A, 1AVN_A, 1BCD_A, 3RYY_A, 4YGL_A, 4YGN_A]","[4YGK_A]","[]"
"5THI_A","S+3(1)","[1CA3_A, 1CNW_A, 1CNX_A, 1HEA_A, 1HEB_A, 1HEC_A, 1HED_A, 5THI_A, 5TI0_A]","[]","[]"
"1BNN_A","S+3(1)","[1AM6_A, 1AVN_A, 1BCD_A, 1BN1_A, 1BN3_A, 1BN4_A, 1BNM_A, 1BNN_A, 1BNQ_A]","[]","[]"
"1TTM_A","S+3(1)","[1AM6_A, 1AVN_A, 1BCD_A, 1BN1_A, 1BN3_A, 1BN4_A, 1BNM_A, 1BNN_A, 1BNQ_A]","[]","[]"
"6ACJ_A","S+3(1)","[6ACD_A, 6ACG_A, 6ACJ_A]","[5XLR_A]","[6ACK_A, 7SG4_A, 8JAG_A, 8KDM_A]"
"5NEA_A","S+3(1)","[1CNW_A, 1CNX_A, 1CNY_A, 1EOU_A, 1G6V_A, 1HCA_A, 1KWQ_A, 1KWR_A, 1T9N_A]","[]","[]"
"1AZM_A","S+3(1)","[1BZM_A, 1CZM_A, 1HCB_A, 1HUG_A, 1HUH_A, 2FW4_A, 2NMX_A, 2NN1_A]","[]","[2FOY_A]"
"1BV3_A","S+3(1)","[1AM6_A, 1AVN_A, 1BCD_A, 1BN1_A, 1BN3_A, 1BN4_A, 1BNM_A, 1BNN_A, 1BNQ_A]","[]","[]"
"6B59_A","S+3(1)","[1AM6_A, 1AVN_A, 1BCD_A, 1BN1_A, 1BN3_A, 1BN4_A, 1BNM_A, 1BNN_A, 1BNQ_A]","[]","[]"
"5E2M_A","S+3(1)","[1AZM_A, 1BZM_A, 1CZM_A, 1HCB_A, 5E2M_A]","[4WUQ_A]","[8S4F_A, 9HWN_A]"
"4QSJ_A","S+3(1)","[4KNM_A, 4KNN_A, 4QIZ_A, 4QJP_A, 4QJX_A, 4QSJ_A, 5E2N_A, 5LLA_A, 5LLN_A]","[]","[]"
"1RZB_A","S+3(1)","[1AM6_A, 1AVN_A, 1BCD_A, 1BN1_A, 1BN3_A, 1BN4_A, 1BNM_A, 1BNN_A, 1BNQ_A]","[]","[]"
"5OHH_A","S+3(1)","[4KNM_A, 4KNN_A, 4QIZ_A, 4QJP_A, 4QJX_A, 4QSJ_A, 5E2N_A, 5LLA_A, 5LLN_A]","[]","[]"
"5N25_A","S+3(1)","[1CNW_A, 1CNX_A, 1CNY_A, 1EOU_A, 1G6V_A, 1HCA_A, 1KWQ_A, 1KWR_A, 1T9N_A]","[]","[]"
"12CA_A","S+3(1)","[1CA3_A, 1CNW_A, 1CNX_A, 1CNY_A, 1EOU_A, 1G6V_A, 1HCA_A, 1KWQ_A, 1KWR_A]","[]","[]"
"4CNV_A","S+3(1)","[1V9E_A, 1V9I_C, 4CNW_A, 5A25_A]","[6SKV_A]","[23OM_A, 23ON_A]"
"4QIZ_A","S+3(1)","[4KNM_A, 4KNN_A, 4QIZ_A, 4QJP_A, 4QJX_A, 4QSJ_A, 5E2N_A, 5LLA_A, 5LLN_A]","[]","[]"
"6MLK_A","S+3(1)","[6MLK_A]","[]","[7M7E_A, 7M7F_A, 7M7G_A, 7M7H_A, 8TJN_A, 8TJO_A, 8TPW_A, 8TPX_A]"
"6EVR_A","S+3(1)","[6EVR_A, 6EX1_A, 6F3B_A, 6FAF_A, 6FAG_A, 6G3V_A, 6HWZ_A, 6I0J_A, 6I0L_A]","[]","[]"
"4BCW_A","S+3(1)","[3DC3_A, 3DC9_A, 3DCC_A, 3DCS_A, 3DCW_A, 3OIK_A, 3OIL_A, 3OKV_A, 4BCW_A]","[]","[]"
"3S75_B","S+3(1)","[1AM6_A, 1AVN_A, 1BCD_A, 1BN1_A, 1BN3_A, 1BN4_A, 1BNM_A, 1BNN_A, 1BNQ_A]","[]","[]"
"3DC3_A","S+3(1)","[1CA3_A, 3DC3_A, 3DC9_A, 3DCC_A, 3DCS_A, 3DCW_A, 3OIK_A, 3OIL_A, 3OKV_A]","[]","[]"
"1TH9_A","S+3(1)","[1CA3_A, 1CNW_A, 1CNX_A, 1CNY_A, 1EOU_A, 1G6V_A, 1HCA_A, 1KWQ_A, 1THK_A]","[]","[]"
"4GL1_X","S+3(1)","[1G0E_A, 1G0F_A, 2NWO_A, 2NWP_A, 2NWY_A, 2NWZ_A, 4FIK_A, 4HEW_A]","[1MOO_A]","[]"
"6FE2_A","S+3(1)","[5FL4_A, 5FL5_A, 5FL6_A, 6FE1_A, 6FE2_A, 6G98_A, 6G9U_A, 6QN2_A]","[6FE0_A]","[]"
"4Z0Q_A","S+3(1)","[1AM6_A, 1AVN_A, 1BCD_A, 1BN1_A, 1BN3_A, 1BN4_A, 1BNM_A, 1BNN_A, 1BNQ_A]","[]","[]"
"4QJ0_A","S+3(1)","[4KP5_A, 4KP8_A, 4Q0L_A, 4QJ0_A, 4QJO_A, 4QJW_A, 5LL5_A, 5LL9_A]","[4WW8_A]","[]"
"4QK2_A","S+3(1)","[1CA3_A, 1CNW_A, 1CNX_A, 1CNY_A, 1EOU_A, 1G6V_A, 1HCA_A, 1KWQ_A, 1KWR_A]","[]","[]"
"4BF1_A","S+3(1)","[1AM6_A, 1AVN_A, 1BCD_A, 1BN1_A, 1BN3_A, 1BN4_A, 1BNM_A, 1BNN_A, 1BNQ_A]","[]","[]"
"3D92_A","S+3(1)","[1CNW_A, 1CNX_A, 1CNY_A, 1EOU_A, 1G6V_A, 1HCA_A, 1KWQ_A, 1KWR_A, 1T9N_A]","[]","[]"
"2F14_A","S+3(1)","[1AM6_A, 1AVN_A, 1BCD_A, 1BN1_A, 1BN3_A, 1BN4_A, 1BNM_A, 1BNN_A, 1BNQ_A]","[]","[]"
"2HFW_A","S+3(1)","[1FLJ_A, 1Z93_A, 1Z97_A, 3UYN_A, 3UYQ_A, 6B00_A, 6NJ2_A, 6NJ3_A, 6NJ6_A]","[]","[]"
"5NEE_A","S+3(1)","[1CNW_A, 1CNX_A, 1CNY_A, 1EOU_A, 1G6V_A, 1HCA_A, 1KWQ_A, 1KWR_A, 1T9N_A]","[]","[]"
"5OGJ_A","S+3(1)","[4KNM_A, 4KNN_A, 4QIZ_A, 4QJP_A, 4QJX_A, 4QSJ_A, 5E2N_A, 5LLA_A, 5LLN_A]","[]","[]"
"5LJQ_A","S+3(1)","[1AM6_A, 1AVN_A, 1BCD_A, 1BN1_A, 1BN3_A, 1BN4_A, 1BNM_A, 1BNN_A, 1BNQ_A]","[]","[]"
"4N0X_B","S+3(1)","[1CNW_A, 1CNX_A, 1CNY_A, 1EOU_A, 1G6V_A, 1HCA_A, 1KWQ_A, 1KWR_A, 1T9N_A]","[]","[]"
"3MNA_A","S+3(1)","[1CNW_A, 1CNX_A, 1CNY_A, 1EOU_A, 1G6V_A, 1HCA_A, 1KWQ_A, 1KWR_A, 1T9N_A]","[]","[]"
"4KNJ_A","S+3(1)","[1CNW_A, 1CNX_A, 1CNY_A, 1EOU_A, 1G6V_A, 1HCA_A, 1KWQ_A, 1KWR_A, 1T9N_A]","[]","[]"
"1CCS_A","S+3(1)","[1A42_A, 1AM6_A, 1AVN_A, 1BCD_A, 1BN1_A, 1BN3_A, 1BN4_A, 1BNM_A, 1CCT_A]","[]","[]"
"5BU6_A","S+3(1)","[]","[4F9J_A]","[]"
"4Q7P_A","S+3(1)","[1CNW_A, 1CNX_A, 1CNY_A, 1EOU_A, 1G6V_A, 1HCA_A, 1KWQ_A, 1KWR_A, 1T9N_A]","[]","[]"
"1BN1_A","S+3(1)","[1AM6_A, 1AVN_A, 1BCD_A, 1BN1_A, 1BN3_A, 1BN4_A, 1BNM_A, 1BNN_A, 1BNQ_A]","[]","[]"
"4K0Z_A","S+3(1)","[4K0S_A, 4K0T_A, 4K13_A, 4K1Q_A, 4R59_A, 4R5A_A, 4RIU_A, 4RIV_A, 4ZAO_A]","[]","[]"
"5FNL_A","S+3(1)","[1CNW_A, 1CNX_A, 1CNY_A, 1EOU_A, 1G6V_A, 1HCA_A, 1KWQ_A, 1KWR_A, 1T9N_A]","[]","[]"
"1CNI_A","S+3(1)","[1A42_A, 1AM6_A, 1AVN_A, 1BCD_A, 1BN1_A, 1BN3_A, 1BN4_A, 1BNM_A, 1BNN_A]","[]","[]"
"4YXI_A","S+3(1)","[1CNW_A, 1CNX_A, 1CNY_A, 1EOU_A, 1G6V_A, 1HCA_A, 1KWQ_A, 1KWR_A, 1T9N_A]","[]","[]"
"2HOC_A","S+3(1)","[1AM6_A, 1AVN_A, 1BCD_A, 1BN1_A, 1BN3_A, 1BN4_A, 1BNM_A, 1BNN_A, 1BNQ_A]","[]","[]"
"1QMG_A","S+3(1)","[1YVE_I, 3FR7_A, 3FR8_A]","[]","[9BAG_A]"
"3WBH_A","S+3(1)","[3E2D_A]","[6QSQ_A]","[6T26_A, 7QOW_A, 7QP8_A, 7YZZ_A, 7Z00_B]"
"5EHE_A","S+3(1)","[1CNW_A, 1CNX_A, 1CNY_A, 1EOU_A, 1G6V_A, 1HCA_A, 1KWQ_A, 1KWR_A, 1T9N_A]","[]","[]"
"1J9W_A","S+3(1)","[1AZM_A, 1BZM_A, 1CZM_A, 1HCB_A, 1HUG_A, 1HUH_A, 1JV0_A, 2FW4_A]","[]","[2FOY_A]"
"3MZC_A","S+3(1)","[1CNW_A, 1CNX_A, 1CNY_A, 1EOU_A, 1G6V_A, 1HCA_A, 1KWQ_A, 1KWR_A, 1T9N_A]","[]","[]"
"4K0S_A","S+3(1)","[4K0T_A, 4K0Z_A, 4K13_A, 4K1Q_A, 4M2W_A, 4R59_A, 4R5A_A, 4RIU_A, 5SZ7_A]","[]","[]"
"4K0T_A","S+3(1)","[4K0T_A, 4K0Z_A, 4K13_A, 4K1Q_A, 4M2W_A, 4R59_A, 4R5A_A, 4RIU_A, 5SZ7_A]","[]","[]"
"5CLU_A","S+3(1)","[1AM6_A, 1AVN_A, 1BCD_A, 1BN1_A, 1BN3_A, 1BN4_A, 1BNM_A, 1BNN_A, 1BNQ_A]","[]","[]"
"3W6H_A","S+3(1)","[1BZM_A, 1CZM_A, 1HCB_A, 1HUG_A, 1HUH_A, 2FW4_A, 2NMX_A, 2NN1_A]","[]","[2FOY_A]"
"5FNH_A","S+3(1)","[1CNW_A, 1CNX_A, 1CNY_A, 1EOU_A, 1G6V_A, 1HCA_A, 1KWQ_A, 1KWR_A, 1T9N_A]","[]","[]"
"1IF4_A","S+3(1)","[1AM6_A, 1AVN_A, 1BCD_A, 1BN1_A, 1BN3_A, 1BN4_A, 1BNM_A, 1BNN_A, 1BNQ_A]","[]","[]"
"1I9N_A","S+3(1)","[1G45_A, 1G46_A, 1G48_A, 1G4J_A, 1G4O_A, 1I9L_A, 1I9M_A, 1I9N_A, 1I9O_A]","[]","[]"
"1IF6_A","S+3(1)","[1AM6_A, 1AVN_A, 1BCD_A, 1BN1_A, 1BN3_A, 1BN4_A, 1BNM_A, 1BNN_A, 1BNQ_A]","[]","[]"
"1G46_A","S+3(1)","[1G45_A, 1G46_A, 1G48_A, 1G4J_A, 1G4O_A, 1I9L_A, 1I9M_A, 1I9N_A, 1I9O_A]","[]","[]"
"6EKI_A","S+3(1)","[1KOP_A]","[4X5S_A]","[6IM0_A, 6IM1_A, 6IM3_A, 8W7X_A]"
"3IGP_A","S+3(1)","[1CNW_A, 1CNX_A, 1CNY_A, 1EOU_A, 1G6V_A, 1HCA_A, 1KWQ_A, 1KWR_A, 1T9N_A]","[]","[]"
"5OGP_A","S+3(1)","[4Q06_A, 4Q07_A, 4R59_A, 4R5A_A, 4RIU_A, 4RIV_A, 6RZX_A, 6S03_A, 6T7U_A]","[]","[]"
"4XIX_A","S+3(1)","[4XIX_A]","[]","[]"
"4Q08_A","S+3(1)","[4Q09_A]","[6YHB_A]","[]"
"4Q09_A","S+3(1)","[4Q09_A]","[6YHB_A]","[]"
"4E3H_A","S+3(1)","[1CNW_A, 1CNX_A, 1CNY_A, 1EOU_A, 1G6V_A, 1HCA_A, 1KWQ_A, 1KWR_A, 1T9N_A]","[]","[]"
"4M2W_A","S+3(1)","[4R59_A, 4R5A_A, 4RIU_A, 4RIV_A, 4YWP_A, 4ZAO_A, 4ZWX_A, 4ZWZ_A, 5JMZ_A]","[]","[]"
"4Q07_A","S+3(1)","[4Q07_A, 4R59_A, 4R5A_A, 4RIU_A, 4RIV_A, 4ZAO_A]","[]","[7Q0C_A, 8RAR_A, 8RBP_A]"
"3R17_B","S+3(1)","[1AM6_A, 1AVN_A, 1BCD_A, 1BN1_A, 1BN3_A, 1BN4_A, 1BNM_A, 1BNN_A, 1BNQ_A]","[]","[]"
"4CA2_A","S+3(1)","[1CNW_A, 1CNX_A, 1CNY_A, 1EOU_A, 1G6V_A, 1HCA_A, 1KWQ_A, 1KWR_A, 1T9N_A]","[]","[]"
"3IEO_A","S+3(1)","[1CNW_A, 1CNX_A, 1CNY_A, 1EOU_A, 1G6V_A, 1HCA_A, 1KWQ_A, 1KWR_A, 1T9N_A]","[]","[]"
"3NJ9_A","S+3(1)","[1CNW_A, 1CNX_A, 1CNY_A, 1EOU_A, 1G6V_A, 1HCA_A, 1KWQ_A, 1KWR_A, 1T9N_A]","[]","[]"
"2CBD_A","S+3(1)","[1AM6_A, 1AVN_A, 1BCD_A, 1BN1_A, 1BN3_A, 1BN4_A, 1BNM_A, 1BNN_A, 1BNQ_A]","[]","[]"
"3F4X_A","S+3(1)","[1CNW_A, 1CNX_A, 1CNY_A, 1EOU_A, 1G6V_A, 1HCA_A, 1KWQ_A, 1KWR_A, 1T9N_A]","[]","[]"
"2WEH_A","S+3(1)","[1AM6_A, 1AVN_A, 1BCD_A, 1BN1_A, 1BN3_A, 1BN4_A, 1BNM_A, 1BNN_A, 1BNQ_A]","[]","[]"
"3DC9_A","S+3(1)","[1CA3_A, 3DC3_A, 3DC9_A, 3DCC_A, 3DCS_A, 3DCW_A, 3OIK_A, 3OIL_A, 3OKV_A]","[]","[]"
"2NNV_A","S+3(1)","[1CNW_A, 1CNX_A, 1CNY_A, 1EOU_A, 1G6V_A, 1HCA_A, 1KWQ_A, 1KWR_A, 1T9N_A]","[]","[]"
"2FW4_A","S+3(1)","[1BZM_A, 1CZM_A, 1HCB_A, 1HUG_A, 1HUH_A, 2FW4_A, 2NMX_A, 2NN1_A]","[]","[2FOY_A]"
"1G3Z_A","S+3(1)","[1G45_A, 1G46_A, 1G48_A, 1G4J_A, 1G4O_A, 1I9L_A, 1I9M_A, 1I9N_A, 1I9O_A]","[]","[]"
"1ZSC_A","S+3(1)","[1A42_A, 1AM6_A, 1AVN_A, 1BCD_A, 1BN1_A, 1BN3_A, 1BN4_A, 1ZSB_A, 1ZSC_A]","[]","[]"
"1BN3_A","S+3(1)","[1AM6_A, 1AVN_A, 1BCD_A, 1BN1_A, 1BN3_A, 1BN4_A, 1BNM_A, 1BNN_A, 1BNQ_A]","[]","[]"
"2CBA_A","S+3(1)","[1AM6_A, 1AVN_A, 1BCD_A, 1BN1_A, 1BN3_A, 1BN4_A, 1BNM_A, 1BNN_A, 1BNQ_A]","[]","[]"
"1RJ5_A","S+3(1)","[1JD0_A, 1RJ6_A, 4HT2_A, 4KP5_A, 4KP8_A, 4LU3_A, 4Q0L_A, 5CJF_A]","[]","[1JCZ_A]"
"2EU3_A","S+3(1)","[1CNW_A, 1CNX_A, 1CNY_A, 1EOU_A, 1G6V_A, 1HCA_A, 1KWQ_A, 1KWR_A, 1T9N_A]","[]","[]"
"1BNQ_A","S+3(1)","[1AM6_A, 1AVN_A, 1BCD_A, 1BN1_A, 1BN3_A, 1BN4_A, 1BNM_A, 1BNN_A, 1BNQ_A]","[]","[]"
"3MNK_A","S+3(1)","[1CA3_A, 1CNW_A, 1CNX_A, 1CNY_A, 1EOU_A, 1G6V_A, 1HCA_A, 1KWQ_A, 3MNJ_A]","[]","[]"
"5JEP_B","S+3(1)","[1A42_A, 1AM6_A, 1AVN_A, 1BCD_A, 1BN1_A, 1BN3_A, 1BN4_A, 1BNM_A, 1BNN_A]","[]","[]"
"4QK3_A","S+3(1)","[1CA3_A, 1CNW_A, 1CNX_A, 1CNY_A, 1EOU_A, 1G6V_A, 1HCA_A, 1KWQ_A, 1KWR_A]","[]","[]"
"5EKH_A","S+3(1)","[5EKH_A, 5EKJ_A, 5EKM_A, 6QFU_A, 6QFV_A, 6QFW_A, 6QFX_A]","[]","[7ONP_A, 7U5W_A]"
"4XE1_A","S+3(1)","[4XE1_A, 5E2R_A, 5J8Z_A, 5JQ0_A, 5JQT_A, 5LMD_A, 5N0D_A, 5N0E_A, 6H2Z_A]","[]","[]"
"5EH5_A","S+3(1)","[1CNW_A, 1CNX_A, 1CNY_A, 1EOU_A, 1G6V_A, 1HCA_A, 1KWQ_A, 1KWR_A, 1T9N_A]","[]","[]"
"4RN4_A","S+3(1)","[1CNW_A, 1CNX_A, 1CNY_A, 1EOU_A, 1G6V_A, 1HCA_A, 1KWQ_A, 1KWR_A, 1T9N_A]","[]","[]"
"4PQ7_A","S+3(1)","[4XE1_A, 5E2R_A, 5J8Z_A, 5JQ0_A, 5JQT_A, 5LMD_A, 5N0D_A, 5N0E_A, 6H2Z_A]","[]","[]"
"3HLJ_A","S+3(1)","[1CNW_A, 1CNX_A, 1CNY_A, 1EOU_A, 1G6V_A, 1HCA_A, 1KWQ_A, 1KWR_A, 1T9N_A]","[]","[]"
"3OIK_A","S+3(1)","[1CA3_A, 3DC3_A, 3DC9_A, 3DCC_A, 3DCS_A, 3DCW_A, 3OIK_A, 3OIL_A, 3OKV_A]","[]","[]"
"3MNJ_A","S+3(1)","[1CA3_A, 1CNW_A, 1CNX_A, 1CNY_A, 1EOU_A, 1G6V_A, 1HCA_A, 1KWQ_A, 3MNI_A]","[]","[]"
"2X7S_A","S+3(1)","[1AM6_A, 1AVN_A, 1BCD_A, 1BN1_A, 1BN3_A, 1BN4_A, 1BNM_A, 1BNN_A, 1BNQ_A]","[]","[]"
"4MTY_A","S+3(1)","[1CNW_A, 1CNX_A, 1CNY_A, 1EOU_A, 1G6V_A, 1HCA_A, 1KWQ_A, 1KWR_A, 1T9N_A]","[]","[]"
"1HCB_A","S+3(1)","[1BZM_A, 1CZM_A, 1HCB_A, 1HUG_A, 1HUH_A, 2FW4_A, 2NMX_A, 2NN1_A]","[]","[2FOY_A]"
"3MNI_A","S+3(1)","[1CA3_A, 1CNW_A, 1CNX_A, 1CNY_A, 1EOU_A, 1G6V_A, 1HCA_A, 1KWQ_A, 3MNJ_A]","[]","[]"
"5FDI_A","S+3(1)","[1CNW_A, 1CNX_A, 1CNY_A, 1EOU_A, 1G6V_A, 1HCA_A, 1KWQ_A, 1KWR_A, 1T9N_A]","[]","[]"
"2NNG_A","S+3(1)","[1CNW_A, 1CNX_A, 1CNY_A, 1EOU_A, 1G6V_A, 1HCA_A, 1KWQ_A, 1KWR_A, 1T9N_A]","[]","[]"
"6B5A_A","S+3(1)","[4R59_A, 4R5A_A, 4RIU_A, 4RIV_A, 4YWP_A, 4ZAO_A, 4ZWX_A, 4ZWZ_A, 5JMZ_A]","[]","[]"
"1CVE_A","S+3(1)","[1A42_A, 1AM6_A, 1AVN_A, 1BCD_A, 1BN1_A, 1BN3_A, 1BN4_A, 1H9N_A, 1H9Q_A]","[]","[]"
"5KGN_A","S+3(1)","[1EJJ_A, 1EQJ_A, 1O98_A, 1O99_A, 5KGN_A]","[7KNG_A]","[5KGM_A, 7TL7_A]"
"3W6I_A","S+3(1)","[1BZM_A, 1CZM_A, 1HCB_A, 1HUG_A, 1HUH_A, 2FW4_A, 2NMX_A, 2NN1_A]","[]","[2FOY_A]"
"2FOQ_A","S+3(1)","[1CNW_A, 1CNX_A, 1CNY_A, 1EOU_A, 1G6V_A, 1HCA_A, 1KWQ_A, 1KWR_A, 1T9N_A]","[]","[]"
"5BU6_B","S+3(1)","[]","[4F9J_A]","[]"
"4ZWZ_A","S+3(1)","[4R59_A, 4R5A_A, 4RIU_A, 4RIV_A, 4YWP_A, 4ZAO_A, 4ZWX_A, 4ZWZ_A, 5JMZ_A]","[]","[]"
"1BN4_A","S+3(1)","[1AM6_A, 1AVN_A, 1BCD_A, 1BN1_A, 1BN3_A, 1BN4_A, 1BNM_A, 1BNN_A, 1BNQ_A]","[]","[]"
"4Q49_A","S+3(1)","[1CNW_A, 1CNX_A, 1CNY_A, 1EOU_A, 1G6V_A, 1HCA_A, 1KWQ_A, 1KWR_A, 1T9N_A]","[]","[]"
"1YO0_A","S+3(1)","[1G0E_A, 1G0F_A, 1YO1_A, 1YO2_A, 4FIK_A]","[1MOO_A]","[9JWU_A, 9JWW_A, 9U5B_A]"
"1HEA_A","S+3(1)","[1CA3_A, 1CNW_A, 1CNX_A, 1CNY_A, 1EOU_A, 1HEB_A, 1HEC_A, 1HED_A, 1YDD_A]","[]","[]"
"4G7A_A","S+3(1)","[]","[4X5S_A]","[8DPC_A, 8DPO_A, 8DQF_A, 8DR2_A, 8W7X_A]"
"3RYV_B","S+3(1)","[1A42_A, 1AM6_A, 1AVN_A, 1BCD_A, 3RYY_A, 4YGL_A, 4YGN_A]","[4YGK_A]","[]"
"5TXY_A","S+3(1)","[1CNW_A, 1CNX_A, 1CNY_A, 1EOU_A, 1G6V_A, 1HCA_A, 1KWQ_A, 1KWR_A, 1T9N_A]","[]","[]"
"1TE3_X","S+3(1)","[1CNW_A, 1CNX_A, 1CNY_A, 1EOU_A, 1G6V_A, 1HCA_A, 1KWQ_A, 1KWR_A, 1T9N_A]","[]","[]"
"1HUG_A","S+3(1)","[1BZM_A, 1CZM_A, 1HCB_A, 1HUG_A, 1HUH_A, 2FW4_A, 2NMX_A, 2NN1_A]","[]","[2FOY_A]"
"4K13_A","S+3(1)","[4K0T_A, 4K0Z_A, 4K13_A, 4K1Q_A, 4M2W_A, 4R59_A, 4R5A_A, 4RIU_A, 5SZ7_A]","[]","[]"
"1FQL_A","S+3(1)","[1CA3_A, 1CNW_A, 1CNX_A, 1CNY_A, 1EOU_A, 1FQM_A, 1FQN_A, 1FQR_A, 1FR4_A]","[]","[]"
"3RZ1_B","S+3(1)","[1AM6_A, 1AVN_A, 1BCD_A, 1BN1_A, 1BN3_A, 1BN4_A, 1BNM_A, 1BNN_A, 1BNQ_A]","[]","[]"
"3FE4_A","S+3(1)","[4LU3_A, 5CJF_A, 5DVX_A, 6QUT_A, 6RQN_A, 6RQQ_A]","[6RQW_A]","[]"
"3BL1_A","S+3(1)","[1CNW_A, 1CNX_A, 1CNY_A, 1EOU_A, 1G6V_A, 1HCA_A, 1KWQ_A, 1KWR_A, 1T9N_A]","[]","[]"
"3P44_A","S+3(1)","[1CNW_A, 1CNX_A, 1CNY_A, 1EOU_A, 1G6V_A, 1HCA_A, 1KWQ_A, 1KWR_A, 1T9N_A]","[]","[]"
"7CA2_A","S+3(1)","[1CA3_A, 1CNW_A, 1CNX_A, 1CNY_A, 1EOU_A, 1G6V_A, 1HCA_A, 1KWQ_A, 3U45_X]","[]","[]"
"4Z1N_A","S+3(1)","[1AM6_A, 1AVN_A, 1BCD_A, 1BN1_A, 1BN3_A, 1BN4_A, 1BNM_A, 1BNN_A, 1BNQ_A]","[]","[]"
"5FNJ_A","S+3(1)","[1CNW_A, 1CNX_A, 1CNY_A, 1EOU_A, 1G6V_A, 1HCA_A, 1KWQ_A, 1KWR_A, 1T9N_A]","[]","[]"
"1LGD_A","S+3(1)","[1CA3_A, 1CNW_A, 1CNX_A, 1CNY_A, 1DCA_A, 1DCB_A, 1EOU_A, 1LG6_A, 1LGD_A]","[]","[]"
"1HUH_A","S+3(1)","[1BZM_A, 1CZM_A, 1HCB_A, 1HUG_A, 1HUH_A, 2FW4_A, 2NMX_A, 2NN1_A]","[]","[2FOY_A]"
"3MWO_A","S+3(1)","[1CNW_A, 1CNX_A, 1CNY_A, 1EOU_A, 1G6V_A, 1HCA_A, 1KWQ_A, 1KWR_A, 1T9N_A]","[]","[]"
"6EQU_A","S+3(1)","[4XE1_A, 5E2R_A, 5J8Z_A, 5JQ0_A, 5JQT_A, 5LMD_A, 5N0D_A, 5N0E_A, 6EQU_A]","[]","[]"
"1YDD_A","S+3(1)","[1A42_A, 1AM6_A, 1AVN_A, 1BCD_A, 1BN1_A, 1BN3_A, 1BN4_A, 1BNM_A, 1YDD_A]","[]","[]"
"2GD8_A","S+3(1)","[1AM6_A, 1AVN_A, 1BCD_A, 1BN1_A, 1BN3_A, 1BN4_A, 1BNM_A, 1BNN_A, 1BNQ_A]","[]","[]"
"5E2S_A","S+3(1)","[1AM6_A, 1AVN_A, 1BCD_A, 1BN1_A, 1BN3_A, 1BN4_A, 1BNM_A, 1BNN_A, 1BNQ_A]","[]","[]"
"4PYY_A","S+3(1)","[1CNW_A, 1CNX_A, 1CNY_A, 1EOU_A, 1G6V_A, 1HCA_A, 1KWQ_A, 1KWR_A, 1T9N_A]","[]","[]"
"1CVB_A","S+3(1)","[1A42_A, 1AM6_A, 1AVN_A, 1BCD_A, 1BN1_A, 1BN3_A, 1BN4_A, 1BNM_A, 1CVB_A]","[]","[]"
"4DZ7_A","S+3(1)","[1CNW_A, 1CNX_A, 1CNY_A, 1EOU_A, 1G6V_A, 1HCA_A, 1KWQ_A, 1KWR_A, 1T9N_A]","[]","[]"
"1DCA_A","S+3(1)","[1CA3_A, 1CNW_A, 1CNX_A, 1CNY_A, 1DCB_A, 1EOU_A, 1G6V_A, 1HCA_A, 1KWQ_A]","[]","[]"
"4Q81_A","S+3(1)","[1CNW_A, 1CNX_A, 1CNY_A, 1EOU_A, 1G6V_A, 1HCA_A, 1KWQ_A, 1KWR_A, 1T9N_A]","[]","[]"
"4HEY_A","S+3(1)","[1CA3_A, 1CNW_A, 1G0F_A, 4FIK_A, 4HEW_A, 4HEY_A, 4HEZ_A, 4HF3_A]","[1MOO_A]","[]"
"1G45_A","S+3(1)","[1G45_A, 1G46_A, 1G48_A, 1G4J_A, 1G4O_A, 1I9L_A, 1I9M_A, 1I9N_A, 1I9O_A]","[]","[]"
"2CAB_A","S+3(1)","[1AZM_A, 1BZM_A, 1CZM_A, 1HCB_A, 1HUG_A, 1HUH_A, 2CAB_A, 2FW4_A]","[]","[2FOY_A]"
"1MUA_A","S+3(1)","[1A42_A, 1AM6_A, 1AVN_A, 1BCD_A, 1BN1_A, 1BN3_A, 1BN4_A, 1BNM_A, 1BNN_A]","[]","[]"
"1BNT_A","S+3(1)","[1AM6_A, 1AVN_A, 1BCD_A, 1BN1_A, 1BN3_A, 1BN4_A, 1BNM_A, 1BNN_A, 1BNQ_A]","[]","[]"
"4JSS_A","S+3(1)","[1CA3_A, 1CNW_A, 1CNX_A, 1CNY_A, 1CVC_A, 1EOU_A, 1G6V_A, 4JSA_A, 4JSS_A]","[]","[]"
"5EHV_A","S+3(1)","[1CNW_A, 1CNX_A, 1CNY_A, 1EOU_A, 1G6V_A, 1HCA_A, 1KWQ_A, 1KWR_A, 1T9N_A]","[]","[]"
"4JS6_A","S+3(1)","[1CA3_A, 1CNW_A, 1CNX_A, 1CNY_A, 1CVC_A, 1EOU_A, 1G6V_A, 4JSA_A, 4JSS_A]","[]","[]"
"2VVA_X","S+3(1)","[1CNW_A, 1CNX_A, 1CNY_A, 1EOU_A, 1G6V_A, 1HCA_A, 1KWQ_A, 1KWR_A, 1T9N_A]","[]","[]"
"4Q6D_A","S+3(1)","[1CNW_A, 1CNX_A, 1CNY_A, 1EOU_A, 1G6V_A, 1HCA_A, 1KWQ_A, 1KWR_A, 1T9N_A]","[]","[]"
"5AML_A","S+3(1)","[1AM6_A, 1AVN_A, 1BCD_A, 1BN1_A, 1BN3_A, 1BN4_A, 1BNM_A, 1BNN_A, 1BNQ_A]","[]","[]"
"1BZM_A","S+3(1)","[1BZM_A, 1CZM_A, 1HCB_A, 1HUG_A, 1HUH_A, 2FW4_A, 2NMX_A, 2NN1_A]","[]","[2FOY_A]"
"1AM6_A","S+3(1)","[1AM6_A, 1AVN_A, 1BCD_A, 1BN1_A, 1BN3_A, 1BN4_A, 1BNM_A, 1BNN_A, 1BNQ_A]","[]","[]"
"5E2N_A","S+3(1)","[4KNM_A, 4KNN_A, 4QIZ_A, 4QJP_A, 4QJX_A, 4QSJ_A, 5E2N_A, 5LLA_A, 5LLN_A]","[]","[]"
"5EH8_A","S+3(1)","[1CNW_A, 1CNX_A, 1CNY_A, 1EOU_A, 1G6V_A, 1HCA_A, 1KWQ_A, 1KWR_A, 1T9N_A]","[]","[]"
"5FL6_A","S+3(1)","[5FL4_A, 5FL5_A, 5FL6_A, 6FE1_A, 6FE2_A, 6G98_A, 6G9U_A, 6QN2_A]","[6FE0_A]","[]"
"3DCS_A","S+3(1)","[1CA3_A, 3DC3_A, 3DC9_A, 3DCC_A, 3DCS_A, 3DCW_A, 3OIK_A, 3OIL_A, 3OKV_A]","[]","[]"
"1EOU_A","S+3(1)","[1CNW_A, 1CNX_A, 1CNY_A, 1EOU_A, 1G6V_A, 1HCA_A, 1KWQ_A, 1KWR_A, 1T9N_A]","[]","[]"
"1G53_A","S+3(1)","[1AM6_A, 1AVN_A, 1BCD_A, 1BN1_A, 1BN3_A, 1BN4_A, 1BNM_A, 1BNN_A, 1BNQ_A]","[]","[]"
"4LHI_A","S+3(1)","[1CNW_A, 1CNX_A, 1CNY_A, 1EOU_A, 1G6V_A, 1HCA_A, 1KWQ_A, 1KWR_A, 1T9N_A]","[]","[]"
"3OYQ_A","S+3(1)","[1CNW_A, 1CNX_A, 1CNY_A, 1EOU_A, 1G6V_A, 1HCA_A, 1KWQ_A, 1KWR_A, 1T9N_A]","[]","[]"
"4FRC_A","S+3(1)","[1CNW_A, 1CNX_A, 1CNY_A, 1EOU_A, 1G6V_A, 1HCA_A, 1KWQ_A, 1KWR_A, 1T9N_A]","[]","[]"
"4ZAO_A","S+3(1)","[4R5A_A, 4RIU_A, 4RIV_A, 4ZAO_A, 6FJI_A, 6FJJ_A, 6GCY_A, 6T9Z_A, 6YJ3_A]","[]","[]"
"5FNI_A","S+3(1)","[1CNW_A, 1CNX_A, 1CNY_A, 1EOU_A, 1G6V_A, 1HCA_A, 1KWQ_A, 1KWR_A, 1T9N_A]","[]","[]"
"1OQ5_A","S+3(1)","[1AM6_A, 1AVN_A, 1BCD_A, 1BN1_A, 1BN3_A, 1BN4_A, 1BNM_A, 1BNN_A, 1BNQ_A]","[]","[]"
"1RAY_A","S+3(1)","[1AM6_A, 1AVN_A, 1BCD_A, 1BN1_A, 1BN3_A, 1BN4_A, 1BNM_A, 1BNN_A, 1BNQ_A]","[]","[]"
"4YX4_A","S+3(1)","[1CNW_A, 1CNX_A, 1CNY_A, 1EOU_A, 1G6V_A, 1HCA_A, 1KWQ_A, 1KWR_A, 1T9N_A]","[]","[]"
"4R5B_A","S+3(1)","[1CNW_A, 1CNX_A, 1CNY_A, 1EOU_A, 1G6V_A, 1HCA_A, 1KWQ_A, 1KWR_A, 1T9N_A]","[]","[]"
"1CAI_A","S+3(1)","[1A42_A, 1AM6_A, 1AVN_A, 1BCD_A, 1BN1_A, 1BN3_A, 1BN4_A, 1BNM_A, 1BNN_A]","[]","[]"
"3M5T_A","S+3(1)","[3M1Q_A, 3M1W_A, 3M2Z_A, 3M5S_A, 3M5T_A]","[]","[3KNE_A, 3M04_A, 3M14_A, 3M1K_A]"
"4PXX_A","S+3(1)","[3V3G_B, 3V3H_B, 3V3I_B, 4HBA_A, 6B00_A, 6NJ2_A]","[3V3F_A]","[9F2E_A, 9F2F_A]"
"4E3D_A","S+3(1)","[1CNW_A, 1CNX_A, 1CNY_A, 1EOU_A, 1G6V_A, 1HCA_A, 1KWQ_A, 1KWR_A, 1T9N_A]","[]","[]"
"3N2P_A","S+3(1)","[1CNW_A, 1CNX_A, 1CNY_A, 1EOU_A, 1G6V_A, 1HCA_A, 1KWQ_A, 1KWR_A, 1T9N_A]","[]","[]"
"3T5Z_A","S+3(1)","[1AM6_A, 1AVN_A, 1BCD_A, 1BN1_A, 1BN3_A, 1BN4_A, 1BNM_A, 1BNN_A, 1BNQ_A]","[]","[]"
"3S9T_A","S+3(1)","[1CNW_A, 1CNX_A, 1CNY_A, 1EOU_A, 1G6V_A, 1HCA_A, 1KWQ_A, 1KWR_A, 1T9N_A]","[]","[]"
"1DCB_A","S+3(1)","[1CA3_A, 1CNW_A, 1CNX_A, 1CNY_A, 1DCB_A, 1EOU_A, 1G6V_A, 1HCA_A, 1KWQ_A]","[]","[]"
"6BCC_A","S+3(1)","[1CNW_A, 1CNX_A, 1CNY_A, 1EOU_A, 1G6V_A, 1HCA_A, 1KWQ_A, 1KWR_A, 1T9N_A]","[]","[]"
"5TI0_A","S+3(1)","[1CA3_A, 1CNW_A, 1CNX_A, 1HEA_A, 1HEB_A, 1HEC_A, 1HED_A, 5THI_A, 5TI0_A]","[]","[]"
"1G48_A","S+3(1)","[1G45_A, 1G46_A, 1G48_A, 1G4J_A, 1G4O_A, 1I9L_A, 1I9M_A, 1I9N_A, 1I9O_A]","[]","[]"
"3HKQ_A","S+3(1)","[1CNW_A, 1CNX_A, 1CNY_A, 1EOU_A, 1G6V_A, 1HCA_A, 1KWQ_A, 1KWR_A, 1T9N_A]","[]","[]"
"5JN7_A","S+3(1)","[1AM6_A, 1AVN_A, 1BCD_A, 1BN1_A, 1BN3_A, 1BN4_A, 1BNM_A, 1BNN_A, 1BNQ_A]","[]","[]"
"4QJW_A","S+3(1)","[4KP5_A, 4KP8_A, 4Q0L_A, 4QJ0_A, 4QJO_A, 4QJW_A, 5LL5_A, 5LL9_A]","[4WW8_A]","[]"
"4Q7V_A","S+3(1)","[1CNW_A, 1CNX_A, 1CNY_A, 1EOU_A, 1G6V_A, 1HCA_A, 1KWQ_A, 1KWR_A, 1T9N_A]","[]","[]"
"1CAY_A","S+3(1)","[1AM6_A, 1AVN_A, 1BCD_A, 1BN1_A, 1BN3_A, 1BN4_A, 1BNM_A, 1BNN_A, 1BNQ_A]","[]","[]"
"4QSI_A","S+3(1)","[1CNW_A, 1CNX_A, 1CNY_A, 1EOU_A, 1G6V_A, 1HCA_A, 1KWQ_A, 1KWR_A, 1T9N_A]","[]","[]"
"1CCT_A","S+3(1)","[1A42_A, 1AM6_A, 1AVN_A, 1BCD_A, 1BN1_A, 1BN3_A, 1BN4_A, 1BNM_A, 1CCS_A]","[]","[]"
"3SAP_A","S+3(1)","[1CNW_A, 1CNX_A, 1CNY_A, 1EOU_A, 1G6V_A, 1HCA_A, 1KWQ_A, 1KWR_A, 1T9N_A]","[]","[]"
"3M2Z_A","S+3(1)","[3M1Q_A, 3M1W_A, 3M2Z_A, 3M5S_A, 3M5T_A]","[]","[3KNE_A, 3M04_A, 3M14_A, 3M1K_A]"
"5DSJ_A","S+3(1)","[...loading_similar]","[...loading_similar]","[...loading_similar]"
"4QTL_A","S+3(1)","[1CNW_A, 1CNX_A, 1CNY_A, 1EOU_A, 1G6V_A, 1HCA_A, 1KWQ_A, 1KWR_A, 1T9N_A]","[]","[]"
"3P5L_A","S+3(1)","[1CNW_A, 1CNX_A, 1CNY_A, 1EOU_A, 1G6V_A, 1HCA_A, 1KWQ_A, 1KWR_A, 1T9N_A]","[]","[]"
"4KNI_A","S+3(1)","[1CNW_A, 1CNX_A, 1CNY_A, 1EOU_A, 1G6V_A, 1HCA_A, 1KWQ_A, 1KWR_A, 1T9N_A]","[]","[]"
"1BNU_A","S+3(1)","[1AM6_A, 1AVN_A, 1BCD_A, 1BN1_A, 1BN3_A, 1BN4_A, 1BNM_A, 1BNN_A, 1BNQ_A]","[]","[]"
"4MLX_A","S+3(1)","[1CNW_A, 1CNX_A, 1CNY_A, 1EOU_A, 1G6V_A, 1HCA_A, 1KWQ_A, 1KWR_A, 1T9N_A]","[]","[]"
"5JG5_B","S+3(1)","[3PYK_A, 5EKH_A, 5EKJ_A, 5EKM_A, 5JES_B, 5NXI_A, 6QFU_A, 6QFV_A, 6QFW_A]","[]","[]"
"3SBH_A","S+3(1)","[1CNW_A, 1CNX_A, 1CNY_A, 1EOU_A, 1G6V_A, 1HCA_A, 1KWQ_A, 1KWR_A, 1T9N_A]","[]","[]"
"1CAL_A","S+3(1)","[1A42_A, 1AM6_A, 1AVN_A, 1BCD_A, 1BN1_A, 1BN3_A, 1BN4_A, 1BNM_A, 1CAM_A]","[]","[]"
"3KS3_A","S+3(1)","[1CNW_A, 1CNX_A, 1CNY_A, 1EOU_A, 1G6V_A, 1HCA_A, 1KWQ_A, 1KWR_A, 1T9N_A]","[]","[]"
"4CNR_A","S+3(1)","[1V9E_A, 4CNW_A, 4CNX_A, 5A25_A]","[6SKV_A]","[23OM_A, 23ON_A]"
"3MMF_A","S+3(1)","[1CNW_A, 1CNX_A, 1CNY_A, 1EOU_A, 1G6V_A, 1HCA_A, 1KWQ_A, 1KWR_A, 1T9N_A]","[]","[]"
"2Q1B_A","S+3(1)","[1CNW_A, 1CNX_A, 1CNY_A, 1EOU_A, 1G6V_A, 1HCA_A, 1KWQ_A, 1KWR_A, 1T9N_A]","[]","[]"
"3S71_B","S+3(1)","[1AM6_A, 1AVN_A, 1BCD_A, 1BN1_A, 1BN3_A, 1BN4_A, 1BNM_A, 1BNN_A, 1BNQ_A]","[]","[]"
"1OKM_A","S+3(1)","[1AM6_A, 1AVN_A, 1BCD_A, 1BN1_A, 1BN3_A, 1BN4_A, 1BNM_A, 1BNN_A, 1BNQ_A]","[]","[]"
"3DCW_A","S+3(1)","[1CA3_A, 3DC3_A, 3DC9_A, 3DCC_A, 3DCS_A, 3DCW_A, 3OIK_A, 3OIL_A, 3OKV_A]","[]","[]"
"4IDR_X","S+3(1)","[1A42_A, 1AM6_A, 1AVN_A, 1BCD_A, 2NXR_A, 2NXS_A, 2NXT_A, 3TVN_X, 4IDR_X]","[]","[]"
"3M1J_A","S+3(1)","[1CNW_A, 1CNX_A, 1CNY_A, 1EOU_A, 1G6V_A, 1HCA_A, 1KWQ_A, 1KWR_A, 1T9N_A]","[]","[]"
"3HS4_A","S+3(1)","[1CNW_A, 1CNX_A, 1CNY_A, 1EOU_A, 1G6V_A, 1HCA_A, 1KWQ_A, 1KWR_A, 1T9N_A]","[]","[]"
"6CJV_A","S+3(1)","[4R59_A, 4R5A_A, 4RIU_A, 4RIV_A, 4YWP_A, 4ZAO_A, 4ZWX_A, 4ZWZ_A, 5JMZ_A]","[]","[]"
"4RUX_A","S+3(1)","[1CNW_A, 1CNX_A, 1CNY_A, 1EOU_A, 1G6V_A, 1HCA_A, 1KWQ_A, 1KWR_A, 1T9N_A]","[]","[]"
"5JN1_A","S+3(1)","[...loading_similar]","[...loading_similar]","[...loading_similar]"
"5JGT_B","S+3(1)","[1HED_A, 3PYK_A, 5EKH_A, 5EKJ_A, 5EKM_A, 5JEH_B, 5JG5_B, 5NXI_A, 6QFU_A]","[]","[]"
"1RJ6_A","S+3(1)","[1JD0_A, 1RJ6_A, 4HT2_A, 4KP5_A, 4KP8_A, 4LU3_A, 4Q0L_A, 5CJF_A]","[]","[1JCZ_A]"
"3DD0_A","S+3(1)","[1CNW_A, 1CNX_A, 1CNY_A, 1EOU_A, 1G6V_A, 1HCA_A, 1KWQ_A, 1KWR_A, 1T9N_A]","[]","[]"
"5LLC_A","S+3(1)","[1CNW_A, 1CNX_A, 1CNY_A, 1EOU_A, 1G6V_A, 1HCA_A, 1KWQ_A, 1KWR_A, 1T9N_A]","[]","[]"
"4MO8_A","S+3(1)","[1CNW_A, 1CNX_A, 1CNY_A, 1EOU_A, 1G6V_A, 1HCA_A, 1KWQ_A, 1KWR_A, 1T9N_A]","[]","[]"
"3S78_B","S+3(1)","[1AM6_A, 1AVN_A, 1BCD_A, 1BN1_A, 1BN3_A, 1BN4_A, 1BNM_A, 1BNN_A, 1BNQ_A]","[]","[]"
"3V3J_A","S+3(1)","[2NWO_A, 2NWP_A, 2NXR_A, 3V3G_B, 3V3H_B, 3V3I_B, 4PXX_A, 6B00_A]","[3V3F_A]","[]"
"1G6V_A","S+3(1)","[1CNW_A, 1CNX_A, 1CNY_A, 1EOU_A, 1G6V_A, 1HCA_A, 1KWQ_A, 1KWR_A, 1T9N_A]","[]","[]"
"2IT4_A","S+3(1)","[1BZM_A, 1CZM_A, 1HCB_A, 1HUG_A, 1HUH_A, 2FW4_A, 2IT4_A, 2NMX_A]","[]","[2FOY_A]"
"5A6H_A","S+3(1)","[1CNW_A, 1CNX_A, 1CNY_A, 1EOU_A, 1G6V_A, 1HCA_A, 1KWQ_A, 1KWR_A, 1T9N_A]","[]","[]"
"1KOQ_A","S+3(1)","[1KOQ_A, 6EKI_A]","[]","[6IM0_A, 8DPC_A, 8DPO_A, 8DQF_A, 8DR2_A, 8DRB_A, 8DYQ_A]"
"1CVH_A","S+3(1)","[1A42_A, 1AM6_A, 1AVN_A, 1BCD_A, 1BN1_A, 1BN3_A, 1BN4_A, 1BNM_A, 1BNN_A]","[]","[]"
"4QY3_A","S+3(1)","[1AM6_A, 1AVN_A, 1BCD_A, 1BN1_A, 1BN3_A, 1BN4_A, 1BNM_A, 1BNN_A, 1BNQ_A]","[]","[]"
"5ULN_A","S+3(1)","[1CNW_A, 1CNX_A, 1CNY_A, 1EOU_A, 1G6V_A, 1HCA_A, 1KWQ_A, 1KWR_A, 1T9N_A]","[]","[]"
"4G0C_A","S+3(1)","[1AM6_A, 1AVN_A, 1BCD_A, 1BN1_A, 1BN3_A, 1BN4_A, 1BNM_A, 1BNN_A, 1BNQ_A]","[]","[]"
"5U0D_A","S+3(1)","[1CNW_A, 1CNX_A, 1CNY_A, 1EOU_A, 1G6V_A, 1HCA_A, 1KWQ_A, 1KWR_A, 1T9N_A]","[]","[]"
"1H9N_A","S+3(1)","[1A42_A, 1AM6_A, 1AVN_A, 1BCD_A, 1BN1_A, 1BN3_A, 1BN4_A, 1BNM_A, 1BNN_A]","[]","[]"
"1V9I_C","S+3(1)","[1V9E_A, 4CNV_A, 5A25_A]","[6SKV_A]","[23OM_A, 23ON_A, 5EZT_X]"
"5DSI_A","S+3(1)","[...loading_similar]","[...loading_similar]","[...loading_similar]"
"3HKU_A","S+3(1)","[1CNW_A, 1CNX_A, 1CNY_A, 1EOU_A, 1G6V_A, 1HCA_A, 1KWQ_A, 1KWR_A, 1T9N_A]","[]","[]"
"3DVD_A","S+3(1)","[1A42_A, 1AM6_A, 1AVN_A, 1BCD_A, 1BN1_A, 1BN3_A, 1BN4_A, 1BNM_A, 1BNN_A]","[]","[]"
"4ZX1_A","S+3(1)","[4M2W_A, 4R59_A, 4R5A_A, 4RIU_A, 4RIV_A, 4YWP_A, 4ZAO_A, 4ZWX_A, 4ZWZ_A]","[]","[]"
"4ITO_A","S+3(1)","[1CNW_A, 1CNX_A, 1CNY_A, 1EOU_A, 1G6V_A, 1HCA_A, 1KWQ_A, 1KWR_A, 1T9N_A]","[]","[]"
"3V3H_B","S+3(1)","[2NWO_A, 2NWP_A, 3V3G_B, 3V3I_B, 3V3J_A, 4PXX_A, 6B00_A, 6NJ2_A]","[3V3F_A]","[]"
"5BNL_A","S+3(1)","[1AM6_A, 1AVN_A, 1BCD_A, 1BN1_A, 1BN3_A, 1BN4_A, 1BNM_A, 1BNN_A, 1BNQ_A]","[]","[]"
"4ILX_A","S+3(1)","[1AM6_A, 1AVN_A, 1BCD_A, 1BN1_A, 1BN3_A, 1BN4_A, 1BNM_A, 1BNN_A, 1BNQ_A]","[]","[]"
"3E2D_A","S+3(1)","[3WBH_A]","[6QSQ_A]","[6T26_A, 7QOW_A, 7QP8_A, 7YZZ_A, 7Z00_B]"
"5N1R_A","S+3(1)","[1CNW_A, 1CNX_A, 1CNY_A, 1EOU_A, 1G6V_A, 1HCA_A, 1KWQ_A, 1KWR_A, 1T9N_A]","[]","[]"
"2FMZ_A","S+3(1)","[1CNW_A, 1CNX_A, 1CNY_A, 1EOU_A, 1G6V_A, 1HCA_A, 1KWQ_A, 1KWR_A, 1T9N_A]","[]","[]"
"2POV_A","S+3(1)","[1CNW_A, 1CNX_A, 1CNY_A, 1EOU_A, 1G6V_A, 1HCA_A, 1KWQ_A, 1KWR_A, 1T9N_A]","[]","[]"
"5JQ0_A","S+3(1)","[4XE1_A, 5E2R_A, 5J8Z_A, 5JQ0_A, 5JQT_A, 5LMD_A, 5N0D_A, 5N0E_A, 6H2Z_A]","[]","[]"
"2HNC_A","S+3(1)","[1AM6_A, 1AVN_A, 1BCD_A, 1BN1_A, 1BN3_A, 1BN4_A, 1BNM_A, 1BNN_A, 1BNQ_A]","[]","[]"
"5CAC_A","S+3(1)","[1AM6_A, 1AVN_A, 1BCD_A, 1BN1_A, 1BN3_A, 1BN4_A, 1BNM_A, 1BNN_A, 1BNQ_A]","[]","[]"
"5FLQ_A","S+3(1)","[1CNW_A, 1CNX_A, 1CNY_A, 1EOU_A, 1G6V_A, 1HCA_A, 1KWQ_A, 1KWR_A, 1T9N_A]","[]","[]"
"5CA2_A","S+3(1)","[1CA3_A, 1CNW_A, 1CNX_A, 1CNY_A, 1EOU_A, 1G6V_A, 1HCA_A, 1KWQ_A, 1KWR_A]","[]","[]"
"1T9N_A","S+3(1)","[1CNW_A, 1CNX_A, 1CNY_A, 1EOU_A, 1G6V_A, 1HCA_A, 1KWQ_A, 1KWR_A, 1T9N_A]","[]","[]"
"4Q8Y_A","S+3(1)","[1CNW_A, 1CNX_A, 1CNY_A, 1EOU_A, 1G6V_A, 1HCA_A, 1KWQ_A, 1KWR_A, 1T9N_A]","[]","[]"
"5O07_A","S+3(1)","[1CNW_A, 1CNX_A, 1CNY_A, 1EOU_A, 1G6V_A, 1HCA_A, 1KWQ_A, 1KWR_A, 1T9N_A]","[]","[]"
"3QYK_A","S+3(1)","[1CNW_A, 1CNX_A, 1CNY_A, 1EOU_A, 1G6V_A, 1HCA_A, 1KWQ_A, 1KWR_A, 1T9N_A]","[]","[]"
"5N1S_A","S+3(1)","[1CNW_A, 1CNX_A, 1CNY_A, 1EOU_A, 1G6V_A, 1HCA_A, 1KWQ_A, 1KWR_A, 1T9N_A]","[]","[]"
"5E2R_A","S+3(1)","[4XE1_A, 5E2R_A, 5J8Z_A, 5JQ0_A, 5JQT_A, 5LMD_A, 5N0D_A, 5N0E_A, 6H2Z_A]","[]","[]"
"1CAZ_A","S+3(1)","[1A42_A, 1AM6_A, 1AVN_A, 1BCD_A, 1BN1_A, 1BN3_A, 1BN4_A, 1BNM_A, 1CAZ_A]","[]","[]"
"4YXU_A","S+3(1)","[1CNW_A, 1CNX_A, 1CNY_A, 1EOU_A, 1G6V_A, 1HCA_A, 1KWQ_A, 1KWR_A, 1T9N_A]","[]","[]"
"4Q78_A","S+3(1)","[1AM6_A, 1AVN_A, 1BCD_A, 1BN1_A, 1BN3_A, 1BN4_A, 1BNM_A, 1BNN_A, 1BNQ_A]","[]","[]"
"4RH2_A","S+3(1)","[1CNW_A, 1CNX_A, 1CNY_A, 1EOU_A, 1G6V_A, 1HCA_A, 1KWQ_A, 1KWR_A, 1T9N_A]","[]","[]"
"1XQ0_A","S+3(1)","[1AM6_A, 1AVN_A, 1BCD_A, 1BN1_A, 1BN3_A, 1BN4_A, 1BNM_A, 1BNN_A, 1BNQ_A]","[]","[]"
"1BNW_A","S+3(1)","[1AM6_A, 1AVN_A, 1BCD_A, 1BN1_A, 1BN3_A, 1BN4_A, 1BNM_A, 1BNN_A, 1BNQ_A]","[]","[]"
"4JSA_A","S+3(1)","[1CA3_A, 1CNW_A, 1CNX_A, 1CNY_A, 1CVC_A, 1EOU_A, 1G6V_A, 4JSA_A, 4JSS_A]","[]","[]"
"5A25_A","S+3(1)","[1V9E_A, 1V9I_C, 4CNV_A]","[6SKV_A]","[23OM_A, 23ON_A, 5EZT_X]"
"1FQR_A","S+3(1)","[1CA3_A, 1FQL_A, 1FQN_A, 1FQR_A, 1FR4_A, 1FR7_A, 1FSN_A, 1FSQ_A, 1FSR_A]","[]","[]"
"3NI5_A","S+3(1)","[1CNW_A, 1CNX_A, 1CNY_A, 1EOU_A, 1G6V_A, 1HCA_A, 1KWQ_A, 1KWR_A, 1T9N_A]","[]","[]"
"3K7K_A","S+3(1)","[1CNW_A, 1CNX_A, 1CNY_A, 1EOU_A, 1G6V_A, 1HCA_A, 1KWQ_A, 1KWR_A, 1T9N_A]","[]","[]"
"4FVN_A","S+3(1)","[1CNW_A, 1CNX_A, 1CNY_A, 1EOU_A, 1G6V_A, 1HCA_A, 1KWQ_A, 1KWR_A, 1T9N_A]","[]","[]"
"5JMZ_A","S+3(1)","[4R59_A, 4R5A_A, 4RIU_A, 4RIV_A, 4YWP_A, 4ZAO_A, 4ZWX_A, 4ZWZ_A, 5JMZ_A]","[]","[]"
"6G4T_A","S+3(1)","[3ML5_A, 6H36_A, 6H37_A, 6H38_A, 6SDT_A, 6ZR9_A]","[7NC4_A]","[7P1A_A, 8Q3U_A]"
"1OKN_A","S+3(1)","[1AM6_A, 1AVN_A, 1BCD_A, 1BN1_A, 1BN3_A, 1BN4_A, 1BNM_A, 1BNN_A, 1BNQ_A]","[]","[]"
"1FR4_A","S+3(1)","[1CA3_A, 1FQL_A, 1FQN_A, 1FQR_A, 1FR4_A, 1FR7_A, 1FSN_A, 1FSQ_A, 1FSR_A]","[]","[]"
"1CAH_A","S+3(1)","[1AM6_A, 1AVN_A, 1BCD_A, 1BN1_A, 1BN3_A, 1BN4_A, 1BNM_A, 1BNN_A, 1BNQ_A]","[]","[]"
"3V3I_B","S+3(1)","[2NXR_A, 2NXS_A, 2NXT_A, 3V3G_B, 3V3H_B, 3V3J_A, 4PXX_A, 6B00_A]","[3V3F_A]","[]"
"4Q7W_A","S+3(1)","[1CNW_A, 1CNX_A, 1CNY_A, 1EOU_A, 1G6V_A, 1HCA_A, 1KWQ_A, 1KWR_A, 1T9N_A]","[]","[]"
"5AMG_A","S+3(1)","[1AM6_A, 1AVN_A, 1BCD_A, 1BN1_A, 1BN3_A, 1BN4_A, 1BNM_A, 1BNN_A, 1BNQ_A]","[]","[]"
"1ZSB_A","S+3(1)","[1A42_A, 1AM6_A, 1AVN_A, 1BCD_A, 1BN1_A, 1BN3_A, 1BN4_A, 1ZSB_A, 1ZSC_A]","[]","[]"
"1UGA_A","S+3(1)","[1A42_A, 1AM6_A, 1AVN_A, 1BCD_A, 1BN1_A, 1BN3_A, 1BN4_A, 1BNM_A, 1BNN_A]","[]","[]"
"4HU1_A","S+3(1)","[4KNM_A, 4KNN_A, 4QIZ_A, 4QJP_A, 4QJX_A, 4QSJ_A, 5E2N_A, 5LLA_A, 5LLN_A]","[]","[]"
"5E2K_A","S+3(1)","[1AM6_A, 1AVN_A, 1BCD_A, 1BN1_A, 1BN3_A, 1BN4_A, 1BNM_A, 1BNN_A, 1BNQ_A]","[]","[]"
"3Q3Q_A","S+3(1)","[5XWK_A]","[5XWI_A]","[]"
"3M2Y_A","S+3(1)","[3M2Y_A, 5M78_A, 6GDC_A]","[6HQX_A]","[3M14_A, 3M1K_A, 3M2X_A, 6GM9_A]"
"4N16_A","S+3(1)","[1CNW_A, 1CNX_A, 1CNY_A, 1EOU_A, 1G6V_A, 1HCA_A, 1KWQ_A, 1KWR_A, 1T9N_A]","[]","[]"
"3T82_A","S+3(1)","[1CNW_A, 1CNX_A, 1CNY_A, 1EOU_A, 1G6V_A, 1HCA_A, 1KWQ_A, 1KWR_A, 1T9N_A]","[]","[]"
"4JSZ_A","S+3(1)","[1CA3_A, 1CNC_A, 1CNW_A, 1CNX_A, 1CNY_A, 1EOU_A, 4JSW_A, 4JSZ_A]","[]","[1CNB_A]"
"3K2F_A","S+3(1)","[1CNW_A, 1CNX_A, 1CNY_A, 1EOU_A, 1G6V_A, 1HCA_A, 1KWQ_A, 1KWR_A, 1T9N_A]","[]","[]"
"3KIG_A","S+3(1)","[3M1Q_A, 3M1W_A, 3M2Z_A, 3M5S_A, 3M5T_A]","[]","[3KNE_A, 3M04_A, 3M14_A, 3M1K_A]"
"3D9Z_A","S+3(1)","[1CNW_A, 1CNX_A, 1CNY_A, 1EOU_A, 1G6V_A, 1HCA_A, 1KWQ_A, 1KWR_A, 1T9N_A]","[]","[]"
"2Q38_A","S+3(1)","[1CNW_A, 1CNX_A, 1CNY_A, 1EOU_A, 1G6V_A, 1HCA_A, 1KWQ_A, 1KWR_A, 1T9N_A]","[]","[]"
"1CA3_A","S+3(1)","[1CNW_A, 1CNX_A, 1CNY_A, 1EOU_A, 1G6V_A, 1HCA_A, 1KWQ_A, 1KWR_A, 1T9N_A]","[]","[]"
"2OSM_A","S+3(1)","[1AM6_A, 1AVN_A, 1BCD_A, 1BN1_A, 1BN3_A, 1BN4_A, 1BNM_A, 1BNN_A, 1BNQ_A]","[]","[]"
"2NMX_A","S+3(1)","[1BZM_A, 1CZM_A, 1HCB_A, 1HUG_A, 1HUH_A, 2FW4_A, 2NMX_A, 2NN1_A]","[]","[2FOY_A]"
"3RJ7_A","S+3(1)","[1AM6_A, 1AVN_A, 1BCD_A, 1BN1_A, 1BN3_A, 1BN4_A, 1BNM_A, 1BNN_A, 1BNQ_A]","[]","[]"
"3RLD_A","S+3(1)","[1CA3_A, 1CNW_A, 1CNX_A, 1CNY_A, 1EOU_A, 1G6V_A, 1HCA_A, 1KWQ_A, 1KWR_A]","[]","[]"
"6G9U_A","S+3(1)","[5FL4_A, 5FL5_A, 5FL6_A, 6FE1_A, 6FE2_A, 6G98_A, 6G9U_A, 6QN2_A]","[6FE0_A]","[]"
"5WGP_A","S+3(1)","[4R59_A, 4R5A_A, 4RIU_A, 4RIV_A, 4YWP_A, 4ZAO_A, 4ZWX_A, 4ZWZ_A, 5JMZ_A]","[]","[]"
"5FL4_A","S+3(1)","[5FL4_A, 5FL5_A, 5FL6_A, 6FE1_A, 6FE2_A, 6G98_A, 6G9U_A, 6QN2_A]","[6FE0_A]","[]"
"5EOI_A","S+3(1)","[1AM6_A, 1AVN_A, 1BCD_A, 1BN1_A, 1BN3_A, 1BN4_A, 1BNM_A, 1BNN_A, 1BNQ_A]","[]","[]"
"4Q7S_A","S+3(1)","[1CNW_A, 1CNX_A, 1CNY_A, 1EOU_A, 1G6V_A, 1HCA_A, 1KWQ_A, 1KWR_A, 1T9N_A]","[]","[]"
"5EKJ_A","S+3(1)","[5EKH_A, 5EKJ_A, 5EKM_A, 6QFU_A, 6QFV_A, 6QFW_A, 6QFX_A]","[]","[7ONP_A, 7U5W_A]"
"4ZWI_A","S+3(1)","[1AM6_A, 1AVN_A, 1BCD_A, 1BN1_A, 1BN3_A, 1BN4_A, 1BNM_A, 1BNN_A, 1BNQ_A]","[]","[]"
"4ZWY_A","S+3(1)","[1AM6_A, 1AVN_A, 1BCD_A, 1BN1_A, 1BN3_A, 1BN4_A, 1BNM_A, 1BNN_A, 1BNQ_A]","[]","[]"
"3TVO_X","S+3(1)","[1A42_A, 1AM6_A, 1AVN_A, 1BCD_A, 2NXR_A, 2NXS_A, 2NXT_A, 3TVN_X, 4IDR_X]","[]","[]"
"4HF3_A","S+3(1)","[1CA3_A, 1CNW_A, 1G0F_A, 4FIK_A, 4HEW_A, 4HEY_A, 4HEZ_A, 4HF3_A]","[1MOO_A]","[]"
"3T83_A","S+3(1)","[1CNW_A, 1CNX_A, 1CNY_A, 1EOU_A, 1G6V_A, 1HCA_A, 1KWQ_A, 1KWR_A, 1T9N_A]","[]","[]"
"4JSW_A","S+3(1)","[1CA3_A, 1CNC_A, 1CNW_A, 1CNX_A, 1CNY_A, 1EOU_A, 4JSW_A, 4JSZ_A]","[]","[1CNB_A]"
"1XPZ_A","S+3(1)","[1AM6_A, 1AVN_A, 1BCD_A, 1BN1_A, 1BN3_A, 1BN4_A, 1BNM_A, 1BNN_A, 1BNQ_A]","[]","[]"
"3U7C_A","S+3(1)","[1CA3_A, 1CNW_A, 1CNX_A, 1CNY_A, 3U7C_A, 6KLZ_A, 6KM0_A, 6KM1_A, 6KM2_A]","[]","[]"
"3LXE_A","S+3(1)","[1BZM_A, 1CZM_A, 1HCB_A, 1HUG_A, 1HUH_A, 2FW4_A, 2NMX_A, 2NN1_A]","[]","[2FOY_A]"
"3U45_X","S+3(1)","[1CA3_A, 1CNW_A, 1CNX_A, 1CNY_A, 1EOU_A, 1G6V_A, 1HCA_A, 1KWQ_A, 1KWR_A]","[]","[]"
"3HKT_A","S+3(1)","[1CNW_A, 1CNX_A, 1CNY_A, 1EOU_A, 1G6V_A, 1HCA_A, 1KWQ_A, 1KWR_A, 1T9N_A]","[]","[]"
"3P4V_A","S+3(1)","[1CNW_A, 1CNX_A, 1CNY_A, 1EOU_A, 1G6V_A, 1HCA_A, 1KWQ_A, 1KWR_A, 1T9N_A]","[]","[]"
"3L14_A","S+3(1)","[1CNW_A, 1CNX_A, 1CNY_A, 1EOU_A, 1G6V_A, 1HCA_A, 1KWQ_A, 1KWR_A, 1T9N_A]","[]","[]"
"1UGB_A","S+3(1)","[1A42_A, 1AM6_A, 1AVN_A, 1BCD_A, 1BN1_A, 1BN3_A, 1BN4_A, 1BNM_A, 1BNN_A]","[]","[]"
"3DVC_A","S+3(1)","[1A42_A, 1AM6_A, 1AVN_A, 1BCD_A, 1BN1_A, 1BN3_A, 1BN4_A, 1BNM_A, 1BNN_A]","[]","[]"
"1LG6_A","S+3(1)","[1CA3_A, 1CNW_A, 1CNX_A, 1CNY_A, 1DCA_A, 1DCB_A, 1EOU_A, 1LG6_A, 1LGD_A]","[]","[]"
"3OIL_A","S+3(1)","[1CA3_A, 3DC3_A, 3DC9_A, 3DCC_A, 3DCS_A, 3DCW_A, 3OIK_A, 3OIL_A, 3OKV_A]","[]","[]"
"5VPU_A","S+3(1)","[1EJJ_A, 1EQJ_A, 1O98_A, 1O99_A, 2IFY_A, 4MY4_A, 4NWJ_A, 4NWX_A, 4QAX_A]","[]","[]"
"1CNC_A","S+3(1)","[1A42_A, 1AM6_A, 1AVN_A, 1BCD_A, 1CNC_A, 1CVF_A, 1HVA_A, 4JSW_A, 4JSZ_A]","[]","[]"
"3V3G_B","S+3(1)","[2NXR_A, 2NXS_A, 2NXT_A, 3V3H_B, 3V3I_B, 3V3J_A, 4PXX_A, 6B00_A]","[3V3F_A]","[]"
"3HFP_A","S+3(1)","[1CNW_A, 1CNX_A, 1CNY_A, 1EOU_A, 1G6V_A, 1HCA_A, 1KWQ_A, 1KWR_A, 1T9N_A]","[]","[]"
"4Q8X_A","S+3(1)","[1CNW_A, 1CNX_A, 1CNY_A, 1EOU_A, 1G6V_A, 1HCA_A, 1KWQ_A, 1KWR_A, 1T9N_A]","[]","[]"
"2NN1_A","S+3(1)","[1BZM_A, 1CZM_A, 1HCB_A, 1HUG_A, 1HUH_A, 2FW4_A, 2NMX_A, 2NN1_A]","[]","[2FOY_A]"
"1CNY_A","S+3(1)","[1CNW_A, 1CNX_A, 1CNY_A, 1EOU_A, 1G6V_A, 1HCA_A, 1KWQ_A, 1KWR_A, 1T9N_A]","[]","[]"
"1A42_A","S+3(1)","[1AM6_A, 1AVN_A, 1BCD_A, 1BN1_A, 1BN3_A, 1BN4_A, 1BNM_A, 1BNN_A, 1BNQ_A]","[]","[]"
"5DSM_A","S+3(1)","[1CNW_A, 1CNX_A, 1CNY_A, 1EOU_A, 1G6V_A, 1HCA_A, 1KWQ_A, 1KWR_A, 1T9N_A]","[]","[]"
"5DSL_A","S+3(1)","[1CNW_A, 1CNX_A, 1CNY_A, 1EOU_A, 1G6V_A, 1HCA_A, 1KWQ_A, 1KWR_A, 1T9N_A]","[]","[]"
"4M2V_A","S+3(1)","[4M2W_A, 4R59_A, 4R5A_A, 4RIU_A, 4RIV_A, 4YWP_A, 4ZAO_A, 4ZWX_A, 4ZWZ_A]","[]","[]"
"3S77_B","S+3(1)","[1AM6_A, 1AVN_A, 1BCD_A, 1BN1_A, 1BN3_A, 1BN4_A, 1BNM_A, 1BNN_A, 1BNQ_A]","[]","[]"
"5YUI_A","S+3(1)","[1CNW_A, 1CNX_A, 1CNY_A, 1EOU_A, 1G6V_A, 1HCA_A, 1KWQ_A, 1KWR_A, 1T9N_A]","[]","[]"
"5N0E_A","S+3(1)","[4XE1_A, 5E2R_A, 5J8Z_A, 5JQ0_A, 5JQT_A, 5LMD_A, 5N0D_A, 5N0E_A, 6H2Z_A]","[]","[]"
"5LLH_A","S+3(1)","[1CNW_A, 1CNX_A, 1CNY_A, 1EOU_A, 1G6V_A, 1HCA_A, 1KWQ_A, 1KWR_A, 1T9N_A]","[]","[]"
"5FNK_A","S+3(1)","[1CNW_A, 1CNX_A, 1CNY_A, 1EOU_A, 1G6V_A, 1HCA_A, 1KWQ_A, 1KWR_A, 1T9N_A]","[]","[]"
"6D1M_A","S+3(1)","[1CNW_A, 1CNX_A, 1CNY_A, 1EOU_A, 1G6V_A, 1HCA_A, 1KWQ_A, 1KWR_A, 1T9N_A]","[]","[]"
"1CVD_A","S+3(1)","[1A42_A, 1AM6_A, 1AVN_A, 1BCD_A, 1BN1_A, 1BN3_A, 1BN4_A, 1BNM_A, 1BNN_A]","[]","[]"
"3M1W_A","S+3(1)","[3KIG_A, 3M1W_A, 3M2Z_A, 3M5S_A, 3M5T_A]","[]","[3KNE_A, 3M04_A, 3M14_A, 3M1K_A]"
"5FNG_A","S+3(1)","[1CNW_A, 1CNX_A, 1CNY_A, 1EOU_A, 1G6V_A, 1HCA_A, 1KWQ_A, 1KWR_A, 1T9N_A]","[]","[]"
"3UYQ_A","S+3(1)","[1FLJ_A, 1Z93_A, 1Z97_A, 2HFW_A, 3UYN_A, 6B00_A, 6NJ2_A, 6NJ3_A, 6NJ6_A]","[]","[]"
"1BNV_A","S+3(1)","[1AM6_A, 1AVN_A, 1BCD_A, 1BN1_A, 1BN3_A, 1BN4_A, 1BNM_A, 1BNN_A, 1BNQ_A]","[]","[]"
"3M5S_A","S+3(1)","[3M1Q_A, 3M1W_A, 3M2Z_A, 3M5S_A, 3M5T_A]","[]","[3KNE_A, 3M04_A, 3M14_A, 3M1K_A]"
"2WEO_A","S+3(1)","[1AM6_A, 1AVN_A, 1BCD_A, 1BN1_A, 1BN3_A, 1BN4_A, 1BNM_A, 1BNN_A, 1BNQ_A]","[]","[]"
"2NN7_A","S+3(1)","[1BZM_A, 1CZM_A, 1HCB_A, 1HUG_A, 1HUH_A, 2FW4_A, 2NMX_A, 2NN1_A]","[]","[2FOY_A]"
"5OGO_A","S+3(1)","[12CA_A, 1BIC_A, 1TH9_A, 1THK_A, 2NWO_A, 2NWP_A]","[]","[9JWU_A, 9JWW_A, 9U5B_A]"
"4XFW_A","S+3(1)","[5TT3_A, 5TT8_A, 5TUO_A, 5TV3_A]","[4YHA_A]","[]"
"4ZWX_A","S+3(1)","[4R59_A, 4R5A_A, 4RIU_A, 4RIV_A, 4YWP_A, 4ZAO_A, 4ZWX_A, 4ZWZ_A, 5JMZ_A]","[]","[]"
"4CQ0_A","S+3(1)","[1CNW_A, 1CNX_A, 1CNY_A, 1EOU_A, 1G6V_A, 1HCA_A, 1KWQ_A, 1KWR_A, 1T9N_A]","[]","[]"
"4XIW_A","S+3(1)","[4XIX_A]","[]","[]"
"4RIU_A","S+3(1)","[4R5A_A, 4RIU_A, 4RIV_A, 4ZAO_A, 6FJI_A, 6FJJ_A, 6GCY_A, 6T9Z_A, 6YJ3_A]","[]","[]"
"1I9Q_A","S+3(1)","[1G45_A, 1G46_A, 1G48_A, 1G4J_A, 1G4O_A, 1I9L_A, 1I9M_A, 1I9N_A, 1I9O_A]","[]","[]"
"3KWA_A","S+3(1)","[1CNW_A, 1CNX_A, 1CNY_A, 1EOU_A, 1G6V_A, 1HCA_A, 1KWQ_A, 1KWR_A, 1T9N_A]","[]","[]"
"4CNX_A","S+3(1)","[1V9E_A, 4CNR_A, 4CNV_A, 4CNW_A, 5A25_A]","[6SKV_A]","[23OM_A]"
"3DCC_A","S+3(1)","[1CA3_A, 3DC3_A, 3DC9_A, 3DCC_A, 3DCS_A, 3DCW_A, 3OIK_A, 3OIL_A, 3OKV_A]","[]","[]"
"1I9L_A","S+3(1)","[1G45_A, 1G46_A, 1G48_A, 1G4J_A, 1G4O_A, 1I9L_A, 1I9M_A, 1I9N_A, 1I9O_A]","[]","[]"
"2HKK_A","S+3(1)","[1CNW_A, 1CNX_A, 1CNY_A, 1EOU_A, 1G6V_A, 1HCA_A, 1KWQ_A, 1KWR_A, 1T9N_A]","[]","[]"
"1FLJ_A","S+3(1)","[1Z93_A, 1Z97_A, 2HFW_A, 3UYN_A, 3UYQ_A, 6B00_A, 6NJ2_A, 6NJ6_A]","[3V3F_A]","[]"
"2AW1_A","S+3(1)","[1AM6_A, 1AVN_A, 1BCD_A, 1BN1_A, 1BN3_A, 1BN4_A, 1BNM_A, 1BNN_A, 1BNQ_A]","[]","[]"
"1CNW_A","S+3(1)","[1CNW_A, 1CNX_A, 1CNY_A, 1EOU_A, 1G6V_A, 1HCA_A, 1KWQ_A, 1KWR_A, 1T9N_A]","[]","[]"
"1CRM_A","S+3(1)","[1AZM_A, 1BZM_A, 1CZM_A, 1HCB_A, 1HUG_A, 1HUH_A, 2CAB_A, 2FW4_A]","[]","[2FOY_A]"
"1FR7_A","S+3(1)","[1CA3_A, 1FQL_A, 1FQM_A, 1FQN_A, 1FQR_A, 1FR4_A, 1FSN_A, 1FSQ_A, 1FSR_A]","[]","[]"
"2HL4_A","S+3(1)","[1AM6_A, 1AVN_A, 1BCD_A, 1BN1_A, 1BN3_A, 1BN4_A, 1BNM_A, 1BNN_A, 1BNQ_A]","[]","[]"
"3MNH_A","S+3(1)","[1CA3_A, 1CNW_A, 1CNX_A, 1CNY_A, 1EOU_A, 1G6V_A, 1HCA_A, 1KWQ_A, 1KWR_A]","[]","[]"
"3P58_A","S+3(1)","[1CNW_A, 1CNX_A, 1CNY_A, 1EOU_A, 1G6V_A, 1HCA_A, 1KWQ_A, 1KWR_A, 1T9N_A]","[]","[]"
"6BC9_A","S+3(1)","[1CNW_A, 1CNX_A, 1CNY_A, 1EOU_A, 1G6V_A, 1HCA_A, 1KWQ_A, 1KWR_A, 1T9N_A]","[]","[]"
"5WG7_A","S+3(1)","[1AM6_A, 1AVN_A, 1BCD_A, 1BN1_A, 1BN3_A, 1BN4_A, 1BNM_A, 1BNN_A, 1BNQ_A]","[]","[]"
"5MJN_A","S+3(1)","[1AM6_A, 1AVN_A, 1BCD_A, 1BN1_A, 1BN3_A, 1BN4_A, 1BNM_A, 1BNN_A, 1BNQ_A]","[]","[]"
"5JG3_B","S+3(1)","[3PYK_A, 3TVN_X, 5EKH_A, 5EKJ_A, 5EKM_A, 5JES_B, 5JG5_B, 5NXI_A, 6QFU_A]","[]","[]"
"5JEG_B","S+3(1)","[5EKH_A, 5EKJ_A, 5EKM_A, 5JEG_B, 5NXI_A, 6QFU_A, 6QFV_A, 6QFW_A, 6QFX_A]","[]","[]"
"5J8Z_A","S+3(1)","[4XE1_A, 5E2R_A, 5J8Z_A, 5JQ0_A, 5JQT_A, 5LMD_A, 5N0D_A, 5N0E_A, 6H2Z_A]","[]","[]"
"4Y0J_A","S+3(1)","[1AM6_A, 1AVN_A, 1BCD_A, 1BN1_A, 1BN3_A, 1BN4_A, 1BNM_A, 1BNN_A, 1BNQ_A]","[]","[]"
"5BYI_A","S+3(1)","[1CNW_A, 1CNX_A, 1CNY_A, 1EOU_A, 1G6V_A, 1HCA_A, 1KWQ_A, 1KWR_A, 1T9N_A]","[]","[]"
"5C8I_A","S+3(1)","[1CNW_A, 1CNX_A, 1CNY_A, 1EOU_A, 1G6V_A, 1HCA_A, 1KWQ_A, 1KWR_A, 1T9N_A]","[]","[]"
"4ZX0_A","S+3(1)","[1AM6_A, 1AVN_A, 1BCD_A, 1BN1_A, 1BN3_A, 1BN4_A, 1BNM_A, 1BNN_A, 1BNQ_A]","[]","[]"
"4RFD_A","S+3(1)","[1CNW_A, 1CNX_A, 1CNY_A, 1EOU_A, 1G6V_A, 1HCA_A, 1KWQ_A, 1KWR_A, 1T9N_A]","[]","[]"
"4Q0L_A","S+3(1)","[4KP5_A, 4KP8_A, 4Q0L_A, 4QJ0_A, 4QJO_A, 4QJW_A, 5LL5_A, 5LL9_A]","[4WW8_A]","[]"
"4L5W_A","S+3(1)","[1CA3_A, 1CNW_A, 1CNX_A, 1CNY_A, 1EOU_A, 1G6V_A, 1HCA_A, 1KWQ_A, 1KWR_A]","[]","[]"
"4CAC_A","S+3(1)","[1AM6_A, 1AVN_A, 1BCD_A, 1BN1_A, 1BN3_A, 1BN4_A, 1BNM_A, 1BNN_A, 1BNQ_A]","[]","[]"
"3TVN_X","S+3(1)","[3DBU_A, 3DC3_A, 3DC9_A, 3DCC_A, 3DCS_A, 3DCW_A, 3OIK_A, 3OIL_A, 3OKV_A]","[]","[]"
"4HEZ_A","S+3(1)","[1CA3_A, 1CNW_A, 1G0F_A, 4FIK_A, 4HEW_A, 4HEY_A, 4HEZ_A, 4HF3_A]","[1MOO_A]","[]"
"3RG3_A","S+3(1)","[1CA3_A, 1CNW_A, 1CNX_A, 1CNY_A, 1EOU_A, 1G6V_A, 1HCA_A, 1KWQ_A, 3RGE_A]","[]","[]"
"3T84_A","S+3(1)","[1CNW_A, 1CNX_A, 1CNY_A, 1EOU_A, 1G6V_A, 1HCA_A, 1KWQ_A, 1KWR_A, 1T9N_A]","[]","[]"
"3OIM_A","S+3(1)","[1CNW_A, 1CNX_A, 1CNY_A, 1EOU_A, 1G6V_A, 1HCA_A, 1KWQ_A, 1KWR_A, 1T9N_A]","[]","[]"
"3RG4_A","S+3(1)","[1CA3_A, 1CNW_A, 1CNX_A, 1CNY_A, 1EOU_A, 1G6V_A, 1HCA_A, 1KWQ_A, 1KWR_A]","[]","[]"
"3RGE_A","S+3(1)","[1CA3_A, 1CNW_A, 1CNX_A, 1CNY_A, 1EOU_A, 1G6V_A, 1HCA_A, 1KWQ_A, 1KWR_A]","[]","[]"
"3P3H_A","S+3(1)","[1CNW_A, 1CNX_A, 1CNY_A, 1EOU_A, 1G6V_A, 1HCA_A, 1KWQ_A, 1KWR_A, 1T9N_A]","[]","[]"
"3OY0_A","S+3(1)","[1CNW_A, 1CNX_A, 1CNY_A, 1EOU_A, 1G6V_A, 1HCA_A, 1KWQ_A, 1KWR_A, 1T9N_A]","[]","[]"
"1TG3_A","S+3(1)","[1CA3_A, 1CNW_A, 1CNX_A, 1CNY_A, 1EOU_A, 1G6V_A, 1HCA_A, 1KWQ_A, 1TG9_A]","[]","[]"
"1YO1_A","S+3(1)","[1G0E_A, 1G0F_A, 1YO1_A, 1YO2_A, 4FIK_A]","[1MOO_A]","[9JWU_A, 9JWW_A, 9U5B_A]"
"2NXR_A","S+3(1)","[1CA3_A, 1CNW_A, 1CNX_A, 1CNY_A, 1EOU_A, 1G6V_A, 1HCA_A, 2NXS_A, 2NXT_A]","[]","[]"
"2NXS_A","S+3(1)","[1CA3_A, 1CNW_A, 1CNX_A, 1CNY_A, 1EOU_A, 1G6V_A, 1HCA_A, 2NXS_A, 2NXT_A]","[]","[]"
"1YDB_A","S+3(1)","[1A42_A, 1AM6_A, 1AVN_A, 1BCD_A, 1BN1_A, 1BN3_A, 1BN4_A, 1BNM_A, 1YDC_A]","[]","[]"
"1CVC_A","S+3(1)","[1A42_A, 1AM6_A, 1AVN_A, 1BCD_A, 1H4N_A, 4JS6_A, 4JSA_A, 4JSS_A]","[2H4N_A]","[]"
"1TG9_A","S+3(1)","[1CA3_A, 1CNW_A, 1CNX_A, 1CNY_A, 1EOU_A, 1G6V_A, 1HCA_A, 1KWQ_A, 1TG9_A]","[]","[]"
"1HEC_A","S+3(1)","[1CA3_A, 1CNW_A, 1CNX_A, 1CNY_A, 1EOU_A, 1G6V_A, 1HCA_A, 1HEA_A, 1HEB_A]","[]","[]"
"1TEU_X","S+3(1)","[1CNW_A, 1CNX_A, 1CNY_A, 1EOU_A, 1G6V_A, 1HCA_A, 1KWQ_A, 1KWR_A, 1T9N_A]","[]","[]"
"1RZE_A","S+3(1)","[1AM6_A, 1AVN_A, 1BCD_A, 1BN1_A, 1BN3_A, 1BN4_A, 1BNM_A, 1BNN_A, 1BNQ_A]","[]","[]"
"1LZV_A","S+3(1)","[1CA3_A, 1CNW_A, 1CNX_A, 1CNY_A, 1EOU_A, 1G6V_A, 1HCA_A, 1KWQ_A, 1KWR_A]","[]","[]"
"1KWR_A","S+3(1)","[1CNW_A, 1CNX_A, 1CNY_A, 1EOU_A, 1G6V_A, 1HCA_A, 1KWQ_A, 1KWR_A, 1T9N_A]","[]","[]"
"1CAJ_A","S+3(1)","[1A42_A, 1AM6_A, 1AVN_A, 1BCD_A, 1BN1_A, 1BN3_A, 1BN4_A, 1BNM_A, 1BNN_A]","[]","[]"
"6B4D_A","S+3(1)","[1AM6_A, 1AVN_A, 1BCD_A, 1BN1_A, 1BN3_A, 1BN4_A, 1BNM_A, 1BNN_A, 1BNQ_A]","[]","[]"
"1CIL_A","S+3(1)","[1AM6_A, 1AVN_A, 1BCD_A, 1BN1_A, 1BN3_A, 1BN4_A, 1BNM_A, 1BNN_A, 1BNQ_A]","[]","[]"
"1CVA_A","S+3(1)","[1A42_A, 1AM6_A, 1AVN_A, 1BCD_A, 1BN1_A, 1BN3_A, 1BN4_A, 1BNM_A, 1CVB_A]","[]","[]"
"1CAM_A","S+3(1)","[1A42_A, 1AM6_A, 1AVN_A, 1BCD_A, 1BN1_A, 1BN3_A, 1BN4_A, 1BNM_A, 1CAM_A]","[]","[]"
"5N0D_A","S+3(1)","[4XE1_A, 5E2R_A, 5J8Z_A, 5JQ0_A, 5JQT_A, 5LMD_A, 5N0D_A, 5N0E_A, 6H2Z_A]","[]","[]"
"5JQT_A","S+3(1)","[4XE1_A, 5E2R_A, 5J8Z_A, 5JQ0_A, 5JQT_A, 5LMD_A, 5N0D_A, 5N0E_A, 6H2Z_A]","[]","[]"
"5ZXW_A","S+3(1)","[1CA3_A, 1CNW_A, 1CNX_A, 1CNY_A, 1EOU_A, 1G6V_A, 1HCA_A, 1KWQ_A, 1KWR_A]","[]","[]"
"5LLA_A","S+3(1)","[4KNM_A, 4KNN_A, 4QIZ_A, 4QJP_A, 4QJX_A, 4QSJ_A, 5E2N_A, 5LLA_A, 5LLN_A]","[]","[]"
"5LL5_A","S+3(1)","[4KP5_A, 4KP8_A, 4Q0L_A, 4QJ0_A, 4QJO_A, 4QJW_A, 5LL5_A, 5LL9_A]","[4WW8_A]","[]"
"5GMM_A","S+3(1)","[6EVR_A, 6EX1_A, 6F3B_A, 6FAF_A, 6FAG_A, 6G3V_A, 6HWZ_A, 6I0J_A, 6I0L_A]","[]","[]"
"5E28_A","S+3(1)","[1AM6_A, 1AVN_A, 1BCD_A, 1BN1_A, 1BN3_A, 1BN4_A, 1BNM_A, 1BNN_A, 1BNQ_A]","[]","[]"
"4YVY_A","S+3(1)","[1AM6_A, 1AVN_A, 1BCD_A, 1BN1_A, 1BN3_A, 1BN4_A, 1BNM_A, 1BNN_A, 1BNQ_A]","[]","[]"
"4QJX_A","S+3(1)","[4KNM_A, 4KNN_A, 4QIZ_A, 4QJP_A, 4QJX_A, 4QSJ_A, 5E2N_A, 5LLA_A, 5LLN_A]","[]","[]"
"4KNM_A","S+3(1)","[4KNM_A, 4KNN_A, 4QIZ_A, 4QJP_A, 4QJX_A, 4QSJ_A, 5E2N_A, 5LLA_A, 5LLN_A]","[]","[]"
"4LP6_A","S+3(1)","[1CNW_A, 1CNX_A, 1CNY_A, 1EOU_A, 1G6V_A, 1HCA_A, 1KWQ_A, 1KWR_A, 1T9N_A]","[]","[]"
"4KUW_A","S+3(1)","[1AM6_A, 1AVN_A, 1BCD_A, 1BN1_A, 1BN3_A, 1BN4_A, 1BNM_A, 1BNN_A, 1BNQ_A]","[]","[]"
"3N4B_A","S+3(1)","[1CNW_A, 1CNX_A, 1CNY_A, 1EOU_A, 1G6V_A, 1HCA_A, 1KWQ_A, 1KWR_A, 1T9N_A]","[]","[]"
"3MDZ_A","S+3(1)","[3ML5_A, 6G4T_A, 6H36_A, 6H37_A, 6H38_A, 6SDT_A, 6ZR9_A]","[7NC4_A]","[7P1A_A]"
"1XEG_A","S+3(1)","[1CNW_A, 1CNX_A, 1CNY_A, 1EOU_A, 1G6V_A, 1HCA_A, 1KWQ_A, 1KWR_A, 1T9N_A]","[]","[]"
"4QIY_A","S+3(1)","[1CNW_A, 1CNX_A, 1CNY_A, 1EOU_A, 1G6V_A, 1HCA_A, 1KWQ_A, 1KWR_A, 1T9N_A]","[]","[]"
"2GEH_A","S+3(1)","[1CNW_A, 1CNX_A, 1CNY_A, 1EOU_A, 1G6V_A, 1HCA_A, 1KWQ_A, 1KWR_A, 1T9N_A]","[]","[]"
"4PZH_A","S+3(1)","[1CNW_A, 1CNX_A, 1CNY_A, 1EOU_A, 1G6V_A, 1HCA_A, 1KWQ_A, 1KWR_A, 1T9N_A]","[]","[]"
"4Q6E_A","S+3(1)","[1CNW_A, 1CNX_A, 1CNY_A, 1EOU_A, 1G6V_A, 1HCA_A, 1KWQ_A, 1KWR_A, 1T9N_A]","[]","[]"
"4HT0_A","S+3(1)","[1CNW_A, 1CNX_A, 1CNY_A, 1EOU_A, 1G6V_A, 1HCA_A, 1KWQ_A, 1KWR_A, 1T9N_A]","[]","[]"
"1CCU_A","S+3(1)","[1A42_A, 1AM6_A, 1AVN_A, 1BCD_A, 1BN1_A, 1BN3_A, 1BN4_A, 1CCS_A, 1CCT_A]","[]","[]"
"1UGE_A","S+3(1)","[1A42_A, 1AM6_A, 1AVN_A, 1BCD_A, 1BN1_A, 1BN3_A, 1BN4_A, 1BNM_A, 1UGA_A]","[]","[]"
"5THN_A","S+3(1)","[1CNW_A, 1CNX_A, 1CNY_A, 1EOU_A, 1G6V_A, 1HCA_A, 1KWQ_A, 1KWR_A, 1T9N_A]","[]","[]"
"1BNM_A","S+3(1)","[1AM6_A, 1AVN_A, 1BCD_A, 1BN1_A, 1BN3_A, 1BN4_A, 1BNM_A, 1BNN_A, 1BNQ_A]","[]","[]"
"1CIM_A","S+3(1)","[1AM6_A, 1AVN_A, 1BCD_A, 1BN1_A, 1BN3_A, 1BN4_A, 1BNM_A, 1BNN_A, 1BNQ_A]","[]","[]"
"2H15_A","S+3(1)","[1CNW_A, 1CNX_A, 1CNY_A, 1EOU_A, 1G6V_A, 1HCA_A, 1KWQ_A, 1KWR_A, 1T9N_A]","[]","[]"
"3N3J_A","S+3(1)","[1CNW_A, 1CNX_A, 1CNY_A, 1EOU_A, 1G6V_A, 1HCA_A, 1KWQ_A, 1KWR_A, 1T9N_A]","[]","[]"
"4YXO_A","S+3(1)","[1CNW_A, 1CNX_A, 1CNY_A, 1EOU_A, 1G6V_A, 1HCA_A, 1KWQ_A, 1KWR_A, 1T9N_A]","[]","[]"
"4YYT_A","S+3(1)","[1CNW_A, 1CNX_A, 1CNY_A, 1EOU_A, 1G6V_A, 1HCA_A, 1KWQ_A, 1KWR_A, 1T9N_A]","[]","[]"
"4RUY_A","S+3(1)","[1CNW_A, 1CNX_A, 1CNY_A, 1EOU_A, 1G6V_A, 1HCA_A, 1KWQ_A, 1KWR_A, 1T9N_A]","[]","[]"
"8CA2_A","S+3(1)","[1CA3_A, 1CNW_A, 1CNX_A, 1CNY_A, 1EOU_A, 1G6V_A, 1HCA_A, 6CA2_A, 9CA2_A]","[]","[]"
"3DA2_A","S+3(1)","[3D0N_A, 3DA2_A, 4HU1_A, 4KNM_A, 4KNN_A, 4QIZ_A, 4QJP_A, 4QJX_A, 4QSJ_A]","[]","[]"
"6FAG_A","S+3(1)","[6EVR_A, 6EX1_A, 6F3B_A, 6FAF_A, 6FAG_A, 6G3V_A, 6HWZ_A, 6I0J_A, 6I0L_A]","[]","[]"
"6EX1_A","S+3(1)","[6EVR_A, 6EX1_A, 6F3B_A, 6FAF_A, 6FAG_A, 6G3V_A, 6HWZ_A, 6I0J_A, 6I0L_A]","[]","[]"
"6FAF_A","S+3(1)","[6EVR_A, 6EX1_A, 6F3B_A, 6FAF_A, 6FAG_A, 6G3V_A, 6HWZ_A, 6I0J_A, 6I0L_A]","[]","[]"
"1H4N_A","S+3(1)","[1A42_A, 1AM6_A, 1AVN_A, 1BCD_A, 1BN1_A, 1BN3_A, 1BN4_A, 1BNM_A]","[2H4N_A]","[]"
"6F3B_A","S+3(1)","[6EVR_A, 6EX1_A, 6F3B_A, 6FAF_A, 6FAG_A, 6G3V_A, 6HWZ_A, 6I0J_A, 6I0L_A]","[]","[]"
"6CTF_A","S+3(1)","[3KBC_A, 4P19_A, 4P1A_A, 4P3J_A, 4P6H_A]","[]","[6X12_A, 6X13_A, 6X14_A, 6X15_A]"
"2NWP_A","S+3(1)","[1CA3_A, 1CNW_A, 1CNX_A, 1CNY_A, 1EOU_A, 1G6V_A, 1HCA_A, 1KWQ_A, 2NWP_A]","[]","[]"
"3PJJ_A","S+3(1)","[1A42_A, 1AM6_A, 1AVN_A, 1BCD_A, 1BN1_A, 1BN3_A, 1BN4_A, 1BNM_A, 1BNN_A]","[]","[]"
"1G4J_A","S+3(1)","[1G45_A, 1G46_A, 1G48_A, 1G4J_A, 1G4O_A, 1I9L_A, 1I9M_A, 1I9N_A, 1I9O_A]","[]","[]"
"1CA2_A","S+3(1)","[1AM6_A, 1AVN_A, 1BCD_A, 1BN1_A, 1BN3_A, 1BN4_A, 1BNM_A, 1BNN_A, 1BNQ_A]","[]","[]"
"2NWY_A","S+3(1)","[1CA3_A, 1CNW_A, 1CNX_A, 1CNY_A, 1EOU_A, 1G6V_A, 1HCA_A, 1KWQ_A, 2NWZ_A]","[]","[]"
"1KWQ_A","S+3(1)","[1CNW_A, 1CNX_A, 1CNY_A, 1EOU_A, 1G6V_A, 1HCA_A, 1KWQ_A, 1KWR_A, 1T9N_A]","[]","[]"
"1AVN_A","S+3(1)","[1AM6_A, 1AVN_A, 1BCD_A, 1BN1_A, 1BN3_A, 1BN4_A, 1BNM_A, 1BNN_A, 1BNQ_A]","[]","[]"
"4FU5_A","S+3(1)","[1CNW_A, 1CNX_A, 1CNY_A, 1EOU_A, 1G6V_A, 1HCA_A, 1KWQ_A, 1KWR_A, 1T9N_A]","[]","[]"
"4Q99_A","S+3(1)","[1CNW_A, 1CNX_A, 1CNY_A, 1EOU_A, 1G6V_A, 1HCA_A, 1KWQ_A, 1KWR_A, 1T9N_A]","[]","[]"
"4Q87_A","S+3(1)","[1CNW_A, 1CNX_A, 1CNY_A, 1EOU_A, 1G6V_A, 1HCA_A, 1KWQ_A, 1KWR_A, 1T9N_A]","[]","[]"
"4FVO_A","S+3(1)","[1CNW_A, 1CNX_A, 1CNY_A, 1EOU_A, 1G6V_A, 1HCA_A, 1KWQ_A, 1KWR_A, 1T9N_A]","[]","[]"
"4Q83_A","S+3(1)","[1CNW_A, 1CNX_A, 1CNY_A, 1EOU_A, 1G6V_A, 1HCA_A, 1KWQ_A, 1KWR_A, 1T9N_A]","[]","[]"
"4KV0_A","S+3(1)","[1AM6_A, 1AVN_A, 1BCD_A, 1BN1_A, 1BN3_A, 1BN4_A, 1BNM_A, 1BNN_A, 1BNQ_A]","[]","[]"
"4Q9Y_A","S+3(1)","[1CNW_A, 1CNX_A, 1CNY_A, 1EOU_A, 1G6V_A, 1HCA_A, 1KWQ_A, 1KWR_A, 1T9N_A]","[]","[]"
"5L9E_A","S+3(1)","[1CNW_A, 1CNX_A, 1CNY_A, 1EOU_A, 1G6V_A, 1HCA_A, 1KWQ_A, 1KWR_A, 1T9N_A]","[]","[]"
"3ZP9_A","S+3(1)","[1CNW_A, 1CNX_A, 1CNY_A, 1EOU_A, 1G6V_A, 1HCA_A, 1KWQ_A, 1KWR_A, 1T9N_A]","[]","[]"
"4QJO_A","S+3(1)","[4KP5_A, 4KP8_A, 4Q0L_A, 4QJ0_A, 4QJO_A, 4QJW_A, 5LL5_A, 5LL9_A]","[4WW8_A]","[]"
"4QJP_A","S+3(1)","[4KNM_A, 4KNN_A, 4QIZ_A, 4QJP_A, 4QJX_A, 4QSJ_A, 5E2N_A, 5LLA_A, 5LLN_A]","[]","[]"
"4HBA_A","S+3(1)","[1CA3_A, 1CNW_A, 1CNX_A, 1CNY_A, 1EOU_A, 1G6V_A, 1HCA_A, 1KWQ_A, 4PXX_A]","[]","[]"
"4L5U_A","S+3(1)","[1CA3_A, 1CNW_A, 1CNX_A, 1CNY_A, 1EOU_A, 1G6V_A, 1HCA_A, 1KWQ_A, 4L5V_A]","[]","[]"
"4KUV_A","S+3(1)","[1AM6_A, 1AVN_A, 1BCD_A, 1BN1_A, 1BN3_A, 1BN4_A, 1BNM_A, 1BNN_A, 1BNQ_A]","[]","[]"
"5N24_A","S+3(1)","[1CNW_A, 1CNX_A, 1CNY_A, 1EOU_A, 1G6V_A, 1HCA_A, 1KWQ_A, 1KWR_A, 1T9N_A]","[]","[]"
"4RFC_A","S+3(1)","[1CNW_A, 1CNX_A, 1CNY_A, 1EOU_A, 1G6V_A, 1HCA_A, 1KWQ_A, 1KWR_A, 1T9N_A]","[]","[]"
"1I9M_A","S+3(1)","[1G45_A, 1G46_A, 1G48_A, 1G4J_A, 1G4O_A, 1I9L_A, 1I9M_A, 1I9N_A, 1I9O_A]","[]","[]"
"5SZ6_A","S+3(1)","[4R59_A, 4R5A_A, 4RIU_A, 4RIV_A, 4YWP_A, 4ZAO_A, 4ZWX_A, 4ZWZ_A, 5JMZ_A]","[]","[]"
"4E49_A","S+3(1)","[1CNW_A, 1CNX_A, 1CNY_A, 1EOU_A, 1G6V_A, 1HCA_A, 1KWQ_A, 1KWR_A, 1T9N_A]","[]","[]"
"1I9P_A","S+3(1)","[1G45_A, 1G46_A, 1G48_A, 1G4J_A, 1G4O_A, 1I9L_A, 1I9M_A, 1I9N_A, 1I9O_A]","[]","[]"
"1IF5_A","S+3(1)","[1AM6_A, 1AVN_A, 1BCD_A, 1BN1_A, 1BN3_A, 1BN4_A, 1BNM_A, 1BNN_A, 1BNQ_A]","[]","[]"
"1YDC_A","S+3(1)","[1A42_A, 1AM6_A, 1AVN_A, 1BCD_A, 1BN1_A, 1BN3_A, 1BN4_A, 1BNM_A, 1YDC_A]","[]","[]"
"2FOU_A","S+3(1)","[1CNW_A, 1CNX_A, 1CNY_A, 1EOU_A, 1G6V_A, 1HCA_A, 1KWQ_A, 1KWR_A, 1T9N_A]","[]","[]"
"1I91_A","S+3(1)","[1AM6_A, 1AVN_A, 1BCD_A, 1BN1_A, 1BN3_A, 1BN4_A, 1BNM_A, 1BNN_A, 1BNQ_A]","[]","[]"
"1HCA_A","S+3(1)","[1CNW_A, 1CNX_A, 1CNY_A, 1EOU_A, 1G6V_A, 1HCA_A, 1KWQ_A, 1KWR_A, 1T9N_A]","[]","[]"
"2CA2_A","S+3(1)","[1AM6_A, 1AVN_A, 1BCD_A, 1BN1_A, 1BN3_A, 1BN4_A, 1BNM_A, 1BNN_A, 1BNQ_A]","[]","[]"
"1G1D_A","S+3(1)","[1AM6_A, 1AVN_A, 1BCD_A, 1BN1_A, 1BN3_A, 1BN4_A, 1BNM_A, 1BNN_A, 1BNQ_A]","[]","[]"
"1I9O_A","S+3(1)","[1G45_A, 1G46_A, 1G48_A, 1G4J_A, 1G4O_A, 1I9L_A, 1I9M_A, 1I9N_A, 1I9O_A]","[]","[]"
"1I8Z_A","S+3(1)","[1AM6_A, 1AVN_A, 1BCD_A, 1BN1_A, 1BN3_A, 1BN4_A, 1BNM_A, 1BNN_A, 1BNQ_A]","[]","[]"
"1HED_A","S+3(1)","[1CA3_A, 1CNW_A, 1CNX_A, 1CNY_A, 1EOU_A, 1G6V_A, 5TH4_A, 5THI_A, 5TI0_A]","[]","[]"
"1G4O_A","S+3(1)","[1G45_A, 1G46_A, 1G48_A, 1G4J_A, 1G4O_A, 1I9L_A, 1I9M_A, 1I9N_A, 1I9O_A]","[]","[]"
"1V9E_A","S+3(1)","[1V9I_C, 4CNV_A, 5A25_A]","[6SKV_A]","[23OM_A, 23ON_A, 5EZT_X]"
"2CBB_A","S+3(1)","[1AM6_A, 1AVN_A, 1BCD_A, 1BN1_A, 1BN3_A, 1BN4_A, 1BNM_A, 1BNN_A, 1BNQ_A]","[]","[]"
"1I90_A","S+3(1)","[1AM6_A, 1AVN_A, 1BCD_A, 1BN1_A, 1BN3_A, 1BN4_A, 1BNM_A, 1BNN_A, 1BNQ_A]","[]","[]"
"1HEB_A","S+3(1)","[1CA3_A, 1CNW_A, 1CNX_A, 1CNY_A, 1EOU_A, 1HEA_A, 1HEC_A, 1HED_A, 1YDA_A]","[]","[]"
"1G52_A","S+3(1)","[1AM6_A, 1AVN_A, 1BCD_A, 1BN1_A, 1BN3_A, 1BN4_A, 1BNM_A, 1BNN_A, 1BNQ_A]","[]","[]"
"1JD0_A","S+3(1)","[1JD0_A, 4HT2_A, 6QN0_A, 6QNG_A, 6QNL_A]","[]","[7PP9_A, 8CO3_A, 9R0L_A, 9R0U_A]"
"1IF8_A","S+3(1)","[1AM6_A, 1AVN_A, 1BCD_A, 1BN1_A, 1BN3_A, 1BN4_A, 1BNM_A, 1BNN_A, 1BNQ_A]","[]","[]"
"6CA2_A","S+3(1)","[1CA3_A, 1CNW_A, 1CNX_A, 1CNY_A, 1EOU_A, 1G6V_A, 1HCA_A, 1KWQ_A, 9CA2_A]","[]","[]"
"1CNX_A","S+3(1)","[1CNW_A, 1CNX_A, 1CNY_A, 1EOU_A, 1G6V_A, 1HCA_A, 1KWQ_A, 1KWR_A, 1T9N_A]","[]","[]"
"2FMG_A","S+3(1)","[1CNW_A, 1CNX_A, 1CNY_A, 1EOU_A, 1G6V_A, 1HCA_A, 1KWQ_A, 1KWR_A, 1T9N_A]","[]","[]"
"3CA2_A","S+3(1)","[1AM6_A, 1AVN_A, 1BCD_A, 1BN1_A, 1BN3_A, 1BN4_A, 1BNM_A, 1BNN_A, 1BNQ_A]","[]","[]"
"3TMJ_A","S+3(1)","[1AM6_A, 1AVN_A, 1BCD_A, 1BN1_A, 1BN3_A, 1BN4_A, 1BNM_A, 1BNN_A, 1BNQ_A]","[]","[]"
"3B4F_A","S+3(1)","[1CNW_A, 1CNX_A, 1CNY_A, 1EOU_A, 1G6V_A, 1HCA_A, 1KWQ_A, 1KWR_A, 1T9N_A]","[]","[]"
"2O4Z_A","S+3(1)","[1CNW_A, 1CNX_A, 1CNY_A, 1EOU_A, 1G6V_A, 1HCA_A, 1KWQ_A, 1KWR_A, 1T9N_A]","[]","[]"
"3F8E_A","S+3(1)","[1CNW_A, 1CNX_A, 1CNY_A, 1EOU_A, 1G6V_A, 1HCA_A, 1KWQ_A, 1KWR_A, 1T9N_A]","[]","[]"
"3KOK_A","S+3(1)","[1CNW_A, 1CNX_A, 1CNY_A, 1EOU_A, 1G6V_A, 1HCA_A, 1KWQ_A, 1KWR_A, 1T9N_A]","[]","[]"
"6ACD_A","S+3(1)","[6ACD_A, 6ACG_A, 6ACJ_A]","[5XLR_A]","[6ACK_A, 7SG4_A, 8JAG_A, 8KDM_A]"
"3EFI_A","S+3(1)","[1CNW_A, 1CNX_A, 1CNY_A, 1EOU_A, 1G6V_A, 1HCA_A, 1KWQ_A, 1KWR_A, 1T9N_A]","[]","[]"
"3DBU_A","S+3(1)","[1CA3_A, 3DC3_A, 3DC9_A, 3DCC_A, 3DCS_A, 3DCW_A, 3OIK_A, 3OIL_A, 3OKV_A]","[]","[]"
"3FFP_X","S+3(1)","[1CNW_A, 1CNX_A, 1CNY_A, 1EOU_A, 1G6V_A, 1HCA_A, 1KWQ_A, 1KWR_A, 1T9N_A]","[]","[]"
"3EFT_A","S+3(1)","[1CNW_A, 1CNX_A, 1CNY_A, 1EOU_A, 1G6V_A, 1HCA_A, 1KWQ_A, 1KWR_A, 1T9N_A]","[]","[]"
"1YDA_A","S+3(1)","[1A42_A, 1HEA_A, 1HEC_A, 1HED_A, 1YDA_A, 1YDD_A, 5TH4_A, 5THI_A, 5TI0_A]","[]","[]"
"2WEG_A","S+3(1)","[1AM6_A, 1AVN_A, 1BCD_A, 1BN1_A, 1BN3_A, 1BN4_A, 1BNM_A, 1BNN_A, 1BNQ_A]","[]","[]"
"3V5G_A","S+3(1)","[1CNW_A, 1CNX_A, 1CNY_A, 1EOU_A, 1G6V_A, 1HCA_A, 1KWQ_A, 1KWR_A, 1T9N_A]","[]","[]"
"4CNW_A","S+3(1)","[1V9E_A, 4CNR_A, 4CNV_A, 4CNX_A, 5A25_A]","[6SKV_A]","[23OM_A]"
"2Q1Q_A","S+3(1)","[1CNW_A, 1CNX_A, 1CNY_A, 1EOU_A, 1G6V_A, 1HCA_A, 1KWQ_A, 1KWR_A, 1T9N_A]","[]","[]"
"3D0N_A","S+3(1)","[3D0N_A, 4HU1_A, 4KNM_A, 4KNN_A, 4QIZ_A, 4QJP_A, 4QJX_A, 4QSJ_A, 5E2N_A]","[]","[]"
"1RZA_A","S+3(1)","[1AM6_A, 1AVN_A, 1BCD_A, 1BN1_A, 1BN3_A, 1BN4_A, 1BNM_A, 1BNN_A, 1BNQ_A]","[]","[]"
"6H29_A","S+3(1)","[1CNW_A, 1CNX_A, 1CNY_A, 1EOU_A, 1G6V_A, 1HCA_A, 1KWQ_A, 1KWR_A, 1T9N_A]","[]","[]"
"6G9B_A","S+3(1)","[6F6N_A, 6F6S_A, 6G9I_A]","[]","[5JQ3_A, 5JQ7_A, 5JQB_A, 6F6I_A, 6G95_A, 6HRO_A]"
"1BCD_A","S+3(1)","[1AM6_A, 1AVN_A, 1BCD_A, 1BN1_A, 1BN3_A, 1BN4_A, 1BNM_A, 1BNN_A, 1BNQ_A]","[]","[]"
"1CZM_A","S+3(1)","[1BZM_A, 1CZM_A, 1HCB_A, 1HUG_A, 1HUH_A, 2FW4_A, 2NMX_A, 2NN1_A]","[]","[2FOY_A]"
"9CA2_A","S+3(1)","[1CA3_A, 1CNW_A, 1CNX_A, 1CNY_A, 1EOU_A, 1G6V_A, 1HCA_A, 6CA2_A, 8CA2_A]","[]","[]"
"1CAN_A","S+3(1)","[1AM6_A, 1AVN_A, 1BCD_A, 1BN1_A, 1BN3_A, 1BN4_A, 1BNM_A, 1BNN_A, 1BNQ_A]","[]","[]"
"1CIN_A","S+3(1)","[1AM6_A, 1AVN_A, 1BCD_A, 1BN1_A, 1BN3_A, 1BN4_A, 1BNM_A, 1BNN_A, 1BNQ_A]","[]","[]"
"1BIC_A","S+3(1)","[1A42_A, 1AM6_A, 1AVN_A, 1BCD_A, 1BN1_A, 5CA2_A]","[]","[9JWU_A, 9JWW_A, 9U5B_A]"
"1CRA_A","S+3(1)","[1AM6_A, 1AVN_A, 1BCD_A, 1BN1_A, 1BN3_A, 1BN4_A, 1BNM_A, 1BNN_A, 1BNQ_A]","[]","[]"
"1JV0_A","S+3(1)","[1AZM_A, 1BZM_A, 1CZM_A, 1HCB_A, 1HUG_A, 1HUH_A, 1JV0_A, 2FW4_A]","[]","[2FOY_A]"
"1RZC_A","S+3(1)","[1AM6_A, 1AVN_A, 1BCD_A, 1BN1_A, 1BN3_A, 1BN4_A, 1BNM_A, 1BNN_A, 1BNQ_A]","[]","[]"
"1RZD_A","S+3(1)","[1AM6_A, 1AVN_A, 1BCD_A, 1BN1_A, 1BN3_A, 1BN4_A, 1BNM_A, 1BNN_A, 1BNQ_A]","[]","[]"
"1UGF_A","S+3(1)","[1A42_A, 1AM6_A, 1AVN_A, 1BCD_A, 1BN1_A, 1BN3_A, 1BN4_A, 1UGD_A]","[]","[1UGG_A]"
"1KOP_A","S+3(1)","[1KOQ_A, 6EKI_A]","[]","[6IM0_A, 8DPC_A, 8DPO_A, 8DQF_A, 8DR2_A, 8DRB_A, 8DYQ_A]"
"1LG5_A","S+3(1)","[1CA3_A, 1CNW_A, 1CNX_A, 1CNY_A, 1DCA_A, 1DCB_A, 1EOU_A, 1LG6_A, 1LGD_A]","[]","[]"
"2HD6_A","S+3(1)","[1AM6_A, 1AVN_A, 1BCD_A, 1BN1_A, 1BN3_A, 1BN4_A, 1BNM_A, 1BNN_A, 1BNQ_A]","[]","[]"
"1LUG_A","S+3(1)","[1AM6_A, 1AVN_A, 1BCD_A, 1BN1_A, 1BN3_A, 1BN4_A, 1BNM_A, 1BNN_A, 1BNQ_A]","[]","[]"
"1TBT_X","S+3(1)","[1CNW_A, 1CNX_A, 1CNY_A, 1EOU_A, 1G6V_A, 1HCA_A, 1KWQ_A, 1KWR_A, 1T9N_A]","[]","[]"
"1YO2_A","S+3(1)","[1G0E_A, 1G0F_A, 1YO1_A, 1YO2_A, 4FIK_A]","[1MOO_A]","[9JWU_A, 9JWW_A, 9U5B_A]"
"3D8W_A","S+3(1)","[1CNW_A, 1CNX_A, 1CNY_A, 1EOU_A, 1G6V_A, 1HCA_A, 1KWQ_A, 1KWR_A, 1T9N_A]","[]","[]"
"3DD8_A","S+3(1)","[1CNW_A, 1CNX_A, 1CNY_A, 1EOU_A, 1G6V_A, 1HCA_A, 1KWQ_A, 1KWR_A, 1T9N_A]","[]","[]"
"2WD2_A","S+3(1)","[1AM6_A, 1AVN_A, 1BCD_A, 1BN1_A, 1BN3_A, 1BN4_A, 1BNM_A, 1BNN_A, 1BNQ_A]","[]","[]"
"2X7U_A","S+3(1)","[1AM6_A, 1AVN_A, 1BCD_A, 1BN1_A, 1BN3_A, 1BN4_A, 1BNM_A, 1BNN_A, 1BNQ_A]","[]","[]"
"3PYK_A","S+3(1)","[5EKH_A, 5EKJ_A, 5EKM_A, 6QFU_A, 6QFV_A, 6QFW_A, 6QFX_A]","[]","[7ONP_A, 7U5W_A]"
"3U47_A","S+3(1)","[1CA3_A, 1CNW_A, 1CNX_A, 1CNY_A, 1EOU_A, 1G6V_A, 1HCA_A, 1KWQ_A, 1KWR_A]","[]","[]"
"6HIX_BG","S+3(1)","[6HIX_BG]","[7AIH_Ak]","[7ANE_Ak]"
"4RIV_A","S+3(1)","[4R5A_A, 4RIU_A, 4RIV_A, 4ZAO_A, 6FJI_A, 6FJJ_A, 6GCY_A, 6T9Z_A, 6YJ3_A]","[]","[]"
"1F2W_A","S+3(1)","[1AM6_A, 1AVN_A, 1BCD_A, 1BN1_A, 1BN3_A, 1BN4_A, 1BNM_A, 1BNN_A, 1BNQ_A]","[]","[]"
"5DSK_A","S+3(1)","[1CNW_A, 1CNX_A, 1CNY_A, 1EOU_A, 1G6V_A, 1HCA_A, 1KWQ_A, 1KWR_A, 1T9N_A]","[]","[]"
"5LJT_A","S+3(1)","[1AM6_A, 1AVN_A, 1BCD_A, 1BN1_A, 1BN3_A, 1BN4_A, 1BNM_A, 1BNN_A, 1BNQ_A]","[]","[]"
"2ABE_A","S+3(1)","[1AM6_A, 1AVN_A, 1BCD_A, 1BN1_A, 1BN3_A, 1BN4_A, 1BNM_A, 1BNN_A, 1BNQ_A]","[]","[]"
"5KGL_A","S+3(1)","[1EJJ_A, 1EQJ_A, 1O98_A, 1O99_A, 5KGN_A]","[7KNG_A]","[5KGM_A, 7TL7_A]"
"5XWK_A","S+3(1)","[3Q3Q_A, 5XWK_A]","[]","[]"
"6EA7_A","S+3(1)","[5HJ3_C, 6EA7_A]","[]","[6EAY_B, 6MAM_G, 7TN9_S, 9BOP_S, 9BSU_A, 9BSV_A, 9P6X_A]"
"5K6G_F","S+3(1)","[5K6B_F, 5K6C_F]","[]","[5K6F_F, 5K6H_F, 5K6I_F, 7MPG_A, 8W3E_F, 8W3G_F, 8WSQ_F]"
"5DSN_A","S+3(1)","[...loading_similar]","[...loading_similar]","[...loading_similar]"
"6EA5_A","S+3(1)","[5HJ3_C, 5KEL_A, 5KEN_A, 6DZM_A, 6EA7_A]","[]","[5FHC_K, 6EAY_B, 7KEW_A, 7KFE_A]"
"5GSL_A","S+3(1)","[]","[7KDV_A]","[5GSM_A, 6JOW_A, 8OUG_A]"
"6DZL_A","S+3(1)","[6F6N_A, 6F6S_A]","[]","[5JQ3_A, 5JQ7_A, 5JQB_A, 6EAY_B, 6F6I_A, 7TN9_S, 9P6X_A]"
"6DZM_A","S+3(1)","[]","[]","[5JQ3_A, 5JQ7_A, 5JQB_A, 6EAY_B, 6F6I_A, 7KEW_A, 7KFE_A, 7TN9_S, 9P6X_A]"
"5TDL_A","S+3(1)","[5EA3_F, 5EA4_F, 5EA5_F, 5EA6_F, 5KWW_F, 5TDG_A, 5UDC_A]","[5EA7_F]","[9LLY_A]"
"6ACG_A","S+3(1)","[6ACD_A, 6ACG_A, 6ACJ_A]","[5XLR_A]","[6ACK_A, 7SG4_A, 8JAG_A, 8KDM_A]"
"6D05_A","S+3(1)","[6D04_A, 6D05_A]","[3S9N_A]","[6GSR_Ab, 9GH7_A]"
"5XLS_A","S+3(1)","[3QE7_A]","[]","[8OMZ_A, 8OO1_A]"
"5ZNM_A","S+3(1)","[]","[1V74_A]","[]"
"6D04_A","S+3(1)","[6D04_A, 6D05_A]","[3S9N_A]","[6GSR_Ab, 9GH7_A]"
"6D03_A","S+3(1)","[6D04_A, 6D05_A]","[3S9N_A]","[6GSR_Ab, 9GH7_A]"
"5XNU_A","S+3(1)","[...loading_similar]","[...loading_similar]","[...loading_similar]"
"6G9I_A","S+3(1)","[6F6N_A, 6F6S_A, 6G9B_A, 6G9I_A]","[]","[5JQ3_A, 5JQ7_A, 5JQB_A, 6F6I_A, 6HS4_A]"
"5XAR_A","S+3(1)","[5XAR_A, 5XAS_A, 5XAT_A]","[]","[5A1S_A, 9LSH_A, 9LSI_A, 9LSJ_A, 9LSK_A]"
"5XAT_A","S+3(1)","[5XAR_A, 5XAS_A, 5XAT_A]","[]","[5A1S_A, 9LSH_A, 9LSI_A, 9LSJ_A, 9LSK_A]"
"5TOK_A","S+3(1)","[5EA4_F, 5EA5_F, 5EA6_F, 5KWW_F, 5TOK_A, 5UDC_A]","[5EA7_F]","[5TOJ_A, 5U68_A]"
"5UDE_F","S+3(1)","[5EA3_F, 5EA4_F, 5EA5_F, 5EA6_F, 5KWW_F, 5UDC_A, 5UDE_F]","[5EA7_F]","[6Q0S_F]"
"5UDC_A","S+3(1)","[5EA4_F, 5EA5_F, 5EA6_F, 5KWW_F, 5UDC_A, 6DC3_F, 6DC5_A]","[5EA7_F]","[6VKC_F]"
"5TJ3_A","S+3(1)","[5TOO_A]","[]","[]"
"5TDG_A","S+3(1)","[5EA3_F, 5EA4_F, 5EA5_F, 5EA6_F, 5KWW_F, 5TDL_A, 5TOK_A]","[5EA7_F]","[5TOJ_A]"
"3FR8_A","S+3(1)","[1QMG_A, 1YVE_I, 3FR8_A]","[]","[9BAG_A]"
"3MHO_A","S+3(1)","[1CNW_A, 1CNX_A, 1CNY_A, 1EOU_A, 1G6V_A, 1HCA_A, 1KWQ_A, 1KWR_A, 1T9N_A]","[]","[]"
"3MHI_A","S+3(1)","[1CNW_A, 1CNX_A, 1CNY_A, 1EOU_A, 1G6V_A, 1HCA_A, 1KWQ_A, 1KWR_A, 1T9N_A]","[]","[]"
"3C7P_A","S+3(1)","[1CNW_A, 1CNX_A, 1CNY_A, 1EOU_A, 1G6V_A, 1HCA_A, 1KWQ_A, 1KWR_A, 1T9N_A]","[]","[]"
"3D93_A","S+3(1)","[1CNW_A, 1CNX_A, 1CNY_A, 1EOU_A, 1G6V_A, 1HCA_A, 1KWQ_A, 1KWR_A, 1T9N_A]","[]","[]"
"3IBI_A","S+3(1)","[1AM6_A, 1AVN_A, 1BCD_A, 1BN1_A, 1BN3_A, 1BN4_A, 1BNM_A, 1BNN_A, 1BNQ_A]","[]","[]"
"3IAI_A","S+3(1)","[5FL4_A, 5FL5_A, 5FL6_A, 6FE1_A, 6FE2_A, 6G98_A, 6G9U_A, 6QN2_A]","[6FE0_A]","[]"
"4BF6_A","S+3(1)","[1AM6_A, 1AVN_A, 1BCD_A, 1BN1_A, 1BN3_A, 1BN4_A, 1BNM_A, 1BNN_A, 1BNQ_A]","[]","[]"
"1FQN_A","S+3(1)","[1CA3_A, 1FQL_A, 1FQN_A, 1FQR_A, 1FR4_A, 1FR7_A, 1FSN_A, 1FSQ_A, 1FSR_A]","[]","[]"
"3RZ8_A","S+3(1)","[1AM6_A, 1AVN_A, 1BCD_A, 1BN1_A, 1BN3_A, 1BN4_A, 1BNM_A, 1BNN_A, 1BNQ_A]","[]","[]"
"3RYZ_A","S+3(1)","[1AM6_A, 1AVN_A, 1BCD_A, 1BN1_A, 1BN3_A, 1BN4_A, 1BNM_A, 1BNN_A, 1BNQ_A]","[]","[]"
"3RYY_A","S+3(1)","[1A42_A, 1AM6_A, 1AVN_A, 1BCD_A, 3RYY_A, 4YGL_A, 4YGN_A]","[4YGK_A]","[]"
"1CVF_A","S+3(1)","[1A42_A, 1AM6_A, 1AVN_A, 1BCD_A, 1CNC_A, 1HVA_A, 4JSW_A, 4JSZ_A]","[]","[1CNB_A]"
"5G2V_A","S+3(1)","[]","[7P24_A]","[7EBP_A, 7EBQ_A, 9HYQ_A]"
"5EA6_F","S+3(1)","[5EA4_F, 5EA5_F, 5EA6_F, 5KWW_F, 5UDC_A, 6DC3_F, 6DC5_A]","[5EA7_F]","[6VKC_F]"
"5G2T_A","S+3(1)","[3B5Q_A, 5G2U_A]","[5OLP_A]","[]"
"5EA8_F","S+3(1)","[5EA3_F, 5EA4_F, 5EA5_F, 5EA6_F, 5KWW_F, 5UDC_A, 6DC3_F, 6DC5_A]","[5EA7_F]","[]"
"5EA4_F","S+3(1)","[5EA4_F, 5EA5_F, 5EA6_F, 5KWW_F, 5UDC_A, 6DC3_F, 6DC5_A]","[5EA7_F]","[6VKC_F]"
"5EA3_F","S+3(1)","[5EA4_F, 5EA5_F, 5EA6_F, 5KWW_F, 5UDC_A, 6DC3_F, 6DC5_A]","[5EA7_F]","[6VKC_F]"
"5C6B_F","S+3(1)","[4ZYP_A, 5C69_A]","[]","[4JHW_F, 5TPN_A, 6APD_A, 7LUC_A, 7LUE_A, 7LVW_A, 8YE3_A]"
"5C69_A","S+3(1)","[4ZYP_A, 5C6B_F, 6EAD_F]","[]","[4JHW_F, 5TPN_A, 6APD_A, 7LUC_A, 7LUE_A, 7LVW_A]"
"5EA5_F","S+3(1)","[5EA4_F, 5EA5_F, 5EA6_F, 5KWW_F, 5UDC_A, 6DC3_F, 6DC5_A]","[5EA7_F]","[6VKC_F]"
"5EJB_A","S+3(1)","[5EVM_A, 6TYS_A]","[]","[6T3F_F, 7KI4_A, 7KI6_A, 8DO4_A, 8RVN_B, 9CIN_A, 9LNG_A]"
"5EVM_A","S+3(1)","[6TYS_A]","[8DMJ_A]","[6T3F_F, 7KI4_A, 7UPA_A, 8DO4_A, 8RVN_B, 9CIN_A, 9LNG_A]"
"5DSP_A","S+3(1)","[1CNW_A, 1CNX_A, 1CNY_A, 1EOU_A, 1G6V_A, 1HCA_A, 1KWQ_A, 1KWR_A, 1T9N_A]","[]","[]"
"6FNY_A","S+3(1)","[]","[7PTJ_A]","[6G5Z_A, 6G60_A]"
"5ZJV_A","S+3(1)","[5GOV_A, 5GRR_A, 5K4P_A, 5LRM_A, 5YLE_A, 5YLF_A, 5ZJV_A]","[5LRN_A]","[9NWW_B]"
"5NVA_A","S+3(1)","[5NVA_A]","[]","[]"
"6B1V_A","S+3(1)","[6B1V_A, 6PRM_A, 6PSO_A]","[]","[6B0K_A, 6BIA_A, 6PSM_A, 9HH2_A, 9HH3_A, 9HH4_A]"
"6BAT_A","S+3(1)","[6BAU_A, 6BAV_A, 6BMI_A]","[]","[6WYJ_A, 6WYK_A, 6WYL_A, 6WZB_A, 6X01_A, 9I6D_A]"
"6BAU_A","S+3(1)","[6BAT_A, 6BAV_A, 6BMI_A]","[]","[6WYJ_A, 6WYK_A, 6WYL_A, 6WZB_A, 6X01_A, 9I6D_A]"
"6BAV_A","S+3(1)","[6BAT_A, 6BAV_A, 6BMI_A]","[]","[6WYJ_A, 6WYK_A, 6WYL_A, 6WZB_A, 6X01_A, 9I6D_A]"
"6BMI_A","S+3(1)","[6BAT_A, 6BAV_A, 6BMI_A]","[]","[6WYJ_A, 6WYK_A, 6WYL_A, 6WZB_A, 6X01_A, 9I6D_A]"
"5OHI_A","S+3(1)","[3NKM_A, 3NKN_A, 3NKO_A, 3NKP_A, 3NKQ_A, 3NKR_A, 3WAV_A, 3WAW_A, 3WAX_A]","[]","[]"
"5OLB_A","S+3(1)","[3NKM_A, 3NKN_A, 3NKO_A, 3NKP_A, 3NKQ_A, 3NKR_A, 3WAV_A, 3WAW_A]","[]","[5LIA_A]"
"6F5U_A","S+3(1)","[6F5U_A, 6F6N_A, 6F6S_A, 6G9B_A]","[]","[5JQ7_A, 5JQB_A, 6F6I_A, 6HRO_A, 6NAE_A]"
"6F6N_A","S+3(1)","[6F6N_A, 6F6S_A]","[]","[5JQ7_A, 5JQB_A, 6F6I_A, 6NAE_A, 6S8D_A, 6S8I_A, 6S8J_A]"
"6F6S_A","S+3(1)","[6F6N_A, 6F6S_A]","[]","[5JQ7_A, 5JQB_A, 6F6I_A, 6NAE_A, 6S8D_A, 6S8I_A, 6S8J_A]"
"5W23_A","S+3(1)","[5EA3_F, 5EA4_F, 5EA5_F, 5EA6_F, 5KWW_F, 5UDC_A, 6DC3_F, 6DC5_A]","[5EA7_F]","[]"
"5YLF_A","S+3(1)","[5GOV_A, 5GRR_A, 5K4P_A, 5LRM_A, 5YLE_A, 5YLF_A, 5ZJV_A]","[5LRN_A]","[9NWW_B]"
"5YLE_A","S+3(1)","[5GOV_A, 5GRR_A, 5K4P_A, 5LRM_A, 5YLE_A, 5YLF_A, 5ZJV_A]","[5LRN_A]","[9NWW_B]"
"5YLC_A","S+3(1)","[5GOV_A, 5GRR_A, 5K4P_A, 5LRM_A, 5YLE_A, 5YLF_A, 5ZJV_A]","[5LRN_A]","[9NWW_B]"
"5TOO_A","S+3(1)","[5TJ3_A]","[]","[]"
"5TPQ_A","S+3(1)","[1AJA_A, 1AJB_A, 1AJC_A, 1AJD_A, 1ANI_A, 3BDH_A, 3CMR_A, 4YR1_A, 5C66_A]","[]","[]"
"6AWQ_A","S+3(1)","[6AWN_A, 6AWO_A, 6AWP_A, 6AWQ_A]","[]","[5I71_A, 5I73_A, 5I74_A, 5I75_A, 6W2B_A]"
"6AWP_A","S+3(1)","[6AWN_A, 6AWO_A, 6AWP_A, 6AWQ_A]","[]","[5I71_A, 5I73_A, 5I74_A, 5I75_A, 6W2B_A]"
"6AWO_A","S+3(1)","[6AWN_A, 6AWO_A, 6AWP_A, 6AWQ_A]","[]","[5I71_A, 5I73_A, 5I74_A, 5I75_A, 6W2B_A]"
"5NJB_B","S+3(1)","[3QTD_A, 3TV9_A, 5NJ9_B, 5NJA_B, 5NJB_B]","[]","[5NJC_B, 5NJF_B]"
"6AWN_A","S+3(1)","[6AWO_A, 6AWP_A]","[]","[5I6X_A, 5I71_A, 5I73_A, 5I74_A, 5I75_A, 6W2B_A, 6W2C_A]"
"5NJA_B","S+3(1)","[3QTD_A, 3TV9_A, 5NJ9_B, 5NJA_B, 5NJB_B]","[]","[5NJC_B, 5NJF_B]"
"5NJA_A","S+3(1)","[5NJ9_A, 5NJA_A, 5NJB_A]","[]","[5NJC_A, 5NJF_A]"
"5NJ9_A","S+3(1)","[5NJ9_A, 5NJA_A, 5NJB_A]","[]","[5NJC_A, 5NJF_A]"
"5NJ5_B","S+3(1)","[3QTD_A, 3TV9_A, 5NJ9_B, 5NJA_B, 5NJB_B]","[]","[5NJC_B, 5NJF_B]"
"5NJ5_A","S+3(1)","[5NJ9_A, 5NJA_A, 5NJB_A]","[]","[5NJC_A, 5NJF_A]"
"5NJB_A","S+3(1)","[5NJ9_A, 5NJA_A, 5NJB_A]","[]","[5NJC_A, 5NJF_A]"
"5NJ9_B","S+3(1)","[3QTD_A, 3TV9_A, 5NJ9_B, 5NJA_B, 5NJB_B]","[]","[5NJC_B, 5NJF_B]"
"5VEO_A","S+3(1)","[4LQY_A, 4LR2_A]","[]","[5VEM_A, 5VEN_A]"
"5MX9_A","S+3(1)","[5GRR_A, 5LRM_A]","[5LRN_A]","[6A7W_A, 6LI4_A, 6LI6_A, 6SUT_A, 7WAA_A, 7YJP_A]"
"5KWW_F","S+3(1)","[5EA4_F, 5EA5_F, 5EA6_F, 5KWW_F, 5UDC_A, 6DC3_F, 6DC5_A]","[5EA7_F]","[6VKC_F]"
"5M0S_A","S+3(1)","[5IJQ_A, 5IJS_A, 5M0S_A]","[]","[5LQQ_A, 5M0D_A, 5M0E_A, 5M0M_A, 7P4J_A, 7P4O_A]"
"5XAS_A","S+3(1)","[5XAR_A, 5XAS_A, 5XAT_A]","[]","[5A1S_A, 9LSH_A, 9LSI_A, 9LSJ_A, 9LSK_A]"
"5X9R_A","S+3(1)","[5XAR_A, 5XAS_A, 5XAT_A]","[]","[5A1S_A, 9LSH_A, 9LSI_A, 9LSJ_A, 9LSK_A]"
"5G2U_A","S+3(1)","[3B5Q_A, 5G2U_A]","[5OLP_A]","[]"
"5UDD_A","S+3(1)","[5EA3_F, 5EA4_F, 5EA5_F, 5EA6_F, 5KWW_F, 5UDC_A, 5UDE_F]","[5EA7_F]","[6Q0S_F]"
"5UDY_A","S+3(1)","[5UDY_A]","[]","[]"
"5M8J_A","S+3(1)","[5M87_A, 5M8A_A, 5M8K_A, 6TL2_A]","[]","[5M94_A, 5M95_A, 7PHQ_B, 7PIJ_B]"
"5TCD_A","S+3(1)","[5UDY_A]","[]","[]"
"5FGN_A","S+3(1)","[4KAV_A, 4KAY_A, 4TN0_A, 5MX9_A, 5YLC_A, 5YLE_A, 5YLF_A]","[]","[6A7W_A, 6SUT_A]"
"5M8A_A","S+3(1)","[5M87_A, 5M8J_A, 5M8K_A, 6TL2_A]","[]","[5M94_A, 5M95_A, 7PHQ_B, 7PIJ_B]"
"5M8K_A","S+3(1)","[5M87_A, 5M8A_A, 5M8J_A, 6TL2_A]","[]","[5M94_A, 5M95_A, 7PHQ_B, 7PIJ_B]"
"5M87_A","S+3(1)","[5M8A_A, 5M8J_A, 5M8K_A, 6TL2_A]","[]","[5M94_A, 5M95_A, 7PHQ_B, 7PIJ_B]"
"5FQL_A","S+3(1)","[]","[]","[6IOZ_A]"
"5GOV_A","S+3(1)","[5GRR_A, 5K4P_A, 5LRM_A, 5YLC_A, 5YLE_A, 5YLF_A, 5ZJV_A]","[5LRN_A]","[9NWW_B]"
"5GS6_A","S+3(1)","[]","[]","[8CXG_D, 8CXH_D, 8JKF_A, 8JKH_A, 8JQM_A, 8JQN_A, 8JQS_A, 8WBF_A, 8WBG_A]"
"5GRR_A","S+3(1)","[5LRM_A]","[]","[6LI4_A, 6LI6_A, 7WAA_A, 7YJP_A, 7YJQ_A, 7YJR_A, 7YJS_A, 7YJT_A]"
"5LRM_A","S+3(1)","[5GRR_A]","[5LRN_A]","[6LI4_A, 6LI6_A, 7WAA_A, 7YJP_A, 7YJQ_A, 7YJR_A, 7YJS_A]"
"5K6C_F","S+3(1)","[5K6B_F, 5K6G_F]","[]","[5K6F_F, 5K6H_F, 5K6I_F, 7MPG_A, 8W3E_F, 8W3G_F, 8WSQ_F]"
"5KEN_A","S+3(1)","[5KEL_A, 5KEN_A]","[]","[6EAY_B, 7SWD_A, 7TN9_S, 8DPL_D, 8DPM_A, 9BOP_S, 9BSU_A]"
"5KHU_T","S+3(1)","[2V64_A]","[6TLJ_Z]","[]"
"5K6B_F","S+3(1)","[4ZYP_A, 5K6C_F, 5K6G_F]","[]","[5K6F_F, 5K6H_F, 7MPG_A, 8W3E_F, 8W3G_F, 8WSQ_F]"
"5KEL_A","S+3(1)","[6DZL_A]","[]","[5JQ3_A, 6EAY_B, 7TN9_S, 9BSU_A, 9BSV_A, 9N8E_A, 9NNU_A, 9P6X_A]"
"5KEM_A","S+3(1)","[5KEL_A, 5KEM_A, 5KEN_A, 6F5U_A]","[]","[5JQ3_A, 5JQ7_A, 5JQB_A, 6EAY_B, 6F6I_A]"
"5K4P_A","S+3(1)","[5GOV_A, 5GRR_A, 5LRM_A, 5YLC_A, 5YLE_A, 5YLF_A, 5ZJV_A]","[5LRN_A]","[9NWW_B]"
"5J4I_A","S+3(1)","[3L1L_A, 3LRB_A, 3LRC_A, 3NCY_A, 3OB6_A, 5J4N_A]","[]","[7O82_A]"
"5J4N_A","S+3(1)","[3L1L_A, 3LRB_A, 3LRC_A, 3NCY_A, 3OB6_A, 5J4N_A]","[]","[7O82_A]"
"5E5U_A","S+3(1)","[3JXF_A, 3JXH_C, 3KLD_B, 3S97_A, 5E5R_A, 5E5U_A]","[]","[]"
"5EW5_A","S+3(1)","[1JCH_A, 2AXC_A, 2B5U_A]","[7CEI_B]","[7NST_D, 7NSU_D]"
"5JNX_C","S+3(1)","[5F1B_A, 5HJ3_C, 5JNX_C, 6F5U_A, 6F6N_A]","[]","[5JQ3_A, 5JQ7_A, 5JQB_A, 6F6I_A]"
"5IJS_A","S+3(1)","[5IJQ_A, 5IJS_A, 5M0S_A]","[]","[5LQQ_A, 5M0D_A, 5M0E_A, 5M0M_A, 7P4J_A, 7P4O_A]"
"5IJQ_A","S+3(1)","[5IJQ_A, 5IJS_A, 5M0S_A]","[]","[5LQQ_A, 5M0D_A, 5M0E_A, 5M0M_A, 7P4J_A, 7P4O_A]"
"5JAG_A","S+3(1)","[2A65_A, 2Q6H_A, 2Q72_A, 2QB4_A, 2QEI_A, 3F3A_A, 3F3C_A, 3F3D_A, 3F3E_A]","[]","[]"
"5JAF_A","S+3(1)","[2Q6H_A, 2Q72_A, 2QB4_A, 2QEI_A, 3F3A_A, 3F3C_A, 3F3D_A, 3F3E_A, 3F48_A]","[]","[]"
"5JAE_A","S+3(1)","[2Q6H_A, 2Q72_A, 2QB4_A, 2QEI_A, 3F3A_A, 3F3C_A, 3F3D_A, 3F3E_A, 3F48_A]","[]","[]"
"5C66_A","S+3(1)","[1B8J_A, 1ED8_A, 1ED9_A, 1EW8_A, 1EW9_A, 1Y6V_A, 3BDG_B, 3BDH_A, 3TG0_A]","[]","[]"
"5CFY_A","S+3(1)","[1XFH_A, 2NWW_A, 2NWX_A, 3KBC_A, 4OYF_A]","[]","[6UWF_A, 6UWL_A, 6X17_A, 7AHK_A]"
"5DLW_A","S+3(1)","[5DLW_A, 5IJQ_A, 5IJS_A, 5M0S_A]","[]","[5DLT_A, 5LQQ_A, 5M0D_A, 5M0E_A, 5M0M_A]"
"5DLV_A","S+3(1)","[5DLW_A, 5IJQ_A, 5IJS_A, 5M0S_A]","[]","[5DLT_A, 5LQQ_A, 5M0D_A, 5M0E_A, 5M0M_A]"
"5HJ3_C","S+3(1)","[3CSY_I, 6QD7_A, 6QD8_A]","[]","[7KEJ_A, 7KEX_A, 7KF9_A, 7KFB_A, 7KFH_A, 7M8L_A]"
"5AJ9_A","S+3(1)","[1HDH_A, 4CXK_A, 4CXS_A, 4CXU_A, 4CYR_A, 4CYS_A]","[]","[]"
"5EGH_A","S+3(1)","[5EGH_A]","[]","[]"
"4XPA_A","S+3(1)","[4M48_A, 4XNX_A, 4XP1_A, 4XP9_C, 4XPA_A, 4XPB_A, 4XPF_A]","[6M2R_A]","[9EUO_A]"
"5EGE_A","S+3(1)","[5EGH_A]","[]","[]"
"5F1B_A","S+3(1)","[5F1B_A, 5HJ3_C, 5JNX_C, 6F5U_A, 6F6N_A]","[]","[5JQ3_A, 5JQ7_A, 5JQB_A, 6F6I_A]"
"4XPB_A","S+3(1)","[4M48_A, 4XP4_A, 4XP9_C, 4XPA_A, 4XPF_A, 4XPG_A]","[6M0Z_A]","[9EUO_A, 9EUP_A]"
"4XP6_A","S+3(1)","[4XP1_A, 4XP4_A, 4XP5_A, 4XP6_A, 4XP9_C, 4XPA_A, 4XPH_A]","[6M2R_A]","[]"
"4XNX_A","S+3(1)","[4XP1_A, 4XP4_A, 4XP5_A, 4XP6_A, 4XP9_C, 4XPA_A]","[6M2R_A]","[6M3Z_A]"
"5C50_B","S+3(1)","[]","[5XV6_A]","[8DO8_B]"
"4XNU_A","S+3(1)","[4XNU_A, 4XNX_A, 4XP1_A, 4XP4_A, 4XPB_A, 4XPF_A, 4XPG_A]","[]","[9EUO_A, 9EUP_A]"
"4YZF_A","S+3(1)","[]","[7TW6_A]","[7TY4_A, 7TY6_A]"
"5DA0_A","S+3(1)","[]","[3OIZ_A]","[5IOF_A]"
"4XPF_A","S+3(1)","[4M48_A, 4XP4_A, 4XP9_C, 4XPA_A, 4XPF_A, 4XPG_A]","[6M0Z_A]","[9EUO_A, 9EUP_A]"
"4ZYP_A","S+3(1)","[5EA3_F, 5EA4_F, 5EA5_F, 5EA6_F, 5KWW_F]","[5EA7_F]","[4JHW_F, 5TOJ_A, 7MPG_A]"
"4ZG7_A","S+3(1)","[4ZG6_A]","[]","[4ZG9_A, 4ZGA_A, 5KXA_A, 5M7M_A, 5MHP_A, 6W35_A, 8C3O_A, 8C3P_A]"
"4CXS_A","S+3(1)","[1HDH_A, 4CXK_A, 4CXU_A, 4CYR_A, 4CYS_A, 5AJ9_A]","[]","[]"
"4XPG_A","S+3(1)","[4M48_A, 4XNU_A, 4XP4_A, 4XP9_C, 4XPA_A, 4XPB_A, 4XPF_A]","[]","[9EUO_A, 9EUP_A]"
"4XP9_C","S+3(1)","[4XNX_A, 4XP1_A, 4XP4_A, 4XP5_A, 4XP6_A, 4XPA_A]","[6M2R_A]","[6M3Z_A]"
"4XPH_A","S+3(1)","[4XNX_A, 4XP1_A, 4XP4_A, 4XPT_A]","[6M47_A]","[6M3Z_A]"
"4XPT_A","S+3(1)","[4XNX_A, 4XP1_A, 4XP4_A, 4XPH_A]","[6M47_A]","[6M3Z_A]"
"4XP5_A","S+3(1)","[4XP1_A, 4XP4_A, 4XP5_A, 4XP6_A, 4XP9_C, 4XPA_A, 4XPH_A]","[6M2R_A]","[]"
"4XP4_A","S+3(1)","[4M48_A, 4XNX_A, 4XP1_A, 4XP9_C, 4XPA_A, 4XPB_A, 4XPF_A]","[6M2R_A]","[9EUO_A]"
"4QAX_A","S+3(1)","[1EJJ_A, 1EQJ_A, 1O98_A, 1O99_A, 2IFY_A, 4NWJ_A, 4NWX_A, 4QAX_A]","[]","[7TL8_A]"
"4XP1_A","S+3(1)","[4XP1_A, 4XP4_A, 4XP5_A, 4XP6_A, 4XP9_C, 4XPA_A, 4XPH_A]","[6M2R_A]","[]"
"4YR1_A","S+3(1)","[1B8J_A, 1ED8_A, 1ED9_A, 1EW8_A, 1EW9_A, 1Y6V_A, 2ANH_A, 3BDG_B, 5C66_A]","[]","[]"
"4CYS_A","S+3(1)","[1HDH_A, 4CXK_A, 4CXS_A, 4CXU_A, 4CYR_A, 5AJ9_A]","[]","[]"
"4CXU_A","S+3(1)","[1HDH_A, 4CXK_A, 4CXU_A, 4CYR_A, 4CYS_A, 5AJ9_A]","[]","[]"
"4CXK_A","S+3(1)","[1HDH_A, 4CXS_A, 4CXU_A, 4CYR_A, 4CYS_A, 5AJ9_A]","[]","[]"
"4CYR_A","S+3(1)","[1HDH_A, 4CXK_A, 4CXU_A, 4CYR_A, 4CYS_A, 5AJ9_A]","[]","[]"
"4WSG_A","S+3(1)","[2B9B_A]","[6WXB_A]","[7VDF_A, 9DRQ_A]"
"4NWX_A","S+3(1)","[1EJJ_A, 1EQJ_A, 1O98_A, 1O99_A, 2IFY_A, 4NWJ_A, 4NWX_A, 4QAX_A]","[]","[7TL8_A]"
"4NWJ_A","S+3(1)","[1EJJ_A, 1EQJ_A, 1O98_A, 1O99_A, 2IFY_A, 4NWJ_A, 4NWX_A, 4QAX_A]","[]","[7TL8_A]"
"4TZO_A","S+3(1)","[]","[]","[4TZL_A, 4TZM_A, 4TZN_A, 4TZQ_A, 4TZS_A]"
"1WOG_A","S+3(1)","[1WOH_A, 1WOI_A]","[]","[]"
"4X2S_A","S+3(1)","[1XFH_A, 2NWW_A, 2NWX_A, 4OYF_A]","[]","[6UWF_A, 6UWL_A, 6X17_A, 7AHK_A, 9BH1_A]"
"3X2D_A","S+3(1)","[...loading_similar]","[...loading_similar]","[...loading_similar]"
"4TN0_A","S+3(1)","[4KAV_A, 4KAY_A, 5FGN_A, 5GOV_A, 5GRR_A, 5K4P_A, 5LRM_A, 5ZJV_A]","[5LRN_A]","[]"
"1N2M_A","S+3(1)","[2QQD_C]","[2QQD_B]","[]"
"2QQD_C","S+3(1)","[1N2M_A]","[2QQD_B]","[]"
"2XQ2_B","S+3(1)","[2XQ2_B, 3DH4_A]","[7V19_B]","[7V0K_D, 8CRQ_B, 8CRR_B, 8CRT_B]"
"2V64_A","S+3(1)","[5KHU_T]","[6TLJ_Z]","[]"
"3BDG_B","S+3(1)","[1B8J_A, 1ED8_A, 1ED9_A, 1EW8_A, 3BDF_A, 3BDG_A, 3BDH_A]","[6PSI_B]","[]"
"1KI6_B","S+3(1)","[1E2I_A, 1E2K_A, 1E2M_A, 1E2N_A, 1E2P_A, 1KI2_A, 1KI3_A, 1KI4_A, 1KI6_B]","[]","[]"
"4WGV_A","S+3(1)","[...loading_similar]","[...loading_similar]","[...loading_similar]"
"3GI9_C","S+3(1)","[3GI8_C, 3GIA_A]","[]","[]"
"3PZL_A","S+3(1)","[]","[]","[]"
"4WGW_A","S+3(1)","[...loading_similar]","[...loading_similar]","[...loading_similar]"
"1WOI_A","S+3(1)","[1WOH_A, 1WOI_A]","[]","[]"
"3NIQ_A","S+3(1)","[1GQ6_A, 1GQ7_A, 3NIQ_A, 4DZ4_A]","[3NIO_A]","[7LBA_A, 7LOL_A, 7LOX_A]"
"3NIP_A","S+3(1)","[1GQ6_A, 1GQ7_A, 3NIQ_A, 4DZ4_A]","[3NIO_A]","[7LBA_A, 7LOL_A, 7LOX_A]"
"1GQ6_A","S+3(1)","[1GQ7_A, 3NIP_A, 3NIQ_A]","[3NIO_A]","[7LBA_A, 7LOL_A, 7LOX_A]"
"1GQ7_A","S+3(1)","[1GQ7_A, 3NIP_A, 3NIQ_A]","[3NIO_A]","[7LBA_A, 7LOL_A, 7LOX_A]"
"4AEZ_B","S+3(1)","[2V64_A, 5KHU_T]","[5LCW_Z]","[]"
"1WOH_A","S+3(1)","[1WOH_A, 1WOI_A]","[]","[]"
"3WAW_A","S+3(1)","[3NKN_A, 3NKO_A, 3NKP_A, 3NKQ_A, 3NKR_A, 3WAV_A, 3WAW_A, 3WAX_A, 3WAY_A]","[]","[]"
"3WAX_A","S+3(1)","[3NKN_A, 3NKO_A, 3NKP_A, 3NKQ_A, 3NKR_A, 3WAV_A, 3WAW_A, 3WAX_A, 3WAY_A]","[]","[]"
"3WAV_A","S+3(1)","[3NKN_A, 3NKO_A, 3NKP_A, 3NKQ_A, 3NKR_A, 3WAV_A, 3WAW_A, 3WAX_A, 3WAY_A]","[]","[]"
"3WAY_A","S+3(1)","[3NKN_A, 3NKO_A, 3NKP_A, 3NKQ_A, 3NKR_A, 3WAV_A, 3WAW_A, 3WAX_A, 3WAY_A]","[]","[]"
"3NKM_A","S+3(1)","[3NKN_A, 3NKO_A, 3NKP_A, 3NKQ_A, 3NKR_A, 3WAV_A, 3WAW_A, 3WAX_A, 3WAY_A]","[]","[]"
"2XRG_A","S+3(1)","[]","[]","[5L0B_A, 5L0E_A, 5S9L_A, 5S9M_A, 5S9N_A, 8C4W_A, 8C7R_A, 9ENT_A, 9EU5_A]"
"3NKO_A","S+3(1)","[3NKN_A, 3NKO_A, 3NKP_A, 3NKQ_A, 3NKR_A, 3WAV_A, 3WAW_A, 3WAX_A, 3WAY_A]","[]","[]"
"3NKP_A","S+3(1)","[3NKN_A, 3NKO_A, 3NKP_A, 3NKQ_A, 3NKR_A, 3WAV_A, 3WAW_A, 3WAX_A, 3WAY_A]","[]","[]"
"1VLF_M","S+3(1)","[...loading_similar]","[...loading_similar]","[...loading_similar]"
"1VLE_M","S+3(1)","[...loading_similar]","[...loading_similar]","[...loading_similar]"
"1TI2_A","S+3(1)","[...loading_similar]","[...loading_similar]","[...loading_similar]"
"3NKR_A","S+3(1)","[3NKN_A, 3NKO_A, 3NKP_A, 3NKQ_A, 3NKR_A, 3WAV_A, 3WAW_A, 3WAX_A, 3WAY_A]","[]","[]"
"1TI4_A","S+3(1)","[...loading_similar]","[...loading_similar]","[...loading_similar]"
"4DJK_A","S+3(1)","[4DJK_A]","[]","[]"
"4DJI_A","S+3(1)","[4DJK_A]","[]","[]"
"4US4_A","S+3(1)","[4US4_A]","[6YU5_A]","[6YU6_A, 6YU7_A]"
"3CSY_I","S+3(1)","[6F6N_A, 6F6S_A]","[]","[5JQ3_A, 5JQ7_A, 5JQB_A, 6F6I_A, 6NAE_A, 6S8D_A, 6S8I_A]"
"4US3_A","S+3(1)","[4US4_A]","[6YU5_A]","[6YU6_A, 6YU7_A]"
"4UOP_A","S+3(1)","[]","[7VMV_A]","[]"
"3VE0_I","S+3(1)","[3CSY_I, 3S88_I]","[]","[7KEJ_A, 7KEX_A, 7KF9_A, 7KFB_A, 7KFH_A, 7M8L_A, 9N8F_A]"
"3S88_I","S+3(1)","[3CSY_I, 3VE0_I]","[]","[7KEJ_A, 7KEX_A, 7KF9_A, 7KFB_A, 7KFH_A, 7M8L_A, 9N8F_A]"
"4OYE_A","S+3(1)","[1XFH_A, 2NWW_A, 2NWX_A, 4OYF_A, 5CFY_A]","[]","[6UWF_A, 6UWL_A, 6X17_A, 7AHK_A]"
"3NKN_A","S+3(1)","[3NKN_A, 3NKO_A, 3NKP_A, 3NKQ_A, 3NKR_A, 3WAV_A, 3WAW_A, 3WAX_A, 3WAY_A]","[]","[]"
"1PGI_A","S+3(1)","[]","[]","[]"
"3P12_A","S+3(1)","[1OGC_A, 1OGD_A, 1OGE_A, 1OGF_A, 3E7N_A, 3P13_A]","[]","[]"
"2B9B_A","S+3(1)","[4WSG_A]","[6WXB_A]","[7VDF_A, 9DRQ_A]"
"4UOR_A","S+3(1)","[2W5Q_A, 2W5R_A, 2W5S_A, 2W5T_A, 2W8D_A, 4UOR_A]","[5ENN_A]","[]"
"4UOO_A","S+3(1)","[2W5Q_A, 2W5R_A, 2W5S_A, 2W5T_A, 2W8D_A, 4UOR_A]","[5ENN_A]","[]"
"2GA3_A","S+3(1)","[1B8J_A, 1ED8_A, 1ED9_A, 1ELX_A, 1EW8_A, 1EW9_A, 1Y6V_A, 2GA3_A, 3BDG_B]","[]","[]"
"4JBY_A","S+3(1)","[1OF1_A, 1P7C_A, 1QHI_A, 1VTK_A, 2KI5_A, 2VTK_A, 3F0T_A, 3VTK_A, 4JBX_A]","[]","[]"
"4IVP_A","S+3(1)","[1E2I_A, 1E2K_A, 1E2M_A, 1E2N_A, 1E2P_A, 1KI2_A, 1KI3_A, 1KI4_A, 1KI6_B]","[]","[]"
"4JBX_A","S+3(1)","[1OF1_A, 1P7C_A, 1QHI_A, 1VTK_A, 2KI5_A, 2VTK_A, 3F0T_A, 3VTK_A, 4JBX_A]","[]","[]"
"4IVR_A","S+3(1)","[1E2I_A, 1E2K_A, 1E2M_A, 1E2N_A, 1E2P_A, 1KI2_A, 1KI3_A, 1KI4_A, 1KI6_B]","[]","[]"
"4IVQ_A","S+3(1)","[1E2I_A, 1E2K_A, 1E2M_A, 1E2N_A, 1E2P_A, 1KI2_A, 1KI3_A, 1KI4_A, 1KI6_B]","[]","[]"
"3M8Y_A","S+3(1)","[3M8Y_A, 3M8Z_A, 3OT9_A, 3TWZ_A, 3TX0_A, 3UO0_A, 4LR7_A, 4LR8_A, 4LRE_A]","[]","[]"
"3M8W_A","S+3(1)","[3M8Y_A, 3M8Z_A, 3OT9_A, 3TWZ_A, 3TX0_A, 3UO0_A, 4LR7_A, 4LR8_A, 4LRE_A]","[]","[]"
"4LR7_A","S+3(1)","[3M8W_A, 4LR8_A, 4LR9_A, 4LRA_A, 4LRB_A, 4LRC_A, 4LRD_A, 4LRE_A, 4LRF_A]","[]","[]"
"4LRB_A","S+3(1)","[3M8W_A, 4LR7_A, 4LR8_A, 4LR9_A, 4LRB_A, 4LRC_A, 4LRD_A, 4LRE_A, 4LRF_A]","[]","[]"
"3UO0_A","S+3(1)","[3M8Y_A, 3M8Z_A, 3OT9_A, 3TWZ_A, 3TX0_A, 3UO0_A, 4LR7_A, 4LR8_A, 4LRE_A]","[]","[]"
"4LR9_A","S+3(1)","[3M8W_A, 4LR8_A, 4LR9_A, 4LRA_A, 4LRB_A, 4LRC_A, 4LRD_A, 4LRE_A, 4LRF_A]","[]","[]"
"4LRA_A","S+3(1)","[3M8W_A, 4LR7_A, 4LR8_A, 4LR9_A, 4LRB_A, 4LRC_A, 4LRD_A, 4LRE_A, 4LRF_A]","[]","[]"
"3UNY_A","S+3(1)","[3M8W_A, 3M8Y_A, 3M8Z_A, 3OT9_A, 3TWZ_A, 3TX0_A, 3UN2_A, 3UN3_A, 3UNY_A]","[]","[]"
"3UN2_A","S+3(1)","[3M8W_A, 3M8Y_A, 3M8Z_A, 3OT9_A, 3TWZ_A, 3TX0_A, 3UN3_A, 3UN5_A, 3UNY_A]","[]","[]"
"4MME_A","S+3(1)","[2A65_A, 2Q6H_A, 2Q72_A, 2QB4_A, 3QS5_A, 4MMC_A, 4MMD_A, 4MME_A, 4MMF_A]","[]","[]"
"4MMC_A","S+3(1)","[2A65_A, 2Q6H_A, 2Q72_A, 2QB4_A, 3QS5_A, 4MMC_A, 4MMD_A, 4MME_A, 4MMF_A]","[]","[]"
"4MMD_A","S+3(1)","[2A65_A, 2Q6H_A, 2Q72_A, 2QB4_A, 3QS5_A, 4MMC_A, 4MMD_A, 4MME_A, 4MMF_A]","[]","[]"
"4MM8_A","S+3(1)","[4MM5_A, 4MM6_A, 4MM7_A, 4MM8_A, 4MM9_A, 4MMA_A, 4MMB_A, 4MMC_A, 4MMD_A]","[]","[]"
"4MMA_A","S+3(1)","[4MM5_A, 4MM6_A, 4MM7_A, 4MM8_A, 4MM9_A, 4MMA_A, 4MMB_A, 4MMC_A, 4MMD_A]","[]","[]"
"4MM6_A","S+3(1)","[4MM5_A, 4MM6_A, 4MM7_A, 4MM8_A, 4MM9_A, 4MMA_A, 4MMB_A, 4MMC_A, 4MMD_A]","[]","[]"
"4MM9_A","S+3(1)","[4MM5_A, 4MM6_A, 4MM7_A, 4MM8_A, 4MM9_A, 4MMA_A, 4MMB_A, 4MMC_A, 4MMD_A]","[]","[]"
"4MM4_A","S+3(1)","[4MM5_A, 4MM6_A, 4MM7_A, 4MM8_A, 4MM9_A, 4MMA_A, 4MMB_A, 4MMC_A, 4MMD_A]","[]","[]"
"4FY0_A","S+3(1)","[2A65_A, 2Q6H_A, 2Q72_A, 2QB4_A, 2QEI_A, 3F3A_A, 3F3C_A, 3F3D_A, 4FY0_A]","[]","[]"
"4MM5_A","S+3(1)","[4MM5_A, 4MM6_A, 4MM7_A, 4MM8_A, 4MM9_A, 4MMA_A, 4MMB_A, 4MMC_A, 4MMD_A]","[]","[]"
"4HMK_A","S+3(1)","[2A65_A, 2Q6H_A, 2Q72_A, 2QB4_A, 2QEI_A, 3F3A_A, 3F3C_A, 4HMK_A, 4HOD_A]","[]","[]"
"4HOD_A","S+3(1)","[2A65_A, 2Q6H_A, 2Q72_A, 2QB4_A, 2QEI_A, 3F3A_A, 3F3C_A, 3F3D_A, 3F3E_A]","[]","[]"
"3USO_A","S+3(1)","[2Q6H_A, 2Q72_A, 2QB4_A, 2QEI_A, 3F3A_A, 3F3C_A, 3F3D_A, 3F3E_A, 3F48_A]","[]","[]"
"3USP_A","S+3(1)","[2Q6H_A, 2Q72_A, 2QB4_A, 2QEI_A, 3F3A_A, 3F3C_A, 3F3D_A, 3F3E_A, 3F48_A]","[]","[]"
"3USM_A","S+3(1)","[2Q6H_A, 2Q72_A, 2QB4_A, 2QEI_A, 3F3A_A, 3F3C_A, 3F3D_A, 3F3E_A, 3F48_A]","[]","[]"
"3USK_A","S+3(1)","[2Q6H_A, 2Q72_A, 2QB4_A, 2QEI_A, 3F3A_A, 3F3C_A, 3F3D_A, 3F3E_A, 3F48_A]","[]","[]"
"3USL_A","S+3(1)","[2Q6H_A, 2Q72_A, 2QB4_A, 2QEI_A, 3F3A_A, 3F3C_A, 3F3D_A, 3F3E_A, 3F48_A]","[]","[]"
"3USI_A","S+3(1)","[2Q6H_A, 2Q72_A, 2QB4_A, 2QEI_A, 3F3A_A, 3F3C_A, 3F3D_A, 3F3E_A, 3F48_A]","[]","[]"
"3USG_A","S+3(1)","[2Q6H_A, 2Q72_A, 2QB4_A, 2QEI_A, 3F3A_A, 3F3C_A, 3F3D_A, 3F3E_A, 3F48_A]","[]","[]"
"3USJ_A","S+3(1)","[2Q6H_A, 2Q72_A, 2QB4_A, 2QEI_A, 3F3A_A, 3F3C_A, 3F3D_A, 3F3E_A, 3F48_A]","[]","[]"
"3TT3_A","S+3(1)","[2A65_A, 2Q6H_A, 2Q72_A, 2QB4_A, 2QEI_A, 3F3A_A, 3F3C_A, 3F3D_A, 3TU0_A]","[]","[]"
"3TT1_A","S+3(1)","[2A65_A, 2Q6H_A, 2Q72_A, 2QB4_A, 2QEI_A, 3F3A_A, 3F3C_A, 3F3D_A, 3F3E_A]","[]","[]"
"4M8J_A","S+3(1)","[2WSW_A, 2WSX_A, 3HFX_A]","[]","[]"
"3KBC_A","S+3(1)","[4P19_A, 4P1A_A, 4P3J_A, 4P6H_A]","[]","[6X12_A, 6X13_A, 6X14_A, 6X15_A, 6X16_A]"
"4KJG_A","S+3(1)","[1EW2_A, 1ZEB_A, 1ZED_A, 1ZEF_A, 2GLQ_A, 3MK0_A, 3MK1_A, 3MK2_A, 4KJG_A]","[]","[]"
"4LQY_A","S+3(1)","[4LR2_A, 5VEO_A]","[]","[5VEM_A, 5VEN_A]"
"4KAY_A","S+3(1)","[4KAY_A, 4TN0_A, 5FGN_A, 5GOV_A, 5GRR_A, 5K4P_A, 5MX9_A]","[]","[6A7W_A, 6SUT_A]"
"4GUE_A","S+3(1)","[3UBD_A, 4GUE_A]","[5D9L_A]","[8EQ5_A]"
"4FDJ_A","S+3(1)","[4FDJ_A]","[]","[]"
"4AIN_A","S+3(1)","[4DOJ_A, 4LLH_A]","[]","[9GKK_A, 9HKO_A, 9I5Z_A, 9I60_A, 9I61_A, 9I66_A, 9I8U_A]"
"4DOJ_A","S+3(1)","[4LLH_A]","[]","[9GKK_A, 9HKL_A, 9HKO_A, 9I5Z_A, 9I60_A, 9I61_A, 9I66_A, 9I8U_A]"
"4EL9_A","S+3(1)","[3UBD_A, 4GUE_A]","[5D9L_A]","[8EQ5_A]"
"3V8F_A","S+3(1)","[1XFH_A, 2NWW_A, 2NWX_A, 4OYF_A]","[]","[6UWF_A, 6UWL_A, 6X17_A, 7AHK_A, 9BH1_A]"
"3V8G_A","S+3(1)","[1XFH_A, 2NWW_A, 2NWX_A, 4OYF_A]","[]","[6UWF_A, 6UWL_A, 6X17_A, 7AHK_A, 9BH1_A]"
"4IZM_A","S+3(1)","[1XFH_A, 2NWW_A, 2NWX_A, 4OYF_A]","[]","[6UWF_A, 6UWL_A, 6X17_A, 7AHK_A, 9BH1_A]"
"3TV9_A","S+3(1)","[3QTD_A, 5NJ5_B, 5NJ9_B, 5NJA_B, 5NJB_B]","[1TO9_B]","[5NJC_B, 5NJF_B]"
"4GTX_A","S+3(1)","[4B56_A, 4GTX_A, 4GTY_A, 4GTZ_A]","[]","[6AEK_A, 6AEL_A, 6WET_AaA, 6WEU_AbA, 6XKD_A]"
"4GTY_A","S+3(1)","[4B56_A, 4GTX_A, 4GTY_A, 4GTZ_A]","[]","[6AEK_A, 6AEL_A, 6WET_AaA, 6WEU_AbA, 6XKD_A]"
"4GTZ_A","S+3(1)","[4B56_A, 4GTX_A, 4GTY_A, 4GTZ_A]","[]","[6AEK_A, 6AEL_A, 6WET_AaA, 6WEU_AbA, 6XKD_A]"
"3RDP_A","S+3(1)","[1E2I_A, 1E2K_A, 1E2M_A, 1E2N_A, 1E2P_A, 1KI2_A, 1KI3_A, 1KI4_A, 1KI6_B]","[]","[]"
"1OGF_A","S+3(1)","[1OGD_A, 1OGE_A, 1OGF_A, 3E7N_A, 3P12_A, 3P13_A]","[]","[]"
"1OGE_A","S+3(1)","[1OGD_A, 1OGE_A, 1OGF_A, 3E7N_A, 3P12_A, 3P13_A]","[]","[]"
"3TX0_A","S+3(1)","[3M8Y_A, 3M8Z_A, 3OT9_A, 3TWZ_A, 3TX0_A, 3UO0_A, 4LR7_A, 4LR8_A, 4LRE_A]","[]","[]"
"3TWZ_A","S+3(1)","[3M8Y_A, 3M8Z_A, 3OT9_A, 3TWZ_A, 3TX0_A, 3UO0_A, 4LR7_A, 4LR8_A, 4LRE_A]","[]","[]"
"4OYF_A","S+3(1)","[2NWW_A, 2NWX_A, 4OYF_A]","[]","[6UWF_A, 6UWL_A, 6X17_A, 7AHK_A, 9BH1_A, 9BH2_A]"
"3T00_A","S+3(1)","[1EI6_A, 3SZZ_A, 3T00_A, 3T01_A, 3T02_A]","[]","[]"
"3SZZ_A","S+3(1)","[1EI6_A, 3SZZ_A, 3T00_A, 3T01_A, 3T02_A]","[]","[]"
"3T01_A","S+3(1)","[1EI6_A, 3SZZ_A, 3T00_A, 3T01_A, 3T02_A]","[]","[]"
"4OQL_A","S+3(1)","[1OF1_A, 1P7C_A, 1QHI_A, 1VTK_A, 2KI5_A, 2VTK_A, 3F0T_A, 3VTK_A, 4JBX_A]","[]","[]"
"4OQN_A","S+3(1)","[1OF1_A, 1P7C_A, 1QHI_A, 1VTK_A, 2KI5_A, 2VTK_A, 3F0T_A, 3VTK_A, 4JBX_A]","[]","[]"
"4OQX_A","S+3(1)","[1OF1_A, 1P7C_A, 1QHI_A, 1VTK_A, 2KI5_A, 2VTK_A, 3F0T_A, 3VTK_A, 4JBX_A]","[]","[]"
"4OQM_A","S+3(1)","[1OF1_A, 1P7C_A, 1QHI_A, 1VTK_A, 2KI5_A, 2VTK_A, 3F0T_A, 3VTK_A, 4JBX_A]","[]","[]"
"3QE7_A","S+3(1)","[5XLS_A]","[]","[8OMZ_A, 8OO1_A]"
"4P6H_C","S+3(1)","[3KBC_A, 4P1A_A, 4P3J_A, 4P6H_A]","[]","[6X12_A, 6X13_A, 6X14_A, 6X15_A, 6X16_A]"
"4P6H_A","S+3(1)","[3KBC_A, 4P1A_A, 4P3J_A, 4P6H_A]","[]","[6X12_A, 6X13_A, 6X14_A, 6X15_A, 6X16_A]"
"4P6H_B","S+3(1)","[3KBC_A, 4P1A_A, 4P3J_A, 4P6H_A]","[]","[6X12_A, 6X13_A, 6X14_A, 6X15_A, 6X16_A]"
"4P3J_C","S+3(1)","[3KBC_A, 4P1A_A, 4P3J_A, 4P6H_A]","[]","[6X12_A, 6X13_A, 6X14_A, 6X15_A, 6X16_A]"
"4P3J_B","S+3(1)","[3KBC_A, 4P1A_A, 4P3J_A, 4P6H_A]","[]","[6X12_A, 6X13_A, 6X14_A, 6X15_A, 6X16_A]"
"4P3J_A","S+3(1)","[3KBC_A, 4P1A_A, 4P3J_A, 4P6H_A]","[]","[6X12_A, 6X13_A, 6X14_A, 6X15_A, 6X16_A]"
"4P1A_A","S+3(1)","[3KBC_A, 4P1A_A, 4P3J_A, 4P6H_A]","[]","[6X12_A, 6X13_A, 6X14_A, 6X15_A, 6X16_A]"
"4P1A_C","S+3(1)","[3KBC_A, 4P1A_A, 4P3J_A, 4P6H_A]","[]","[6X12_A, 6X13_A, 6X14_A, 6X15_A, 6X16_A]"
"4P1A_B","S+3(1)","[3KBC_A, 4P1A_A, 4P3J_A, 4P6H_A]","[]","[6X12_A, 6X13_A, 6X14_A, 6X15_A, 6X16_A]"
"4P19_C","S+3(1)","[3KBC_A, 4P1A_A, 4P3J_A, 4P6H_A]","[]","[6X12_A, 6X13_A, 6X14_A, 6X15_A, 6X16_A]"
"4P19_B","S+3(1)","[3KBC_A, 4P1A_A, 4P3J_A, 4P6H_A]","[]","[6X12_A, 6X13_A, 6X14_A, 6X15_A, 6X16_A]"
"4P19_A","S+3(1)","[3KBC_A, 4P1A_A, 4P3J_A, 4P6H_A]","[]","[6X12_A, 6X13_A, 6X14_A, 6X15_A, 6X16_A]"
"4OYG_F","S+3(1)","[...loading_similar]","[...loading_similar]","[...loading_similar]"
"4OYG_A","S+3(1)","[...loading_similar]","[...loading_similar]","[...loading_similar]"
"4OYG_E","S+3(1)","[...loading_similar]","[...loading_similar]","[...loading_similar]"
"4OYG_D","S+3(1)","[...loading_similar]","[...loading_similar]","[...loading_similar]"
"4D1D_A","S+3(1)","[2JLN_A, 2X79_A, 4D1B_A, 4D1C_A, 4D1D_A]","[]","[]"
"4D1C_A","S+3(1)","[2JLN_A, 2X79_A, 4D1B_A, 4D1C_A, 4D1D_A]","[]","[]"
"4D1B_A","S+3(1)","[2JLN_A, 2X79_A, 4D1B_A, 4D1C_A, 4D1D_A]","[]","[]"
"4D1A_A","S+3(1)","[2JLN_A, 2X79_A, 4D1B_A, 4D1C_A, 4D1D_A]","[]","[]"
"4LLH_A","S+3(1)","[4LLH_A]","[]","[9GKK_A, 9HKL_A, 9HKO_A, 9I5Z_A, 9I60_A, 9I61_A, 9I66_A, 9I8U_A]"
"4LLH_B","S+3(1)","[4LLH_A]","[]","[9GKK_A, 9HKL_A, 9HKO_A, 9I5Z_A, 9I60_A, 9I61_A, 9I66_A, 9I8U_A]"
"4LLH_C","S+3(1)","[4LLH_A]","[]","[9GKK_A, 9HKL_A, 9HKO_A, 9I5Z_A, 9I60_A, 9I61_A, 9I66_A, 9I8U_A]"
"4OYG_C","S+3(1)","[...loading_similar]","[...loading_similar]","[...loading_similar]"
"4MIV_A","S+3(1)","[4MIV_A]","[]","[]"
"4MIV_B","S+3(1)","[4MIV_A]","[]","[]"
"4MIV_D","S+3(1)","[4MIV_A]","[]","[]"
"4MIV_C","S+3(1)","[4MIV_A]","[]","[]"
"4OYG_B","S+3(1)","[...loading_similar]","[...loading_similar]","[...loading_similar]"
"4MIV_E","S+3(1)","[4MIV_A]","[]","[]"
"4MIV_G","S+3(1)","[4MIV_A]","[]","[]"
"4MIV_F","S+3(1)","[4MIV_A]","[]","[]"
"4MIV_H","S+3(1)","[4MIV_A]","[]","[]"
"4MHX_A","S+3(1)","[4MIV_A]","[]","[]"
"4MHX_B","S+3(1)","[4MIV_A]","[]","[]"
"1AJA_A","S+3(1)","[1AJB_A, 1AJC_A, 1AJD_A, 1B8J_A, 1ED8_A, 1ED9_A, 1EW8_A, 1EW9_A, 1Y6V_A]","[]","[]"
"1AJB_A","S+3(1)","[1AJB_A, 1AJC_A, 1AJD_A, 1B8J_A, 1ED8_A, 1ED9_A, 1EW8_A, 1EW9_A, 1Y6V_A]","[]","[]"
"1ALJ_A","S+3(1)","[1ALJ_A, 1B8J_A, 1ED8_A, 1ED9_A, 1EW8_A, 1EW9_A, 1HQA_A, 1Y6V_A, 3BDG_B]","[]","[]"
"1ALK_A","S+3(1)","[1B8J_A, 1ED8_A, 1KH4_A, 1KH5_A, 1KH9_A, 1KHJ_A, 1KHK_A, 1KHL_A, 1KHN_A]","[]","[]"
"1AJC_A","S+3(1)","[1AJB_A, 1AJC_A, 1AJD_A, 1B8J_A, 1ED8_A, 1ED9_A, 1EW8_A, 1EW9_A, 1Y6V_A]","[]","[]"
"1AJD_A","S+3(1)","[1AJB_A, 1AJC_A, 1AJD_A, 1B8J_A, 1ED8_A, 1ED9_A, 1EW8_A, 1EW9_A, 1Y6V_A]","[]","[]"
"1ALI_A","S+3(1)","[1ALJ_A, 1B8J_A, 1ED8_A, 1ED9_A, 1EW8_A, 1EW9_A, 1HQA_A, 1Y6V_A, 3BDG_B]","[]","[]"
"1ANI_A","S+3(1)","[1ANJ_A, 1B8J_A, 1ED8_A, 1ED9_A, 1EW8_A, 1EW9_A, 1Y6V_A, 1Y7A_A, 2ANH_A]","[]","[]"
"1ANJ_A","S+3(1)","[1ANI_A, 1B8J_A, 1ED8_A, 1ED9_A, 1EW8_A, 1EW9_A, 1Y6V_A, 3BDG_B, 3BDH_A]","[]","[]"
"1AUK_A","S+3(1)","[1E1Z_P, 1E2S_P, 1E33_P, 1E3C_P, 1N2K_A, 1N2L_A]","[]","[]"
"1B8J_A","S+3(1)","[1ED8_A, 1ED9_A, 1EW8_A, 1EW9_A, 1Y6V_A, 3BDG_B, 3BDH_A, 3TG0_A, 5C66_A]","[]","[]"
"1E1Z_P","S+3(1)","[1AUK_A, 1E2S_P, 1E33_P, 1E3C_P, 1N2K_A, 1N2L_A]","[]","[]"
"1E2H_A","S+3(1)","[1E2I_A, 1E2K_A, 1E2M_A, 1E2N_A, 1E2P_A, 1KI2_A, 1KI3_A, 1KI4_A, 1KI6_B]","[]","[]"
"1E2I_A","S+3(1)","[1E2I_A, 1E2K_A, 1E2M_A, 1E2N_A, 1E2P_A, 1KI2_A, 1KI3_A, 1KI4_A, 1KI6_B]","[]","[]"
"1E2J_A","S+3(1)","[1E2H_A, 1E2I_A, 1E2K_A, 1E2M_A, 1E2N_A, 1E2P_A, 1KI2_A, 1KI3_A, 1KI4_A]","[]","[]"
"1E2K_A","S+3(1)","[1E2I_A, 1E2K_A, 1E2M_A, 1E2N_A, 1E2P_A, 1KI2_A, 1KI3_A, 1KI4_A, 1KI6_B]","[]","[]"
"1E2L_A","S+3(1)","[1E2H_A, 1E2I_A, 1E2K_A, 1E2M_A, 1E2N_A, 1E2P_A, 1KI2_A, 1KI3_A, 1KI4_A]","[]","[]"
"1E2M_A","S+3(1)","[1E2I_A, 1E2K_A, 1E2M_A, 1E2N_A, 1E2P_A, 1KI2_A, 1KI3_A, 1KI4_A, 1KI6_B]","[]","[]"
"1E2N_A","S+3(1)","[1E2I_A, 1E2K_A, 1E2M_A, 1E2N_A, 1E2P_A, 1KI2_A, 1KI3_A, 1KI4_A, 1KI6_B]","[]","[]"
"1E2P_A","S+3(1)","[1E2I_A, 1E2K_A, 1E2M_A, 1E2N_A, 1E2P_A, 1KI2_A, 1KI3_A, 1KI4_A, 1KI6_B]","[]","[]"
"1E2S_P","S+3(1)","[1AUK_A, 1E1Z_P, 1E33_P, 1E3C_P, 1N2K_A, 1N2L_A]","[]","[]"
"1E33_P","S+3(1)","[1AUK_A, 1E1Z_P, 1E2S_P, 1E3C_P, 1N2K_A, 1N2L_A]","[]","[]"
"1E3C_P","S+3(1)","[1AUK_A, 1E1Z_P, 1E2S_P, 1E33_P, 1N2K_A, 1N2L_A]","[]","[]"
"1ED8_A","S+3(1)","[1ED8_A, 1ED9_A, 1EW8_A, 1EW9_A, 1Y6V_A, 3BDG_B, 3BDH_A, 3TG0_A, 5C66_A]","[]","[]"
"1EI6_A","S+3(1)","[3SZY_A, 3SZZ_A, 3T00_A, 3T01_A, 3T02_A]","[]","[]"
"1ED9_A","S+3(1)","[1ED8_A, 1ED9_A, 1EW8_A, 1EW9_A, 1Y6V_A, 3BDG_B, 3BDH_A, 3TG0_A, 5C66_A]","[]","[]"
"1EJJ_A","S+3(1)","[1EQJ_A, 1O98_A, 1O99_A, 2IFY_A, 4MY4_A, 4NWJ_A, 4NWX_A, 4QAX_A]","[]","[7TL8_A]"
"1ELX_A","S+3(1)","[1B8J_A, 1ED8_A, 1ED9_A, 1ELY_A, 1ELZ_A, 1EW8_A, 1EW9_A, 1Y6V_A, 2G9Y_A]","[]","[]"
"1ELY_A","S+3(1)","[1B8J_A, 1ED8_A, 1ED9_A, 1ELX_A, 1EW8_A, 1EW9_A, 1Y6V_A, 2G9Y_A, 2GA3_A]","[]","[]"
"1ELZ_A","S+3(1)","[1B8J_A, 1ED8_A, 1ED9_A, 1ELX_A, 1EW8_A, 1EW9_A, 1Y6V_A, 3BDG_B, 3BDH_A]","[]","[]"
"1EQJ_A","S+3(1)","[1EQJ_A, 1O98_A, 1O99_A, 2IFY_A, 4MY4_A, 4NWJ_A, 4NWX_A, 4QAX_A]","[]","[7TL8_A]"
"1EW2_A","S+3(1)","[1ZEB_A, 1ZED_A, 1ZEF_A, 2GLQ_A, 3MK0_A, 3MK1_A, 3MK2_A, 4KJD_A, 4KJG_A]","[]","[]"
"1FSU_A","S+3(1)","[]","[]","[]"
"1EW8_A","S+3(1)","[1ED8_A, 1ED9_A, 1EW8_A, 1EW9_A, 1Y6V_A, 3BDG_B, 3BDH_A, 3TG0_A, 5C66_A]","[]","[]"
"1EW9_A","S+3(1)","[1ED8_A, 1ED9_A, 1EW8_A, 1EW9_A, 1Y6V_A, 3BDG_B, 3BDH_A, 3TG0_A, 5C66_A]","[]","[]"
"1HQA_A","S+3(1)","[1ALI_A, 1ALJ_A, 1B8J_A, 1ED8_A, 1ED9_A, 1EW8_A, 1EW9_A, 1Y6V_A, 3BDG_B]","[]","[]"
"1HDH_A","S+3(1)","[4CXK_A, 4CXS_A, 4CXU_A, 4CYR_A, 4CYS_A, 5AJ9_A]","[]","[]"
"1HJK_A","S+3(1)","[1B8J_A, 1ED8_A, 1ED9_A, 1EW8_A, 1EW9_A, 1Y6V_A, 3BDG_B, 3BDH_A, 3TG0_A]","[]","[]"
"1JCH_A","S+3(1)","[2AXC_A, 2B5U_A, 5EW5_A]","[4V5K_AY]","[7NST_D, 7NSU_D]"
"1K7H_A","S+3(1)","[1SHN_A, 1SHQ_A, 4KJD_A, 4KJG_A]","[]","[7YIV_A, 7YIW_A, 7YIX_A, 9S0V_A, 9SH5_A]"
"1KH4_A","S+3(1)","[1ALK_A, 1B8J_A, 1KH5_A, 1KH7_A, 1KH9_A, 1KHJ_A, 1KHK_A, 1KHL_A, 1KHN_A]","[]","[]"
"1KH5_A","S+3(1)","[1ALK_A, 1B8J_A, 1KH5_A, 1KH7_A, 1KH9_A, 1KHJ_A, 1KHK_A, 1KHL_A, 1KHN_A]","[]","[]"
"1KH7_A","S+3(1)","[1AJA_A, 1ALK_A, 1KH4_A, 1KH5_A, 1KH9_A, 1KHJ_A, 1KHK_A, 1KHL_A, 1KHN_A]","[]","[]"
"1KH9_A","S+3(1)","[1ALK_A, 1B8J_A, 1KH5_A, 1KH7_A, 1KH9_A, 1KHJ_A, 1KHK_A, 1KHL_A, 1KHN_A]","[]","[]"
"1KHK_A","S+3(1)","[1AJA_A, 1ALK_A, 1KH4_A, 1KH5_A, 1KH7_A, 1KH9_A, 1KHK_A, 1KHL_A, 1KHN_A]","[]","[]"
"1KHJ_A","S+3(1)","[1AJA_A, 1ALK_A, 1KH4_A, 1KH5_A, 1KH7_A, 1KH9_A, 1KHK_A, 1KHL_A, 1KHN_A]","[]","[]"
"1KHL_A","S+3(1)","[1AJA_A, 1ALK_A, 1KH4_A, 1KH5_A, 1KH7_A, 1KH9_A, 1KHK_A, 1KHL_A, 1KHN_A]","[]","[]"
"1KHN_A","S+3(1)","[1AJA_A, 1ALK_A, 1KH4_A, 1KH5_A, 1KH7_A, 1KH9_A, 1KHK_A, 1KHL_A, 1KHN_A]","[]","[]"
"1KI6_A","S+3(1)","[1E2H_A, 1E2I_A, 1E2K_A, 1E2M_A, 1E2N_A, 1E2P_A, 1KI2_A, 1KI3_A, 1KI4_A]","[]","[]"
"1KI2_A","S+3(1)","[1E2I_A, 1E2K_A, 1E2M_A, 1E2N_A, 1E2P_A, 1KI2_A, 1KI3_A, 1KI4_A, 1KI6_B]","[]","[]"
"1KI3_A","S+3(1)","[1E2I_A, 1E2K_A, 1E2M_A, 1E2N_A, 1E2P_A, 1KI2_A, 1KI3_A, 1KI4_A, 1KI6_B]","[]","[]"
"1KI4_A","S+3(1)","[1E2I_A, 1E2K_A, 1E2M_A, 1E2N_A, 1E2P_A, 1KI2_A, 1KI3_A, 1KI4_A, 1KI6_B]","[]","[]"
"1KI7_A","S+3(1)","[1E2I_A, 1E2K_A, 1E2M_A, 1E2N_A, 1E2P_A, 1KI2_A, 1KI3_A, 1KI4_A, 1KI6_B]","[]","[]"
"1KI8_A","S+3(1)","[1E2I_A, 1E2K_A, 1E2M_A, 1E2N_A, 1E2P_A, 1KI2_A, 1KI3_A, 1KI4_A, 1KI6_B]","[]","[]"
"1KIM_A","S+3(1)","[1OF1_A, 1P7C_A, 1QHI_A, 1VTK_A, 2KI5_A, 2VTK_A, 3F0T_A, 3VTK_A, 4JBX_A]","[]","[]"
"1N2K_A","S+3(1)","[1AUK_A, 1E2S_P, 1E33_P, 1E3C_P, 1N2K_A, 1N2L_A]","[]","[]"
"1LNS_A","S+3(1)","[]","[]","[]"
"1N2L_A","S+3(1)","[1AUK_A, 1E2S_P, 1E33_P, 1E3C_P, 1N2K_A, 1N2L_A]","[]","[]"
"1O99_A","S+3(1)","[1EJJ_A, 1EQJ_A, 1O98_A, 2IFY_A, 4MY4_A, 4NWJ_A, 4NWX_A, 4QAX_A]","[]","[7TL8_A]"
"1OGC_A","S+3(1)","[1OGD_A, 1OGE_A, 1OGF_A, 3E7N_A, 3P12_A, 3P13_A]","[]","[]"
"1O98_A","S+3(1)","[1EQJ_A, 1O98_A, 1O99_A, 2IFY_A, 4MY4_A, 4NWJ_A, 4NWX_A, 4QAX_A]","[]","[7TL8_A]"
"1OGD_A","S+3(1)","[1OGD_A, 1OGE_A, 1OGF_A, 3E7N_A, 3P12_A, 3P13_A]","[]","[]"
"1OF1_A","S+3(1)","[1KIM_A, 1P7C_A, 1QHI_A, 1VTK_A, 2KI5_A, 2VTK_A, 3F0T_A, 3VTK_A, 4JBX_A]","[]","[]"
"1OSN_A","S+3(1)","[]","[]","[]"
"1P49_A","S+3(1)","[]","[]","[8EG3_A]"
"1P6X_A","S+3(1)","[1P72_A, 1P73_A, 1P75_A]","[]","[]"
"1P73_A","S+3(1)","[1P72_A, 1P73_A, 1P75_A]","[]","[]"
"1P72_A","S+3(1)","[1P72_A, 1P73_A, 1P75_A]","[]","[]"
"1P75_A","S+3(1)","[1P72_A, 1P73_A, 1P75_A]","[]","[]"
"1SHN_A","S+3(1)","[1K7H_A, 1SHQ_A, 4KJD_A, 4KJG_A]","[]","[7YIV_A, 7YIW_A, 7YIX_A, 9S0V_A, 9SH5_A]"
"1P7C_A","S+3(1)","[1OF1_A, 1P7C_A, 1QHI_A, 1VTK_A, 2KI5_A, 2VTK_A, 3F0T_A, 3VTK_A, 4JBX_A]","[]","[]"
"1QHI_A","S+3(1)","[1KIM_A, 1P7C_A, 1QHI_A, 1VTK_A, 2KI5_A, 2VTK_A, 3F0T_A, 3VTK_A, 4JBX_A]","[]","[]"
"1RH1_A","S+3(1)","[]","[3FEW_X]","[]"
"1SHQ_A","S+3(1)","[1K7H_A, 1SHQ_A, 4KJD_A, 4KJG_A]","[]","[7YIV_A, 7YIW_A, 7YIX_A, 9S0V_A, 9SH5_A]"
"1VL4_A","S+3(1)","[]","[]","[]"
"1URA_A","S+3(1)","[1B8J_A, 1ED8_A, 1ED9_A, 1EW8_A, 1EW9_A, 1URB_A, 1Y6V_A, 3BDG_B, 3BDH_A]","[]","[]"
"1URB_A","S+3(1)","[1B8J_A, 1ED8_A, 1ED9_A, 1EW8_A, 1EW9_A, 1URB_A, 1Y6V_A, 3BDG_B, 3BDH_A]","[]","[]"
"1VPB_A","S+3(1)","[]","[]","[]"
"1VTK_A","S+3(1)","[1OF1_A, 1P7C_A, 1QHI_A, 1VTK_A, 2KI5_A, 2VTK_A, 3F0T_A, 3VTK_A, 4JBX_A]","[]","[]"
"1XFH_A","S+3(1)","[2NWW_A, 2NWX_A, 4OYF_A]","[]","[6UWF_A, 6UWL_A, 6X17_A, 7AHK_A, 9BH1_A, 9BH2_A]"
"1Y7A_A","S+3(1)","[1B8J_A, 1ED8_A, 1ED9_A, 1EW8_A, 1EW9_A, 1Y6V_A, 3BDG_B, 3BDH_A, 3TG0_A]","[]","[]"
"1Y6V_A","S+3(1)","[1ED8_A, 1ED9_A, 1EW8_A, 1EW9_A, 1Y6V_A, 3BDG_B, 3BDH_A, 3TG0_A, 5C66_A]","[]","[]"
"1TI6_A","S+3(1)","[...loading_similar]","[...loading_similar]","[...loading_similar]"
"1ZEB_A","S+3(1)","[1ZEB_A, 1ZED_A, 1ZEF_A, 2GLQ_A, 3MK0_A, 3MK1_A, 3MK2_A, 4KJD_A, 4KJG_A]","[]","[]"
"1ZED_A","S+3(1)","[1ZEB_A, 1ZED_A, 1ZEF_A, 2GLQ_A, 3MK0_A, 3MK1_A, 3MK2_A, 4KJD_A, 4KJG_A]","[]","[]"
"1ZEF_A","S+3(1)","[1ZEB_A, 1ZED_A, 1ZEF_A, 2GLQ_A, 3MK0_A, 3MK1_A, 3MK2_A, 4KJD_A, 4KJG_A]","[]","[]"
"2A65_A","S+3(1)","[2Q6H_A, 2Q72_A, 2QB4_A, 2QEI_A, 3F3A_A, 3F3C_A, 3F3D_A, 3F3E_A, 3F48_A]","[]","[]"
"2AXC_A","S+3(1)","[1JCH_A, 2B5U_A, 5EW5_A]","[]","[7NST_D, 7NSU_D]"
"2B5U_A","S+3(1)","[1JCH_A, 2AXC_A, 5EW5_A]","[4V5K_AY]","[7NST_D, 7NSU_D]"
"2ANH_A","S+3(1)","[1ANI_A, 1B8J_A, 1ED8_A, 1ED9_A, 1EW8_A, 1EW9_A, 1Y6V_A, 1Y7A_A, 3BDG_B]","[]","[]"
"2G9Y_A","S+3(1)","[1B8J_A, 1ED8_A, 1ED9_A, 1ELX_A, 1EW8_A, 1EW9_A, 1Y6V_A, 2GA3_A, 3BDG_B]","[]","[]"
"2D1G_A","S+3(1)","[]","[]","[]"
"2GLQ_A","S+3(1)","[1ZEB_A, 1ZED_A, 1ZEF_A, 2GLQ_A, 3MK0_A, 3MK1_A, 3MK2_A, 4KJD_A, 4KJG_A]","[]","[]"
"2GSN_A","S+3(1)","[2GSO_A, 2GSU_A, 2RH6_A]","[7N1S_A]","[]"
"2GSO_A","S+3(1)","[2GSO_A, 2GSU_A, 2RH6_A]","[7N1S_A]","[]"
"2IUC_A","S+3(1)","[2IUC_B, 2W5V_A, 2W5W_A, 2W5X_A]","[2MLY_B]","[]"
"2IUC_B","S+3(1)","[2IUC_A, 2W5V_A, 2W5W_A, 2W5X_A]","[2MLY_B]","[]"
"2GSU_A","S+3(1)","[2GSO_A, 2GSU_A, 2RH6_A]","[7N1S_A]","[]"
"2HJN_A","S+3(1)","[]","[6MCP_B]","[]"
"2IFY_A","S+3(1)","[1EJJ_A, 1EQJ_A, 1O98_A, 1O99_A, 4MY4_A, 4NWJ_A, 4NWX_A, 4QAX_A]","[]","[7TL8_A]"
"2J6C_A","S+3(1)","[2J6C_A]","[]","[]"
"2J6B_A","S+3(1)","[2J6C_A]","[]","[]"
"2J85_A","S+3(1)","[2X4I_A, 6SCF_A]","[]","[]"
"2KI5_A","S+3(1)","[1OF1_A, 1P7C_A, 1QHI_A, 1VTK_A, 2KI5_A, 2VTK_A, 3F0T_A, 3VTK_A, 4JBX_A]","[]","[]"
"2NWL_A","S+3(1)","[1XFH_A, 2NWW_A, 2NWX_A, 4OYF_A]","[]","[6UWF_A, 6UWL_A, 6X17_A, 7AHK_A, 9BH1_A]"
"2JLN_A","S+3(1)","[2X79_A, 4D1A_A, 4D1B_A, 4D1C_A, 4D1D_A]","[]","[]"
"2NWW_A","S+3(1)","[2NWW_A, 2NWX_A, 4OYF_A]","[]","[6UWF_A, 6UWL_A, 6X17_A, 7AHK_A, 9BH1_A, 9BH2_A]"
"2OB5_A","S+3(1)","[]","[]","[]"
"2NWX_A","S+3(1)","[2NWW_A, 2NWX_A, 4OYF_A]","[]","[6UWF_A, 6UWL_A, 6X17_A, 7AHK_A, 9BH1_A, 9BH2_A]"
"2Q72_A","S+3(1)","[2Q6H_A, 2Q72_A, 2QB4_A, 2QEI_A, 3F3A_A, 3F3C_A, 3F3D_A, 3F3E_A, 3F48_A]","[]","[]"
"2QEI_A","S+3(1)","[2Q6H_A, 2Q72_A, 2QB4_A, 2QEI_A, 3F3A_A, 3F3C_A, 3F3D_A, 3F3E_A, 3F48_A]","[]","[]"
"2JLO_A","S+3(1)","[...loading_similar]","[...loading_similar]","[...loading_similar]"
"2QZU_A","S+3(1)","[6J66_A]","[]","[]"
"2RH6_A","S+3(1)","[2GSO_A, 2GSU_A, 2RH6_A]","[7N1S_A]","[]"
"2VTK_A","S+3(1)","[1OF1_A, 1P7C_A, 1QHI_A, 1VTK_A, 2KI5_A, 2VTK_A, 3F0T_A, 3VTK_A, 4JBX_A]","[]","[]"
"2VQR_A","S+3(1)","[2W8S_A]","[6F2C_A]","[8A24_A, 8A25_A, 8A26_A, 9GVD_A, 9GVE_A]"
"2W5R_A","S+3(1)","[2W5Q_A, 2W5S_A, 2W5T_A, 2W8D_A, 4UOO_A, 4UOR_A]","[]","[]"
"2W5S_A","S+3(1)","[2W5R_A, 2W5S_A, 2W5T_A, 2W8D_A, 4UOO_A, 4UOR_A]","[]","[]"
"2W5Q_A","S+3(1)","[2W5R_A, 2W5S_A, 2W5T_A, 2W8D_A, 4UOO_A, 4UOR_A]","[]","[]"
"2W5T_A","S+3(1)","[2W5R_A, 2W5S_A, 2W5T_A, 2W8D_A, 4UOO_A, 4UOR_A]","[]","[]"
"2W5V_A","S+3(1)","[2IUC_A, 2IUC_B, 2W5W_A, 2W5X_A]","[2MLY_B]","[]"
"2W5W_A","S+3(1)","[2IUC_A, 2IUC_B, 2W5W_A, 2W5X_A]","[2MLY_B]","[]"
"2W5X_A","S+3(1)","[2IUC_A, 2IUC_B, 2W5V_A, 2W5W_A]","[2MLY_B]","[]"
"2WCV_A","S+3(1)","[2WCU_A, 3MVK_A, 4A34_A]","[]","[]"
"2WCU_A","S+3(1)","[2WCV_A, 3MVK_A, 4A34_A]","[]","[]"
"2W8D_A","S+3(1)","[2W5Q_A, 2W5R_A, 2W5S_A, 2W5T_A, 4UOO_A, 4UOR_A]","[]","[]"
"2W8S_A","S+3(1)","[2VQR_A]","[6F2C_A]","[8A24_A, 8A25_A, 8A26_A, 9GVD_A, 9GVE_A]"
"2WSX_A","S+3(1)","[2WSW_A, 3HFX_A, 4M8J_A]","[]","[]"
"2WIT_A","S+3(1)","[3P03_A, 4C7R_A, 4DOJ_A]","[]","[9HKO_A, 9I5Z_A, 9I60_A, 9I61_A, 9I66_A, 9I8U_A]"
"2WSW_A","S+3(1)","[2WSX_A, 3HFX_A, 4M8J_A]","[]","[]"
"2WXZ_C","S+3(1)","[]","[6I3F_A]","[]"
"2X4I_A","S+3(1)","[2J85_A, 6SCF_A]","[]","[]"
"2X79_A","S+3(1)","[2X79_A, 4D1A_A, 4D1B_A, 4D1C_A, 4D1D_A]","[]","[]"
"2X98_A","S+3(1)","[]","[]","[]"
"2XQ2_A","S+3(1)","[2XQ2_B, 3DH4_A]","[7V19_B]","[7V0K_D, 8CRQ_B, 8CRR_B, 8CRT_B]"
"2XR9_A","S+3(1)","[2XRG_A, 5DLV_A, 5DLW_A]","[]","[5S9L_A, 5S9M_A, 5S9N_A, 7G2E_A, 7G2F_A, 7G2G_A]"
"2XTJ_A","S+3(1)","[]","[6XID_B]","[]"
"2ZKT_A","S+3(1)","[3IDD_A, 3KD8_A]","[]","[]"
"3A52_A","S+3(1)","[]","[]","[]"
"3B5Q_A","S+3(1)","[5G2T_A, 5G2U_A]","[]","[]"
"3BDF_A","S+3(1)","[1B8J_A, 1ED8_A, 1ED9_A, 3BDG_A, 3BDG_B, 3BDH_A, 3DPC_A]","[6PSI_B]","[]"
"3BDH_A","S+3(1)","[1B8J_A, 1ED8_A, 1ED9_A, 3BDF_A, 3BDG_A, 3BDG_B, 3DPC_A]","[6PSI_B]","[]"
"3BDG_A","S+3(1)","[1B8J_A, 1ED8_A, 1ED9_A, 3BDG_A, 3BDG_B, 3BDH_A, 3DPC_A]","[6PSI_B]","[]"
"3CMR_A","S+3(1)","[1B8J_A, 1ED8_A, 1ED9_A, 1EW8_A, 1EW9_A, 1Y6V_A, 3BDG_B, 3BDH_A, 3TG0_A]","[]","[]"
"3DYC_A","S+3(1)","[1B8J_A, 1ED8_A, 1ED9_A, 1EW8_A, 1EW9_A, 1Y6V_A, 3BDG_B, 3BDH_A, 3TG0_A]","[]","[]"
"3DPC_A","S+3(1)","[1B8J_A, 1ED8_A, 1ELX_A, 1ELY_A, 2G9Y_A, 2GA3_A, 3BDF_A, 3BDG_A, 3BDH_A]","[]","[]"
"3E7N_A","S+3(1)","[1OGC_A, 1OGD_A, 1OGE_A, 1OGF_A, 3P12_A, 3P13_A]","[]","[]"
"3DH4_A","S+3(1)","[2XQ2_A, 2XQ2_B]","[]","[]"
"3F3A_A","S+3(1)","[2Q6H_A, 2Q72_A, 2QB4_A, 2QEI_A, 3F3A_A, 3F3C_A, 3F3D_A, 3F3E_A, 3F48_A]","[]","[]"
"3ED4_A","S+3(1)","[]","[]","[]"
"3EN9_A","S+3(1)","[]","[5JMV_A]","[8UNK_B, 8UNK_K, 8UP5_B, 8UP5_K, 9D85_B, 9D85_K]"
"3F0T_A","S+3(1)","[1OF1_A, 1P7C_A, 1QHI_A, 1VTK_A, 2KI5_A, 2VTK_A, 3F0T_A, 3VTK_A, 4JBX_A]","[]","[]"
"3F3C_A","S+3(1)","[2Q6H_A, 2Q72_A, 2QB4_A, 2QEI_A, 3F3A_A, 3F3C_A, 3F3D_A, 3F3E_A, 3F48_A]","[]","[]"
"3F3D_A","S+3(1)","[2Q6H_A, 2Q72_A, 2QB4_A, 2QEI_A, 3F3A_A, 3F3C_A, 3F3D_A, 3F3E_A, 3F48_A]","[]","[]"
"3F3E_A","S+3(1)","[2Q6H_A, 2Q72_A, 2QB4_A, 2QEI_A, 3F3A_A, 3F3C_A, 3F3D_A, 3F3E_A, 3F48_A]","[]","[]"
"3F48_A","S+3(1)","[2Q6H_A, 2Q72_A, 2QB4_A, 2QEI_A, 3F3A_A, 3F3C_A, 3F3D_A, 3F3E_A, 3F48_A]","[]","[]"
"3F4J_A","S+3(1)","[2Q6H_A, 2Q72_A, 2QB4_A, 2QEI_A, 3F3A_A, 3F3C_A, 3F3D_A, 3F3E_A, 3F48_A]","[]","[]"
"3F4I_A","S+3(1)","[2Q6H_A, 2Q72_A, 2QB4_A, 2QEI_A, 3F3A_A, 3F3C_A, 3F3D_A, 3F3E_A, 3F48_A]","[]","[]"
"3F7U_A","S+3(1)","[3F7B_A, 3F7U_A, 3FW3_A, 5IPZ_A, 5JN8_A, 5JNA_A, 5JNC_A, 5KU6_A]","[5JN9_A]","[]"
"3FSG_A","S+3(1)","[]","[3FSG_D]","[]"
"3GI8_C","S+3(1)","[3GI9_C, 3GIA_A]","[]","[]"
"3GIA_A","S+3(1)","[3GI8_C, 3GIA_A]","[]","[]"
"3GJC_A","S+3(1)","[2A65_A, 2Q6H_A, 2Q72_A, 2QB4_A, 2QEI_A, 3F3A_A, 3F3C_A, 4HMK_A, 4HOD_A]","[]","[]"
"3GJD_A","S+3(1)","[2Q6H_A, 2Q72_A, 2QB4_A, 2QEI_A, 3F3A_A, 3F3C_A, 3F3D_A, 3F3E_A, 3F48_A]","[]","[]"
"3GWV_A","S+3(1)","[2Q6H_A, 2Q72_A, 2QB4_A, 2QEI_A, 3F3A_A, 3F3C_A, 3F3D_A, 3F3E_A, 3F48_A]","[]","[]"
"3GWU_A","S+3(1)","[2Q6H_A, 2Q72_A, 2QB4_A, 2QEI_A, 3F3A_A, 3F3C_A, 3F3D_A, 3F3E_A, 3F48_A]","[]","[]"
"3GWW_A","S+3(1)","[2Q6H_A, 2Q72_A, 2QB4_A, 2QEI_A, 3F3A_A, 3F3C_A, 3F3D_A, 3F3E_A, 3F48_A]","[]","[]"
"3HFX_A","S+3(1)","[2WSW_A, 2WSX_A, 4M8J_A]","[]","[]"
"3IGY_B","S+3(1)","[3IGZ_B, 3NVL_A]","[]","[]"
"3IDD_A","S+3(1)","[2ZKT_A, 3KD8_A]","[]","[]"
"3IGZ_B","S+3(1)","[3IGZ_B, 3NVL_A]","[]","[]"
"3KD8_A","S+3(1)","[2ZKT_A, 3IDD_A]","[]","[]"
"3L1L_A","S+3(1)","[3LRB_A, 3LRC_A, 3NCY_A, 3OB6_A, 5J4I_A, 5J4N_A]","[]","[7O82_A]"
"3LRB_A","S+3(1)","[3L1L_A, 3LRC_A, 3NCY_A, 3OB6_A, 5J4I_A, 5J4N_A]","[]","[7O82_A]"
"3LRC_A","S+3(1)","[3L1L_A, 3LRC_A, 3NCY_A, 3OB6_A, 5J4I_A, 5J4N_A]","[]","[7O82_A]"
"3LXQ_A","S+3(1)","[]","[]","[]"
"3M7V_A","S+3(1)","[3M8W_A, 3M8Y_A, 3M8Z_A, 3OT9_A, 3TWZ_A, 3TX0_A, 3UO0_A, 4LRE_A, 4N7T_A]","[]","[]"
"3M8Z_A","S+3(1)","[3M8Y_A, 3M8Z_A, 3OT9_A, 3TWZ_A, 3TX0_A, 3UO0_A, 4LR7_A, 4LR8_A, 4LRE_A]","[]","[]"
"3MFB_A","S+3(1)","[]","[]","[]"
"3MPN_A","S+3(1)","[2A65_A, 2Q6H_A, 2Q72_A, 2QB4_A, 2QEI_A, 2QJU_A, 3F3A_A, 3F3C_A, 3F3D_A]","[]","[]"
"3MK0_A","S+3(1)","[1ZEB_A, 1ZED_A, 1ZEF_A, 2GLQ_A, 3MK0_A, 3MK1_A, 3MK2_A, 4KJD_A, 4KJG_A]","[]","[]"
"3MK1_A","S+3(1)","[1ZEB_A, 1ZED_A, 1ZEF_A, 2GLQ_A, 3MK0_A, 3MK1_A, 3MK2_A, 4KJD_A, 4KJG_A]","[]","[]"
"3MK2_A","S+3(1)","[1ZEB_A, 1ZED_A, 1ZEF_A, 2GLQ_A, 3MK0_A, 3MK1_A, 3MK2_A, 4KJD_A, 4KJG_A]","[]","[]"
"3MVK_A","S+3(1)","[2WCU_A, 2WCV_A, 4A34_A]","[]","[]"
"3MPQ_A","S+3(1)","[2A65_A, 2Q6H_A, 2Q72_A, 2QB4_A, 2QEI_A, 3F3A_A, 3F3C_A, 3F3D_A, 3F3E_A]","[]","[]"
"3OB6_A","S+3(1)","[3L1L_A, 3LRB_A, 3LRC_A, 3NCY_A, 5J4I_A, 5J4N_A]","[]","[7O82_A]"
"3NCY_A","S+3(1)","[3L1L_A, 3LRB_A, 3LRC_A, 3OB6_A, 5J4I_A, 5J4N_A]","[]","[7O82_A]"
"3NVL_A","S+3(1)","[3IGY_B, 3IGZ_B]","[7P26_A]","[7AN1_A, 7OQD_A, 9BAU_A, 9BAV_A]"
"3NKQ_A","S+3(1)","[3NKN_A, 3NKO_A, 3NKP_A, 3NKQ_A, 3NKR_A, 3WAV_A, 3WAW_A, 3WAX_A, 3WAY_A]","[]","[]"
"3OT9_A","S+3(1)","[3M8Y_A, 3M8Z_A, 3OT9_A, 3TWZ_A, 3TX0_A, 3UO0_A, 4LR7_A, 4LR8_A, 4LRE_A]","[]","[]"
"3P13_A","S+3(1)","[1OGC_A, 1OGD_A, 1OGE_A, 1OGF_A, 3E7N_A, 3P13_A]","[]","[]"
"3P03_A","S+3(1)","[2WIT_A, 4C7R_A, 4DOJ_A, 4LLH_A]","[]","[9HKO_A, 9I5Z_A, 9I60_A, 9I61_A, 9I66_A]"
"3QS4_A","S+3(1)","[2A65_A, 2Q6H_A, 2Q72_A, 2QB4_A, 2QEI_A, 3F3A_A, 3F3C_A, 3F3D_A, 3F3E_A]","[]","[]"
"3QS5_A","S+3(1)","[2A65_A, 2Q6H_A, 2Q72_A, 2QB4_A, 2QEI_A, 3F3A_A, 3F3C_A, 3F3D_A, 3F3E_A]","[]","[]"
"3QS6_A","S+3(1)","[2A65_A, 2Q6H_A, 2Q72_A, 2QB4_A, 2QEI_A, 3F3A_A, 3F3C_A, 3QS4_A, 3QS5_A]","[]","[]"
"3QTD_A","S+3(1)","[3TV9_A, 5NJ5_B, 5NJ9_B, 5NJA_B, 5NJB_B]","[]","[5NJC_B, 5NJF_B]"
"3RFY_A","S+3(1)","[]","[7A73_A]","[]"
"3SZY_A","S+3(1)","[1EI6_A, 3SZZ_A, 3T00_A, 3T01_A, 3T02_A]","[]","[]"
"3TG0_A","S+3(1)","[1ED8_A, 1ED9_A, 1EW8_A, 1EW9_A, 1Y6V_A, 3BDG_B, 3BDH_A, 3TG0_A, 5C66_A]","[]","[]"
"3T02_A","S+3(1)","[1EI6_A, 3SZY_A, 3SZZ_A, 3T00_A, 3T01_A]","[]","[]"
"3TU0_A","S+3(1)","[2A65_A, 2Q6H_A, 2Q72_A, 2QB4_A, 2QEI_A, 3F3A_A, 3F3C_A, 3TT1_A, 3TT3_A]","[]","[]"
"3UBD_A","S+3(1)","[4EL9_A, 4GUE_A]","[5D9L_A]","[8EQ5_A]"
"3UN3_A","S+3(1)","[3M8W_A, 3M8Y_A, 3M8Z_A, 3OT9_A, 3TWZ_A, 3TX0_A, 3UN3_A, 3UN5_A, 3UNY_A]","[]","[]"
"4A34_A","S+3(1)","[2WCU_A, 2WCV_A, 3MVK_A]","[]","[]"
"3UN5_A","S+3(1)","[3M8W_A, 3M8Y_A, 3M8Z_A, 3OT9_A, 3TWZ_A, 3TX0_A, 3UN2_A, 3UN3_A, 3UNY_A]","[]","[]"
"3VTK_A","S+3(1)","[1OF1_A, 1P7C_A, 1QHI_A, 1VTK_A, 2KI5_A, 2VTK_A, 3F0T_A, 3VTK_A, 4JBX_A]","[]","[]"
"4C7R_A","S+3(1)","[3P03_A, 4C7R_A, 4DOJ_A]","[]","[9HKO_A, 9I5Z_A, 9I60_A, 9I61_A, 9I66_A, 9I8U_A]"
"4DZ4_A","S+3(1)","[3NIP_A, 3NIQ_A]","[]","[7LBA_A, 7LOL_A, 7LOX_A]"
"4BIN_A","S+3(1)","[]","[8C2O_A]","[]"
"4B56_A","S+3(1)","[4GTW_A, 4GTX_A, 4GTY_A, 4GTZ_A]","[]","[6AEK_A, 6AEL_A, 6WET_AaA, 6WEU_AbA, 6XKD_A]"
"4GTW_A","S+3(1)","[4B56_A, 4GTX_A, 4GTY_A, 4GTZ_A]","[]","[6AEK_A, 6AEL_A, 6WET_AaA, 6WEU_AbA, 6XKD_A]"
"4KAV_A","S+3(1)","[4KAY_A, 4TN0_A, 5FGN_A, 5GOV_A, 5GRR_A, 5K4P_A, 5MX9_A]","[]","[6A7W_A, 6SUT_A]"
"4J7H_A","S+3(1)","[4J7H_A]","[]","[]"
"4FXZ_A","S+3(1)","[2A65_A, 2Q6H_A, 2Q72_A, 2QB4_A, 2QEI_A, 3F3A_A, 3F3C_A, 3F3D_A, 4FY0_A]","[]","[]"
"4FDI_A","S+3(1)","[4FDJ_A]","[]","[]"
"4KJD_A","S+3(1)","[1EW2_A, 1ZEB_A, 1ZED_A, 1ZEF_A, 2GLQ_A, 3MK0_A, 3MK1_A, 3MK2_A, 4KJG_A]","[]","[]"
"4KM4_A","S+3(1)","[1B8J_A, 1ED8_A, 1ED9_A, 1ELX_A, 1ELZ_A, 1EW8_A, 1EW9_A, 1Y6V_A, 3CMR_A]","[]","[]"
"4KY0_A","S+3(1)","[6R7R_A]","[]","[5DWY_A, 5E9S_A, 6XWN_A, 6XWO_A, 6ZGB_A, 6ZL4_A, 6ZLH_A, 7NGH_A]"
"4LR2_A","S+3(1)","[4LR2_A, 5VEO_A]","[]","[5VEM_A, 5VEN_A]"
"4LR8_A","S+3(1)","[3M8W_A, 4LR8_A, 4LR9_A, 4LRA_A, 4LRB_A, 4LRC_A, 4LRD_A, 4LRE_A, 4LRF_A]","[]","[]"
"4LRC_A","S+3(1)","[3M8W_A, 4LR7_A, 4LR8_A, 4LR9_A, 4LRA_A, 4LRB_A, 4LRD_A, 4LRE_A, 4LRF_A]","[]","[]"
"4LRD_A","S+3(1)","[3M8W_A, 4LR7_A, 4LR8_A, 4LR9_A, 4LRA_A, 4LRB_A, 4LRC_A, 4LRE_A, 4LRF_A]","[]","[]"
"4LRE_A","S+3(1)","[3M8W_A, 4LR7_A, 4LR8_A, 4LR9_A, 4LRA_A, 4LRB_A, 4LRC_A, 4LRD_A, 4LRF_A]","[]","[]"
"4LRF_A","S+3(1)","[3M8W_A, 4LR7_A, 4LR8_A, 4LR9_A, 4LRB_A, 4LRC_A, 4LRD_A, 4LRE_A, 4LRF_A]","[]","[]"
"4MMB_A","S+3(1)","[2A65_A, 2Q6H_A, 2Q72_A, 2QB4_A, 3QS5_A, 4MMC_A, 4MMD_A, 4MME_A, 4MMF_A]","[]","[]"
"4M48_A","S+3(1)","[4XNU_A, 4XP4_A, 4XP9_C, 4XPA_A, 4XPB_A, 4XPF_A, 4XPG_A]","[]","[9EUO_A, 9EUP_A]"
"4MM7_A","S+3(1)","[4MM5_A, 4MM6_A, 4MM7_A, 4MM8_A, 4MM9_A, 4MMA_A, 4MMB_A, 4MMC_A, 4MMD_A]","[]","[]"
"4MY4_A","S+3(1)","[1EJJ_A, 1EQJ_A, 1O98_A, 1O99_A, 2IFY_A, 4NWJ_A, 4NWX_A, 4QAX_A]","[]","[7TL8_A]"
"4MMF_A","S+3(1)","[2A65_A, 2Q6H_A, 2Q72_A, 2QB4_A, 3QS5_A, 4MMB_A, 4MMC_A, 4MMD_A, 4MME_A]","[]","[]"
"2Q6H_A","S+3(1)","[2Q6H_A, 2Q72_A, 2QB4_A, 2QEI_A, 3F3A_A, 3F3C_A, 3F3D_A, 3F3E_A, 3F48_A]","[]","[]"
"4N7T_A","S+3(1)","[3M8W_A, 3M8Y_A, 3M8Z_A, 3OT9_A, 3TWZ_A, 3TX0_A, 3UO0_A, 4LRE_A, 4N7T_A]","[]","[]"
"4O6B_A","S+3(1)","[]","[6WER_A]","[6WEQ_A, 7K93_A, 7WUR_A, 7WUS_A, 7WUT_A, 7WUU_A, 7WUV_A, 8WBB_A]"
"2QB4_A","S+3(1)","[2Q6H_A, 2Q72_A, 2QB4_A, 2QEI_A, 3F3A_A, 3F3C_A, 3F3D_A, 3F3E_A, 3F48_A]","[]","[]"
"2QJU_A","S+3(1)","[2Q6H_A, 2Q72_A, 2QB4_A, 2QEI_A, 2QJU_A, 3F3A_A, 3F3C_A, 3F3D_A, 3F3E_A]","[]","[]"
"6KUP_A","S-3(1)","[6KUK_A, 6KUP_A, 6KUT_A, 6KUV_A, 6KV5_A]","[6KUR_A]","[5D98_A, 6KUU_A]"
"6KUT_A","S-3(1)","[6KUK_A, 6KUP_A, 6KUT_A, 6KUV_A, 6KV5_A]","[6KUR_A]","[5D98_A, 6KUU_A]"
"6KUK_A","S-3(1)","[6KUK_A, 6KUP_A, 6KUT_A, 6KUV_A, 6KV5_A]","[6KUR_A]","[5D98_A, 6KUU_A]"
"6SJ9_A","S-3(1)","[]","[]","[]"
"6KUV_A","S-3(1)","[6KUK_A, 6KUP_A, 6KUT_A, 6KUV_A, 6KV5_A]","[6KUR_A]","[5D98_A, 6KUU_A]"
"6O7A_A","S-3(1)","[6O7A_A]","[]","[6O7C_A, 7VM8_A]"
"5KGN_A","S-3(1)","[1EJJ_A, 1EQJ_A, 1O98_A, 1O99_A, 5KGN_A]","[7KNG_A]","[5KGM_A, 7TL7_A]"
"3WBH_A","S-3(1)","[3E2D_A]","[6QSQ_A]","[6T26_A, 7QOW_A, 7QP8_A, 7YZZ_A, 7Z00_B]"
"3E2D_A","S-3(1)","[3WBH_A]","[6QSQ_A]","[6T26_A, 7QOW_A, 7QP8_A, 7YZZ_A, 7Z00_B]"
"3Q3Q_A","S-3(1)","[5XWK_A]","[5XWI_A]","[]"
"5VPU_A","S-3(1)","[1EJJ_A, 1EQJ_A, 1O98_A, 1O99_A, 2IFY_A, 4MY4_A, 4NWJ_A, 4NWX_A, 4QAX_A]","[]","[]"
"5XWK_A","S-3(1)","[3Q3Q_A, 5XWK_A]","[]","[]"
"5KGL_A","S-3(1)","[1EJJ_A, 1EQJ_A, 1O98_A, 1O99_A, 5KGN_A]","[7KNG_A]","[5KGM_A, 7TL7_A]"
"6O6J_A","S-3(1)","[6O7A_A]","[]","[6O7C_A, 7VM8_A]"
"6KV5_A","S-3(1)","[6KUK_A, 6KUP_A, 6KUT_A, 6KUV_A, 6KV5_A]","[6KUR_A]","[5D98_A, 6KUU_A]"
"6FIJ_A","S-3(1)","[]","[]","[6FIK_A, 8BY8_A, 8CG4_A, 8CG5_A, 8CG6_A]"
"5IEQ_A","S-3(1)","[5IEQ_A, 5IF5_A, 5IF7_A]","[5V0U_A]","[]"
"1Z8G_A","S-3(1)","[5CE1_A]","[3T2N_A]","[7WQX_A]"
"5IF7_A","S-3(1)","[5IEQ_A, 5IF5_A, 5IF7_A]","[5V0U_A]","[]"
"5IF5_A","S-3(1)","[5IEQ_A, 5IF5_A, 5IF7_A]","[5V0U_A]","[]"
"5A42_A","S-3(1)","[5A42_A]","[4ZJH_A]","[4RTD_A, 4U48_A, 4U4J_A, 4U59_A]"
"3TB3_A","S-3(1)","[3A7S_A, 3IHR_A, 3RII_A, 3RIS_A, 4UEL_A, 4UEM_A, 4UF5_A, 4UF6_A]","[]","[9E7K_A]"
"5CE1_A","S-3(1)","[1Z8G_A, 5CE1_A]","[1P57_B]","[8VIS_B]"
"4ZG6_A","S-3(1)","[]","[]","[4ZG9_A, 4ZGA_A, 5KXA_A, 5L0B_A, 5L0E_A, 5M7M_A, 5MHP_A, 8C3O_A, 8C3P_A]"
"4CBP_A","S-3(1)","[]","[6FF3_A]","[]"
"2M9P_A","S-3(1)","[2M9Q_A]","[4M9M_A]","[6MO0_A, 6MO1_A, 6MO2_A, 9T4P_A]"
"2M9Q_A","S-3(1)","[2M9Q_A]","[4M9M_A]","[6MO0_A, 6MO1_A, 6MO2_A, 9T4P_A]"
"4KY9_A","S-3(1)","[4KY9_A, 4YZF_A]","[7TW6_A]","[]"
"4BV6_A","S-3(1)","[4BV6_A]","[4BUR_A]","[8D3J_A, 8D3K_A, 8D3K_B, 8D3N_A, 8D3O_A, 9FL7_A, 9GQY_B]"
"4LII_A","S-3(1)","[]","[5KVH_A]","[8D3E_A, 8D3J_A, 8D3K_A, 8D3K_B, 8D3N_A, 8D3O_A, 9FL7_A]"
"4BXW_A","S-3(1)","[4BXW_A]","[1KIG_H]","[9CLI_Z, 9CM2_Z, 9CM9_Z, 9I2H_H, 9L6Q_C, 9L6R_C, 9L6S_C]"
"3NDA_A","S-3(1)","[]","[7ZBF_A]","[7PMU_A, 7QTZ_A]"
"2CFA_B","S-3(1)","[]","[4FZB_A]","[]"
"3CM8_A","S-3(1)","[]","[3J9B_A]","[6QPF_A, 7NHA_A, 7NHC_A, 7NHX_A, 7NI0_A, 7NIK_A, 8H69_A, 9LCK_A]"
"1XJD_A","S-3(1)","[]","[5F9E_A]","[8SE2_A, 8SE3_A, 8SE4_A]"
"1LM4_A","S-3(1)","[]","[6JFS_A]","[]"
"6KKT_A","S4(1)","[6KKT_A, 6KKU_A]","[7TTI_A]","[7D90_A]"
"6TL2_A","S4(1)","[5M8A_A, 5M8J_A, 5M8K_A, 6TL2_A]","[]","[5M94_A, 5M95_A, 7PHQ_B, 7PIJ_B]"
"6KKU_A","S4(1)","[6KKT_A, 6KKU_A]","[7TTI_A]","[7D90_A]"
"6NPL_A","S4(1)","[]","[7S1Y_A]","[7D10_A, 7N3N_A, 7SMP_A, 7ZGO_A, 9C0E_A, 9C0G_A, 9C0H_A]"
"6NPH_A","S4(1)","[6NPK_A, 6NPL_A]","[]","[7D10_A, 7MXO_A, 7N3N_A, 7SMP_A, 7ZGO_A, 9C0G_A, 9C0H_A]"
"6NPK_A","S4(1)","[6NPK_A, 6NPL_A]","[]","[7D10_A, 7MXO_A, 7N3N_A, 7SMP_A, 7ZGO_A, 9C0G_A, 9C0H_A]"
"6DZV_A","S4(1)","[6DZZ_A]","[6VRL_A]","[7LI6_A, 7LI7_A, 7LI8_A, 7LI9_A, 7LIA_A]"
"6DZZ_A","S4(1)","[]","[6VRL_A]","[7LI6_A, 7LWD_A, 7TXT_S, 9HCO_A, 9IY7_A, 9PNS_A]"
"1HYN_P","S-3(1)","[4YZF_A]","[7TW6_A]","[7TY4_A]"
"1GV4_A","S-3(1)","[4LII_A]","[5MIV_A]","[8D3J_A, 8D3K_A, 8D3K_B, 8QNS_A]"
"6DZW_A","S4(1)","[6AWO_A, 6DZW_A]","[]","[5I6X_A, 5I71_A, 5I73_A, 5I74_A, 5I75_A, 6W2B_A, 6W2C_A]"
"6F2G_A","S4(1)","[6F2W_A]","[]","[9H76_A]"
"6DZY_A","S4(1)","[6AWO_A, 6AWP_A, 6AWQ_A, 6DZY_A]","[]","[5I6X_A, 5I71_A, 5I73_A, 5I74_A, 5I75_A]"
"6F2W_A","S4(1)","[6F2W_A]","[]","[9H76_A]"
"3FR8_A","S4(1)","[1QMG_A, 1YVE_I, 3FR8_A]","[]","[9BAG_A]"
"1QMG_A","S4(1)","[1YVE_I, 3FR7_A, 3FR8_A]","[]","[9BAG_A]"
"5NVA_A","S4(1)","[5NVA_A]","[]","[]"
"6AWQ_A","S4(1)","[6AWN_A, 6AWO_A, 6AWP_A, 6AWQ_A]","[]","[5I71_A, 5I73_A, 5I74_A, 5I75_A, 6W2B_A]"
"6AWP_A","S4(1)","[6AWN_A, 6AWO_A, 6AWP_A, 6AWQ_A]","[]","[5I71_A, 5I73_A, 5I74_A, 5I75_A, 6W2B_A]"
"6AWO_A","S4(1)","[6AWN_A, 6AWO_A, 6AWP_A, 6AWQ_A]","[]","[5I71_A, 5I73_A, 5I74_A, 5I75_A, 6W2B_A]"
"6AWN_A","S4(1)","[6AWO_A, 6AWP_A]","[]","[5I6X_A, 5I71_A, 5I73_A, 5I74_A, 5I75_A, 6W2B_A, 6W2C_A]"
"5M8J_A","S4(1)","[5M87_A, 5M8A_A, 5M8K_A, 6TL2_A]","[]","[5M94_A, 5M95_A, 7PHQ_B, 7PIJ_B]"
"5M8A_A","S4(1)","[5M87_A, 5M8J_A, 5M8K_A, 6TL2_A]","[]","[5M94_A, 5M95_A, 7PHQ_B, 7PIJ_B]"
"5M8K_A","S4(1)","[5M87_A, 5M8A_A, 5M8J_A, 6TL2_A]","[]","[5M94_A, 5M95_A, 7PHQ_B, 7PIJ_B]"
"5M87_A","S4(1)","[5M8A_A, 5M8J_A, 5M8K_A, 6TL2_A]","[]","[5M94_A, 5M95_A, 7PHQ_B, 7PIJ_B]"
"5J4N_A","S4(1)","[3L1L_A, 3LRB_A, 3LRC_A, 3NCY_A, 3OB6_A, 5J4N_A]","[]","[7O82_A]"
"5JAG_A","S4(1)","[2A65_A, 2Q6H_A, 2Q72_A, 2QB4_A, 2QEI_A, 3F3A_A, 3F3C_A, 3F3D_A, 3F3E_A]","[]","[]"
"5JAF_A","S4(1)","[2Q6H_A, 2Q72_A, 2QB4_A, 2QEI_A, 3F3A_A, 3F3C_A, 3F3D_A, 3F3E_A, 3F48_A]","[]","[]"
"5JAE_A","S4(1)","[2Q6H_A, 2Q72_A, 2QB4_A, 2QEI_A, 3F3A_A, 3F3C_A, 3F3D_A, 3F3E_A, 3F48_A]","[]","[]"
"5J4I_A","S4(1)","[3L1L_A, 3LRB_A, 3LRC_A, 3NCY_A, 3OB6_A, 5J4N_A]","[]","[7O82_A]"
"4XPB_A","S4(1)","[4M48_A, 4XP4_A, 4XP9_C, 4XPA_A, 4XPF_A, 4XPG_A]","[6M0Z_A]","[9EUO_A, 9EUP_A]"
"4XP6_A","S4(1)","[4XP1_A, 4XP4_A, 4XP5_A, 4XP6_A, 4XP9_C, 4XPA_A, 4XPH_A]","[6M2R_A]","[]"
"4XPA_A","S4(1)","[4M48_A, 4XNX_A, 4XP1_A, 4XP9_C, 4XPA_A, 4XPB_A, 4XPF_A]","[6M2R_A]","[9EUO_A]"
"4XNU_A","S4(1)","[4XNU_A, 4XNX_A, 4XP1_A, 4XP4_A, 4XPB_A, 4XPF_A, 4XPG_A]","[]","[9EUO_A, 9EUP_A]"
"4XNX_A","S4(1)","[4XP1_A, 4XP4_A, 4XP5_A, 4XP6_A, 4XP9_C, 4XPA_A]","[6M2R_A]","[6M3Z_A]"
"4XPF_A","S4(1)","[4M48_A, 4XP4_A, 4XP9_C, 4XPA_A, 4XPF_A, 4XPG_A]","[6M0Z_A]","[9EUO_A, 9EUP_A]"
"4XPG_A","S4(1)","[4M48_A, 4XNU_A, 4XP4_A, 4XP9_C, 4XPA_A, 4XPB_A, 4XPF_A]","[]","[9EUO_A, 9EUP_A]"
"4XPH_A","S4(1)","[4XNX_A, 4XP1_A, 4XP4_A, 4XPT_A]","[6M47_A]","[6M3Z_A]"
"4XPT_A","S4(1)","[4XNX_A, 4XP1_A, 4XP4_A, 4XPH_A]","[6M47_A]","[6M3Z_A]"
"4XP9_C","S4(1)","[4XNX_A, 4XP1_A, 4XP4_A, 4XP5_A, 4XP6_A, 4XPA_A]","[6M2R_A]","[6M3Z_A]"
"4XP5_A","S4(1)","[4XP1_A, 4XP4_A, 4XP5_A, 4XP6_A, 4XP9_C, 4XPA_A, 4XPH_A]","[6M2R_A]","[]"
"4XP1_A","S4(1)","[4XP1_A, 4XP4_A, 4XP5_A, 4XP6_A, 4XP9_C, 4XPA_A, 4XPH_A]","[6M2R_A]","[]"
"4XP4_A","S4(1)","[4M48_A, 4XNX_A, 4XP1_A, 4XP9_C, 4XPA_A, 4XPB_A, 4XPF_A]","[6M2R_A]","[9EUO_A]"
"2XQ2_B","S4(1)","[2XQ2_B, 3DH4_A]","[7V19_B]","[7V0K_D, 8CRQ_B, 8CRR_B, 8CRT_B]"
"3GI9_C","S4(1)","[3GI8_C, 3GIA_A]","[]","[]"
"4DJK_A","S4(1)","[4DJK_A]","[]","[]"
"4DJI_A","S4(1)","[4DJK_A]","[]","[]"
"4US3_A","S4(1)","[4US4_A]","[6YU5_A]","[6YU6_A, 6YU7_A]"
"4MME_A","S4(1)","[2A65_A, 2Q6H_A, 2Q72_A, 2QB4_A, 3QS5_A, 4MMC_A, 4MMD_A, 4MME_A, 4MMF_A]","[]","[]"
"4MMD_A","S4(1)","[2A65_A, 2Q6H_A, 2Q72_A, 2QB4_A, 3QS5_A, 4MMC_A, 4MMD_A, 4MME_A, 4MMF_A]","[]","[]"
"4MMC_A","S4(1)","[2A65_A, 2Q6H_A, 2Q72_A, 2QB4_A, 3QS5_A, 4MMC_A, 4MMD_A, 4MME_A, 4MMF_A]","[]","[]"
"4US4_A","S4(1)","[4US4_A]","[6YU5_A]","[6YU6_A, 6YU7_A]"
"4MM8_A","S4(1)","[4MM5_A, 4MM6_A, 4MM7_A, 4MM8_A, 4MM9_A, 4MMA_A, 4MMB_A, 4MMC_A, 4MMD_A]","[]","[]"
"4MM6_A","S4(1)","[4MM5_A, 4MM6_A, 4MM7_A, 4MM8_A, 4MM9_A, 4MMA_A, 4MMB_A, 4MMC_A, 4MMD_A]","[]","[]"
"4MMA_A","S4(1)","[4MM5_A, 4MM6_A, 4MM7_A, 4MM8_A, 4MM9_A, 4MMA_A, 4MMB_A, 4MMC_A, 4MMD_A]","[]","[]"
"4MM9_A","S4(1)","[4MM5_A, 4MM6_A, 4MM7_A, 4MM8_A, 4MM9_A, 4MMA_A, 4MMB_A, 4MMC_A, 4MMD_A]","[]","[]"
"4MM4_A","S4(1)","[4MM5_A, 4MM6_A, 4MM7_A, 4MM8_A, 4MM9_A, 4MMA_A, 4MMB_A, 4MMC_A, 4MMD_A]","[]","[]"
"4MM5_A","S4(1)","[4MM5_A, 4MM6_A, 4MM7_A, 4MM8_A, 4MM9_A, 4MMA_A, 4MMB_A, 4MMC_A, 4MMD_A]","[]","[]"
"4HMK_A","S4(1)","[2A65_A, 2Q6H_A, 2Q72_A, 2QB4_A, 2QEI_A, 3F3A_A, 3F3C_A, 4HMK_A, 4HOD_A]","[]","[]"
"4HOD_A","S4(1)","[2A65_A, 2Q6H_A, 2Q72_A, 2QB4_A, 2QEI_A, 3F3A_A, 3F3C_A, 3F3D_A, 3F3E_A]","[]","[]"
"4FY0_A","S4(1)","[2A65_A, 2Q6H_A, 2Q72_A, 2QB4_A, 2QEI_A, 3F3A_A, 3F3C_A, 3F3D_A, 4FY0_A]","[]","[]"
"3USP_A","S4(1)","[2Q6H_A, 2Q72_A, 2QB4_A, 2QEI_A, 3F3A_A, 3F3C_A, 3F3D_A, 3F3E_A, 3F48_A]","[]","[]"
"3USO_A","S4(1)","[2Q6H_A, 2Q72_A, 2QB4_A, 2QEI_A, 3F3A_A, 3F3C_A, 3F3D_A, 3F3E_A, 3F48_A]","[]","[]"
"3USM_A","S4(1)","[2Q6H_A, 2Q72_A, 2QB4_A, 2QEI_A, 3F3A_A, 3F3C_A, 3F3D_A, 3F3E_A, 3F48_A]","[]","[]"
"3USL_A","S4(1)","[2Q6H_A, 2Q72_A, 2QB4_A, 2QEI_A, 3F3A_A, 3F3C_A, 3F3D_A, 3F3E_A, 3F48_A]","[]","[]"
"3USK_A","S4(1)","[2Q6H_A, 2Q72_A, 2QB4_A, 2QEI_A, 3F3A_A, 3F3C_A, 3F3D_A, 3F3E_A, 3F48_A]","[]","[]"
"3USI_A","S4(1)","[2Q6H_A, 2Q72_A, 2QB4_A, 2QEI_A, 3F3A_A, 3F3C_A, 3F3D_A, 3F3E_A, 3F48_A]","[]","[]"
"3USJ_A","S4(1)","[2Q6H_A, 2Q72_A, 2QB4_A, 2QEI_A, 3F3A_A, 3F3C_A, 3F3D_A, 3F3E_A, 3F48_A]","[]","[]"
"3USG_A","S4(1)","[2Q6H_A, 2Q72_A, 2QB4_A, 2QEI_A, 3F3A_A, 3F3C_A, 3F3D_A, 3F3E_A, 3F48_A]","[]","[]"
"3TT3_A","S4(1)","[2A65_A, 2Q6H_A, 2Q72_A, 2QB4_A, 2QEI_A, 3F3A_A, 3F3C_A, 3F3D_A, 3TU0_A]","[]","[]"
"3TT1_A","S4(1)","[2A65_A, 2Q6H_A, 2Q72_A, 2QB4_A, 2QEI_A, 3F3A_A, 3F3C_A, 3F3D_A, 3F3E_A]","[]","[]"
"4M8J_A","S4(1)","[2WSW_A, 2WSX_A, 3HFX_A]","[]","[]"
"4AIN_A","S4(1)","[4DOJ_A, 4LLH_A]","[]","[9GKK_A, 9HKO_A, 9I5Z_A, 9I60_A, 9I61_A, 9I66_A, 9I8U_A]"
"4DOJ_A","S4(1)","[4LLH_A]","[]","[9GKK_A, 9HKL_A, 9HKO_A, 9I5Z_A, 9I60_A, 9I61_A, 9I66_A, 9I8U_A]"
"3QE7_A","S4(1)","[5XLS_A]","[]","[8OMZ_A, 8OO1_A]"
"4D1D_A","S4(1)","[2JLN_A, 2X79_A, 4D1B_A, 4D1C_A, 4D1D_A]","[]","[]"
"4D1B_A","S4(1)","[2JLN_A, 2X79_A, 4D1B_A, 4D1C_A, 4D1D_A]","[]","[]"
"4D1C_A","S4(1)","[2JLN_A, 2X79_A, 4D1B_A, 4D1C_A, 4D1D_A]","[]","[]"
"4D1A_A","S4(1)","[2JLN_A, 2X79_A, 4D1B_A, 4D1C_A, 4D1D_A]","[]","[]"
"4LLH_A","S4(1)","[4LLH_A]","[]","[9GKK_A, 9HKL_A, 9HKO_A, 9I5Z_A, 9I60_A, 9I61_A, 9I66_A, 9I8U_A]"
"4LLH_B","S4(1)","[4LLH_A]","[]","[9GKK_A, 9HKL_A, 9HKO_A, 9I5Z_A, 9I60_A, 9I61_A, 9I66_A, 9I8U_A]"
"4LLH_C","S4(1)","[4LLH_A]","[]","[9GKK_A, 9HKL_A, 9HKO_A, 9I5Z_A, 9I60_A, 9I61_A, 9I66_A, 9I8U_A]"
"2A65_A","S4(1)","[2Q6H_A, 2Q72_A, 2QB4_A, 2QEI_A, 3F3A_A, 3F3C_A, 3F3D_A, 3F3E_A, 3F48_A]","[]","[]"
"2JLN_A","S4(1)","[2X79_A, 4D1A_A, 4D1B_A, 4D1C_A, 4D1D_A]","[]","[]"
"2Q72_A","S4(1)","[2Q6H_A, 2Q72_A, 2QB4_A, 2QEI_A, 3F3A_A, 3F3C_A, 3F3D_A, 3F3E_A, 3F48_A]","[]","[]"
"2QEI_A","S4(1)","[2Q6H_A, 2Q72_A, 2QB4_A, 2QEI_A, 3F3A_A, 3F3C_A, 3F3D_A, 3F3E_A, 3F48_A]","[]","[]"
"2WSW_A","S4(1)","[2WSX_A, 3HFX_A, 4M8J_A]","[]","[]"
"2WIT_A","S4(1)","[3P03_A, 4C7R_A, 4DOJ_A]","[]","[9HKO_A, 9I5Z_A, 9I60_A, 9I61_A, 9I66_A, 9I8U_A]"
"2WSX_A","S4(1)","[2WSW_A, 3HFX_A, 4M8J_A]","[]","[]"
"2X79_A","S4(1)","[2X79_A, 4D1A_A, 4D1B_A, 4D1C_A, 4D1D_A]","[]","[]"
"2XQ2_A","S4(1)","[2XQ2_B, 3DH4_A]","[7V19_B]","[7V0K_D, 8CRQ_B, 8CRR_B, 8CRT_B]"
"3DH4_A","S4(1)","[2XQ2_A, 2XQ2_B]","[]","[]"
"3F3A_A","S4(1)","[2Q6H_A, 2Q72_A, 2QB4_A, 2QEI_A, 3F3A_A, 3F3C_A, 3F3D_A, 3F3E_A, 3F48_A]","[]","[]"
"3F3C_A","S4(1)","[2Q6H_A, 2Q72_A, 2QB4_A, 2QEI_A, 3F3A_A, 3F3C_A, 3F3D_A, 3F3E_A, 3F48_A]","[]","[]"
"3F3D_A","S4(1)","[2Q6H_A, 2Q72_A, 2QB4_A, 2QEI_A, 3F3A_A, 3F3C_A, 3F3D_A, 3F3E_A, 3F48_A]","[]","[]"
"3F48_A","S4(1)","[2Q6H_A, 2Q72_A, 2QB4_A, 2QEI_A, 3F3A_A, 3F3C_A, 3F3D_A, 3F3E_A, 3F48_A]","[]","[]"
"3F3E_A","S4(1)","[2Q6H_A, 2Q72_A, 2QB4_A, 2QEI_A, 3F3A_A, 3F3C_A, 3F3D_A, 3F3E_A, 3F48_A]","[]","[]"
"3F4I_A","S4(1)","[2Q6H_A, 2Q72_A, 2QB4_A, 2QEI_A, 3F3A_A, 3F3C_A, 3F3D_A, 3F3E_A, 3F48_A]","[]","[]"
"3F4J_A","S4(1)","[2Q6H_A, 2Q72_A, 2QB4_A, 2QEI_A, 3F3A_A, 3F3C_A, 3F3D_A, 3F3E_A, 3F48_A]","[]","[]"
"3GI8_C","S4(1)","[3GI9_C, 3GIA_A]","[]","[]"
"3GJC_A","S4(1)","[2A65_A, 2Q6H_A, 2Q72_A, 2QB4_A, 2QEI_A, 3F3A_A, 3F3C_A, 4HMK_A, 4HOD_A]","[]","[]"
"3GIA_A","S4(1)","[3GI8_C, 3GIA_A]","[]","[]"
"3GJD_A","S4(1)","[2Q6H_A, 2Q72_A, 2QB4_A, 2QEI_A, 3F3A_A, 3F3C_A, 3F3D_A, 3F3E_A, 3F48_A]","[]","[]"
"3GWU_A","S4(1)","[2Q6H_A, 2Q72_A, 2QB4_A, 2QEI_A, 3F3A_A, 3F3C_A, 3F3D_A, 3F3E_A, 3F48_A]","[]","[]"
"3GWV_A","S4(1)","[2Q6H_A, 2Q72_A, 2QB4_A, 2QEI_A, 3F3A_A, 3F3C_A, 3F3D_A, 3F3E_A, 3F48_A]","[]","[]"
"3GWW_A","S4(1)","[2Q6H_A, 2Q72_A, 2QB4_A, 2QEI_A, 3F3A_A, 3F3C_A, 3F3D_A, 3F3E_A, 3F48_A]","[]","[]"
"3L1L_A","S4(1)","[3LRB_A, 3LRC_A, 3NCY_A, 3OB6_A, 5J4I_A, 5J4N_A]","[]","[7O82_A]"
"3HFX_A","S4(1)","[2WSW_A, 2WSX_A, 4M8J_A]","[]","[]"
"3LRB_A","S4(1)","[3L1L_A, 3LRC_A, 3NCY_A, 3OB6_A, 5J4I_A, 5J4N_A]","[]","[7O82_A]"
"3LRC_A","S4(1)","[3L1L_A, 3LRC_A, 3NCY_A, 3OB6_A, 5J4I_A, 5J4N_A]","[]","[7O82_A]"
"3MPN_A","S4(1)","[2A65_A, 2Q6H_A, 2Q72_A, 2QB4_A, 2QEI_A, 2QJU_A, 3F3A_A, 3F3C_A, 3F3D_A]","[]","[]"
"3MPQ_A","S4(1)","[2A65_A, 2Q6H_A, 2Q72_A, 2QB4_A, 2QEI_A, 3F3A_A, 3F3C_A, 3F3D_A, 3F3E_A]","[]","[]"
"3NCY_A","S4(1)","[3L1L_A, 3LRB_A, 3LRC_A, 3OB6_A, 5J4I_A, 5J4N_A]","[]","[7O82_A]"
"2JLO_A","S4(1)","[...loading_similar]","[...loading_similar]","[...loading_similar]"
"3OB6_A","S4(1)","[3L1L_A, 3LRB_A, 3LRC_A, 3NCY_A, 5J4I_A, 5J4N_A]","[]","[7O82_A]"
"3P03_A","S4(1)","[2WIT_A, 4C7R_A, 4DOJ_A, 4LLH_A]","[]","[9HKO_A, 9I5Z_A, 9I60_A, 9I61_A, 9I66_A]"
"3QS4_A","S4(1)","[2A65_A, 2Q6H_A, 2Q72_A, 2QB4_A, 2QEI_A, 3F3A_A, 3F3C_A, 3F3D_A, 3F3E_A]","[]","[]"
"3QS5_A","S4(1)","[2A65_A, 2Q6H_A, 2Q72_A, 2QB4_A, 2QEI_A, 3F3A_A, 3F3C_A, 3F3D_A, 3F3E_A]","[]","[]"
"3QS6_A","S4(1)","[2A65_A, 2Q6H_A, 2Q72_A, 2QB4_A, 2QEI_A, 3F3A_A, 3F3C_A, 3QS4_A, 3QS5_A]","[]","[]"
"4C7R_A","S4(1)","[3P03_A, 4C7R_A, 4DOJ_A]","[]","[9HKO_A, 9I5Z_A, 9I60_A, 9I61_A, 9I66_A, 9I8U_A]"
"3TU0_A","S4(1)","[2A65_A, 2Q6H_A, 2Q72_A, 2QB4_A, 2QEI_A, 3F3A_A, 3F3C_A, 3TT1_A, 3TT3_A]","[]","[]"
"4M48_A","S4(1)","[4XNU_A, 4XP4_A, 4XP9_C, 4XPA_A, 4XPB_A, 4XPF_A, 4XPG_A]","[]","[9EUO_A, 9EUP_A]"
"4FXZ_A","S4(1)","[2A65_A, 2Q6H_A, 2Q72_A, 2QB4_A, 2QEI_A, 3F3A_A, 3F3C_A, 3F3D_A, 4FY0_A]","[]","[]"
"4MMB_A","S4(1)","[2A65_A, 2Q6H_A, 2Q72_A, 2QB4_A, 3QS5_A, 4MMC_A, 4MMD_A, 4MME_A, 4MMF_A]","[]","[]"
"4MMF_A","S4(1)","[2A65_A, 2Q6H_A, 2Q72_A, 2QB4_A, 3QS5_A, 4MMB_A, 4MMC_A, 4MMD_A, 4MME_A]","[]","[]"
"2Q6H_A","S4(1)","[2Q6H_A, 2Q72_A, 2QB4_A, 2QEI_A, 3F3A_A, 3F3C_A, 3F3D_A, 3F3E_A, 3F48_A]","[]","[]"
"2QB4_A","S4(1)","[2Q6H_A, 2Q72_A, 2QB4_A, 2QEI_A, 3F3A_A, 3F3C_A, 3F3D_A, 3F3E_A, 3F48_A]","[]","[]"
"4MM7_A","S4(1)","[4MM5_A, 4MM6_A, 4MM7_A, 4MM8_A, 4MM9_A, 4MMA_A, 4MMB_A, 4MMC_A, 4MMD_A]","[]","[]"
"2QJU_A","S4(1)","[2Q6H_A, 2Q72_A, 2QB4_A, 2QEI_A, 2QJU_A, 3F3A_A, 3F3C_A, 3F3D_A, 3F3E_A]","[]","[]"
"2FG7_C","AOTCases","[1JS1_X, 2FG7_C, 2G7M_C]","[6M76_A]","[]"
"1JS1_X","AOTCases","[2FG6_C, 2FG7_C, 2G7M_C]","[]","[]"
"3KZM_A","AOTCases","[3KZK_A, 3KZM_A, 3KZN_A, 3KZO_A, 3L02_A, 3L04_A, 3M4J_A, 3M5C_A, 3M5D_A]","[]","[]"
"2FG6_C","AOTCases","[1JS1_X, 2FG7_C, 2G7M_C]","[6M76_A]","[]"
"2G7M_C","AOTCases","[1JS1_X, 2FG6_C, 2FG7_C]","[6M76_A]","[]"
"2YFK_A","AOTCases","[3Q98_A]","[6JWX_A]","[]"
"3KZC_A","AOTCases","[3KZK_A, 3KZM_A, 3KZN_A, 3KZO_A, 3L02_A, 3L04_A, 3M4J_A, 3M5C_A, 3M5D_A]","[]","[]"
"3KZO_A","AOTCases","[3KZK_A, 3KZM_A, 3KZN_A, 3KZO_A, 3L02_A, 3L04_A, 3M4J_A, 3M5C_A, 3M5D_A]","[]","[]"
"3KZN_A","AOTCases","[3KZK_A, 3KZM_A, 3KZN_A, 3KZO_A, 3L02_A, 3L04_A, 3M4J_A, 3M5C_A, 3M5D_A]","[]","[]"
"3L04_A","AOTCases","[3KZC_A, 3KZK_A, 3KZM_A, 3KZN_A, 3KZO_A, 3L02_A, 3L05_A, 3L06_A, 3M4J_A]","[]","[]"
"3L02_A","AOTCases","[3KZC_A, 3KZK_A, 3KZM_A, 3KZN_A, 3KZO_A, 3L04_A, 3L05_A, 3L06_A, 3M4J_A]","[]","[]"
"3L05_A","AOTCases","[3KZC_A, 3KZK_A, 3KZM_A, 3KZN_A, 3KZO_A, 3L02_A, 3L04_A, 3L06_A, 3M4J_A]","[]","[]"
"3L06_A","AOTCases","[3KZC_A, 3KZK_A, 3KZM_A, 3KZN_A, 3KZO_A, 3L02_A, 3L04_A, 3L05_A, 3M4J_A]","[]","[]"
"3M4J_A","AOTCases","[3KZK_A, 3KZM_A, 3KZN_A, 3KZO_A, 3L02_A, 3L04_A, 3M4J_A, 3M5C_A, 3M5D_A]","[]","[]"
"3M4N_A","AOTCases","[3KZC_A, 3KZK_A, 3KZM_A, 3KZN_A, 3KZO_A, 3L05_A, 3M4J_A, 3M5C_A, 3M5D_A]","[]","[]"
"3M5C_A","AOTCases","[3KZC_A, 3KZK_A, 3KZM_A, 3KZN_A, 3KZO_A, 3L05_A, 3M4J_A, 3M4N_A, 3M5D_A]","[]","[]"
"3Q98_A","AOTCases","[2YFK_A]","[]","[]"
"3M5D_A","AOTCases","[3KZC_A, 3KZK_A, 3KZM_A, 3KZN_A, 3KZO_A, 3L02_A, 3M4J_A, 3M4N_A, 3M5C_A]","[]","[]"
"1A1S","OTCase","[]","[]","[]"
"1AKM","OTCase","[]","[]","[]"
"1C9Y","OTCase","[]","[]","[]"
"1DUV","OTCase","[]","[]","[]"
"1DXH","OTCase","[]","[]","[]"
"1EP9","OTCase","[]","[]","[]"
"1FB5","OTCase","[]","[]","[]"
"1FVO","OTCase","[]","[]","[]"
"1ORT","OTCase","[]","[]","[]"
"1OTH","OTCase","[]","[]","[]"
"1PVV","OTCase","[]","[]","[]"
"1VLV","OTCase","[]","[]","[]"
"2EF0","OTCase","[]","[]","[]"
"2I6U","OTCase","[]","[]","[]"
"2OTC","OTCase","[]","[]","[]"
"2P2G","OTCase","[]","[]","[]"
"2W37","OTCase","[]","[]","[]"
"3GD5","OTCase","[]","[]","[]"
"3GRF","OTCase","[]","[]","[]"
"3SDS","OTCase","[]","[]","[]"
"3TPF","OTCase","[]","[]","[]"
"3UPD","OTCase","[]","[]","[]"
"4AMU","OTCase","[]","[]","[]"
"4ANF","OTCase","[]","[]","[]"
"4EP1","OTCase","[]","[]","[]"
"4F2G","OTCase","[]","[]","[]"
"4H31","OTCase","[]","[]","[]"
"4JFR","OTCase","[]","[]","[]"
"4JHX","OTCase","[]","[]","[]"
"4JQO","OTCase","[]","[]","[]"
"4KWT","OTCase","[]","[]","[]"
"4NF2","OTCase","[]","[]","[]"
"4OH7","OTCase","[]","[]","[]"
"6OVW","OTCase","[]","[]","[]"
"7NNF","OTCase","[]","[]","[]"
"7NNV","OTCase","[]","[]","[]"
"7NNW","OTCase","[]","[]","[]"
"7NNY","OTCase","[]","[]","[]"
"7NNZ","OTCase","[]","[]","[]"
"7NOR","OTCase","[]","[]","[]"
"7NOS","OTCase","[]","[]","[]"
"7NOU","OTCase","[]","[]","[]"
"7NOV","OTCase","[]","[]","[]"
"7NP0","OTCase","[]","[]","[]"
"7TMD","OTCase","[]","[]","[]"
"8QEU","OTCase","[]","[]","[]"
"8QEV","OTCase","[]","[]","[]"
"9Y83","OTCase","[]","[]","[]"
"9Y8H","OTCase","[]","[]","[]"
