x,y,z
23.748,-10.112,-3.031
21.579,-8.527,-0.328
18.9,-11.113,-1.17
18.52,-14.326,0.809
14.813,-14.271,0.096
12.835,-12.45,-2.553
9.176,-12.428,-3.46
9.34,-13.664,-7.019
12.571,-15.522,-7.508
13.346,-17.428,-4.297
16.769,-15.853,-3.682
15.966,-12.652,-5.554
15.243,-12.241,-9.288
18.323,-11.523,-11.375
16.477,-11.347,-14.681
14.286,-8.542,-13.297
17.329,-6.323,-12.722
18.638,-7.06,-16.205
15.229,-6.615,-17.857
14.799,-3.129,-16.44
17.83,-1.02,-17.524
16.815,1.513,-14.859
18.417,-1.001,-12.441
21.46,1.163,-13.214
20.064,3.193,-10.323
19.461,2.181,-6.746
15.983,1.304,-5.557
14.188,-1.951,-4.807
11.895,-1.543,-1.82
9.313,1.185,-1.132
10.661,2.042,2.304
12.725,1.059,5.351
12.393,3.079,8.515
14.505,3.421,11.628
13.796,5.717,14.578
17.387,6.952,14.281
17.346,6.985,10.472
14.185,9.089,10.301
14.211,12.875,10.16
11.234,14.832,11.456
9.829,17.559,9.226
8.158,20.782,10.476
4.452,21.101,11.35
3.802,22.3,7.782
0.199,22.169,6.495
-1.3,18.702,7.256
-2.691,16.299,4.668
-6.224,17.365,3.807
-8.245,14.183,3.409
-11.643,14.7,1.835
-13.214,11.402,0.851
-16.7,11.84,2.283
-17.806,12.06,-1.344
-15.798,8.968,-2.296
-17.872,6.721,-4.524
-16.683,3.122,-4.681
-17.649,1.181,-7.796
-16.186,-2.309,-7.976
-13.805,-4.674,-6.239
-11.511,-6.948,-8.215
-8.991,-9.69,-7.5
-5.864,-9.625,-9.662
-3.703,-12.512,-8.523
-1.249,-10.543,-6.395
-3.803,-8.472,-4.494
-7.439,-7.387,-4.412
-8.37,-3.829,-5.307
-11.486,-1.735,-4.845
-11.97,1.035,-7.386
-13.407,4.458,-6.594
-14.757,6.959,-9.092
-12.768,10.109,-9.68
-14.702,11.957,-12.353
-14.885,14.784,-9.828
-13.094,15.772,-6.63
-14.725,12.979,-4.622
-11.789,11.548,-2.7
-9.134,14.225,-2.401
-5.802,14.152,-0.599
-3.409,17.074,-0.496
-1.199,18.453,2.23
0.822,21.668,2.247
3.954,21.865,0.015
3.607,19.071,-2.543
3.527,18.418,-6.281
-0.177,18.159,-7.009
-3.518,16.943,-5.719
-3.693,13.166,-5.342
-7.215,11.752,-5.624
-8.059,8.263,-4.357
-8.574,5.778,-7.181
-8.324,2.426,-5.36
-6.837,0.561,-2.404
-5.809,-2.95,-1.348
-4.666,-4.721,1.817
-1.389,-6.441,2.67
-1.396,-9.567,4.842
1.543,-11.742,5.875
1.244,-15.496,6.374
2.573,-15.212,9.911
0.971,-12.823,12.403
4.368,-11.218,12.983
5.004,-10.202,9.369
3.313,-8.894,6.234
2.962,-5.141,6.676
6.526,-4.295,5.617
7.86,-0.754,6.245
9.633,-2.009,9.318
10.52,0.81,11.688
13.745,-0.452,13.28
11.963,-3.285,15.088
8.352,-2.798,13.915
6.539,-5.347,11.727
2.795,-6.033,11.605
0.681,-8.817,10.127
-1.322,-6.55,7.841
-1.675,-3.104,6.316
-4.087,-1.046,4.232
-2.569,0.557,1.141
-4.568,3.366,-0.468
-3.395,4.614,-3.852
-3.863,8.267,-4.813
-3.116,9.711,-8.245
-1.926,13.231,-9.162
-4.915,14.64,-11.035
-3.163,17.694,-12.55
-1.681,15.531,-15.326
-5.029,13.919,-16.111
-3.315,10.597,-16.884
-2.306,7.767,-14.56
0.538,6.545,-16.772
1.897,10.08,-16.955
1.961,10.112,-13.164
3.922,6.849,-13.188
6.57,8.66,-15.237
6.972,11.199,-12.436
8.883,10.877,-9.125
5.984,12.609,-7.359
3.262,11.238,-9.624
1.593,9.051,-7.017
0.851,9.241,-3.305
-0.161,6.303,-1.164
-1.451,5.802,2.362
-0.058,2.952,4.41
-2.137,2.12,7.462
-0.795,-0.661,9.685
-3.228,-3.287,10.95
-2.802,-4.707,14.43
-4.82,-7.603,15.792
-6.971,-7.03,18.848
-10.213,-5.082,18.966
-12.429,-5.608,15.923
-12.719,-2.891,13.289
-16.442,-2.269,12.537
-15.536,-0.19,9.502
-13.496,-3.067,8.071
-16.498,-5.398,8.194
-17.668,-4.117,4.791
-14.663,-5.544,2.937
-14.339,-8.618,5.177
-17.93,-9.442,4.257
-17.168,-9.492,0.523
-13.788,-11.27,0.741
-15.352,-14.684,0.151
-16.914,-13.37,-3.072
-13.535,-12.226,-4.424
-11.616,-15.329,-3.41
-10.025,-16.209,-6.747
-8.316,-13.904,-9.234
-10.201,-12.891,-12.341
-13.61,-12.463,-10.755
-15.172,-9.136,-9.841
-17.808,-7.881,-7.424
-19.848,-4.7,-7.135
-18.769,-2.6,-4.198
-20.715,0.625,-4.04
-21.481,3.068,-1.208
-18.308,2.385,0.773
-17.095,4.96,3.282
-13.332,5.087,4.057
-14.128,7.182,7.151
-14.704,3.931,9.028
-11.045,3.076,8.493
-9.703,6.118,10.369
-7.309,5.368,13.26
-6.986,7.437,16.438
-3.846,9.487,15.804
-3.055,10.909,12.369
0.738,10.702,12.359
2.703,9.632,9.284
6.033,9.167,7.528
6.595,10.577,4.033
9.129,8.952,1.703
9.149,8.423,-2.113
8.894,4.707,-2.798
10.381,2.411,-5.417
8.918,-0.655,-7.278
5.49,-0.207,-5.546
4.297,0.067,-9.172
4.46,-2.046,-12.398
7.758,-0.415,-13.619
10.954,-0.326,-11.543
10.799,3.386,-10.707
10.068,5.772,-7.844
6.768,7.405,-8.772
5.154,6.666,-5.437
5.069,8.873,-2.362
4.558,6.737,0.733
2.524,8.237,3.529
2.707,5.666,6.305
0.531,6.29,9.349
2.216,5.732,12.709
-1.123,4.739,14.229
-2.061,1.113,13.406
-5.764,0.285,13.346
-7.15,-2.497,15.502
-8.602,-5.47,13.646
-9.849,-8.735,15.116
-8.571,-12.268,14.515
-11.906,-13.162,12.899
-11.321,-10.35,10.408
-7.681,-11.038,9.527
-8.281,-14.784,9.191
-10.79,-14.157,6.404
-8.216,-12.187,4.399
-6.162,-15.376,4.376
-8.982,-17.065,2.473
-8.12,-15.239,-0.734
-6.285,-17.07,-3.496
-3.545,-16.192,-5.965
-5.111,-18.708,-8.298
-8.232,-18.348,-10.378
-11.397,-20.394,-10.133
-10.719,-24.073,-10.709
-7.001,-23.695,-10.053
-4.542,-25.129,-7.447
-5.393,-23.547,-4.09
-2.869,-20.959,-2.925
-3.329,-18.436,-0.12
-2.903,-14.746,-0.915
-0.347,-13.92,1.767
2.794,-11.802,2.209
3.149,-10.438,-1.343
6.01,-8.202,-0.172
9.752,-7.862,-0.639
12.454,-7.359,2.051
13.437,-3.8,2.956
16.639,-2.183,1.673
19.645,-0.468,3.365
20.6,3.256,3.302
21.491,2.456,-0.338
18.48,4.7,-1.213
16.149,5.068,1.725
16.211,7.979,4.177
13.013,8.64,6.079
11.217,11.919,6.699
8.19,12.535,8.909
6.287,15.795,8.578
4.154,16.31,11.665
3.828,18.673,14.624
31.582,-17.153,-1.385
28.283,-15.26,-1.443
25.634,-14.976,1.273
22.608,-12.745,1.766
22.845,-10.548,4.851
19.765,-8.368,4.664
16.072,-8.361,3.832
16.23,-8.298,0.059
19.267,-9.073,-2.085
21.503,-5.974,-2.302
19.103,-3.539,-3.984
16.05,-5.562,-3.052
15.243,-7.309,-6.324
18.551,-7.979,-8.082
17.222,-9.401,-11.333
14.797,-6.497,-11.663
17.103,-3.445,-11.69
18.841,-5.087,-14.641
15.862,-3.953,-16.692
15.463,-0.747,-14.675
18.876,0.77,-13.744
17.371,3.702,-11.801
16.886,1.385,-8.801
20.527,2.038,-7.871
20.071,5.792,-8.097
17.718,7.584,-5.76
16.206,4.821,-3.679
12.492,4.409,-3.226
12.269,0.946,-1.798
10.243,-0.98,0.889
13.277,-0.626,3.168
13.807,-0.523,6.913
13.029,2.508,9.038
15.293,3.491,11.894
13.789,6.145,14.161
17.318,7.335,14.978
17.771,8.017,11.275
14.201,9.199,10.69
14.387,12.969,10.522
11.111,14.796,11.019
10.582,18.028,9.11
8.79,20.945,10.846
8.054,22.073,7.296
5.787,19.052,6.891
2.127,19.492,7.761
-0.338,16.752,8.87
-2.717,15.288,6.304
-6.354,16.064,5.629
-8.739,13.609,4.023
-11.917,14.234,2.084
-13.775,10.934,1.827
-17.117,12.69,2.231
-17.959,12.049,-1.409
-15.841,8.913,-1.84
-17.706,6.638,-4.233
-16.414,3.084,-4.474
-17.311,1.228,-7.675
-15.984,-2.339,-7.673
-13.481,-4.714,-6.122
-11.16,-7.056,-8.029
-8.989,-9.994,-6.968
-5.407,-9.857,-8.203
-2.781,-12.338,-6.99
-1.246,-9.688,-4.747
-4.304,-8.255,-2.999
-7.788,-6.984,-3.801
-8.224,-3.687,-5.612
-11.199,-1.574,-4.604
-11.665,1.093,-7.249
-13.173,4.481,-6.472
-14.749,6.823,-9.001
-12.382,9.614,-9.9
-14.317,11.393,-12.617
-14.496,14.386,-10.313
-13.074,15.701,-7.053
-14.738,13.207,-4.695
-12.115,11.269,-2.721
-9.254,13.639,-2.001
-6.083,13.551,0.083
-4.38,16.8,1.046
-1.022,17.166,2.713
1.769,19.571,3.565
4.666,20.118,1.097
3.959,17.963,-1.948
3.708,18.211,-5.732
-0.037,18.316,-6.291
-3.268,16.871,-4.937
-3.494,13.085,-4.682
-7.003,11.771,-5.337
-7.935,8.298,-4.088
-8.419,5.92,-7.017
-7.965,2.465,-5.455
-6.122,0.652,-2.671
-4.237,-2.549,-1.879
-2.941,-4.223,1.305
-0.412,-6.796,2.555
-0.9,-9.609,5.048
1.136,-12.542,6.267
4.663,-13.723,5.446
6.708,-14.573,8.512
5.223,-14.721,12.04
3.251,-11.592,11.168
4.153,-9.113,8.452
2.464,-6.886,5.898
3.517,-3.684,7.601
5.841,-2.736,4.704
8.729,-0.352,5.481
9.197,-1.815,8.926
10.807,0.268,11.652
13.47,-2.25,12.67
10.843,-4.828,13.702
7.538,-3.009,13.105
5.865,-6.184,11.885
2.1,-5.805,12.053
-0.068,-8.651,10.784
-1.331,-6.403,7.99
-1.034,-2.952,6.454
-3.204,-0.988,4.05
-1.753,0.976,1.133
-4.183,3.491,-0.366
-3.208,4.424,-3.919
-3.686,8.085,-4.79
-3.199,9.849,-8.112
-1.87,13.403,-8.445
-4.608,15.244,-10.318
-2.105,17.906,-11.421
-1.084,15.544,-14.244
-4.704,15.007,-15.282
-4.18,11.228,-15.579
-2.721,8.472,-13.399
-0.825,6.881,-16.278
0.694,10.256,-17.104
1.406,10.729,-13.412
3.566,7.598,-13.625
6.004,9.682,-15.685
6.606,11.986,-12.716
8.529,11.062,-9.509
5.761,12.787,-7.528
3.001,11.569,-9.814
1.463,8.953,-7.554
1.082,8.547,-3.811
0.414,5.652,-1.471
-1.151,6.298,1.921
-0.282,3.455,4.252
-2.026,2.487,7.477
-0.716,-0.057,10.003
-3.122,-2.848,10.985
-2.786,-4.161,14.524
-4.795,-7.105,15.82
-7.319,-6.164,18.467
-10.728,-4.535,18.259
-12.735,-5.317,15.126
-13.248,-2.895,12.25
-16.964,-2.826,11.307
-16.073,-0.6,8.381
-13.569,-3.125,7.051
-15.901,-6.039,7.751
-18.032,-4.852,4.831
-15.043,-5.379,2.531
-14.172,-8.702,4.155
-17.749,-9.858,3.544
-17.408,-9.454,-0.23
-14.266,-11.628,-0.309
-16.583,-14.612,-0.77
-17.415,-13.354,-4.265
-13.741,-12.759,-5.111
-11.95,-15.639,-3.406
-9.91,-16.473,-6.506
-7.987,-14.32,-9.013
-9.86,-12.563,-11.775
-13.076,-12.378,-9.806
-14.642,-8.971,-9.388
-17.658,-7.639,-7.526
-19.561,-4.366,-7.545
-18.759,-2.431,-4.407
-20.525,0.904,-4.108
-21.432,3.096,-1.104
-18.456,2.257,1.09
-17.193,4.244,4.079
-13.364,4.631,4.02
-13.675,6.377,7.393
-13.761,2.93,8.97
-10.248,2.389,7.658
-8.677,5.787,8.28
-7.359,6.265,11.849
-7.945,9.221,14.152
-4.532,10.91,14.348
-3.354,12.155,10.95
0.437,12.172,11.17
2.713,10.523,8.625
6.127,9.355,7.502
7.008,9.738,3.811
9.454,7.982,1.487
9.728,7.87,-2.359
8.103,4.817,-3.926
9.723,2.492,-6.457
8.228,-0.62,-8.188
4.95,-0.063,-6.22
3.636,0.306,-9.785
3.615,-1.743,-13.048
7.145,-0.426,-13.943
10.102,-0.142,-11.571
10.042,3.644,-11.496
10.221,6.306,-8.784
6.769,7.628,-9.668
5.251,6.919,-6.274
5.3,8.896,-3.048
4.78,6.579,-0.09
3.105,8.238,2.874
2.19,6.252,5.968
-0.113,7.402,8.745
1.596,7.343,12.145
-1.586,5.984,13.642
-2.296,2.238,13.344
-5.805,0.838,13.187
-7.015,-2.208,15.065
-8.609,-5.111,13.225
-9.894,-8.361,14.693
-8.167,-11.73,14.216
-11.124,-13.203,12.306
-10.967,-10.367,9.784
-7.253,-10.907,9.191
-7.784,-14.666,9.019
-10.485,-14.2,6.379
-7.922,-12.342,4.272
-5.763,-15.442,4.534
-8.68,-17.403,3.1
-8.161,-15.73,-0.255
-6.683,-17.889,-2.977
-3.624,-16.93,-4.984
-4.829,-19.438,-7.559
-7.615,-18.698,-10.01
-11.006,-20.394,-9.947
-10.913,-24.082,-10.8
-7.258,-24.225,-9.774
-5.36,-26.035,-6.954
-5.856,-23.973,-3.802
-3.056,-21.657,-2.756
-3.407,-19.455,0.314
-2.817,-15.888,-0.817
-0.23,-14.827,1.741
2.912,-12.701,1.994
2.982,-10.625,-1.207
5.194,-8.42,0.949
8.377,-6.632,-0.08
11.412,-7.102,2.256
12.881,-4.132,4.129
16.446,-3.515,2.939
19.035,-1.975,5.348
20.095,1.685,5.71
22.464,0.756,2.847
20.485,3.279,0.677
18.699,6.031,2.538
16.054,6.547,5.19
12.458,7.617,5.685
11.678,11.163,6.78
9.022,11.711,9.41
6.531,14.331,10.499
5.185,14.378,14.02
4.943,17.88,15.426
12.913,-9.396,-29.234
13.729,-10.519,-25.688
10.47,-9.247,-24.207
9.946,-10.068,-20.544
7.811,-8.303,-17.964
7.033,-9.143,-14.352
7.335,-8.096,-10.725
10.979,-7.778,-9.718
13.688,-10.36,-10.249
12.593,-13.983,-9.827
10.276,-13.677,-6.834
10.133,-9.91,-6.436
13.558,-8.409,-5.366
14.552,-5.212,-7.199
17.846,-6.898,-8.203
16.269,-6.944,-11.681
18.222,-3.703,-12.199
20.455,-5.45,-14.756
17.541,-5.509,-17.202
16.794,-1.881,-16.355
19.972,0.255,-16.654
18.413,3.301,-14.981
17.285,1.098,-12.076
20.797,1.294,-10.573
19.477,3.963,-8.226
19.005,3.939,-4.485
15.488,3.512,-3.165
13.191,1.31,-1.047
14.774,-2.115,-1.525
14.002,-5.359,0.48
16.249,-3.759,3.172
15.294,-2.623,6.711
14.34,0.816,8.017
15.576,2.282,11.294
13.085,4.619,12.964
15.959,6.023,15.033
16.704,8.208,12.01
13.15,9.581,11.972
13.24,13.313,12.482
9.82,14.898,12.771
9.422,18.247,11.042
6.859,20.805,12.33
6.5,22.343,8.86
4.969,19.071,7.746
1.221,19.405,8.161
-1.448,16.668,8.523
-2.789,16.093,5.021
-6.16,17.551,4.086
-8.288,14.692,2.847
-11.665,14.703,1.145
-12.898,11.117,0.936
-16.513,11.854,1.861
-17.312,12.759,-1.734
-15.683,9.517,-2.85
-17.758,6.465,-3.697
-16.669,2.863,-4.072
-17.753,0.967,-7.193
-16.261,-2.524,-7.039
-13.385,-4.641,-5.779
-11.286,-7.011,-7.878
-8.971,-9.899,-7.071
-6.193,-9.564,-9.624
-3.96,-12.53,-8.885
-1.374,-10.725,-6.795
-3.456,-8.071,-5.019
-6.926,-6.541,-4.689
-8.185,-3.416,-6.434
-11.012,-1.421,-4.86
-12.145,1.145,-7.415
-13.758,4.462,-6.508
-15.598,6.713,-8.95
-13.746,9.916,-9.751
-14.614,11.325,-13.165
-14.49,14.484,-11.081
-12.443,15.272,-7.963
-14.303,13.317,-5.288
-11.431,11.823,-3.332
-8.889,14.565,-2.776
-5.534,14.176,-1.04
-3.464,17.32,-0.451
-1.404,18.49,2.529
1.109,21.173,3.517
4.696,20.936,2.044
5.278,19.453,-1.386
1.978,17.623,-1.683
0.433,18.002,-5.134
-3.228,17.025,-5.375
-3.66,13.259,-5.474
-6.977,11.486,-6.06
-7.978,8.304,-4.241
-9.225,5.879,-6.875
-8.042,2.442,-5.719
-6.342,0.656,-2.828
-4.99,-2.771,-1.921
-4.361,-4.836,1.21
-2.343,-7.924,2.191
-1.894,-10.133,5.241
0.464,-12.856,6.392
3.965,-13.995,5.453
6.131,-15.022,8.39
5.237,-15.554,12.066
3.574,-12.148,12.256
4.427,-10.305,9.072
2.5,-9.286,5.976
2.323,-5.531,6.385
5.578,-4.808,4.53
7.824,-1.93,5.685
9.448,-3.788,8.561
11.331,-1.46,10.89
14.276,-3.68,11.881
11.861,-6.18,13.414
8.694,-4.076,13.636
6.472,-6.27,11.505
2.688,-6.112,11.555
0.123,-8.641,10.373
-1.069,-6.477,7.475
-0.95,-3.049,5.852
-3.453,-1.15,3.742
-1.879,0.573,0.743
-4.153,3.176,-0.811
-3.179,4.38,-4.267
-3.683,7.995,-5.306
-3.159,9.569,-8.726
-1.864,13.134,-9.166
-4.728,15.048,-10.76
-2.607,18.126,-11.563
-0.988,15.994,-14.272
-4.479,15.379,-15.628
-4.039,11.584,-15.425
-1.979,8.854,-13.775
-0.444,8.147,-17.186
1.128,11.586,-17.147
1.708,11.45,-13.398
3.836,8.285,-13.56
6.377,10.35,-15.497
6.622,12.705,-12.525
8.591,11.63,-9.395
5.669,13.018,-7.379
2.99,11.518,-9.613
1.639,8.684,-7.488
0.929,8.526,-3.768
0.518,5.361,-1.737
-0.883,5.624,1.777
0.316,2.816,4.013
-1.819,2.059,7.039
-0.467,-0.756,9.231
-2.942,-3.212,10.748
-2.709,-4.467,14.32
-4.921,-7.233,15.696
-6.092,-6.22,19.138
-9.396,-4.365,18.762
-12.328,-5.031,16.446
-12.823,-2.682,13.515
-16.575,-2.389,12.737
-15.861,-0.354,9.623
-13.81,-3.193,8.146
-16.696,-5.67,8.051
-17.985,-4.094,4.819
-15.041,-5.484,2.834
-14.716,-8.544,5.081
-18.234,-9.636,4.149
-17.441,-9.288,0.439
-13.922,-10.793,0.357
-15.31,-14.307,-0.212
-16.904,-13.06,-3.436
-13.364,-12.308,-4.617
-11.581,-15.212,-2.978
-9.992,-16.464,-6.188
-7.936,-14.679,-8.862
-10.077,-13.179,-11.599
-13.205,-12.734,-9.533
-14.691,-9.363,-8.717
-17.514,-7.993,-6.617
-19.543,-4.818,-6.862
-18.744,-2.67,-3.867
-20.826,0.486,-3.968
-21.639,3.132,-1.308
-18.873,2.065,1.044
-16.685,4.627,2.8
-12.99,4.374,3.783
-13.83,6.926,6.482
-14.724,4.212,8.979
-11.358,2.578,8.323
-9.39,5.64,9.385
-7.721,5.83,12.824
-7.846,8.599,15.418
-4.531,10.349,14.771
-3.652,11.503,11.257
0.139,11.516,11.479
2.482,10.084,8.877
5.983,9.467,7.554
7.043,11.364,4.434
8.979,9.103,2.073
9.488,9.352,-1.726
9.506,6.059,-3.622
11.046,5.108,-6.951
11.267,2.287,-9.52
12.577,-0.148,-6.889
8.959,-1.067,-6.209
6.085,-2.861,-8.084
6.079,0.058,-10.637
9.328,0.345,-12.618
8.748,4.1,-12.653
10.265,6.435,-10.071
7.0,8.286,-9.566
5.692,7.212,-6.155
5.187,9.256,-3.009
4.777,6.87,-0.088
2.778,8.235,2.81
3.068,5.865,5.739
0.441,6.463,8.407
2.124,6.758,11.821
-1.153,5.812,13.465
-2.016,2.205,12.476
-5.483,0.69,12.548
-6.663,-2.148,14.726
-8.576,-5.083,13.284
-10.073,-8.293,14.646
-8.661,-11.804,14.231
-11.857,-13.019,12.518
-11.346,-10.302,9.923
-7.743,-11.182,9.089
-8.484,-14.912,9.328
-10.656,-14.47,6.254
-7.662,-12.861,4.542
-5.758,-15.996,5.475
-8.326,-18.038,3.558
-8.048,-15.992,0.367
-6.588,-17.692,-2.687
-3.78,-16.414,-4.88
-4.65,-18.812,-7.689
-7.561,-18.548,-10.079
-10.655,-20.718,-10.233
-9.768,-24.313,-11.007
-6.271,-24.361,-9.508
-4.945,-26.016,-6.313
-5.691,-23.511,-3.556
-2.74,-21.274,-2.811
-3.329,-19.219,0.316
-2.917,-15.542,-0.489
-0.382,-14.392,2.069
2.859,-12.394,1.902
2.46,-11.238,-1.737
5.113,-8.588,-1.002
8.468,-7.998,0.666
9.647,-5.823,3.598
11.045,-3.084,1.393
12.597,-0.046,3.053
14.855,2.719,1.557
18.158,1.168,0.42
20.418,3.247,2.674
17.53,4.78,4.668
19.176,8.231,4.431
17.199,10.009,7.117
13.52,9.418,7.776
11.463,12.594,7.793
8.1,12.321,9.507
5.254,14.513,10.668
4.333,14.598,14.324
4.424,17.752,16.411
19.069,-17.306,3.979
17.195,-14.588,5.859
19.212,-12.069,3.878
18.855,-12.434,0.127
21.308,-9.559,-0.356
19.713,-8.525,-3.624
16.009,-8.652,-4.306
15.807,-10.293,-7.692
18.88,-12.417,-8.278
20.175,-14.442,-5.316
23.525,-12.63,-5.516
21.964,-9.324,-6.508
21.254,-8.396,-10.141
23.99,-6.439,-11.878
22.26,-6.576,-15.255
18.773,-5.518,-14.174
19.362,-2.352,-16.21
18.718,-4.5,-19.299
14.991,-4.331,-18.544
15.067,-1.132,-16.474
17.868,1.25,-17.61
17.066,3.493,-14.61
18.914,0.852,-12.546
21.886,3.114,-13.391
20.931,4.802,-10.127
20.795,3.336,-6.662
17.491,1.755,-5.676
16.151,-1.768,-5.421
13.448,-1.668,-2.751
10.98,1.132,-1.914
10.991,0.936,1.891
12.748,0.298,5.167
11.825,2.428,8.147
14.911,2.881,10.294
13.488,4.561,13.407
16.789,6.264,14.192
17.13,7.763,10.732
13.418,8.557,10.283
13.425,12.079,11.67
10.256,14.155,11.788
10.576,17.493,10.012
8.018,20.323,10.259
8.844,21.496,6.744
6.074,19.431,5.171
2.363,20.147,5.488
-0.238,17.808,7.075
-2.861,16.032,4.984
-6.392,17.188,4.264
-8.621,14.136,3.953
-11.658,14.948,1.838
-13.319,11.744,0.696
-16.513,11.784,2.728
-18.19,12.328,-0.632
-16.234,9.457,-2.167
-17.695,6.176,-3.297
-16.225,2.887,-4.43
-17.293,0.972,-7.528
-15.78,-2.51,-7.474
-13.18,-4.653,-5.744
-10.873,-6.859,-7.789
-8.334,-9.623,-7.316
-5.83,-8.88,-10.058
-2.373,-10.339,-9.902
-1.054,-9.571,-6.456
-3.18,-6.976,-4.697
-6.915,-6.472,-4.253
-7.829,-3.222,-5.985
-10.966,-1.378,-4.875
-11.873,1.231,-7.484
-13.174,4.695,-6.628
-15.07,7.078,-8.893
-12.814,9.97,-9.838
-14.652,11.838,-12.564
-14.729,14.601,-9.993
-13.096,15.49,-6.689
-14.919,12.845,-4.68
-12.003,11.073,-3.04
-9.355,13.67,-2.292
-6.32,13.435,-0.054
-3.854,16.288,-0.13
-1.362,17.993,2.093
-0.433,21.642,1.489
1.821,22.537,-1.513
2.029,19.459,-3.752
2.724,18.419,-7.344
-0.515,18.439,-9.318
-3.844,16.789,-8.619
-4.371,14.611,-5.565
-7.369,12.364,-6.148
-7.783,8.827,-4.845
-8.361,6.232,-7.575
-8.309,2.941,-5.647
-7.184,1.188,-2.488
-5.688,-2.255,-1.966
-4.767,-4.5,0.952
-2.46,-7.434,1.722
-1.772,-9.81,4.595
1.004,-11.98,6.024
0.995,-15.554,7.32
1.676,-14.414,10.868
0.069,-11.339,12.441
3.566,-9.907,12.821
4.359,-9.834,9.097
2.668,-9.062,5.782
2.172,-5.353,6.337
5.711,-4.342,5.404
6.744,-0.683,5.832
8.642,-2.182,8.675
9.991,0.023,11.442
13.297,-1.371,12.718
12.299,-4.711,11.188
9.05,-4.623,13.173
6.229,-5.685,10.865
2.481,-5.677,11.398
-0.285,-8.107,10.402
-1.433,-6.212,7.325
-1.474,-2.815,5.656
-4.152,-0.901,3.778
-2.906,1.104,0.803
-5.012,3.869,-0.697
-3.57,4.827,-4.082
-3.742,8.39,-5.405
-3.825,9.087,-9.139
-2.494,12.305,-10.672
-5.296,13.745,-12.796
-2.934,16.655,-13.585
-1.522,14.532,-16.403
-4.734,12.57,-16.841
-2.683,9.5,-17.676
-1.401,6.754,-15.382
1.422,6.212,-17.866
2.553,9.782,-17.226
1.703,9.586,-13.534
4.244,6.794,-13.165
6.754,9.103,-14.858
6.394,11.75,-12.162
8.182,11.489,-8.765
5.015,12.682,-7.02
2.735,11.078,-9.585
1.317,8.405,-7.342
0.768,8.626,-3.601
-0.218,5.718,-1.426
-1.741,6.145,2.013
-0.742,3.201,4.156
-2.506,2.227,7.338
-0.984,-0.495,9.514
-3.259,-3.288,10.715
-2.879,-5.038,14.053
-4.953,-7.846,15.541
-7.131,-6.703,18.406
-10.516,-5.008,18.439
-12.745,-5.307,15.375
-12.786,-2.573,12.746
-16.355,-1.947,11.465
-15.094,0.489,8.838
-13.08,-2.323,7.259
-15.407,-5.193,8.183
-17.501,-4.764,5.04
-14.323,-4.832,2.956
-13.241,-8.034,4.698
-16.766,-9.302,4.1
-16.457,-8.717,0.355
-12.898,-10.018,-0.16
-14.193,-13.599,0.033
-16.018,-12.851,-3.215
-12.613,-12.35,-4.84
-10.802,-15.225,-3.154
-8.957,-16.085,-6.358
-7.39,-13.857,-9.009
-9.791,-12.9,-11.771
-12.731,-12.466,-9.438
-14.309,-9.082,-8.809
-17.233,-7.846,-6.74
-19.407,-4.746,-6.971
-18.625,-2.452,-4.073
-20.529,0.828,-4.156
-21.599,3.252,-1.402
-18.666,2.875,0.978
-17.535,5.062,3.87
-13.704,5.351,3.742
-13.835,7.771,6.673
-14.269,4.884,9.101
-10.735,3.788,8.199
-9.095,6.944,9.549
-7.19,6.582,12.837
-6.895,9.275,15.506
-3.434,10.64,14.802
-3.076,11.931,11.25
0.702,11.784,11.099
2.667,9.886,8.488
5.961,8.615,7.119
6.704,9.891,3.593
9.222,8.523,1.076
9.186,8.456,-2.767
9.662,4.812,-3.644
9.664,2.206,-6.388
6.195,0.743,-7.0
6.924,-2.76,-5.698
10.714,-3.227,-6.05
11.294,-4.829,-9.545
10.359,-1.471,-11.224
13.067,0.973,-10.112
10.63,3.798,-10.691
10.132,6.319,-7.895
6.757,7.653,-8.969
5.096,6.46,-5.792
4.895,8.566,-2.666
4.601,6.26,0.33
2.479,8.018,2.928
2.059,5.755,5.939
0.051,6.748,9.008
1.797,6.487,12.38
-1.336,4.97,13.929
-2.188,1.311,13.133
-5.831,0.235,13.151
-7.036,-2.95,14.81
-8.85,-5.889,13.259
-10.312,-8.822,15.17
-9.727,-12.56,14.615
-12.988,-12.977,12.648
-11.65,-10.414,10.168
-8.109,-11.814,10.127
-9.39,-15.331,9.472
-11.007,-14.13,6.254
-7.713,-12.582,5.133
-6.11,-15.962,5.767
-8.563,-17.442,3.273
-7.414,-15.316,0.336
-5.524,-16.929,-2.525
-2.786,-15.49,-4.727
-3.622,-17.804,-7.618
-6.452,-17.359,-10.081
-9.459,-19.558,-10.768
-8.505,-23.106,-11.674
-5.034,-23.079,-10.127
-3.415,-24.693,-7.041
-4.777,-22.772,-4.068
-1.985,-20.693,-2.578
-2.694,-18.601,0.504
-1.845,-14.917,0.504
1.172,-15.038,2.814
4.074,-12.64,3.56
3.267,-10.95,0.258
6.557,-9.023,-0.173
10.255,-8.834,0.676
11.362,-5.253,-0.139
13.495,-3.881,2.752
16.837,-2.17,1.998
19.511,-0.225,4.008
19.813,3.571,4.461
21.79,3.72,1.17
18.711,5.544,-0.34
16.071,3.225,1.006
14.873,5.091,4.069
11.721,6.913,5.094
11.277,10.219,6.898
8.772,10.591,9.689
6.264,13.258,10.6
4.456,13.136,13.921
3.72,16.428,15.623
15.825,-27.65,9.09
18.642,-25.403,7.937
20.042,-22.42,9.797
21.496,-20.89,6.659
18.341,-19.733,4.903
15.613,-18.1,6.93
13.928,-14.739,7.351
16.01,-12.419,9.498
19.228,-14.396,9.063
22.398,-12.861,7.615
20.92,-10.048,5.515
17.286,-10.763,6.206
15.407,-13.111,3.882
17.964,-15.355,2.211
15.631,-17.139,-0.196
14.226,-13.834,-1.374
17.807,-12.729,-1.961
17.992,-15.454,-4.594
14.633,-14.371,-5.996
15.818,-10.765,-5.824
19.618,-10.694,-6.404
19.685,-6.883,-6.262
18.641,-6.992,-2.58
22.253,-6.345,-1.529
21.621,-2.836,-0.243
20.728,-1.885,-3.778
17.256,-0.446,-3.475
14.145,-2.226,-4.663
11.866,-1.749,-1.656
10.088,1.437,-0.478
12.05,1.728,2.79
13.628,-0.042,5.75
12.165,2.148,8.487
14.657,3.173,11.169
12.685,5.325,13.626
15.829,6.737,15.253
17.346,8.034,12.026
13.915,9.003,10.682
13.73,12.765,10.475
10.873,14.394,12.33
9.427,17.07,10.096
6.983,19.949,10.754
3.487,19.171,9.361
3.909,22.536,7.527
0.453,22.452,5.898
-2.618,20.432,7.0
-3.517,17.308,5.035
-6.641,17.696,2.942
-8.64,14.544,3.576
-11.927,13.988,1.773
-13.107,10.395,1.49
-16.598,11.288,2.688
-17.907,11.896,-0.838
-15.776,9.086,-2.303
-17.794,6.84,-4.597
-16.803,3.18,-4.517
-17.476,1.205,-7.708
-16.041,-2.308,-7.628
-13.562,-4.631,-5.935
-11.265,-7.017,-7.817
-8.854,-9.586,-6.429
-6.217,-9.823,-9.123
-3.106,-11.758,-8.255
-1.328,-9.833,-5.515
-4.279,-8.16,-3.822
-7.779,-6.818,-4.351
-8.26,-3.415,-5.9
-11.234,-1.415,-4.664
-11.869,1.07,-7.461
-13.512,4.444,-6.889
-15.044,7.049,-9.197
-12.425,9.772,-9.212
-13.314,12.228,-11.935
-14.49,14.916,-9.503
-13.627,16.659,-6.223
-15.176,14.003,-4.001
-12.131,11.857,-3.395
-8.903,13.6,-2.426
-5.896,13.333,-0.148
-3.118,15.902,-0.344
-0.6,17.862,1.617
-0.623,21.669,1.184
-0.082,23.715,-2.029
-0.918,21.73,-5.148
-2.554,22.485,-8.522
-5.802,20.683,-9.244
-6.338,17.883,-6.772
-7.72,14.61,-8.017
-6.179,11.814,-5.953
-7.975,8.567,-5.174
-8.27,5.249,-7.029
-8.011,2.086,-4.91
-6.909,0.467,-1.674
-5.405,-2.973,-1.093
-4.034,-5.127,1.737
-1.12,-7.555,2.138
-0.621,-10.752,4.136
2.539,-12.505,5.249
1.269,-15.627,7.078
1.975,-14.826,10.713
1.251,-11.775,12.867
4.659,-10.28,12.189
5.936,-10.899,8.659
5.185,-9.992,5.051
3.333,-6.855,6.065
5.702,-4.512,4.174
7.369,-1.412,5.69
9.289,-3.022,8.512
10.043,-0.614,11.329
13.288,-1.496,13.104
12.881,-5.051,11.832
9.365,-5.092,13.271
6.821,-6.575,10.911
3.062,-6.423,11.309
0.191,-8.673,10.288
-0.955,-6.706,7.255
-0.736,-3.328,5.544
-3.395,-1.099,4.017
-2.275,0.722,0.892
-4.644,3.341,-0.454
-3.431,4.285,-3.906
-4.117,7.726,-5.346
-3.68,8.679,-9.001
-3.849,12.203,-10.455
-6.783,12.12,-12.884
-5.706,15.467,-14.371
-2.889,13.923,-16.403
-4.527,10.536,-16.132
-1.604,9.637,-13.905
-0.023,6.459,-15.292
1.039,8.194,-18.501
2.973,10.975,-16.778
3.555,8.846,-13.67
6.291,6.893,-15.44
8.447,10.038,-15.468
6.83,11.792,-12.508
8.56,10.982,-9.171
5.236,11.93,-7.612
3.377,9.575,-9.93
1.52,7.269,-7.593
0.633,8.371,-4.083
0.093,5.544,-1.625
-1.274,5.924,1.891
-0.128,3.225,4.287
-1.959,2.129,7.417
-0.674,-0.962,9.264
-3.026,-3.594,10.665
-2.628,-4.721,14.258
-4.597,-7.625,15.713
-6.743,-7.176,18.804
-9.82,-4.961,18.297
-12.8,-5.369,15.978
-13.044,-2.791,13.218
-16.661,-2.335,12.005
-15.524,0.118,9.349
-13.168,-2.52,7.976
-15.607,-5.434,8.145
-17.645,-4.18,5.174
-14.696,-4.718,2.803
-13.445,-7.824,4.636
-16.861,-9.442,4.258
-16.887,-8.855,0.501
-13.336,-10.064,-0.209
-14.58,-13.581,0.525
-16.582,-13.299,-2.696
-13.347,-12.776,-4.635
-11.181,-15.401,-2.957
-9.406,-16.296,-6.187
-7.765,-13.851,-8.586
-10.011,-12.83,-11.442
-13.157,-12.601,-9.368
-14.767,-9.184,-9.259
-17.536,-7.905,-7.008
-19.636,-4.752,-7.098
-18.661,-2.475,-4.244
-20.795,0.639,-4.404
-20.787,3.53,-1.899
-18.464,2.225,0.799
-16.945,5.098,2.777
-13.151,4.684,3.148
-13.575,7.105,6.051
-14.014,4.156,8.395
-10.449,3.139,7.573
-9.104,6.58,8.495
-7.556,6.705,12.0
-7.457,9.483,14.612
-4.137,11.304,14.219
-3.292,12.836,10.851
0.504,12.905,10.946
2.486,11.108,8.298
5.765,9.431,7.459
6.882,10.401,3.952
9.48,8.538,1.895
10.188,7.848,-1.824
9.036,4.383,-2.804
9.125,1.886,-5.633
6.196,0.47,-7.629
7.955,-2.884,-7.195
4.776,-4.901,-6.654
3.929,-5.438,-10.384
6.763,-3.434,-12.216
10.063,-2.142,-10.816
9.371,1.552,-11.39
10.722,4.063,-8.872
8.117,6.819,-9.277
5.904,6.525,-6.201
5.377,8.636,-3.09
4.413,6.744,0.059
2.596,8.384,2.953
2.144,6.425,6.186
-0.052,7.634,9.03
1.148,7.651,12.648
-1.941,5.618,13.486
-2.452,1.991,12.418
-5.808,0.216,12.338
-6.787,-2.71,14.502
-8.331,-5.942,13.293
-9.602,-9.05,15.097
-9.003,-12.751,14.436
-12.183,-13.375,12.403
-11.549,-10.422,10.094
-7.928,-11.549,9.772
-9.079,-15.091,8.985
-11.081,-13.768,6.044
-7.907,-12.111,4.74
-6.225,-15.494,5.113
-8.809,-17.05,2.812
-7.524,-15.141,-0.21
-5.819,-17.216,-2.869
-3.093,-16.325,-5.338
-4.524,-18.763,-7.865
-7.489,-18.272,-10.149
-10.808,-20.071,-9.787
-10.719,-23.75,-10.65
-7.149,-24.001,-9.393
-5.656,-25.584,-6.223
-6.123,-23.189,-3.311
-2.887,-21.392,-2.531
-3.023,-18.887,0.313
-1.907,-15.297,-0.105
1.408,-15.402,1.75
4.432,-13.111,2.147
4.32,-11.151,-1.128
7.105,-8.909,0.217
10.712,-8.32,-0.864
13.764,-7.597,1.397
13.874,-4.092,2.881
16.611,-1.723,1.716
18.709,0.864,3.636
18.56,4.662,4.015
20.898,5.003,0.979
17.966,6.797,-0.833
15.204,5.36,1.288
14.882,7.876,4.115
11.87,8.432,6.333
10.53,11.835,7.247
7.969,11.978,10.029
5.807,15.047,9.672
4.41,15.799,13.102
4.264,19.482,14.008
11.062,-4.491,-25.423
11.166,-6.755,-22.392
14.227,-5.457,-20.571
12.79,-2.388,-18.874
10.869,-4.057,-16.073
13.62,-5.939,-14.281
15.459,-5.671,-10.993
19.121,-6.563,-11.223
21.392,-8.61,-13.474
19.653,-11.632,-15.042
16.254,-10.253,-13.994
16.692,-7.061,-15.943
19.253,-4.341,-16.704
22.279,-4.468,-14.411
23.277,-0.914,-15.278
19.726,0.417,-15.022
20.995,2.954,-12.467
22.979,4.533,-15.307
20.007,4.994,-17.645
18.161,6.526,-14.714
20.337,9.398,-13.379
17.505,10.071,-10.919
19.494,7.636,-8.696
21.329,10.793,-7.588
18.136,11.658,-5.701
15.704,8.742,-5.43
16.041,6.234,-2.628
14.913,2.644,-1.982
11.253,1.755,-2.509
8.303,2.06,0.009
10.036,-0.614,2.121
10.419,-1.068,5.908
10.82,2.022,8.071
13.383,2.523,10.833
12.238,4.89,13.591
15.767,5.973,14.523
16.693,6.647,10.907
13.374,8.43,10.383
14.305,11.954,11.391
11.587,14.519,12.013
10.828,16.454,8.849
9.807,20.142,9.186
6.49,19.567,7.436
4.518,21.608,9.994
1.412,21.646,7.795
-0.979,18.708,8.358
-2.399,16.464,5.648
-5.942,17.405,4.681
-7.975,14.379,3.657
-11.372,14.412,2.0
-12.793,10.925,1.608
-16.276,12.226,2.395
-17.248,11.968,-1.251
-15.426,8.672,-1.839
-17.495,6.365,-4.022
-16.441,2.727,-4.143
-17.552,0.827,-7.252
-16.136,-2.697,-7.46
-13.468,-4.955,-6.007
-11.23,-7.272,-8.035
-8.801,-10.102,-7.328
-5.829,-9.866,-9.685
-3.78,-12.976,-8.976
-1.233,-11.521,-6.561
-3.32,-8.833,-4.894
-6.819,-7.387,-4.899
-7.93,-3.798,-5.357
-11.172,-1.887,-5.022
-12.005,0.705,-7.664
-13.261,4.134,-6.69
-15.136,6.502,-8.989
-12.236,8.782,-9.877
-13.727,10.968,-12.581
-14.045,13.887,-10.189
-12.357,15.423,-7.163
-14.373,13.517,-4.587
-11.608,11.754,-2.672
-8.768,14.253,-2.353
-5.805,14.763,-0.022
-3.362,17.679,-0.068
-1.159,18.859,2.8
2.182,20.698,3.361
5.324,19.226,1.632
4.985,17.655,-1.777
1.257,17.637,-2.474
-1.14,18.596,-5.25
-4.7,17.413,-5.768
-4.494,13.634,-5.498
-7.57,11.52,-6.162
-8.241,8.129,-4.609
-8.481,5.509,-7.349
-8.002,2.223,-5.491
-6.339,0.624,-2.491
-4.737,-2.722,-1.687
-3.969,-4.633,1.497
-0.715,-6.258,2.553
-0.639,-9.678,4.197
2.169,-12.002,5.248
2.038,-15.761,5.651
1.767,-15.628,9.433
-1.075,-13.606,10.985
1.469,-11.165,12.405
3.748,-10.222,9.529
3.8,-8.975,5.964
2.163,-5.611,6.532
5.104,-3.867,4.829
6.667,-0.738,6.372
7.996,-2.714,9.322
9.33,-0.247,11.843
12.656,-1.594,13.158
11.082,-4.912,14.117
7.475,-3.819,14.544
5.514,-5.587,11.843
1.748,-5.782,11.688
-0.643,-8.381,10.325
-1.814,-6.202,7.463
-1.862,-2.686,6.062
-4.306,-0.515,4.147
-2.407,1.084,1.272
-4.477,3.684,-0.56
-3.363,4.651,-4.051
-3.889,8.25,-5.145
-3.12,9.777,-8.526
-2.3,13.417,-9.265
-5.338,14.765,-11.11
-3.641,17.878,-12.535
-1.634,15.68,-14.925
-3.785,12.567,-14.928
-0.763,11.2,-13.131
0.077,7.852,-14.766
1.13,9.525,-18.0
3.574,12.114,-16.697
4.283,10.179,-13.482
6.403,7.769,-15.522
8.932,10.574,-16.034
7.877,12.821,-13.144
9.206,12.338,-9.57
6.078,13.983,-8.141
3.598,11.619,-9.761
1.883,9.211,-7.37
1.024,9.405,-3.679
0.122,6.308,-1.69
-1.0,6.168,1.942
-0.533,3.213,4.276
-2.37,2.517,7.531
-1.129,-0.285,9.8
-3.516,-3.021,10.938
-2.917,-4.79,14.26
-4.926,-7.717,15.611
-7.143,-7.036,18.601
-10.473,-5.232,18.613
-12.721,-5.718,15.578
-12.872,-3.028,12.932
-16.462,-2.591,11.648
-15.156,-0.417,8.839
-12.987,-3.252,7.573
-15.557,-5.965,8.22
-17.697,-4.998,5.222
-14.773,-5.264,2.784
-13.433,-8.459,4.392
-16.899,-9.974,4.061
-16.964,-9.016,0.382
-13.477,-10.318,-0.446
-14.899,-13.776,0.241
-16.777,-13.374,-3.051
-13.476,-12.843,-4.886
-11.144,-15.183,-3.026
-10.035,-16.617,-6.369
-7.874,-14.996,-9.058
-10.04,-13.456,-11.757
-13.181,-12.999,-9.693
-14.682,-9.583,-9.005
-17.654,-8.149,-7.11
-19.571,-4.883,-6.874
-18.653,-2.786,-3.857
-20.702,0.406,-3.759
-21.696,2.86,-1.008
-18.809,1.908,1.265
-16.731,4.791,2.61
-13.11,4.035,3.619
-13.392,6.89,6.142
-14.183,4.519,9.0
-10.733,3.024,8.451
-9.0,6.35,9.097
-7.478,6.702,12.602
-7.597,9.782,14.831
-3.992,10.993,14.787
-2.758,11.754,11.28
0.985,11.492,11.819
2.702,10.351,8.65
6.046,9.548,7.071
6.627,11.338,3.77
9.142,9.616,1.534
9.581,9.329,-2.262
10.328,5.824,-3.518
10.517,3.739,-6.691
7.182,1.993,-7.415
8.505,-1.469,-6.611
12.13,-1.3,-7.795
12.465,-1.584,-11.659
10.816,1.89,-12.076
13.828,3.525,-10.414
12.09,6.911,-10.578
11.026,8.189,-7.168
7.598,9.147,-8.425
5.754,7.397,-5.617
5.176,9.269,-2.392
4.489,6.712,0.317
2.645,8.421,3.137
2.593,6.017,6.071
0.51,6.769,9.16
1.981,6.251,12.611
-1.419,5.606,14.19
-2.384,1.936,13.626
-5.884,0.523,13.21
-7.139,-2.511,15.118
-8.637,-5.51,13.337
-9.917,-8.694,14.951
-8.9,-12.315,14.369
-12.097,-13.179,12.463
-11.283,-10.448,9.948
-7.718,-11.547,9.226
-8.872,-15.179,9.325
-11.335,-14.476,6.517
-8.579,-12.515,4.787
-6.257,-15.529,4.864
-8.973,-17.376,2.929
-7.942,-15.537,-0.233
-6.589,-17.858,-2.897
-3.698,-16.943,-5.155
-4.842,-19.409,-7.795
-7.672,-18.852,-10.237
-11.07,-20.503,-10.061
-10.839,-24.209,-10.8
-7.208,-24.493,-9.723
-5.73,-26.252,-6.639
-6.205,-23.965,-3.635
-3.235,-21.825,-2.67
-3.279,-18.981,-0.185
-2.697,-15.425,-1.287
-0.076,-14.678,1.337
3.091,-12.589,1.521
3.314,-11.546,-2.156
5.839,-9.062,-0.823
8.835,-7.772,-2.749
12.326,-8.474,-1.299
13.278,-5.838,1.255
15.746,-3.22,0.063
18.46,-1.606,2.3
16.302,-0.886,5.354
17.476,2.577,6.44
17.221,3.816,2.799
19.888,6.521,3.326
17.898,8.524,5.873
14.132,8.412,6.387
11.821,11.41,6.827
9.235,11.507,9.607
6.849,14.43,9.249
4.734,14.794,12.368
4.59,16.896,15.513
19.108,-10.089,-18.904
17.466,-12.566,-16.517
13.67,-12.593,-16.616
13.756,-14.817,-13.55
11.418,-13.223,-11.027
12.333,-15.197,-7.944
13.301,-14.365,-4.399
16.928,-15.274,-4.004
19.594,-12.897,-5.204
18.303,-9.469,-4.132
14.562,-8.762,-3.897
14.605,-6.915,-7.173
16.109,-7.601,-10.621
19.886,-7.196,-10.362
20.319,-7.082,-14.123
17.626,-4.643,-15.204
19.395,-1.837,-13.349
21.922,-1.988,-16.2
19.158,-1.749,-18.814
17.723,1.253,-17.024
20.377,3.701,-15.722
17.633,5.379,-13.655
18.309,2.605,-11.089
21.249,4.795,-10.016
18.5,6.492,-8.001
15.849,3.937,-7.055
17.146,0.765,-5.439
16.163,-2.929,-5.421
13.828,-2.801,-2.423
11.095,-0.113,-2.28
11.074,1.206,1.302
12.208,0.675,4.907
11.532,2.751,8.008
14.406,3.533,10.324
12.646,5.714,12.914
16.002,7.029,14.149
16.797,8.633,10.807
13.172,9.752,10.395
13.349,13.44,11.272
10.311,15.577,12.031
9.941,18.49,9.622
7.867,21.606,10.424
7.578,22.263,6.69
5.357,19.191,6.38
1.719,20.273,6.481
-0.899,17.717,7.713
-2.794,15.578,5.212
-5.81,17.26,3.675
-8.152,14.371,2.945
-11.458,14.852,1.155
-13.281,11.562,0.561
-16.691,13.148,1.12
-17.437,13.049,-2.596
-15.744,9.678,-3.157
-17.685,7.189,-5.255
-16.83,3.547,-4.607
-17.311,1.343,-7.68
-16.049,-2.213,-7.26
-13.659,-4.523,-5.463
-11.492,-6.889,-7.486
-9.202,-9.764,-6.602
-6.784,-9.757,-9.519
-3.651,-11.82,-9.219
-1.471,-10.334,-6.511
-4.07,-8.641,-4.367
-7.544,-7.165,-4.256
-8.365,-3.497,-4.681
-11.395,-1.235,-4.473
-11.698,1.23,-7.337
-13.221,4.675,-6.948
-14.589,6.788,-9.793
-12.139,9.516,-10.674
-13.772,11.509,-13.437
-14.102,14.297,-10.903
-12.081,15.644,-7.977
-14.115,13.532,-5.57
-11.606,11.655,-3.438
-8.5,13.627,-2.535
-5.645,13.041,-0.116
-2.621,15.3,-0.04
-0.169,16.582,2.513
1.398,20.042,2.273
4.082,20.805,-0.367
3.934,18.053,-2.986
4.128,17.627,-6.759
0.771,17.631,-8.51
-2.636,16.08,-8.01
-3.33,13.313,-5.51
-6.731,11.701,-5.992
-7.731,8.365,-4.463
-8.151,5.776,-7.192
-8.042,2.483,-5.275
-6.634,0.673,-2.249
-5.164,-2.807,-1.898
-4.382,-5.271,0.908
-1.985,-8.253,1.342
-0.342,-10.714,3.762
3.201,-12.003,4.217
2.273,-15.626,5.02
1.879,-16.26,8.729
-0.706,-14.447,10.864
1.751,-11.726,11.833
3.9,-10.651,8.891
3.699,-8.95,5.51
2.948,-5.355,6.385
5.825,-3.499,4.709
7.171,-0.29,6.322
8.695,-2.467,8.985
10.727,-0.575,11.553
13.992,-2.453,12.094
12.394,-5.123,9.893
9.615,-5.523,12.484
7.09,-7.293,10.267
3.648,-6.326,11.504
0.481,-8.314,10.82
-0.567,-6.476,7.663
-1.039,-3.074,6.064
-3.645,-1.419,3.867
-2.231,0.566,0.953
-4.421,3.347,-0.429
-3.123,4.422,-3.824
-3.466,7.998,-5.049
-2.29,8.984,-8.522
-1.492,12.25,-10.3
-4.68,12.635,-12.33
-3.667,15.954,-13.9
-1.23,14.309,-16.301
-2.779,10.896,-15.73
0.167,9.743,-13.631
1.754,6.887,-15.61
2.95,9.31,-18.283
4.728,12.057,-16.359
5.471,9.716,-13.443
8.314,8.396,-15.584
10.196,11.603,-14.771
8.088,12.712,-11.792
8.955,10.456,-8.826
6.164,12.054,-6.793
3.319,10.848,-8.99
1.807,8.18,-6.765
0.947,8.62,-3.108
0.206,5.466,-1.167
-1.188,5.725,2.347
-0.171,2.816,4.531
-2.418,1.845,7.415
-0.852,-0.72,9.763
-3.058,-3.481,11.149
-2.592,-5.032,14.574
-4.558,-8.035,15.808
-6.825,-7.662,18.814
-10.263,-6.077,18.921
-12.451,-6.237,15.81
-12.518,-3.277,13.446
-16.101,-2.442,12.346
-14.764,-0.201,9.598
-12.915,-3.134,8.047
-15.676,-5.637,8.787
-17.74,-4.448,5.815
-14.763,-5.306,3.588
-14.159,-8.648,5.32
-17.735,-9.685,4.506
-16.928,-9.422,0.787
-13.74,-11.515,0.96
-15.486,-14.81,0.153
-17.007,-13.139,-2.906
-13.495,-12.264,-4.094
-11.624,-15.318,-2.867
-10.091,-16.044,-6.27
-8.484,-13.886,-8.96
-11.018,-12.602,-11.45
-13.819,-12.288,-8.937
-15.269,-8.822,-9.305
-17.803,-7.564,-6.788
-19.755,-4.315,-6.83
-18.699,-2.134,-3.937
-20.697,1.087,-3.8
-21.156,3.6,-0.961
-18.216,2.56,1.207
-16.347,5.347,2.988
-12.712,4.674,4.0
-13.358,6.782,7.113
-14.01,3.75,9.31
-10.508,2.534,8.47
-8.932,5.768,9.696
-7.879,6.054,13.37
-8.075,9.076,15.684
-4.72,10.618,14.793
-3.694,11.303,11.209
0.076,11.028,11.492
2.258,10.343,8.488
5.845,9.863,7.409
6.302,10.631,3.716
9.113,8.737,1.997
9.74,8.287,-1.791
9.4,4.654,-2.813
10.488,2.56,-5.765
8.433,0.305,-8.057
11.727,-1.516,-8.729
10.051,-4.857,-9.376
9.508,-5.761,-13.155
8.091,-2.17,-13.695
11.404,-0.511,-12.778
10.336,3.087,-12.056
10.245,4.967,-8.742
7.203,7.218,-8.768
5.658,6.288,-5.433
5.358,8.428,-2.338
4.782,6.295,0.755
2.585,8.033,3.297
3.057,5.989,6.453
0.252,6.298,8.997
1.893,6.168,12.441
-1.34,4.835,13.961
-1.993,1.094,13.431
-5.631,0.014,13.551
-6.853,-2.909,15.623
-8.45,-5.819,13.778
-9.702,-9.137,15.129
-8.353,-12.614,14.419
-11.688,-13.453,12.762
-10.96,-10.707,10.249
-7.31,-11.477,9.496
-8.114,-15.18,9.177
-10.493,-14.428,6.319
-7.846,-12.35,4.552
-5.532,-15.347,4.752
-8.341,-17.456,3.279
-7.963,-15.516,0.049
-6.423,-17.19,-2.966
-3.66,-15.843,-5.168
-4.935,-17.959,-8.048
-8.029,-17.401,-10.134
-11.19,-19.459,-10.382
-10.644,-22.95,-11.725
-7.079,-23.189,-10.44
-5.458,-25.136,-7.558
-5.911,-22.952,-4.488
-2.887,-21.023,-3.295
-3.279,-18.765,-0.274
-2.454,-15.077,-0.602
1.039,-15.079,0.833
4.081,-12.813,0.538
3.132,-10.942,-2.67
5.565,-8.186,-1.708
9.263,-7.757,-0.979
9.141,-5.256,1.922
12.117,-3.711,3.682
14.973,-2.062,1.804
18.449,-1.367,3.318
17.983,0.527,6.599
20.047,3.466,5.378
17.047,4.423,3.034
18.088,8.103,2.566
16.604,10.227,5.322
12.935,9.911,6.247
10.791,12.884,7.206
7.963,12.766,9.713
5.304,15.246,10.759
3.742,15.342,14.181
3.631,18.984,15.207
13.872,-16.042,-1.108
17.261,-16.56,0.537
19.735,-13.776,-0.238
22.622,-14.655,2.048
25.468,-12.27,1.156
24.528,-12.244,-2.513
21.147,-11.03,-3.682
20.207,-13.317,-6.539
23.055,-15.777,-6.829
24.649,-17.403,-3.78
27.739,-15.199,-4.073
25.726,-12.526,-5.833
25.026,-11.88,-9.549
27.704,-9.922,-11.393
24.987,-9.024,-13.857
22.444,-8.131,-11.171
22.278,-4.794,-12.934
20.082,-6.551,-15.507
19.353,-9.841,-13.662
17.839,-8.107,-10.634
14.685,-5.92,-10.638
15.583,-2.246,-9.97
19.304,-2.981,-9.557
20.3,-0.275,-12.037
19.501,2.111,-9.237
17.866,0.551,-6.19
14.767,2.148,-4.709
12.422,1.838,-1.717
12.044,-1.914,-1.459
9.915,-4.462,0.541
12.431,-3.939,3.375
12.095,-3.912,7.139
10.931,-0.5,8.301
12.884,0.857,11.244
11.213,3.555,13.286
14.577,4.419,14.889
15.855,5.139,11.383
12.981,7.527,10.686
14.109,11.147,10.82
11.549,13.734,11.852
10.979,16.654,9.506
8.751,19.732,10.12
5.539,18.798,8.295
4.111,22.037,9.736
0.664,21.749,8.147
-1.682,18.792,8.856
-3.097,16.804,5.939
-6.314,17.686,4.147
-7.897,14.393,3.191
-11.375,14.478,1.74
-12.476,10.856,1.432
-15.926,11.946,2.514
-17.223,11.869,-1.063
-15.376,8.696,-2.077
-17.553,6.53,-4.309
-16.712,2.826,-4.204
-17.351,0.926,-7.449
-15.874,-2.564,-7.565
-13.427,-4.827,-5.765
-10.782,-6.749,-7.703
-8.395,-9.549,-6.765
-4.911,-9.867,-8.259
-2.126,-12.259,-7.233
-0.325,-9.607,-5.205
-3.196,-8.013,-3.285
-6.834,-7.036,-3.692
-7.968,-3.566,-4.66
-11.188,-1.598,-4.385
-11.797,0.717,-7.324
-13.208,4.147,-6.537
-14.852,6.655,-8.842
-12.55,9.602,-9.333
-13.969,11.672,-12.155
-14.181,14.562,-9.677
-12.605,15.692,-6.398
-14.471,13.019,-4.462
-11.637,11.361,-2.598
-8.738,13.78,-2.356
-5.602,13.675,-0.249
-3.251,16.606,0.064
-1.158,17.843,2.932
0.68,21.154,3.15
3.978,21.445,1.185
4.029,18.521,-1.259
4.391,17.743,-4.961
0.816,17.514,-6.213
-2.854,17.12,-5.336
-3.64,13.413,-5.212
-7.037,11.773,-5.746
-7.858,8.266,-4.497
-8.201,5.621,-7.198
-8.041,2.362,-5.204
-6.487,0.714,-2.137
-4.759,-2.601,-1.395
-3.485,-4.512,1.659
-0.31,-6.496,2.351
-0.23,-9.822,4.18
2.052,-12.84,4.295
4.577,-15.057,6.094
2.704,-15.021,9.407
-1.028,-14.587,9.986
-1.185,-11.292,8.132
1.52,-8.615,8.286
3.594,-6.217,6.229
3.824,-2.486,5.598
6.904,-2.953,3.436
6.3,-6.67,3.646
7.358,-6.273,7.296
6.429,-3.846,10.125
9.188,-2.363,12.373
10.046,-5.893,13.605
6.655,-5.816,15.341
4.723,-7.428,12.503
1.108,-6.454,13.096
-2.238,-7.527,11.657
-2.12,-5.795,8.276
-1.324,-2.605,6.414
-3.705,-0.584,4.241
-2.302,1.182,1.192
-4.673,3.725,-0.329
-3.305,4.603,-3.758
-3.742,8.222,-4.827
-2.64,9.958,-8.029
-1.875,13.623,-8.762
-5.034,14.829,-10.473
-3.158,17.845,-11.865
-1.964,15.422,-14.551
-5.598,15.032,-15.578
-5.186,11.246,-15.848
-3.776,8.34,-13.819
-1.707,7.117,-16.753
-0.186,10.564,-17.09
0.424,10.849,-13.345
2.233,7.505,-13.063
4.779,8.876,-15.546
6.084,11.208,-12.842
8.352,10.282,-9.861
5.953,12.176,-7.578
2.884,11.26,-9.593
1.341,8.744,-7.215
0.789,8.89,-3.458
0.139,5.741,-1.465
-1.432,6.297,1.938
-0.231,3.635,4.337
-2.128,2.789,7.502
-0.954,0.235,10.058
-3.465,-2.344,11.285
-3.044,-4.045,14.66
-5.041,-6.851,16.272
-7.596,-5.246,18.543
-11.214,-4.125,18.41
-12.522,-4.986,14.953
-14.362,-1.999,13.554
-17.178,-3.278,11.268
-16.178,-0.538,8.847
-13.546,-2.918,7.494
-15.689,-6.049,7.69
-17.84,-5.003,4.739
-14.907,-5.16,2.304
-13.343,-8.241,3.911
-16.736,-9.978,3.806
-16.86,-9.647,0.007
-13.412,-11.228,-0.465
-15.127,-14.606,-0.803
-16.784,-13.432,-4.024
-13.323,-12.742,-5.444
-11.611,-15.638,-3.721
-9.512,-16.508,-6.741
-7.177,-14.294,-8.765
-8.767,-12.417,-11.644
-12.214,-12.099,-10.108
-13.968,-8.841,-9.327
-17.237,-7.992,-7.594
-19.428,-4.902,-7.398
-18.819,-2.856,-4.282
-21.168,0.103,-4.141
-23.289,1.924,-1.542
-20.5,1.563,1.01
-19.274,4.303,3.326
-15.545,5.046,2.781
-15.277,6.74,6.181
-15.766,3.322,7.777
-11.97,3.13,8.039
-11.954,6.093,10.452
-8.423,7.599,10.651
-7.521,9.698,13.731
-4.264,10.886,12.237
-3.63,13.579,9.64
0.158,13.593,9.475
2.591,11.749,7.222
5.96,10.076,7.032
7.898,11.343,4.022
8.912,8.128,2.296
9.413,7.761,-1.494
7.54,4.882,-3.099
8.914,2.386,-5.596
7.256,-0.948,-6.622
4.662,-0.2,-3.85
2.368,-0.246,-6.885
1.899,-2.119,-10.215
4.927,-0.217,-11.74
8.388,-0.921,-10.329
9.67,2.569,-11.196
9.573,5.119,-8.377
6.472,7.025,-9.449
5.055,7.002,-5.956
5.227,9.027,-2.768
4.321,7.104,0.379
2.131,8.906,2.885
2.264,7.004,6.185
-0.247,7.651,8.961
1.442,7.21,12.336
-1.72,5.965,14.075
-2.443,2.229,13.547
-6.095,1.168,13.475
-7.489,-1.812,15.37
-8.625,-4.907,13.486
-9.385,-8.283,15.032
-7.946,-11.678,14.08
-11.289,-12.743,12.56
-10.906,-9.934,10.021
-7.253,-10.584,9.215
-7.762,-14.335,8.84
-10.194,-13.707,5.98
-7.437,-12.004,3.97
-5.543,-15.286,3.903
-8.604,-16.937,2.348
-7.717,-15.431,-1.015
-6.2,-17.719,-3.62
-3.349,-16.829,-5.957
-4.732,-19.419,-8.369
-7.655,-18.851,-10.696
-11.045,-20.454,-10.106
-11.052,-24.144,-10.925
-7.404,-24.499,-9.983
-5.701,-25.978,-6.86
-6.226,-23.512,-4.012
-3.108,-21.594,-3.038
-2.74,-19.202,-0.117
-2.194,-15.824,-1.734
0.358,-14.556,0.751
3.531,-12.449,0.876
3.742,-11.566,-2.827
6.79,-9.432,-1.945
10.559,-9.974,-1.844
12.453,-10.451,1.485
13.716,-7.433,3.423
16.441,-5.783,1.33
19.104,-3.632,3.14
18.719,0.053,4.111
21.346,0.785,1.396
18.733,2.965,-0.478
15.687,2.303,1.659
15.453,4.771,4.537
12.511,5.944,6.618
11.521,9.503,7.539
8.709,11.016,9.606
7.154,14.427,9.024
5.611,15.685,12.243
5.754,19.112,13.855
5.267,-24.379,-28.146
3.336,-22.127,-25.791
-0.135,-22.426,-27.275
-1.558,-22.536,-23.768
-2.483,-19.022,-22.713
-2.463,-18.627,-18.962
-3.585,-15.657,-16.916
-0.452,-14.811,-14.997
2.096,-17.409,-13.948
0.975,-20.741,-15.415
1.843,-21.176,-19.095
3.928,-18.058,-19.555
3.869,-14.925,-17.357
2.287,-11.894,-19.004
3.119,-9.872,-15.918
6.719,-11.011,-16.46
8.093,-7.557,-15.535
5.779,-7.285,-12.529
7.041,-10.758,-11.607
10.363,-9.061,-10.927
10.44,-6.906,-7.765
12.099,-3.739,-9.153
15.19,-5.704,-10.236
16.589,-2.604,-11.949
17.916,-1.525,-8.596
16.052,-2.983,-5.688
14.013,-0.514,-3.701
10.773,-1.173,-1.862
10.567,-0.934,1.902
12.999,1.964,2.253
13.958,1.757,5.937
13.021,0.577,9.407
11.264,3.034,11.691
13.665,3.552,14.566
12.787,6.45,16.847
16.479,7.171,17.548
17.371,6.95,13.866
14.5,9.319,13.113
14.579,13.087,12.832
11.773,15.28,14.087
11.121,18.271,11.861
7.855,20.191,12.358
8.489,22.159,9.177
6.643,19.639,7.008
2.927,20.026,6.364
0.291,17.271,6.736
-1.848,16.657,3.659
-5.481,17.693,3.849
-7.493,14.513,3.378
-10.94,15.06,1.93
-12.195,11.512,1.519
-15.637,11.737,3.112
-17.083,12.043,-0.4
-15.274,8.904,-1.578
-17.371,6.715,-3.849
-16.369,3.064,-4.088
-17.452,1.141,-7.176
-16.073,-2.394,-7.357
-13.593,-4.734,-5.701
-11.17,-6.858,-7.707
-8.681,-9.62,-6.966
-5.899,-9.37,-9.509
-2.452,-10.757,-8.821
-1.037,-10.012,-5.382
-3.665,-7.819,-3.754
-7.297,-6.818,-4.113
-8.022,-3.447,-5.663
-11.137,-1.616,-4.508
-11.943,0.795,-7.325
-13.174,4.265,-6.422
-14.716,6.883,-8.692
-12.027,9.465,-9.36
-13.704,11.844,-11.805
-14.318,14.416,-9.078
-12.68,15.619,-5.868
-14.543,12.856,-4.024
-11.487,11.802,-2.076
-8.524,14.103,-2.518
-5.198,14.166,-0.739
-3.062,17.291,-0.938
-0.526,19.074,1.237
1.055,22.522,1.15
3.833,23.37,-1.393
3.551,21.608,-4.746
3.145,17.961,-3.845
-0.067,17.723,-5.848
-3.688,16.692,-5.478
-3.723,12.912,-5.221
-7.308,11.703,-5.537
-8.269,8.24,-4.327
-8.46,5.795,-7.209
-8.406,2.507,-5.28
-7.061,0.797,-2.16
-5.632,-2.644,-1.459
-4.468,-4.855,1.421
-1.827,-7.564,1.924
-0.61,-9.371,5.039
0.08,-12.763,6.57
3.695,-13.81,6.841
4.883,-14.959,10.248
2.78,-15.263,13.419
1.317,-11.757,13.239
3.083,-9.636,10.653
3.16,-8.654,7.011
2.615,-4.968,7.664
6.284,-3.918,7.525
6.93,-0.358,8.806
8.623,-1.568,11.937
8.808,0.833,14.873
11.849,-0.104,16.96
11.741,-3.734,15.78
7.961,-3.768,16.272
6.268,-5.149,13.164
2.525,-4.749,12.713
0.091,-7.392,11.496
-1.274,-5.933,8.266
-0.602,-3.195,5.724
-3.163,-0.909,4.102
-2.325,0.872,0.858
-4.738,3.523,-0.384
-3.685,4.355,-3.927
-4.07,7.988,-4.932
-3.558,9.446,-8.395
-2.045,12.877,-9.052
-4.577,14.836,-11.122
-1.622,16.893,-12.449
-1.184,14.432,-15.34
-4.89,14.051,-16.108
-4.116,10.361,-16.744
-2.672,7.771,-14.352
-1.04,5.89,-17.22
0.858,9.078,-17.989
1.344,9.846,-14.3
3.632,6.832,-13.859
6.445,8.824,-15.471
6.384,11.311,-12.589
7.987,10.428,-9.194
4.943,11.899,-7.466
2.597,10.721,-10.2
0.918,8.327,-7.821
0.677,8.474,-4.039
-0.085,5.594,-1.724
-1.28,6.082,1.835
-0.052,3.353,4.154
-1.774,2.663,7.454
-0.482,0.186,10.044
-2.813,-2.614,11.126
-2.732,-4.492,14.415
-4.898,-7.408,15.546
-7.395,-6.703,18.295
-10.694,-4.863,18.055
-12.853,-5.39,14.977
-13.847,-2.656,12.541
-17.342,-2.931,10.972
-16.297,-0.331,8.417
-13.57,-2.64,7.144
-15.348,-5.906,7.956
-17.658,-5.242,5.01
-14.614,-5.237,2.715
-13.139,-8.429,4.129
-16.54,-10.131,4.166
-16.931,-9.756,0.384
-13.471,-11.196,-0.306
-15.201,-14.559,-0.772
-16.721,-13.345,-4.048
-13.218,-12.591,-5.331
-11.578,-15.614,-3.761
-9.648,-16.33,-6.956
-7.524,-14.061,-9.139
-9.556,-12.527,-11.943
-12.883,-12.27,-10.139
-14.552,-9.014,-9.129
-17.619,-7.764,-7.266
-19.529,-4.494,-6.983
-18.626,-2.625,-3.82
-20.295,0.755,-3.488
-20.987,2.999,-0.491
-17.804,2.152,1.411
-17.47,4.125,4.656
-13.985,5.691,4.301
-14.037,7.446,7.68
-14.663,4.037,9.234
-10.899,3.538,9.41
-10.668,6.285,12.07
-7.159,7.749,11.49
-6.217,9.836,14.545
-2.642,10.621,13.595
-1.441,12.487,10.508
1.998,13.3,11.852
4.69,12.617,9.247
5.161,11.507,5.651
8.438,10.676,3.876
8.528,7.436,1.875
9.425,6.585,-1.755
6.874,4.486,-3.59
8.411,1.765,-5.73
6.732,-1.253,-7.471
3.323,-0.351,-5.935
2.796,0.797,-9.522
2.492,-0.976,-12.942
5.978,-0.021,-14.383
7.853,-1.09,-11.19
10.004,2.095,-11.223
9.522,4.61,-8.412
6.723,6.829,-9.673
4.821,6.619,-6.425
5.006,8.683,-3.263
4.269,6.792,-0.06
2.453,8.615,2.692
2.046,7.213,6.187
-0.322,7.661,9.083
1.132,7.238,12.564
-2.153,5.659,13.664
-2.31,1.841,13.642
-5.846,0.531,13.219
-7.082,-2.679,14.797
-8.472,-5.604,12.839
-9.888,-8.694,14.474
-8.989,-12.344,13.876
-12.006,-12.977,11.607
-10.875,-10.132,9.346
-7.341,-11.517,9.216
-8.575,-15.083,8.702
-11.02,-14.282,5.893
-8.206,-12.611,3.958
-6.182,-15.813,4.102
-9.009,-17.404,2.136
-7.977,-15.455,-0.953
-6.17,-17.426,-3.605
-3.202,-16.088,-5.522
-4.18,-18.301,-8.443
-7.186,-18.046,-10.715
-10.273,-20.206,-11.162
-9.341,-23.813,-11.875
-5.776,-23.756,-10.547
-3.972,-25.333,-7.532
-4.868,-23.23,-4.498
-2.18,-20.8,-3.434
-2.805,-18.43,-0.537
-2.296,-14.746,-1.249
-0.265,-13.713,1.779
2.647,-11.404,2.653
3.348,-10.199,-0.907
5.865,-7.828,0.684
9.49,-7.293,1.705
11.209,-6.35,5.015
12.902,-2.975,5.499
16.053,-1.799,3.71
19.075,0.309,4.854
19.485,4.129,4.814
20.715,3.661,1.194
18.012,6.133,-0.16
15.687,6.992,2.725
15.866,8.543,6.173
13.081,8.468,8.775
11.608,11.92,9.346
8.865,12.526,11.889
6.675,15.309,13.241
4.931,14.924,16.572
4.211,18.344,18.016
17.971,-15.278,-8.344
19.775,-14.471,-5.104
16.667,-14.296,-2.932
16.019,-17.014,-0.383
12.293,-17.535,-0.975
9.862,-14.915,-2.2
6.4,-14.092,-3.461
6.119,-15.443,-6.976
8.055,-18.153,-8.758
9.722,-20.64,-6.368
12.27,-18.446,-4.563
11.432,-15.212,-6.337
9.806,-14.391,-9.694
12.316,-13.969,-12.487
9.783,-13.475,-15.287
8.67,-10.232,-13.645
12.325,-9.105,-13.603
12.548,-10.087,-17.281
9.54,-7.989,-18.323
10.534,-5.182,-15.984
14.324,-4.632,-16.26
13.75,-1.562,-14.07
14.153,-4.167,-11.312
17.845,-3.326,-11.834
16.905,-0.305,-9.74
16.493,-0.322,-5.997
13.098,-0.364,-4.344
10.887,-2.866,-2.612
11.284,-2.84,1.135
12.46,0.715,1.87
13.167,0.811,5.625
12.468,-0.888,8.919
10.812,1.898,10.894
12.338,2.56,14.276
10.96,5.362,16.427
14.49,6.227,17.595
15.855,6.435,14.053
12.818,8.038,12.434
13.487,11.746,12.086
10.491,13.729,13.272
9.303,16.267,10.723
6.907,19.222,11.147
3.716,18.457,9.196
3.518,22.296,9.334
0.307,22.866,7.343
-2.774,20.723,8.132
-3.339,18.083,5.468
-6.312,18.517,3.164
-7.952,15.131,2.866
-11.511,15.111,1.611
-12.891,11.593,1.763
-16.288,13.05,2.64
-17.34,12.205,-0.903
-15.487,8.913,-1.208
-17.687,6.629,-3.265
-16.727,2.973,-3.597
-17.734,0.961,-6.664
-16.544,-2.648,-6.478
-13.989,-4.994,-4.953
-11.733,-7.047,-7.219
-9.081,-9.746,-7.094
-6.618,-9.115,-9.89
-3.38,-11.004,-9.786
-0.968,-9.652,-7.216
-3.335,-7.497,-5.152
-6.953,-7.152,-4.026
-8.254,-3.887,-5.435
-11.247,-2.002,-4.066
-12.235,0.704,-6.528
-13.863,4.104,-6.143
-15.466,6.599,-8.5
-12.627,8.895,-9.474
-14.322,11.059,-12.073
-14.442,14.154,-9.898
-13.137,15.852,-6.753
-14.742,13.225,-4.498
-11.937,11.788,-2.392
-8.889,14.018,-2.541
-5.52,13.97,-0.804
-3.337,17.063,-0.797
-1.045,18.641,1.744
0.901,21.899,1.689
4.356,21.826,-0.011
4.244,18.694,-2.138
4.154,17.707,-5.826
0.627,17.522,-7.173
-2.869,16.726,-5.969
-3.687,13.042,-5.569
-7.29,11.841,-5.799
-8.336,8.44,-4.45
-8.904,5.768,-7.094
-8.628,2.384,-5.358
-6.87,0.566,-2.533
-5.405,-2.867,-1.906
-4.201,-4.917,1.053
-1.577,-7.629,1.583
-1.429,-10.655,3.868
1.429,-12.208,5.802
0.316,-15.448,7.461
0.302,-14.852,11.194
-0.258,-11.577,13.049
3.444,-10.82,13.212
4.893,-10.461,9.717
4.008,-10.073,6.06
2.573,-6.598,6.447
6.022,-5.064,6.391
6.052,-1.446,7.606
7.695,-2.538,10.823
7.666,-0.325,13.893
10.633,-1.007,16.169
11.205,-4.539,14.814
7.461,-5.219,15.065
5.671,-6.049,11.817
1.899,-6.482,11.812
-0.747,-8.881,10.508
-1.664,-6.903,7.406
-1.078,-3.661,5.545
-3.319,-1.361,3.52
-2.25,0.698,0.512
-4.666,3.483,-0.453
-3.756,4.512,-4.0
-4.071,8.204,-4.799
-3.437,9.266,-8.382
-2.094,12.487,-9.925
-5.224,14.458,-10.814
-3.525,16.535,-13.55
-1.699,14.062,-15.793
-4.168,11.287,-15.112
-1.366,9.588,-13.256
-1.019,6.116,-14.84
0.524,7.735,-17.899
3.043,10.315,-16.711
3.005,9.978,-12.918
4.118,6.335,-13.01
7.241,7.762,-14.634
7.663,10.462,-11.981
9.317,9.944,-8.547
6.569,12.03,-6.91
3.84,10.869,-9.269
1.423,8.812,-7.201
0.649,8.969,-3.499
-0.233,5.707,-1.828
-1.334,6.096,1.77
-0.258,3.01,3.668
-1.791,1.971,6.99
-0.605,-0.628,9.519
-3.141,-3.34,10.402
-2.812,-4.845,13.865
-5.228,-7.281,15.497
-7.469,-6.61,18.465
-10.833,-4.894,18.244
-12.889,-5.096,15.054
-13.076,-2.422,12.377
-16.763,-1.865,11.481
-15.696,0.043,8.39
-13.383,-2.739,7.215
-15.701,-5.568,8.229
-17.909,-4.4,5.365
-15.032,-5.07,2.956
-14.074,-8.362,4.611
-17.727,-9.387,4.336
-17.361,-9.332,0.543
-13.847,-10.79,0.031
-15.465,-14.231,-0.359
-16.664,-13.044,-3.765
-13.087,-12.363,-4.89
-11.473,-15.574,-3.674
-9.727,-15.984,-7.024
-8.263,-13.478,-9.489
-10.645,-12.367,-12.209
-13.609,-12.11,-9.866
-15.17,-8.885,-8.629
-18.117,-7.861,-6.475
-20.121,-4.64,-6.383
-19.187,-2.586,-3.356
-21.096,0.673,-3.555
-22.125,3.278,-0.958
-19.467,2.409,1.605
-17.598,4.853,3.835
-13.78,4.57,3.538
-13.654,6.997,6.468
-14.441,3.893,8.491
-10.987,2.66,7.53
-8.971,5.769,8.326
-7.74,6.181,11.931
-7.696,9.368,14.009
-4.136,10.73,13.838
-3.604,12.571,10.561
0.168,12.288,10.305
2.488,10.014,8.361
5.848,8.312,7.969
8.099,9.033,5.009
7.875,5.451,3.748
8.52,5.033,-0.03
6.186,2.802,-2.016
5.837,1.166,-5.414
2.445,1.215,-7.159
3.15,-1.978,-9.124
3.77,-3.384,-5.631
7.226,-3.039,-3.9
9.513,-4.67,-6.569
9.029,-2.275,-9.489
9.443,1.516,-9.408
9.773,4.468,-7.041
7.077,6.745,-8.417
4.984,6.975,-5.28
5.05,9.768,-2.734
6.042,8.322,0.625
2.985,8.798,2.851
2.08,6.167,5.461
-0.509,7.201,8.062
1.22,7.047,11.457
-1.735,5.465,13.295
-2.049,1.646,13.09
-5.625,0.385,12.945
-6.85,-2.544,15.0
-8.771,-5.225,13.13
-10.542,-8.311,14.416
-8.918,-11.741,14.31
-11.815,-13.054,12.209
-11.12,-10.313,9.66
-7.474,-11.238,9.099
-8.291,-14.958,9.197
-10.438,-14.383,6.125
-7.55,-12.702,4.3
-5.586,-15.918,4.778
-8.327,-17.696,2.847
-7.872,-15.674,-0.342
-5.932,-16.899,-3.367
-3.908,-15.111,-6.038
-4.706,-17.765,-8.638
-7.822,-17.893,-10.774
-10.833,-20.202,-10.738
-10.041,-23.724,-11.88
-6.62,-23.767,-10.219
-5.086,-25.257,-7.032
-5.453,-22.701,-4.239
-2.324,-20.612,-3.845
-2.492,-18.402,-0.757
-1.198,-14.845,-1.006
1.185,-14.825,1.943
4.201,-12.716,2.974
4.284,-10.674,-0.264
7.151,-8.549,1.173
10.915,-8.544,1.833
13.135,-7.627,4.846
13.9,-3.912,4.918
16.608,-2.041,3.012
19.012,0.27,4.961
19.156,4.069,5.423
21.686,4.034,2.54
19.145,6.056,0.418
15.998,5.051,2.261
15.258,7.118,5.356
12.18,7.175,7.562
10.848,10.501,8.734
7.89,10.981,11.042
5.864,13.985,9.997
4.026,15.093,13.096
4.254,18.769,13.982
3.358,-25.056,-30.234
2.053,-22.037,-28.32
2.446,-21.462,-24.561
5.601,-19.368,-24.731
7.233,-18.125,-21.528
5.163,-17.666,-18.389
5.079,-16.168,-14.919
8.616,-16.811,-13.786
11.837,-17.918,-15.461
11.409,-21.042,-17.576
12.265,-20.199,-21.174
13.629,-16.808,-20.255
13.927,-14.998,-16.908
11.656,-11.981,-16.574
13.048,-11.207,-13.131
16.75,-11.613,-13.936
17.668,-8.138,-12.622
15.566,-8.816,-9.517
18.54,-10.88,-8.366
20.546,-7.657,-8.085
19.32,-5.69,-5.01
20.466,-2.37,-6.496
20.79,-2.846,-10.263
19.187,0.538,-10.921
17.512,1.855,-7.798
14.627,-0.518,-7.402
15.302,-3.029,-4.633
13.633,-6.148,-3.138
11.887,-4.562,-0.143
10.894,-0.865,-0.118
12.923,-0.102,3.015
14.109,-1.439,6.358
13.111,1.399,8.683
15.078,2.485,11.739
13.157,4.839,14.023
16.533,6.239,15.106
17.587,6.813,11.506
14.335,8.333,10.255
14.758,12.059,9.826
12.018,14.395,10.967
11.365,16.47,7.874
9.072,19.547,8.019
6.147,18.482,5.847
4.794,21.969,6.643
1.404,21.359,5.03
-1.072,19.404,7.2
-3.022,16.418,5.904
-6.76,16.726,5.268
-9.224,14.204,3.866
-12.359,14.79,1.833
-13.91,11.373,1.288
-17.481,12.517,1.888
-18.161,12.102,-1.822
-15.988,9.01,-2.266
-17.691,6.833,-4.856
-16.639,3.201,-4.622
-17.331,0.85,-7.526
-16.062,-2.684,-6.897
-13.35,-4.773,-5.265
-10.921,-6.727,-7.421
-8.471,-9.567,-6.924
-5.629,-8.903,-9.328
-2.377,-10.643,-8.652
-0.584,-9.154,-5.673
-3.388,-7.353,-3.837
-7.122,-6.818,-3.426
-8.044,-3.36,-4.638
-11.326,-1.517,-4.167
-11.856,0.738,-7.169
-13.136,4.285,-6.803
-13.966,6.635,-9.673
-11.138,8.902,-10.73
-12.823,10.921,-13.44
-14.114,13.556,-11.024
-12.923,15.11,-7.768
-15.217,12.982,-5.642
-12.684,11.958,-3.02
-9.999,14.602,-2.64
-6.975,14.639,-0.364
-4.898,17.45,1.074
-1.363,16.513,1.967
2.219,17.495,2.681
4.727,17.639,-0.235
2.851,16.558,-3.368
1.902,18.061,-6.745
-1.44,18.734,-8.34
-4.641,16.821,-7.837
-4.91,14.381,-4.96
-7.829,12.062,-5.735
-8.638,8.717,-4.17
-8.456,6.102,-6.905
-8.568,2.863,-4.924
-7.283,1.124,-1.807
-5.748,-2.318,-1.418
-4.341,-4.748,1.162
-1.809,-7.63,1.042
0.673,-9.846,2.945
-1.21,-10.604,6.222
0.761,-13.876,6.506
0.863,-13.759,10.303
-1.213,-11.749,12.768
1.983,-10.552,14.424
3.796,-9.575,11.231
2.802,-8.738,7.698
2.805,-4.975,7.197
6.175,-4.63,5.394
8.652,-1.771,6.065
9.603,-2.979,9.503
10.474,-0.21,11.915
13.356,-1.119,14.211
12.573,-4.825,13.709
8.942,-4.083,14.652
6.301,-5.461,12.295
2.521,-5.145,12.415
-0.199,-7.625,11.401
-0.91,-6.01,8.043
-1.102,-2.701,6.228
-3.815,-1.073,4.147
-2.66,1.012,1.185
-4.997,3.771,0.056
-3.832,4.816,-3.402
-4.71,8.487,-3.707
-2.78,10.67,-6.09
-2.332,10.297,-9.823
-2.674,13.734,-11.457
0.007,13.388,-14.135
-1.912,10.657,-15.975
-5.258,10.553,-14.226
-4.789,6.798,-14.528
-3.083,4.48,-12.033
-2.157,2.014,-14.78
-0.061,4.626,-16.567
1.409,5.596,-13.198
3.025,2.179,-12.773
5.88,3.294,-15.049
6.553,6.473,-13.051
8.521,6.556,-9.755
6.201,9.236,-8.343
3.151,7.948,-10.177
1.173,7.117,-7.039
0.825,7.892,-3.336
-0.604,5.487,-0.779
-1.682,6.036,2.796
-0.409,2.991,4.627
-2.411,2.257,7.734
-1.029,-0.376,10.109
-3.286,-3.208,11.236
-3.162,-4.94,14.603
-5.524,-7.512,16.095
-7.868,-6.491,18.883
-11.301,-4.918,18.649
-13.222,-5.485,15.41
-13.973,-2.769,12.86
-17.616,-2.671,11.649
-16.528,-0.42,8.802
-13.866,-2.893,7.72
-16.359,-5.742,8.029
-17.755,-4.519,4.708
-14.578,-5.136,2.718
-13.634,-8.314,4.595
-17.131,-9.637,3.944
-16.901,-8.906,0.217
-13.361,-10.237,-0.362
-14.826,-13.721,0.066
-16.333,-13.281,-3.399
-12.919,-12.64,-4.982
-10.993,-15.606,-3.578
-9.474,-16.097,-7.033
-7.613,-13.505,-9.13
-9.69,-12.037,-11.92
-12.954,-11.929,-10.022
-14.507,-8.695,-8.83
-17.452,-7.731,-6.636
-19.508,-4.536,-6.873
-19.128,-2.443,-3.75
-20.789,0.956,-3.791
-21.29,3.507,-0.988
-18.181,2.444,0.895
-16.955,5.298,3.074
-13.186,5.258,3.829
-14.08,7.839,6.483
-15.155,4.99,8.736
-11.642,3.53,8.635
-9.857,6.789,9.467
-7.992,6.617,12.816
-7.168,9.536,15.145
-3.5,10.573,14.811
-3.126,12.148,11.389
0.635,12.093,10.841
2.76,10.267,8.305
6.078,9.083,6.899
6.9,9.723,3.22
9.363,7.634,1.178
9.396,5.975,-2.323
7.551,2.65,-2.316
7.018,-0.485,-4.418
3.541,-1.343,-5.738
3.65,-4.992,-6.832
7.264,-6.061,-6.155
8.064,-8.834,-8.797
9.046,-6.376,-11.653
10.573,-4.135,-8.984
8.697,-0.911,-9.649
8.783,1.903,-7.118
5.96,3.927,-8.608
4.444,4.663,-5.229
4.855,7.241,-2.5
4.643,5.251,0.721
2.84,7.496,3.188
2.83,5.673,6.52
0.015,6.771,8.823
1.133,7.282,12.448
-2.109,5.764,13.735
-2.552,1.964,13.501
-6.02,0.433,13.325
-7.271,-2.41,15.466
-8.889,-5.244,13.528
-10.345,-8.59,14.518
-8.4,-11.843,14.195
-11.089,-13.391,11.979
-10.864,-10.429,9.602
-7.196,-11.024,8.789
-7.824,-14.783,8.904
-10.437,-14.403,6.155
-7.815,-12.545,4.154
-5.38,-15.412,4.598
-8.047,-17.655,3.047
-7.704,-15.891,-0.291
-5.632,-17.167,-3.213
-3.257,-15.429,-5.611
-2.971,-18.291,-8.105
-6.578,-17.887,-9.203
-9.042,-20.425,-10.524
-8.107,-23.665,-12.245
-4.916,-24.045,-10.239
-3.926,-25.486,-6.811
-5.069,-23.138,-4.038
-2.161,-20.987,-2.906
-2.895,-18.488,-0.148
-1.893,-14.901,-0.853
0.456,-14.303,2.049
3.759,-12.444,2.458
4.229,-11.711,-1.278
7.312,-9.608,-0.455
11.099,-9.937,-0.256
13.541,-9.381,2.691
13.886,-5.795,3.935
16.444,-3.575,2.203
18.944,-1.409,4.182
19.399,2.393,4.092
21.789,1.969,1.113
19.461,4.08,-1.208
16.269,4.457,0.8
16.158,7.421,3.182
13.265,7.582,5.636
11.517,10.927,5.959
9.323,11.165,9.033
6.726,13.784,9.866
5.091,13.939,13.261
4.761,17.63,14.042
26.16,-12.397,-16.87
25.597,-8.9,-18.261
22.067,-9.511,-19.551
20.881,-11.644,-16.667
17.756,-9.729,-15.706
16.251,-9.982,-12.247
15.768,-8.312,-8.878
19.091,-7.788,-7.141
22.319,-9.783,-7.266
22.109,-13.496,-8.178
18.515,-13.142,-9.366
19.732,-10.527,-11.789
23.008,-8.729,-12.554
25.536,-8.868,-9.722
26.839,-5.476,-10.793
23.5,-3.814,-11.487
24.42,-1.188,-8.882
26.886,0.239,-11.412
24.875,-0.063,-14.632
21.753,1.178,-12.867
22.244,4.283,-10.667
20.35,3.116,-7.581
23.311,2.433,-5.28
24.226,6.087,-5.857
21.639,7.193,-3.312
18.222,6.34,-4.687
15.263,6.107,-2.356
12.995,3.177,-3.108
10.16,0.961,-1.81
8.257,1.125,1.561
10.691,-1.521,2.854
12.5,-1.942,6.197
12.456,1.288,8.22
14.964,2.214,10.934
13.365,4.594,13.444
16.699,6.135,14.507
17.845,6.999,10.988
14.311,8.207,10.323
14.893,11.756,11.476
11.736,13.777,11.909
11.698,16.846,9.698
9.13,19.621,10.361
8.777,20.289,6.63
6.313,17.425,6.282
2.745,18.644,6.675
-0.403,16.62,7.539
-2.328,15.98,4.339
-5.976,17.0,4.3
-8.395,14.346,3.088
-11.694,15.022,1.362
-13.335,11.614,1.049
-16.808,12.947,1.795
-17.819,12.347,-1.812
-16.077,8.953,-2.095
-18.249,6.671,-4.217
-17.239,2.996,-4.158
-17.975,0.873,-7.223
-16.528,-2.634,-6.919
-13.738,-4.73,-5.426
-11.223,-6.589,-7.593
-8.692,-9.357,-6.966
-5.877,-9.274,-9.513
-2.906,-11.478,-8.858
-0.872,-9.983,-6.034
-3.425,-7.854,-4.224
-7.089,-6.923,-4.113
-8.499,-3.414,-4.24
-11.764,-1.514,-4.012
-12.429,0.842,-6.902
-13.999,4.266,-6.48
-15.297,6.776,-9.0
-13.35,9.883,-9.836
-15.046,11.305,-12.894
-14.985,14.313,-10.615
-12.956,15.022,-7.461
-14.802,12.811,-4.998
-12.007,11.542,-2.798
-8.986,13.811,-2.666
-5.952,13.842,-0.391
-3.335,16.586,-0.329
-1.358,18.519,2.247
-0.263,22.148,2.052
2.893,22.913,-0.015
3.534,19.635,-1.788
4.344,18.142,-5.188
0.882,17.297,-6.467
-2.794,17.01,-5.597
-3.496,13.293,-5.286
-6.959,11.818,-5.874
-8.155,8.556,-4.323
-9.569,6.142,-6.876
-8.858,2.793,-5.206
-7.241,1.129,-2.204
-5.504,-2.227,-2.045
-4.703,-4.639,0.764
-2.241,-7.495,1.337
-1.858,-9.999,4.151
1.506,-11.038,5.529
0.826,-14.531,6.87
0.764,-14.238,10.643
-0.51,-11.322,12.736
2.987,-10.017,13.329
4.907,-10.181,10.055
4.458,-9.562,6.343
3.117,-6.046,6.745
6.637,-4.661,6.376
7.249,-0.922,6.771
8.859,-2.449,9.796
10.593,-0.258,12.326
13.582,-1.899,13.984
12.416,-5.353,12.878
8.954,-4.785,14.348
6.596,-5.869,11.561
2.825,-5.478,11.834
-0.015,-7.892,11.073
-1.084,-6.286,7.813
-0.853,-3.161,5.692
-3.575,-1.179,3.942
-2.617,0.979,0.966
-5.009,3.548,-0.433
-3.825,4.547,-3.89
-3.894,8.154,-5.088
-3.039,9.559,-8.513
-1.956,13.154,-9.124
-5.167,14.73,-10.399
-3.197,17.592,-11.995
-2.05,15.057,-14.578
-5.647,13.965,-15.176
-4.295,10.514,-16.043
-2.593,7.704,-14.156
-0.381,6.998,-17.164
1.069,10.494,-16.953
1.408,10.157,-13.188
3.285,6.848,-13.486
5.822,8.714,-15.618
6.19,11.372,-12.929
8.41,11.08,-9.794
5.687,12.85,-7.806
2.873,11.376,-9.847
1.626,8.522,-7.692
0.803,8.508,-4.003
-0.067,5.783,-1.53
-1.68,5.98,1.895
-0.483,3.414,4.421
-2.555,2.27,7.374
-1.233,-0.467,9.66
-3.484,-3.14,11.119
-3.264,-4.503,14.642
-5.302,-7.363,16.075
-7.724,-6.689,18.891
-11.186,-5.187,18.683
-13.271,-5.699,15.545
-13.454,-2.963,12.927
-16.952,-2.676,11.355
-15.601,-0.202,8.817
-13.221,-2.797,7.388
-15.507,-5.743,8.133
-17.568,-4.764,5.081
-14.489,-5.372,2.931
-13.546,-8.552,4.79
-17.076,-9.806,4.18
-16.961,-9.171,0.435
-13.453,-10.537,-0.222
-14.924,-14.051,-0.09
-16.518,-13.237,-3.437
-13.053,-12.596,-4.884
-11.107,-15.49,-3.384
-9.144,-16.095,-6.585
-7.51,-13.581,-8.932
-9.696,-12.43,-11.792
-12.752,-12.092,-9.592
-14.514,-8.847,-8.815
-17.562,-8.018,-6.731
-19.836,-4.989,-6.815
-19.116,-2.842,-3.791
-21.214,0.291,-3.869
-21.815,2.898,-1.134
-18.89,2.417,1.229
-17.385,4.872,3.711
-13.557,5.047,3.963
-14.215,6.718,7.321
-13.958,3.323,8.987
-10.525,2.86,7.456
-8.936,6.282,7.886
-7.245,6.891,11.277
-7.509,10.01,13.424
-4.029,11.565,13.628
-2.373,12.317,10.304
1.308,12.465,11.271
3.971,9.783,10.784
6.947,8.89,8.622
6.708,9.506,4.891
9.307,9.373,2.144
9.13,8.96,-1.682
8.9,5.384,-2.895
9.708,3.237,-5.897
7.662,0.678,-7.84
10.844,-1.372,-8.206
9.155,-4.567,-7.02
8.084,-5.55,-10.597
9.412,-2.565,-12.755
12.42,-0.39,-11.868
10.395,2.845,-11.877
10.356,5.437,-9.08
7.172,7.534,-9.166
5.474,6.894,-5.815
4.978,9.074,-2.749
3.647,7.063,0.198
2.203,8.611,3.349
1.673,6.623,6.557
-0.644,7.661,9.398
0.104,7.522,13.137
-2.965,5.67,14.378
-3.02,1.979,13.368
-6.438,0.415,12.87
-7.537,-2.377,15.163
-9.104,-5.439,13.58
-10.372,-8.695,15.04
-8.592,-12.033,14.582
-11.561,-13.363,12.582
-10.947,-10.577,10.069
-7.239,-11.222,9.567
-7.879,-14.965,9.419
-10.119,-14.359,6.409
-7.323,-12.476,4.651
-5.256,-15.656,4.773
-8.139,-17.463,3.078
-7.619,-15.604,-0.186
-5.713,-17.055,-3.109
-3.501,-15.369,-5.688
-4.149,-18.07,-8.277
-7.088,-17.995,-10.66
-10.368,-19.852,-10.297
-10.0,-23.565,-10.849
-6.392,-23.716,-9.728
-4.733,-25.27,-6.639
-5.418,-22.97,-3.694
-2.354,-20.816,-3.188
-2.733,-18.318,-0.369
-2.169,-14.666,-1.185
0.355,-13.887,1.515
3.397,-11.67,1.987
4.157,-10.6,-1.594
6.858,-8.266,-0.209
10.638,-8.077,0.083
11.692,-7.359,3.708
14.869,-5.279,3.963
16.14,-3.724,0.764
17.896,-0.316,0.381
14.883,1.685,1.533
16.219,5.205,0.986
19.917,4.398,0.514
20.763,7.762,2.111
18.323,8.474,4.939
14.584,8.472,5.619
12.463,11.255,7.106
9.733,11.09,9.697
7.257,13.563,11.152
5.265,12.968,14.316
4.167,16.176,15.97
10.952,-21.798,-0.521
11.486,-19.922,-3.76
13.233,-16.559,-3.553
13.39,-16.171,-7.324
10.731,-15.5,-9.973
8.592,-14.606,-7.012
8.497,-12.418,-3.945
12.118,-12.638,-2.835
15.337,-11.097,-4.151
15.624,-7.847,-6.138
12.075,-7.479,-7.475
11.347,-11.136,-7.991
13.897,-12.82,-10.279
17.414,-12.634,-8.817
18.77,-13.07,-12.338
16.754,-10.167,-13.697
20.049,-8.328,-14.165
20.59,-10.559,-17.211
17.41,-9.322,-18.904
17.455,-5.8,-17.488
20.836,-5.371,-15.718
20.749,-2.028,-13.802
23.116,-3.823,-11.392
25.698,-1.187,-12.292
23.372,1.3,-10.643
21.049,-0.402,-8.171
20.858,-0.22,-4.387
18.958,-2.527,-2.066
20.087,-2.578,1.571
18.534,-5.808,2.969
18.997,-4.242,6.375
16.759,-3.312,9.286
14.305,-0.463,8.852
15.305,2.835,10.46
13.836,4.335,13.679
11.441,6.08,11.181
8.913,6.098,14.035
10.694,9.462,14.305
9.757,12.303,16.6
6.767,14.441,15.651
7.811,17.499,13.639
6.177,20.849,14.564
6.508,22.461,11.115
4.311,19.838,9.466
0.531,20.031,9.206
-1.213,16.685,9.909
-3.515,16.003,6.961
-4.84,13.303,4.715
-8.642,13.494,4.631
-10.889,14.127,1.644
-13.125,11.101,1.12
-16.495,12.511,2.172
-17.679,12.043,-1.417
-15.6,8.927,-2.131
-17.452,6.522,-4.408
-16.386,2.885,-4.575
-17.218,0.766,-7.634
-15.967,-2.81,-7.306
-13.201,-5.084,-6.089
-11.232,-7.698,-8.048
-8.701,-10.375,-7.118
-6.153,-9.908,-9.894
-2.68,-11.3,-9.335
-1.342,-10.255,-5.95
-4.313,-8.637,-4.252
-7.926,-7.557,-4.492
-7.793,-4.106,-6.013
-10.904,-2.112,-5.171
-11.614,0.678,-7.637
-13.068,4.036,-6.667
-14.69,6.517,-9.032
-13.219,9.975,-9.105
-14.543,11.787,-12.158
-14.594,14.813,-9.867
-13.058,15.759,-6.495
-14.466,12.833,-4.524
-11.567,10.888,-3.049
-8.705,13.354,-3.067
-5.643,13.562,-0.872
-4.822,16.797,0.926
-1.816,17.008,3.19
0.936,19.174,4.655
4.05,19.884,2.502
3.405,18.193,-0.844
3.447,18.746,-4.592
-0.132,18.955,-5.802
-3.353,17.028,-5.326
-3.41,13.235,-5.429
-6.608,11.435,-6.436
-7.512,7.951,-5.216
-8.23,5.419,-7.94
-7.85,2.145,-6.022
-6.062,0.503,-3.11
-4.71,-2.924,-2.167
-3.062,-4.603,0.825
0.182,-6.512,1.369
0.448,-9.384,3.858
2.664,-12.058,5.333
2.383,-15.836,5.71
1.968,-15.182,9.427
-0.176,-12.594,11.224
2.983,-11.103,12.707
4.909,-10.377,9.52
4.462,-9.041,6.021
3.928,-5.392,6.808
7.599,-4.559,6.185
9.062,-1.237,7.404
10.049,-3.138,10.525
11.905,-1.201,13.216
14.387,-3.543,14.88
12.364,-6.655,13.998
9.067,-4.869,14.701
6.735,-6.345,12.079
2.97,-5.869,11.948
0.237,-8.099,10.525
-0.083,-6.46,7.118
0.583,-3.349,5.059
-1.756,-1.131,3.05
-1.181,0.698,-0.231
-3.396,3.73,-0.81
-3.076,4.415,-4.516
-3.2,8.156,-5.206
-1.904,9.727,-8.413
-0.751,13.296,-9.071
-3.841,14.492,-10.9
-2.337,17.725,-12.254
-0.536,15.692,-14.92
-3.939,15.137,-16.492
-3.871,11.335,-16.088
-2.808,8.686,-13.589
-0.779,6.624,-16.064
1.096,9.754,-17.007
1.421,10.787,-13.361
3.488,7.627,-12.838
6.261,9.576,-14.568
6.049,12.445,-12.086
8.527,12.729,-9.191
6.099,15.192,-7.601
3.924,12.474,-6.102
3.387,8.824,-6.902
0.894,6.587,-5.146
1.212,6.967,-1.396
1.661,4.323,1.264
-1.161,2.836,3.291
-1.387,2.379,7.044
-0.058,-0.76,8.788
-2.432,-3.383,10.176
-2.425,-4.755,13.727
-4.659,-7.532,15.058
-6.173,-6.702,18.422
-9.342,-4.605,18.071
-12.247,-4.962,15.654
-12.492,-2.437,12.831
-16.236,-1.825,12.207
-15.432,0.285,9.156
-13.703,-2.66,7.491
-16.561,-5.165,7.749
-18.027,-3.916,4.459
-14.912,-5.247,2.73
-14.591,-8.346,4.913
-18.185,-9.44,4.311
-17.763,-9.12,0.539
-14.408,-10.929,0.218
-16.374,-14.194,0.12
-17.53,-13.227,-3.372
-13.887,-12.796,-4.387
-12.171,-15.886,-3.042
-10.128,-16.677,-6.142
-8.208,-14.631,-8.711
-10.397,-13.511,-11.57
-13.503,-13.035,-9.471
-14.893,-9.567,-8.929
-17.597,-8.093,-6.724
-19.414,-4.789,-7.024
-18.742,-2.568,-4.055
-20.449,0.813,-4.222
-21.278,3.443,-1.568
-18.351,2.875,0.777
-16.542,5.632,2.648
-12.853,5.139,3.67
-13.574,7.28,6.751
-14.203,4.105,8.722
-10.687,2.895,7.986
-9.29,6.238,9.119
-8.659,6.154,12.919
-8.917,8.988,15.46
-5.527,10.708,15.398
-4.676,12.168,12.005
-0.887,12.198,12.203
1.314,11.042,9.338
4.85,9.987,8.498
6.206,11.324,5.187
9.246,9.909,3.353
10.104,9.532,-0.384
9.604,5.882,-1.212
10.649,3.328,-3.796
7.655,2.046,-5.789
9.41,-0.957,-7.331
12.96,-0.596,-5.933
15.322,-1.819,-8.806
15.092,1.358,-11.044
15.459,3.312,-7.793
12.387,5.468,-8.171
11.872,7.917,-5.303
8.859,9.615,-6.863
6.607,8.076,-4.207
5.571,9.992,-1.115
5.024,7.527,1.723
2.314,9.174,3.792
1.586,6.791,6.641
-0.936,7.627,9.343
0.483,7.206,12.845
-2.632,5.371,13.983
-2.353,1.811,12.617
-5.352,-0.126,11.331
-6.492,-2.333,14.169
-8.339,-5.409,12.967
-9.83,-8.41,14.725
-8.624,-11.991,14.266
-11.913,-12.933,12.579
-11.262,-10.206,10.012
-7.729,-11.3,9.081
-8.825,-14.943,9.138
-11.222,-14.253,6.283
-8.477,-12.39,4.416
-6.306,-15.478,4.799
-9.192,-17.436,3.258
-8.584,-15.759,-0.076
-6.71,-17.512,-2.856
-4.505,-15.711,-5.374
-4.984,-18.712,-7.65
-7.881,-18.841,-10.076
-11.023,-20.879,-9.479
-10.44,-24.557,-10.155
-6.73,-24.319,-9.355
-4.758,-25.796,-6.403
-5.6,-23.705,-3.337
-2.96,-21.126,-2.509
-3.558,-18.539,0.192
-3.147,-14.888,-0.72
-0.493,-13.956,1.809
2.769,-11.999,1.646
2.478,-10.744,-1.954
5.256,-8.3,-1.171
8.985,-8.092,-1.793
11.442,-7.994,1.149
13.228,-5.083,-0.501
13.991,-2.022,1.588
14.052,1.601,0.296
17.15,2.487,-1.743
18.893,4.561,0.94
16.262,4.131,3.692
17.063,7.514,5.248
14.464,8.427,7.877
10.742,9.138,8.061
9.605,12.196,10.003
6.199,12.444,11.676
3.56,15.112,12.206
1.783,15.402,15.537
1.132,18.714,17.244
29.826,-22.929,-8.678
28.282,-20.341,-6.353
26.85,-20.131,-2.836
24.113,-17.502,-2.971
20.707,-18.67,-1.799
17.647,-17.124,-0.18
13.858,-17.24,-0.238
13.653,-17.439,-4.007
16.545,-16.951,-6.453
18.947,-14.295,-5.166
16.569,-12.007,-3.288
13.125,-13.461,-3.903
11.796,-13.763,-7.472
12.674,-17.159,-8.908
11.191,-16.563,-12.347
9.802,-13.017,-12.006
13.342,-11.567,-12.22
13.522,-13.0,-15.73
10.36,-11.357,-17.067
11.353,-8.239,-15.153
14.983,-7.592,-16.245
15.197,-4.717,-13.76
14.066,-6.84,-10.794
17.659,-6.537,-9.556
16.413,-3.383,-7.857
13.47,-4.596,-5.795
11.771,-2.067,-3.556
8.709,-2.247,-1.32
9.459,-1.444,2.285
12.367,0.964,1.628
13.496,1.194,5.241
13.104,-0.272,8.683
11.013,1.965,10.912
13.679,2.948,13.413
12.54,5.656,15.828
16.157,6.75,16.414
16.933,7.093,12.72
13.608,8.774,11.981
14.215,12.505,12.011
11.326,14.701,13.073
10.288,16.775,10.083
8.445,20.085,10.634
5.885,19.055,8.01
3.492,21.439,9.803
0.252,20.819,7.887
-1.519,17.496,8.583
-2.839,15.302,5.782
-6.06,16.598,4.248
-8.341,13.913,2.84
-11.696,14.885,1.374
-13.589,11.586,1.389
-16.968,13.24,1.917
-17.849,12.75,-1.74
-16.443,9.21,-1.823
-17.88,6.679,-4.25
-16.413,3.188,-4.612
-17.433,0.908,-7.479
-16.123,-2.655,-7.22
-13.462,-4.83,-5.624
-11.244,-7.009,-7.789
-8.692,-9.773,-7.323
-5.687,-9.319,-9.608
-3.703,-12.484,-8.906
-1.305,-10.897,-6.429
-3.567,-8.416,-4.664
-7.185,-7.374,-4.24
-8.051,-3.767,-4.968
-11.173,-1.662,-4.612
-11.881,0.427,-7.684
-12.888,3.976,-6.836
-14.755,6.397,-9.109
-12.231,9.058,-10.048
-13.753,10.868,-12.993
-13.932,13.86,-10.678
-12.522,15.09,-7.372
-14.546,12.87,-5.056
-11.724,11.792,-2.769
-8.765,14.138,-2.531
-5.589,13.587,-0.531
-3.047,16.353,0.014
-0.894,17.02,3.076
1.961,19.355,4.059
5.333,18.934,2.187
5.408,18.154,-1.518
1.785,17.225,-2.138
-0.431,18.223,-5.049
-4.046,17.137,-5.46
-4.081,13.338,-5.342
-7.357,11.682,-6.392
-8.143,8.251,-4.986
-8.298,5.76,-7.846
-8.035,2.412,-6.057
-6.951,0.876,-2.757
-5.855,-2.635,-1.835
-4.996,-4.619,1.308
-2.396,-7.259,2.22
-1.97,-9.981,4.856
1.215,-11.391,6.355
1.661,-15.084,7.184
2.586,-14.153,10.746
1.563,-11.202,12.913
5.211,-10.151,12.772
6.406,-11.55,9.445
5.492,-11.23,5.788
3.745,-7.921,6.29
7.017,-6.006,6.704
6.888,-2.424,8.042
9.061,-3.17,11.015
9.321,-0.801,13.95
12.814,-1.631,15.246
12.092,-5.333,14.73
8.297,-5.457,14.929
6.599,-6.155,11.609
2.798,-5.943,11.534
0.122,-8.428,10.478
-1.475,-6.448,7.655
-1.117,-3.257,5.63
-3.296,-0.969,3.494
-2.308,0.764,0.241
-4.576,3.561,-1.002
-3.411,4.662,-4.444
-3.893,8.267,-5.549
-2.758,10.151,-8.666
-1.73,13.77,-9.316
-4.719,15.629,-10.766
-2.734,18.237,-12.696
-1.468,15.484,-14.996
-5.137,14.888,-15.805
-4.601,11.108,-15.998
-3.32,8.39,-13.676
-1.417,6.55,-16.403
0.245,9.795,-17.393
0.997,10.512,-13.736
2.919,7.222,-13.732
5.463,9.055,-15.897
6.08,11.646,-13.182
8.406,10.742,-10.251
6.05,12.657,-7.955
2.999,11.762,-10.008
1.484,9.089,-7.798
0.864,9.0,-4.06
-0.093,5.985,-2.012
-1.389,6.167,1.537
-0.336,3.451,3.95
-1.993,2.329,7.176
-0.65,-0.325,9.553
-2.979,-3.107,10.675
-2.411,-4.89,13.978
-4.486,-7.777,15.321
-6.563,-7.166,18.416
-9.886,-5.384,18.641
-12.161,-5.559,15.594
-12.424,-2.745,13.076
-16.139,-2.113,12.293
-15.138,-0.253,9.14
-13.462,-3.387,7.779
-16.399,-5.655,8.617
-18.318,-5.251,5.354
-15.301,-5.612,3.048
-13.997,-8.844,4.627
-17.535,-10.13,4.098
-17.084,-9.569,0.355
-13.632,-11.199,0.194
-15.294,-14.595,-0.281
-16.775,-13.357,-3.564
-13.319,-12.471,-4.909
-11.466,-15.384,-3.366
-9.791,-16.265,-6.655
-7.854,-14.266,-9.246
-10.097,-12.593,-11.797
-13.234,-12.403,-9.692
-14.818,-9.018,-9.133
-17.514,-7.95,-6.695
-19.508,-4.719,-6.705
-18.491,-2.565,-3.766
-20.363,0.723,-3.621
-20.933,3.26,-0.834
-17.841,2.72,1.307
-16.395,5.156,3.834
-12.544,5.144,3.81
-12.797,7.206,6.992
-13.732,4.003,8.784
-10.248,2.721,8.033
-8.56,6.02,8.848
-7.053,5.863,12.366
-7.471,8.251,15.299
-4.496,10.506,14.58
-4.319,12.243,11.209
-0.557,12.507,10.828
1.942,10.851,8.495
5.453,9.704,7.71
6.943,10.28,4.269
8.702,7.529,2.311
9.883,7.106,-1.321
7.434,5.158,-3.455
9.43,3.117,-5.936
8.442,0.223,-8.309
5.027,-0.155,-6.525
3.785,0.694,-10.028
2.625,-1.376,-13.063
5.649,-0.62,-15.386
8.16,-1.064,-12.526
9.191,2.55,-11.887
9.729,4.934,-8.978
6.994,7.52,-9.467
5.174,7.349,-6.156
5.101,9.346,-2.944
4.407,6.901,-0.138
2.621,8.516,2.78
2.006,6.376,5.85
-0.315,7.507,8.633
1.483,7.753,12.001
-1.426,5.919,13.609
-2.008,2.157,13.17
-5.45,0.538,13.223
-6.583,-2.575,15.051
-8.313,-5.449,13.29
-9.569,-8.663,14.847
-8.587,-12.261,14.088
-11.992,-13.046,12.536
-11.375,-10.317,9.968
-7.772,-11.119,9.04
-8.711,-14.801,8.791
-10.814,-13.896,5.76
-7.746,-12.326,4.147
-5.908,-15.625,4.492
-8.795,-17.293,2.68
-7.958,-15.466,-0.536
-6.154,-17.315,-3.301
-3.477,-15.975,-5.648
-4.688,-18.607,-8.111
-7.707,-18.3,-10.368
-10.994,-20.139,-9.985
-10.429,-23.847,-10.479
-6.72,-23.849,-9.698
-4.592,-25.279,-6.821
-5.324,-23.245,-3.694
-2.534,-20.764,-3.024
-3.419,-18.822,0.111
-2.681,-15.117,0.038
-0.076,-14.747,2.767
2.811,-12.291,3.197
2.148,-10.44,-0.068
5.168,-8.241,0.667
8.823,-8.136,-0.283
11.637,-7.957,2.34
12.754,-4.521,3.477
15.605,-2.834,1.655
18.916,-1.377,2.984
18.318,1.133,5.744
20.719,3.814,4.564
18.207,4.531,1.705
18.423,8.282,2.368
17.072,9.857,5.551
14.043,8.565,7.424
11.492,11.299,8.071
8.682,11.329,10.608
6.632,14.335,11.649
6.309,14.496,15.402
6.314,18.132,16.433
25.876,-7.994,4.126
23.835,-10.971,2.998
21.098,-10.613,0.396
19.033,-13.79,0.116
15.621,-15.316,0.911
12.61,-13.78,-0.764
9.147,-14.448,-2.089
9.694,-15.094,-5.765
13.291,-15.986,-6.522
15.199,-18.177,-4.04
17.321,-15.144,-3.193
14.502,-12.666,-3.631
13.17,-11.699,-7.079
15.767,-9.634,-8.903
13.35,-9.198,-11.799
12.276,-5.93,-10.19
15.779,-4.485,-10.633
16.582,-6.333,-13.867
13.612,-4.802,-15.667
13.371,-1.672,-13.534
16.728,-0.094,-12.505
14.655,2.37,-10.469
14.246,-0.4,-7.849
17.594,0.657,-6.375
16.311,4.155,-5.76
17.119,5.616,-2.387
14.367,6.276,0.129
13.649,5.14,3.687
13.201,1.505,2.66
10.18,-0.391,4.151
12.664,-2.436,6.169
13.49,-2.52,9.881
13.2,1.061,11.087
14.749,2.319,14.321
13.174,5.221,16.175
16.473,6.103,17.917
17.98,6.599,14.476
14.837,8.52,13.589
15.862,12.122,14.197
12.809,14.067,15.312
11.946,17.117,13.238
9.571,19.995,14.202
7.832,19.709,10.815
5.024,17.69,12.438
3.108,17.984,9.138
0.005,15.77,9.49
-1.893,14.162,6.62
-5.336,15.336,5.546
-7.98,13.111,3.981
-11.232,13.867,2.222
-12.874,10.563,1.369
-16.309,10.862,2.96
-17.758,11.188,-0.549
-15.654,8.285,-1.863
-17.91,6.523,-4.352
-16.886,2.898,-4.734
-17.789,0.931,-7.858
-16.349,-2.56,-7.535
-13.725,-4.68,-5.828
-11.39,-6.863,-7.867
-9.009,-9.643,-6.889
-5.77,-8.95,-8.741
-3.666,-11.936,-7.712
-1.833,-10.267,-4.832
-4.48,-7.958,-3.406
-8.056,-6.754,-3.758
-8.538,-3.448,-5.526
-11.623,-1.615,-4.357
-12.1,0.795,-7.224
-13.641,4.202,-6.617
-14.962,6.667,-9.173
-12.345,9.354,-9.616
-14.223,11.475,-12.128
-14.515,14.243,-9.554
-12.726,15.423,-6.415
-15.008,13.551,-4.022
-12.219,11.482,-2.517
-8.903,13.299,-2.21
-5.661,12.746,-0.312
-3.846,15.835,0.91
-0.288,15.665,2.159
2.627,17.996,2.876
5.1,18.957,0.084
3.964,17.142,-3.064
2.858,17.794,-6.635
-0.88,17.799,-7.169
-4.276,16.715,-5.932
-4.565,12.953,-5.599
-8.087,11.518,-5.95
-8.9,8.084,-4.527
-9.048,5.569,-7.375
-8.582,2.241,-5.547
-6.728,0.539,-2.709
-4.887,-2.707,-2.014
-3.285,-4.467,0.964
-0.357,-6.795,1.655
-1.185,-9.78,3.827
1.716,-11.241,5.776
-0.43,-14.239,6.734
1.253,-14.42,10.12
-0.17,-12.147,12.807
3.148,-10.557,13.753
4.762,-9.936,10.362
3.935,-8.66,6.894
3.202,-5.027,7.687
6.812,-3.783,7.503
7.864,-0.136,7.931
8.368,-1.611,11.37
10.104,-0.121,14.4
12.819,-2.556,15.51
11.165,-5.918,14.803
7.734,-4.639,15.866
5.92,-5.934,12.795
2.157,-5.949,12.423
-0.207,-8.193,10.459
-0.531,-6.164,7.265
-0.304,-2.805,5.536
-2.911,-1.118,3.341
-2.065,1.054,0.324
-4.79,3.321,-1.02
-3.838,4.336,-4.543
-4.57,7.902,-5.579
-4.842,9.48,-9.013
-3.23,12.849,-9.711
-5.719,15.138,-11.42
-3.135,17.728,-12.569
-1.633,15.109,-14.891
-5.082,13.87,-15.864
-3.39,10.506,-16.391
-1.82,8.043,-13.964
0.737,7.067,-16.608
1.907,10.656,-17.014
1.952,10.952,-13.236
4.161,7.85,-12.96
6.742,9.773,-15.0
7.319,11.996,-11.966
8.676,10.778,-8.58
6.214,13.193,-6.946
3.492,12.478,-9.468
1.354,10.225,-7.304
0.511,9.415,-3.693
-0.666,6.248,-1.97
-2.007,6.057,1.583
-0.246,3.528,3.79
-2.182,2.253,6.787
-0.78,-0.312,9.237
-3.0,-3.184,10.416
-2.851,-4.604,13.936
-4.884,-7.56,15.162
-7.248,-6.904,18.044
-10.781,-5.552,18.127
-12.852,-5.409,14.937
-13.266,-2.181,12.985
-16.84,-1.713,11.624
-15.711,0.678,8.893
-13.505,-2.085,7.513
-16.181,-4.774,7.828
-17.913,-3.929,4.537
-14.649,-4.544,2.676
-13.848,-7.734,4.587
-17.376,-8.987,3.933
-17.329,-8.354,0.184
-14.013,-10.145,-0.425
-15.74,-13.463,0.353
-17.207,-13.382,-3.153
-13.83,-12.877,-4.848
-11.581,-15.406,-3.12
-9.754,-16.159,-6.387
-7.871,-13.91,-8.822
-10.075,-12.622,-11.613
-13.31,-12.286,-9.69
-14.963,-8.945,-9.037
-17.846,-7.734,-6.891
-20.017,-4.627,-6.953
-19.417,-2.456,-3.912
-21.88,0.418,-3.717
-21.593,3.319,-1.254
-18.638,2.679,1.034
-18.27,4.96,4.059
-14.534,5.552,4.713
-15.636,7.936,7.491
-15.52,4.853,9.683
-11.78,4.699,9.03
-11.081,8.274,10.311
-10.008,7.185,13.889
-6.696,5.739,12.637
-4.688,8.924,13.34
-2.999,10.826,10.522
0.391,11.573,12.084
3.861,9.995,11.963
7.388,10.725,10.8
7.768,12.858,7.693
10.34,11.067,5.557
10.13,9.62,1.998
10.011,5.825,1.977
10.52,3.297,-0.805
7.36,1.796,-2.285
9.636,-0.803,-3.931
7.188,-3.635,-3.117
5.709,-6.115,-5.715
4.014,-2.9,-7.003
7.42,-1.395,-7.74
6.315,2.217,-8.099
8.867,4.68,-6.728
6.699,7.7,-7.417
4.521,7.771,-4.311
5.907,8.748,-0.929
4.44,10.866,1.765
2.285,8.649,4.031
3.039,7.096,7.391
0.408,6.482,10.099
1.603,6.092,13.701
-1.501,4.21,14.853
-2.264,0.902,13.078
-5.922,0.095,12.467
-7.49,-2.595,14.582
-8.552,-5.678,12.681
-9.944,-8.665,14.571
-9.469,-12.436,14.27
-12.73,-12.992,12.348
-11.67,-10.306,9.899
-8.092,-11.546,9.452
-9.41,-15.103,9.094
-11.072,-14.013,5.872
-7.817,-12.41,4.732
-5.857,-15.527,5.637
-8.15,-17.779,3.621
-7.893,-15.68,0.458
-6.106,-17.108,-2.557
-3.35,-15.614,-4.673
-4.248,-18.005,-7.467
-7.04,-17.661,-9.977
-10.171,-19.777,-10.074
-9.442,-23.406,-10.866
-5.764,-23.038,-10.014
-3.826,-24.792,-7.189
-5.005,-23.263,-3.926
-2.332,-20.892,-2.658
-2.966,-18.519,0.231
-2.021,-14.857,-0.022
1.171,-14.892,2.019
3.676,-12.093,2.741
3.445,-10.364,-0.661
6.215,-7.989,0.394
9.545,-7.345,-1.323
12.78,-8.749,0.233
14.541,-6.584,2.804
16.888,-3.999,1.293
20.074,-2.885,3.169
18.763,-2.365,6.684
20.114,1.117,7.409
18.392,2.195,4.079
19.457,5.873,4.289
18.681,8.21,7.194
15.635,7.85,9.422
13.65,10.779,10.831
10.76,11.157,13.26
7.988,13.655,13.94
5.291,13.073,16.536
4.072,14.584,19.792
20.024,-14.923,-15.533
17.098,-17.277,-14.974
16.353,-16.119,-11.428
15.662,-12.629,-10.096
16.775,-12.844,-6.451
18.842,-15.009,-4.156
19.856,-14.12,-0.619
23.613,-13.815,-0.37
26.172,-11.166,-1.242
25.085,-7.519,-1.099
21.32,-7.964,-1.357
21.138,-10.798,-3.848
22.7,-11.166,-7.328
25.733,-9.161,-8.469
23.959,-8.776,-11.782
21.284,-6.873,-9.854
21.18,-4.349,-12.689
19.463,-6.867,-14.944
18.596,-9.772,-12.625
17.045,-7.74,-9.817
13.942,-5.591,-10.497
14.521,-2.991,-7.78
18.259,-2.321,-7.443
18.489,-0.544,-10.788
17.922,2.795,-9.155
17.922,3.987,-5.587
14.569,4.625,-3.936
12.483,3.361,-1.019
12.827,-0.385,-1.368
10.951,-3.187,0.561
13.57,-2.567,3.288
13.189,-1.703,6.989
12.765,1.685,8.699
15.024,2.626,11.601
13.183,4.98,13.945
16.502,6.132,15.422
17.792,7.489,12.119
14.296,8.678,11.175
14.334,12.447,11.606
11.17,14.189,12.738
10.131,17.154,10.631
7.466,19.475,12.135
7.373,21.525,8.934
5.364,18.669,7.455
1.614,19.172,7.536
-1.223,16.62,7.902
-2.912,15.784,4.622
-6.382,17.142,4.007
-8.51,14.306,2.695
-11.807,14.973,0.98
-13.295,11.478,0.893
-16.818,12.61,1.778
-17.816,12.341,-1.869
-15.747,9.224,-2.577
-17.577,6.628,-4.65
-16.241,3.087,-4.456
-17.153,0.813,-7.357
-15.745,-2.694,-6.985
-13.019,-4.768,-5.383
-10.689,-6.972,-7.431
-8.498,-9.936,-6.512
-4.97,-9.893,-7.874
-2.17,-12.145,-6.673
-0.094,-9.092,-5.802
-2.566,-6.652,-4.266
-6.331,-6.42,-3.781
-7.549,-3.197,-5.38
-10.781,-1.435,-4.497
-11.9,0.855,-7.311
-13.079,4.412,-6.724
-14.793,6.72,-9.188
-13.478,10.162,-9.935
-14.866,11.474,-13.202
-15.389,14.53,-11.046
-13.807,15.976,-7.881
-14.986,13.412,-5.332
-12.036,11.77,-3.575
-9.159,14.185,-3.032
-6.0,14.047,-0.92
-3.82,17.107,-0.433
-1.828,18.4,2.504
0.25,21.575,2.823
3.714,21.711,1.111
3.734,18.983,-1.532
4.061,18.536,-5.313
0.44,18.534,-6.433
-3.107,17.45,-5.675
-3.615,13.679,-5.595
-7.098,12.226,-6.039
-8.042,8.703,-4.955
-8.341,6.261,-7.84
-8.292,3.026,-5.838
-6.815,1.485,-2.695
-5.376,-1.941,-2.037
-4.295,-4.222,0.783
-2.066,-7.298,1.033
-1.689,-10.179,3.465
1.378,-12.047,4.626
0.331,-14.908,6.91
0.995,-14.072,10.523
-0.251,-11.323,12.823
3.317,-10.082,12.858
4.544,-10.148,9.255
3.106,-9.374,5.834
2.715,-5.673,6.423
6.362,-5.016,5.534
7.906,-1.529,5.104
7.696,-1.431,8.891
9.861,0.077,11.607
12.756,-1.699,13.306
11.767,-5.175,12.059
8.465,-4.851,13.953
6.181,-6.014,11.147
2.42,-5.768,11.447
-0.302,-8.162,10.288
-1.205,-6.341,7.081
-0.574,-3.154,5.139
-3.119,-0.881,3.472
-2.183,1.312,0.5
-4.477,4.033,-0.85
-3.338,4.957,-4.351
-3.773,8.574,-5.424
-2.72,10.205,-8.7
-1.887,13.857,-9.361
-5.016,15.34,-10.898
-2.97,18.155,-12.514
-1.777,15.538,-14.989
-5.338,14.344,-15.487
-4.201,10.75,-16.01
-2.917,7.911,-13.852
-0.498,6.721,-16.517
0.946,10.185,-17.135
1.483,10.517,-13.402
3.444,7.258,-13.472
6.166,8.951,-15.533
6.596,11.584,-12.822
8.6,10.831,-9.621
5.85,12.562,-7.623
3.048,11.398,-9.89
1.378,9.117,-7.386
0.638,9.484,-3.697
0.086,6.303,-1.752
-1.305,6.608,1.748
-0.176,3.605,3.734
-1.641,2.347,6.984
-0.308,-0.506,9.113
-2.734,-3.005,10.636
-2.409,-4.403,14.151
-4.489,-7.264,15.537
-6.681,-6.637,18.55
-9.961,-4.763,18.665
-12.39,-5.438,15.829
-12.961,-2.869,13.114
-16.629,-2.566,12.022
-15.519,-0.507,9.037
-13.631,-3.492,7.628
-16.543,-5.921,8.074
-17.826,-5.192,4.559
-14.387,-5.856,3.078
-13.767,-9.175,4.832
-17.345,-10.128,3.947
-16.928,-9.382,0.236
-13.827,-11.603,0.126
-16.19,-14.506,-0.56
-16.903,-13.116,-4.028
-13.205,-12.451,-4.695
-11.54,-15.471,-3.134
-9.671,-16.429,-6.297
-7.384,-14.272,-8.422
-9.287,-12.55,-11.208
-12.606,-12.207,-9.415
-14.19,-8.849,-8.701
-17.214,-7.766,-6.687
-19.233,-4.555,-6.718
-18.477,-2.5,-3.639
-20.406,0.765,-3.491
-21.047,3.283,-0.687
-17.81,2.526,1.132
-16.387,5.083,3.541
-12.673,5.127,4.487
-13.715,7.107,7.568
-14.482,4.02,9.618
-10.96,2.766,8.99
-9.139,6.005,9.84
-6.954,6.046,12.994
-6.661,8.598,15.799
-3.599,10.637,14.892
-3.032,12.098,11.439
0.761,11.977,11.417
3.018,10.04,9.086
6.303,8.959,7.563
6.874,10.182,3.988
9.472,8.84,1.554
9.167,8.546,-2.291
8.397,4.971,-3.277
9.662,2.555,-5.915
7.977,-0.589,-7.432
4.873,0.14,-5.273
3.59,0.875,-8.786
2.892,-1.309,-11.91
6.152,-0.403,-13.812
9.728,-0.604,-12.524
10.031,3.085,-11.705
9.716,5.557,-8.854
6.534,7.563,-9.343
5.195,7.107,-5.846
5.062,9.631,-3.054
4.666,7.207,-0.187
3.003,8.545,2.929
2.295,6.189,5.809
0.324,7.138,8.906
2.229,6.7,12.162
-0.996,5.63,13.847
-1.676,1.99,12.819
-5.255,0.749,12.851
-6.58,-2.207,14.795
-8.328,-5.187,13.252
-9.628,-8.397,14.785
-8.019,-11.8,14.292
-11.27,-13.046,12.726
-10.878,-10.288,10.139
-7.247,-10.92,9.21
-7.855,-14.676,9.209
-10.338,-14.118,6.379
-7.482,-12.561,4.41
-5.552,-15.793,4.874
-8.417,-17.649,3.209
-7.849,-15.808,-0.051
-6.42,-17.753,-2.958
-3.456,-16.73,-5.076
-4.708,-19.032,-7.83
-7.569,-18.308,-10.198
-10.94,-20.05,-10.159
-10.784,-23.715,-11.076
-7.218,-24.099,-9.855
-5.759,-25.916,-6.801
-6.25,-23.54,-3.891
-3.117,-21.725,-2.823
-3.377,-19.615,0.294
-2.405,-15.968,0.229
0.785,-16.47,2.214
4.207,-14.824,2.297
4.031,-13.003,-1.057
6.763,-10.719,0.327
10.509,-10.551,0.905
12.365,-10.358,4.279
13.263,-7.029,5.884
16.295,-5.263,4.463
18.921,-2.6,5.495
18.892,1.235,5.442
21.22,1.276,2.374
18.686,3.382,0.285
15.729,4.027,2.552
15.663,6.913,5.018
12.416,8.532,6.085
11.222,11.573,7.99
9.21,10.745,11.09
6.604,13.418,11.625
4.408,13.082,14.681
3.685,16.574,15.942
13.823,-18.712,-24.41
13.016,-15.131,-23.425
9.221,-15.333,-23.739
9.139,-17.766,-20.822
6.455,-16.026,-18.8
6.009,-16.744,-15.117
5.893,-15.272,-11.634
9.475,-14.992,-10.429
12.949,-15.968,-11.622
13.277,-19.595,-12.859
9.48,-19.851,-12.805
9.46,-17.177,-15.462
12.131,-15.072,-17.194
15.674,-16.021,-16.219
17.574,-13.091,-17.715
14.752,-10.587,-17.131
17.165,-8.068,-15.589
19.382,-8.251,-18.664
16.531,-8.138,-21.173
15.16,-5.051,-19.447
18.006,-2.479,-19.156
15.771,-0.466,-16.802
16.573,-3.181,-14.221
20.154,-1.871,-14.143
18.549,1.29,-12.811
15.951,-0.366,-10.615
14.253,1.431,-7.743
11.967,-0.01,-5.076
11.062,0.642,-1.451
13.419,-1.811,0.308
13.898,-0.126,3.667
11.961,-0.093,6.917
10.913,2.912,8.966
13.791,3.629,11.319
12.144,5.73,14.011
15.517,7.103,15.155
16.971,7.621,11.667
13.762,9.226,10.407
13.783,13.006,10.145
10.668,14.642,11.559
10.327,17.753,9.399
8.025,20.307,11.1
7.769,22.452,7.97
5.904,19.736,6.08
2.155,19.798,6.625
-0.012,16.681,7.161
-2.189,16.35,4.076
-5.898,16.7,4.783
-7.758,13.581,3.749
-10.86,14.567,1.824
-12.553,11.255,1.09
-15.907,12.058,2.635
-17.331,12.241,-0.891
-15.501,9.05,-1.938
-17.639,6.623,-3.937
-16.709,2.953,-4.212
-17.582,0.892,-7.292
-16.108,-2.611,-6.991
-13.117,-4.642,-5.818
-10.883,-6.582,-8.198
-8.286,-9.315,-7.798
-5.413,-8.277,-10.06
-3.239,-11.405,-10.26
-1.826,-10.752,-6.784
-3.496,-7.662,-5.371
-7.074,-7.074,-4.297
-7.962,-3.427,-4.666
-11.213,-1.516,-4.411
-11.892,0.676,-7.434
-13.444,4.062,-6.67
-15.199,6.554,-8.921
-13.017,9.582,-9.51
-14.702,11.582,-12.258
-13.954,14.553,-10.016
-11.886,15.627,-7.01
-14.508,14.151,-4.671
-11.8,12.164,-2.884
-8.495,14.005,-2.726
-5.489,14.438,-0.493
-3.736,17.807,-0.306
-1.956,19.581,2.528
-0.476,23.007,3.208
3.186,23.417,2.019
4.514,21.087,-0.708
2.421,18.012,-1.315
0.461,18.027,-4.581
-3.208,17.018,-4.732
-3.827,13.298,-5.193
-7.235,11.772,-6.06
-8.234,8.529,-4.34
-8.659,5.925,-7.069
-8.213,2.618,-5.214
-6.783,0.97,-2.103
-4.97,-2.341,-1.612
-3.588,-4.519,1.193
-0.106,-6.051,1.445
1.096,-9.538,2.342
-1.908,-11.237,3.913
-1.238,-14.371,5.97
-0.842,-14.469,9.754
-1.537,-12.167,12.709
2.007,-10.824,12.68
3.139,-10.321,9.101
1.848,-7.794,6.612
3.04,-4.484,7.983
5.982,-4.506,5.607
8.707,-1.867,6.003
6.997,-0.652,9.19
8.514,1.083,12.218
11.579,-0.852,13.338
9.938,-3.946,11.845
6.98,-3.97,14.271
5.206,-6.47,12.022
1.457,-6.301,12.473
-1.322,-7.959,10.471
-1.197,-5.87,7.292
-0.474,-2.645,5.446
-3.258,-0.724,3.724
-2.365,1.51,0.803
-4.935,4.042,-0.307
-3.651,4.894,-3.759
-4.13,8.493,-4.807
-3.029,9.887,-8.182
-1.781,13.441,-8.765
-4.819,15.28,-10.098
-2.909,18.018,-11.952
-1.626,15.499,-14.514
-5.207,14.414,-15.139
-4.004,10.854,-15.763
-2.493,8.222,-13.48
-0.443,6.791,-16.348
1.09,10.245,-16.7
1.6,10.242,-12.95
3.643,7.054,-13.361
6.083,9.097,-15.447
6.462,11.598,-12.622
8.319,10.866,-9.35
5.631,12.715,-7.387
2.793,11.439,-9.55
1.32,8.923,-7.136
0.76,8.816,-3.388
-0.235,5.848,-1.275
-1.634,6.409,2.191
-0.348,3.464,4.18
-2.4,2.59,7.225
-1.063,-0.474,9.044
-3.438,-2.988,10.605
-2.756,-4.028,14.196
-4.521,-7.049,15.695
-6.843,-6.433,18.605
-10.169,-4.649,18.585
-12.272,-5.334,15.5
-12.664,-2.621,12.881
-16.438,-2.412,12.187
-15.988,-0.128,9.194
-13.528,-2.516,7.564
-15.785,-5.561,7.815
-17.672,-4.485,4.666
-14.692,-5.347,2.456
-13.347,-8.261,4.509
-16.645,-10.165,4.663
-16.814,-10.009,0.846
-13.342,-11.547,0.417
-15.108,-14.905,0.103
-16.815,-13.652,-3.061
-13.361,-12.973,-4.506
-11.418,-15.95,-3.199
-9.714,-16.453,-6.553
-7.976,-13.929,-8.8
-9.964,-12.69,-11.758
-13.072,-12.209,-9.675
-14.543,-8.867,-8.758
-17.204,-7.767,-6.295
-19.326,-4.641,-6.57
-19.21,-2.216,-3.649
-21.942,0.403,-3.773
-23.75,2.3,-0.999
-20.835,1.794,1.387
-19.207,4.356,3.658
-15.396,4.32,3.233
-14.989,7.002,5.895
-15.715,4.453,8.626
-12.099,3.35,8.143
-10.91,6.567,9.826
-8.187,6.367,12.499
-7.401,8.898,15.239
-4.39,10.983,14.196
-3.471,12.244,10.726
0.331,12.267,10.845
2.55,10.712,8.197
5.955,9.52,7.041
7.074,10.315,3.48
9.251,8.007,1.378
9.335,7.583,-2.463
7.842,4.263,-3.497
7.358,1.841,-6.362
3.765,0.721,-6.788
4.018,-2.958,-7.732
7.622,-3.848,-8.821
8.103,-3.969,-12.693
7.984,-0.149,-13.452
11.11,-0.003,-11.252
10.571,3.726,-10.75
9.631,5.976,-7.842
6.414,7.515,-9.111
4.726,6.765,-5.819
4.95,8.554,-2.503
4.587,6.214,0.467
2.586,8.294,2.901
2.728,6.291,6.101
-0.137,7.221,8.378
1.325,7.312,11.883
-2.001,6.099,13.272
-2.479,2.385,12.434
-5.976,0.93,12.727
-7.01,-1.935,14.984
-8.496,-5.017,13.332
-9.553,-8.384,14.702
-8.191,-11.83,13.884
-11.671,-12.64,12.543
-10.906,-10.032,9.891
-7.257,-10.977,9.325
-8.052,-14.665,8.811
-10.301,-13.891,5.845
-7.379,-12.218,4.066
-5.51,-15.511,4.314
-8.342,-17.293,2.5
-7.565,-15.531,-0.758
-5.99,-17.5,-3.576
-3.187,-16.358,-5.832
-4.475,-18.664,-8.561
-7.556,-18.184,-10.701
-10.833,-20.079,-10.64
-10.484,-23.743,-11.474
-6.932,-24.107,-10.196
-5.515,-25.801,-7.041
-5.661,-23.417,-4.082
-2.53,-21.339,-3.781
-2.686,-19.209,-0.649
-2.33,-15.519,-1.439
0.306,-14.734,1.152
3.451,-12.592,1.332
3.671,-11.502,-2.363
6.074,-8.778,-1.154
9.554,-8.053,0.194
10.442,-7.449,3.884
13.154,-5.145,5.274
16.359,-4.529,3.32
19.636,-2.609,4.029
20.436,1.074,3.275
20.7,-0.181,-0.346
18.233,2.613,-1.396
17.505,5.331,1.115
15.505,5.785,4.32
12.095,6.952,5.529
11.589,10.386,7.111
8.501,11.879,8.764
6.476,15.033,9.253
5.738,15.867,12.871
6.617,18.934,14.92
22.654,-1.331,-2.73
22.706,-5.058,-2.052
20.622,-6.164,0.925
20.072,-9.94,0.773
16.705,-11.053,-0.545
13.888,-9.106,-2.127
10.168,-9.317,-2.717
9.669,-8.431,-6.345
12.95,-8.854,-8.183
12.704,-12.12,-10.116
16.181,-12.877,-8.768
15.64,-11.618,-5.237
18.689,-9.422,-4.395
19.491,-6.185,-6.264
21.909,-8.176,-8.471
19.028,-8.159,-10.96
19.973,-4.465,-11.505
21.596,-5.354,-14.872
18.546,-3.804,-16.591
17.289,-1.852,-13.578
18.922,1.567,-12.896
17.932,1.02,-9.187
21.631,0.358,-8.496
22.24,4.115,-8.814
18.84,5.627,-8.011
15.542,3.706,-7.729
14.875,1.737,-4.615
13.282,-1.524,-3.426
11.925,-0.356,-0.098
11.331,3.298,0.801
12.439,3.424,4.441
12.574,1.527,7.727
10.702,3.494,10.364
13.306,4.436,12.938
11.452,6.825,15.239
14.776,8.028,16.662
16.232,9.019,13.298
12.839,10.303,12.113
12.603,14.083,12.032
9.351,16.021,12.037
9.532,18.793,9.456
8.058,22.215,10.371
7.57,23.112,6.702
5.446,20.022,6.103
1.79,20.214,7.084
-0.87,17.616,8.113
-2.848,15.615,5.561
-5.828,17.259,3.933
-8.062,14.282,3.282
-11.253,15.219,1.505
-13.155,11.943,1.347
-16.548,13.413,2.241
-17.788,12.672,-1.274
-16.215,9.22,-1.549
-17.527,6.849,-4.205
-16.436,3.208,-4.311
-17.267,0.977,-7.297
-16.137,-2.65,-6.935
-13.382,-4.963,-5.723
-11.239,-7.192,-7.946
-8.888,-10.126,-7.385
-5.956,-10.191,-9.794
-4.282,-13.574,-9.389
-2.346,-12.611,-6.27
-3.475,-9.184,-5.098
-6.897,-7.613,-4.664
-7.672,-4.038,-5.637
-10.739,-1.987,-4.803
-11.804,0.183,-7.723
-12.707,3.678,-6.579
-14.439,6.402,-8.611
-11.841,9.037,-9.375
-13.721,11.279,-11.787
-13.142,14.309,-9.566
-11.526,15.485,-6.326
-14.484,13.94,-4.455
-11.998,11.85,-2.477
-8.464,13.219,-2.433
-5.455,13.129,-0.145
-2.766,15.77,0.064
-0.4,16.802,2.814
1.354,20.176,2.876
4.186,20.835,0.339
3.893,18.179,-2.375
3.746,17.831,-6.158
0.014,17.989,-6.807
-3.291,16.703,-5.466
-3.789,12.945,-5.361
-7.216,11.412,-6.123
-8.117,8.063,-4.555
-8.225,5.49,-7.35
-7.773,2.08,-5.691
-6.533,0.412,-2.522
-5.146,-2.962,-1.442
-4.308,-4.864,1.76
-1.319,-6.922,2.936
-1.209,-9.821,5.421
1.695,-11.67,7.032
1.433,-15.389,7.785
2.116,-14.464,11.389
0.195,-11.849,13.369
3.078,-9.388,13.229
4.704,-9.145,9.791
4.0,-8.437,6.123
3.324,-4.699,6.338
6.84,-3.41,5.559
7.741,0.025,7.029
9.315,-1.355,10.167
8.828,0.805,13.258
12.056,0.125,15.145
12.251,-3.342,13.552
8.54,-3.723,14.35
6.363,-4.93,11.509
2.587,-5.098,11.701
0.46,-8.061,10.648
-0.936,-6.098,7.72
-1.095,-2.686,6.095
-3.579,-0.811,3.931
-2.239,1.071,0.925
-4.661,3.677,-0.374
-3.507,4.499,-3.896
-3.909,8.1,-5.0
-2.755,9.691,-8.263
-1.64,13.271,-8.917
-4.501,14.938,-10.766
-2.111,17.649,-12.02
-1.246,15.232,-14.858
-4.925,14.99,-15.727
-4.879,11.16,-15.6
-3.411,8.312,-13.566
-1.405,7.001,-16.515
0.455,10.289,-16.799
0.786,10.472,-13.028
2.89,7.298,-13.132
5.389,9.212,-15.279
6.227,11.527,-12.375
8.431,10.353,-9.457
5.912,12.12,-7.216
2.978,11.142,-9.403
1.369,8.586,-7.134
0.735,8.73,-3.396
-0.339,5.945,-1.083
-1.615,6.224,2.464
-0.219,3.346,4.467
-2.288,2.451,7.491
-0.855,-0.308,9.673
-3.148,-3.135,10.75
-2.77,-4.648,14.196
-4.812,-7.673,15.227
-7.015,-7.597,18.297
-10.266,-5.684,18.424
-12.401,-5.879,15.291
-12.624,-3.014,12.807
-16.222,-2.285,11.655
-15.01,0.008,8.892
-12.844,-2.766,7.463
-15.421,-5.515,7.957
-17.481,-3.936,5.18
-14.912,-4.636,2.446
-13.495,-7.851,3.935
-16.971,-9.401,3.939
-17.0,-9.029,0.14
-13.705,-10.892,-0.454
-15.501,-14.246,-0.788
-17.13,-12.955,-3.977
-13.691,-12.579,-5.585
-12.141,-15.812,-4.332
-10.438,-16.594,-7.643
-8.599,-14.534,-10.266
-10.867,-12.498,-12.503
-13.814,-12.29,-10.143
-15.132,-8.872,-9.208
-17.678,-7.759,-6.635
-19.629,-4.51,-6.543
-18.732,-2.282,-3.62
-20.816,0.888,-3.577
-22.115,3.222,-0.85
-19.031,2.482,1.222
-16.625,5.08,2.563
-12.896,4.717,3.448
-13.479,6.966,6.48
-14.303,3.902,8.541
-10.78,2.619,7.927
-8.982,5.844,8.857
-7.629,6.016,12.451
-7.443,8.902,14.933
-3.95,10.432,14.952
-3.049,12.263,11.747
0.754,12.225,11.753
2.735,10.495,9.059
6.119,9.826,7.515
6.074,10.385,3.759
8.925,8.934,1.706
8.723,7.932,-2.025
8.755,4.182,-2.644
8.661,1.599,-5.44
4.967,0.91,-6.055
5.101,-2.892,-6.272
8.908,-3.478,-6.362
9.379,-5.833,-9.465
9.709,-2.93,-12.051
11.619,-0.913,-9.444
10.051,2.476,-10.06
9.894,5.324,-7.557
6.808,7.2,-8.71
4.923,6.674,-5.473
4.769,8.893,-2.427
4.537,6.536,0.531
2.623,8.305,3.259
2.636,6.016,6.288
0.438,7.053,9.19
1.819,6.544,12.705
-1.578,5.368,13.95
-2.271,1.651,13.299
-5.842,0.365,13.194
-7.031,-2.597,15.218
-8.524,-5.379,13.141
-9.914,-8.814,13.895
-8.058,-12.038,13.161
-11.171,-13.214,11.33
-10.893,-10.225,8.994
-7.229,-10.599,8.055
-7.664,-14.353,7.507
-10.171,-13.554,4.771
-7.43,-11.715,2.865
-5.863,-15.158,2.55
-9.085,-16.773,1.33
-8.276,-15.785,-2.236
-6.655,-18.501,-4.347
-6.445,-20.384,-7.653
-5.411,-17.939,-10.38
-6.03,-20.094,-13.466
-5.624,-23.696,-14.578
-2.257,-25.411,-14.926
-0.669,-22.912,-12.565
-0.704,-23.377,-8.772
-1.159,-19.98,-7.178
-2.322,-19.253,-3.686
0.062,-17.322,-1.506
-1.348,-14.509,0.555
1.274,-14.157,3.236
3.892,-11.593,4.212
4.851,-10.186,0.801
7.503,-8.229,2.705
10.5,-6.482,1.16
13.71,-5.877,3.208
13.895,-2.225,4.276
16.609,0.18,3.121
19.162,2.145,5.24
18.351,5.643,6.525
21.446,7.105,4.768
19.049,8.765,2.184
16.163,6.406,2.818
14.781,8.198,5.854
11.455,9.253,7.374
10.288,12.809,7.893
7.164,13.345,9.976
4.525,15.965,9.264
2.362,17.313,12.045
2.547,20.785,13.543
7.922,-3.401,-19.106
9.711,-6.736,-19.373
7.778,-9.797,-20.538
4.733,-10.296,-18.348
3.144,-8.781,-15.257
3.444,-10.717,-12.029
4.145,-10.401,-8.325
7.767,-9.329,-8.02
10.342,-8.99,-10.798
10.291,-12.077,-13.052
9.891,-14.938,-10.566
9.07,-12.8,-7.57
12.436,-11.971,-5.925
13.466,-8.431,-6.89
16.98,-9.85,-7.483
15.951,-9.783,-11.16
16.143,-5.974,-11.014
19.17,-6.126,-13.361
16.738,-6.008,-16.289
15.384,-2.784,-14.81
18.208,-0.173,-14.904
16.124,2.393,-13.0
15.878,-0.173,-10.161
19.487,0.773,-9.379
17.883,3.938,-8.077
17.321,4.657,-4.418
13.829,5.168,-2.983
11.88,4.492,0.203
12.013,0.726,0.48
9.389,-1.412,2.306
12.237,-2.831,4.386
13.341,-2.468,8.02
12.859,1.212,8.696
15.311,2.715,11.153
13.089,4.814,13.419
16.296,6.418,14.728
17.336,7.46,11.225
13.905,8.883,10.442
14.13,12.605,11.068
11.022,14.561,11.958
10.482,17.387,9.489
8.758,20.516,10.902
8.186,21.575,7.296
5.607,18.803,7.058
2.01,19.382,8.122
-0.876,16.927,8.878
-2.839,15.377,6.015
-6.26,16.626,5.004
-8.43,13.736,3.848
-11.557,14.682,1.926
-13.129,11.359,0.99
-16.62,11.573,2.465
-17.853,11.452,-1.134
-15.705,8.427,-2.014
-17.542,6.131,-4.41
-16.432,2.515,-4.684
-17.349,0.649,-7.872
-15.763,-2.801,-8.0
-13.648,-5.071,-5.837
-11.346,-7.699,-7.321
-8.488,-10.067,-6.612
-5.443,-8.89,-8.519
-1.878,-10.269,-8.487
-0.535,-8.85,-5.223
-3.758,-8.955,-3.193
-7.275,-7.586,-3.584
-8.013,-4.175,-5.058
-11.127,-2.07,-4.622
-11.655,0.53,-7.324
-13.073,3.993,-6.75
-14.395,6.455,-9.306
-11.571,8.939,-9.687
-13.11,11.357,-12.155
-13.676,14.1,-9.61
-12.785,15.328,-6.129
-14.625,12.594,-4.248
-11.732,10.967,-2.434
-8.873,13.429,-2.053
-5.825,13.365,0.203
-3.504,16.345,0.517
-1.601,17.914,3.401
0.095,21.306,3.796
3.431,21.941,1.91
4.129,20.59,-1.553
1.212,18.183,-1.584
-0.576,18.512,-4.902
-4.234,17.479,-4.974
-4.135,13.669,-4.931
-7.302,11.757,-5.828
-7.93,8.165,-4.721
-8.146,5.509,-7.423
-8.019,2.327,-5.301
-6.66,0.748,-2.133
-5.401,-2.684,-1.118
-3.772,-4.419,1.849
-1.416,-7.391,1.777
-0.729,-9.307,4.979
1.621,-12.036,6.162
1.129,-15.72,6.928
1.554,-14.779,10.579
-0.391,-11.933,12.198
2.869,-10.562,13.577
4.436,-9.887,10.177
3.692,-9.348,6.491
3.082,-5.618,6.677
6.675,-4.69,5.842
7.994,-1.178,6.552
9.1,-2.728,9.802
10.346,-0.169,12.272
13.354,-1.86,13.851
12.109,-5.451,13.45
8.555,-4.381,14.279
6.368,-5.881,11.573
2.601,-5.504,11.594
-0.147,-7.782,10.282
-0.766,-5.93,7.027
-0.223,-2.635,5.244
-3.034,-0.778,3.516
-1.876,0.988,0.369
-4.264,3.681,-0.814
-3.138,4.718,-4.275
-3.7,8.36,-5.199
-2.85,10.301,-8.346
-2.799,14.091,-8.559
-5.253,15.955,-10.767
-2.256,18.157,-11.608
-1.146,15.737,-14.319
-4.748,15.232,-15.432
-4.206,11.471,-15.672
-2.903,8.694,-13.444
-0.618,7.347,-16.154
0.793,10.793,-16.856
1.41,11.218,-13.139
3.489,8.037,-13.337
5.966,9.899,-15.568
6.741,12.442,-12.849
8.412,11.913,-9.436
5.657,13.81,-7.622
2.837,12.237,-9.586
1.456,9.54,-7.31
0.86,9.29,-3.574
0.441,5.9,-1.947
-0.833,6.083,1.61
0.449,3.098,3.546
-1.486,2.466,6.739
-0.239,-0.172,9.178
-2.612,-2.876,10.399
-2.088,-4.208,13.905
-4.116,-6.89,15.658
-6.191,-5.978,18.684
-9.436,-4.047,18.606
-11.622,-4.48,15.534
-12.678,-2.025,12.844
-16.459,-2.552,12.419
-16.41,-0.662,9.128
-13.949,-3.11,7.581
-16.263,-6.106,7.969
-18.306,-5.181,4.881
-15.131,-5.245,2.791
-13.98,-8.559,4.247
-17.488,-9.958,3.777
-17.605,-9.12,0.069
-14.17,-10.541,-0.784
-15.66,-14.016,-0.317
-17.344,-13.484,-3.696
-13.899,-13.086,-5.283
-12.005,-15.867,-3.538
-9.706,-16.531,-6.501
-7.623,-13.978,-8.408
-9.21,-12.77,-11.614
-12.676,-12.56,-10.11
-14.4,-9.25,-9.463
-17.529,-8.091,-7.655
-19.623,-4.946,-7.45
-18.947,-2.859,-4.373
-21.147,0.213,-4.363
-22.7,2.502,-1.732
-19.91,2.176,0.812
-18.317,4.99,2.801
-14.668,4.422,3.868
-14.955,7.305,6.355
-15.989,5.011,9.21
-12.66,3.237,8.729
-10.61,6.366,9.515
-7.735,6.286,12.035
-7.055,8.827,14.785
-3.816,10.633,13.935
-3.196,12.008,10.447
0.596,11.993,10.572
2.963,10.305,8.149
6.327,9.413,6.699
6.963,10.963,3.276
9.748,9.92,0.935
9.903,9.225,-2.855
8.579,5.719,-3.256
7.915,2.883,-5.661
4.192,2.299,-6.228
3.857,-1.458,-5.613
7.262,-3.102,-5.539
10.635,-2.313,-3.903
13.048,0.085,-5.779
11.679,0.636,-9.272
10.055,3.939,-10.238
10.212,7.099,-8.128
6.924,8.462,-9.469
5.321,8.012,-6.087
5.425,9.87,-2.818
5.226,7.087,-0.246
3.015,8.453,2.491
3.209,6.035,5.394
0.567,6.804,8.001
2.049,7.099,11.501
-1.287,5.901,12.876
-1.722,2.107,12.669
-5.276,0.8,12.45
-6.294,-2.111,14.618
-7.948,-5.19,13.172
-9.191,-8.253,15.012
-8.419,-11.939,14.417
-11.825,-12.773,12.876
-11.408,-9.963,10.341
-8.018,-11.155,9.093
-9.198,-14.776,9.289
-12.034,-14.213,6.823
-9.428,-12.444,4.687
-7.281,-15.572,4.946
-9.972,-17.322,2.916
-8.709,-15.665,-0.246
-6.798,-17.739,-2.749
-3.75,-16.503,-4.608
-4.469,-18.887,-7.467
-7.089,-18.21,-10.108
-10.28,-20.181,-10.591
-9.715,-23.79,-11.567
-6.335,-24.109,-9.862
-5.04,-25.912,-6.723
-6.229,-23.893,-3.732
-3.491,-21.817,-2.163
-3.828,-19.13,0.484
-3.345,-15.464,-0.279
-0.879,-14.764,2.51
2.482,-12.963,2.592
2.792,-12.759,-1.214
5.829,-10.542,-0.683
9.613,-10.486,-1.088
10.671,-8.374,1.912
14.252,-7.227,2.419
16.015,-5.602,-0.488
19.278,-3.641,0.342
18.334,-2.584,3.851
19.914,0.862,4.151
17.624,1.93,1.175
17.961,5.725,1.66
17.357,8.227,4.447
13.793,8.642,5.665
11.828,11.547,7.131
8.468,11.771,8.889
6.3,14.152,10.884
4.197,13.326,13.93
2.862,16.577,15.348
11.041,-15.079,-28.093
8.944,-14.711,-24.964
9.241,-14.241,-21.218
7.427,-15.494,-18.14
6.983,-13.021,-15.307
4.911,-12.926,-12.153
4.524,-11.28,-8.77
7.981,-11.257,-7.204
9.435,-14.481,-5.845
7.434,-17.678,-5.257
4.496,-16.539,-7.389
6.823,-15.396,-10.134
10.369,-15.885,-11.456
13.203,-15.189,-9.031
15.344,-14.185,-11.99
13.545,-10.934,-12.837
16.814,-9.054,-12.255
17.995,-10.62,-15.509
14.947,-9.649,-17.578
14.526,-6.219,-16.022
17.6,-3.979,-16.523
16.112,-1.319,-14.219
16.416,-3.859,-11.385
20.182,-3.39,-11.617
19.644,0.351,-11.378
16.705,1.853,-9.514
16.091,-0.032,-6.3
12.903,-2.076,-6.001
12.865,-1.164,-2.349
9.568,0.361,-1.187
10.59,1.314,2.344
13.015,0.715,5.209
12.543,3.007,8.167
15.316,3.159,10.712
13.606,5.151,13.447
16.962,6.466,14.693
18.382,7.406,11.288
15.045,8.872,10.149
15.151,12.66,10.065
12.303,14.527,11.714
11.104,17.311,9.44
9.407,20.503,10.737
6.381,19.985,8.513
3.73,20.261,11.257
1.12,20.648,8.49
-1.863,18.26,8.312
-3.085,16.34,5.286
-6.375,17.504,3.829
-8.365,14.369,3.109
-11.831,14.977,1.742
-13.162,11.421,1.808
-16.753,12.372,2.609
-17.588,12.323,-1.098
-15.653,9.114,-1.789
-17.663,6.688,-3.887
-16.662,3.049,-4.267
-17.661,1.031,-7.332
-16.261,-2.511,-7.36
-13.824,-4.868,-5.675
-11.261,-6.818,-7.711
-8.696,-9.552,-7.084
-5.792,-8.413,-9.251
-2.232,-8.362,-7.948
-2.284,-9.606,-4.368
-5.313,-8.02,-2.752
-8.849,-6.759,-3.048
-8.523,-3.721,-5.272
-11.556,-1.591,-4.523
-12.118,0.752,-7.435
-13.357,4.2,-6.442
-14.925,6.765,-8.754
-12.422,9.434,-9.661
-14.08,11.157,-12.591
-14.413,14.136,-10.289
-12.777,15.437,-7.126
-14.784,13.407,-4.635
-11.981,11.925,-2.556
-9.174,14.46,-2.39
-5.798,14.107,-0.697
-3.492,17.114,-0.418
-1.338,18.261,2.487
1.727,20.385,3.294
5.1,19.178,1.781
5.239,17.639,-1.678
1.542,17.226,-2.39
-0.613,17.897,-5.428
-4.24,16.861,-5.691
-4.288,13.084,-5.257
-7.706,11.515,-5.832
-8.569,8.195,-4.209
-8.673,5.685,-7.058
-8.204,2.244,-5.468
-6.477,0.453,-2.607
-4.462,-2.725,-2.083
-3.658,-4.833,0.978
-0.639,-6.741,2.322
-0.103,-8.906,5.39
2.339,-11.597,6.458
1.647,-15.303,6.95
2.835,-14.64,10.503
1.017,-12.354,12.924
3.152,-9.239,12.835
4.896,-8.856,9.476
4.304,-8.026,5.813
2.643,-4.728,6.636
5.336,-2.627,4.92
6.618,0.694,6.365
8.529,-1.096,9.096
10.179,1.155,11.666
13.376,-0.256,13.19
12.32,-3.601,11.71
9.169,-3.39,13.835
6.277,-4.536,11.671
2.539,-4.827,12.215
0.057,-7.642,11.58
-1.09,-6.097,8.299
-1.536,-2.844,6.392
-4.127,-1.368,4.071
-2.63,0.785,1.333
-5.03,3.252,-0.276
-3.658,4.436,-3.6
-4.276,8.085,-4.362
-3.672,9.318,-7.89
-2.319,12.763,-8.756
-5.041,14.129,-11.034
-2.501,16.623,-12.399
-0.994,13.891,-14.603
-4.475,13.036,-15.877
-3.582,9.323,-16.174
-2.524,6.626,-13.717
-0.21,5.019,-16.281
1.618,8.322,-16.481
1.525,8.871,-12.733
3.274,5.568,-11.967
6.131,6.874,-14.114
6.175,10.257,-12.378
8.055,10.996,-9.12
4.985,12.732,-7.646
2.569,10.445,-9.46
0.695,8.782,-6.603
0.203,8.841,-2.845
-0.136,5.479,-1.117
-2.006,5.797,2.172
-0.714,3.009,4.397
-2.724,2.264,7.516
-1.284,-0.356,9.87
-3.461,-3.143,11.241
-3.164,-4.674,14.688
-5.341,-7.494,15.996
-7.682,-6.767,18.867
-10.943,-4.867,18.65
-12.88,-5.541,15.444
-13.06,-2.976,12.653
-16.661,-2.674,11.323
-15.465,-0.368,8.562
-13.094,-3.033,7.283
-15.517,-5.9,7.931
-17.608,-4.481,5.08
-14.747,-5.166,2.67
-13.543,-8.407,4.272
-17.032,-9.875,4.02
-17.34,-9.016,0.323
-13.849,-10.145,-0.765
-15.219,-13.679,-0.453
-16.761,-13.001,-3.874
-13.274,-12.598,-5.369
-11.482,-15.601,-3.909
-9.581,-16.122,-7.151
-7.563,-13.572,-9.115
-9.349,-12.143,-12.124
-12.776,-12.003,-10.506
-14.598,-8.819,-9.567
-17.613,-7.939,-7.427
-19.715,-4.799,-7.048
-18.807,-2.681,-4.043
-20.731,0.573,-4.251
-21.785,3.185,-1.657
-19.041,2.523,0.891
-17.046,5.247,2.633
-13.317,4.845,3.579
-13.849,6.792,6.839
-14.297,3.469,8.614
-10.698,2.643,7.773
-9.004,5.908,8.755
-7.474,6.019,12.279
-7.605,8.83,14.848
-4.139,10.377,14.449
-3.308,11.563,10.937
0.471,11.729,10.61
2.858,10.717,7.825
6.422,9.843,6.842
7.617,10.69,3.314
10.521,9.342,1.243
10.246,8.278,-2.465
10.113,4.494,-2.781
9.315,1.68,-5.219
5.547,1.276,-5.459
5.346,-2.182,-3.914
8.545,-3.978,-5.083
8.067,-5.748,-8.526
7.356,-2.378,-10.302
10.924,-1.114,-10.526
9.884,2.513,-10.202
10.581,4.61,-7.131
7.74,7.011,-7.791
5.373,6.607,-4.836
6.084,6.532,-1.12
4.573,9.013,1.296
2.206,7.806,4.01
3.119,6.271,7.345
0.16,6.425,9.723
1.641,6.764,13.21
-1.742,5.428,14.329
-2.523,1.747,13.637
-6.104,0.479,13.507
-7.433,-2.476,15.451
-8.911,-5.358,13.506
-10.392,-8.668,14.537
-8.503,-11.927,14.146
-11.569,-13.259,12.322
-11.033,-10.513,9.748
-7.413,-11.404,9.003
-8.418,-15.076,8.862
-10.572,-14.261,5.838
-7.614,-12.618,4.091
-5.88,-15.977,4.312
-8.832,-17.532,2.508
-8.177,-15.574,-0.662
-6.177,-17.089,-3.482
-3.465,-15.542,-5.613
-4.214,-17.86,-8.517
-7.062,-17.57,-10.967
-10.063,-19.872,-11.119
-9.196,-23.308,-12.433
-5.809,-23.409,-10.705
-4.479,-25.066,-7.506
-5.386,-22.594,-4.787
-2.602,-20.553,-3.242
-3.497,-18.716,-0.053
-2.82,-14.982,-0.209
-0.082,-14.57,2.409
2.921,-12.224,2.755
3.315,-10.952,-0.824
5.937,-8.636,0.683
9.638,-8.02,0.049
12.219,-7.397,2.848
13.305,-3.834,3.605
16.388,-2.231,2.016
19.083,-0.33,4.037
19.587,3.458,4.252
21.905,3.325,1.196
19.061,5.01,-0.857
16.168,4.272,1.482
15.993,6.727,4.367
12.494,7.793,5.306
11.793,11.28,6.648
9.513,11.665,9.648
6.79,14.255,10.134
4.315,14.061,12.983
2.981,17.015,14.957
