x,y,z
-45.408,2.053,-10.204
-46.664,4.643,-7.719
-45.278,4.049,-4.227
-48.035,4.64,-1.67
-46.694,6.536,1.344
-47.737,5.948,4.942
-46.032,2.626,5.64
-42.498,1.302,6.008
-42.129,-2.45,6.455
-38.521,-2.268,5.258
-37.922,0.766,7.471
-38.587,-1.459,10.47
-35.748,-4.024,10.806
-32.256,-2.587,11.258
-28.891,-4.298,11.734
-25.183,-3.452,11.671
-24.783,-4.457,8.026
-28.105,-2.833,7.129
-26.857,0.342,8.816
-23.666,0.909,6.821
-23.408,0.619,2.993
-21.094,-2.371,3.452
-23.673,-4.965,2.44
-25.582,-2.583,0.176
-22.413,-2.148,-1.862
-20.384,-5.353,-2.024
-17.438,-4.866,-4.383
-15.249,-7.56,-2.827
-13.602,-8.922,-5.979
-9.779,-9.124,-6.406
-8.745,-8.295,-9.969
-5.581,-7.249,-11.799
-5.375,-3.593,-12.84
-5.306,-3.042,-16.604
-3.788,0.092,-18.134
-4.962,-0.748,-21.654
-8.621,-0.693,-20.595
-8.094,2.284,-18.284
-9.725,5.588,-19.232
-8.558,9.166,-18.68
-10.836,11.075,-16.295
-9.922,14.787,-15.854
-12.876,15.155,-13.479
-10.597,15.323,-10.439
-9.241,18.665,-9.227
-5.55,19.196,-10.195
-3.45,20.028,-7.137
0.2,20.2,-6.093
1.643,17.774,-3.542
4.474,18.535,-1.116
7.478,16.393,-0.178
10.469,18.662,0.429
10.513,18.214,4.206
9.882,14.467,3.993
12.631,12.776,6.007
13.162,9.602,8.044
14.607,9.317,11.552
15.092,5.589,12.193
13.956,2.067,11.309
12.575,-0.451,13.809
11.904,-4.134,13.115
9.084,-6.29,14.475
11.105,-9.497,14.495
10.042,-10.278,10.935
8.698,-7.164,9.204
9.843,-3.563,9.58
8.507,-0.174,8.502
10.195,3.183,7.906
9.349,5.934,10.398
9.099,9.647,9.603
9.057,12.879,11.624
5.381,13.855,11.741
6.426,16.769,13.952
6.643,18.78,10.724
5.073,19.167,7.276
6.898,16.382,5.429
4.649,15.415,2.522
0.924,15.774,1.861
-1.386,14.446,-0.859
-4.421,16.241,-2.286
-6.587,16.173,-5.392
-10.088,15.09,-6.343
-13.504,15.228,-4.601
-11.76,14.506,-1.293
-12.929,16.548,1.703
-9.505,16.615,3.331
-5.787,16.276,2.619
-4.01,12.972,3.261
-0.82,12.765,5.331
1.731,9.937,5.225
3.482,8.5,8.29
5.18,5.205,7.363
5.416,2.448,4.74
6.863,-1.028,4.151
7.794,-3.305,1.24
6.693,-6.861,0.434
8.734,-9.685,-1.099
8.328,-12.481,-3.632
8.77,-16.255,-3.688
10.375,-16.248,-7.143
13.826,-14.916,-8.037
12.317,-12.52,-10.559
8.788,-11.557,-9.543
6.252,-11.883,-6.743
4.286,-8.735,-5.922
0.795,-8.294,-4.468
-1.281,-6.903,-7.341
-0.488,-6.862,-11.058
-0.89,-3.773,-13.238
-0.913,-3.656,-17.039
-1.06,-7.464,-17.021
2.449,-7.273,-15.56
3.788,-8.324,-12.158
6.615,-6.838,-10.09
8.951,-8.332,-7.479
8.074,-6.029,-4.578
5.932,-2.986,-3.768
5.722,-0.229,-1.148
2.712,0.144,1.142
2.104,3.749,2.188
-0.836,4.099,4.569
-2.358,7.56,5.007
-5.284,8.983,6.987
-7.317,12.137,6.372
-6.086,14.6,9.001
-9.211,16.671,8.368
-11.199,14.157,10.408
-8.569,14.256,13.139
-7.538,10.606,13.236
-8.31,7.292,11.536
-10.671,6.695,14.446
-13.022,9.369,13.135
-12.301,8.499,9.503
-13.414,4.874,9.852
-16.796,6.355,10.774
-17.323,7.031,7.068
-16.421,5.29,3.751
-14.57,8.245,2.22
-12.81,8.847,5.532
-9.372,7.248,5.261
-7.708,6.006,2.072
-4.696,3.812,1.305
-1.984,4.616,-1.243
-0.534,1.682,-3.162
3.027,2.13,-4.401
4.762,-0.315,-6.752
8.448,-1.078,-7.305
10.105,-2.076,-10.584
13.466,-3.806,-11.032
16.067,-1.963,-13.096
19.322,-3.604,-11.999
20.706,-0.068,-11.951
21.684,1.069,-8.449
20.699,4.782,-8.227
23.601,5.42,-5.866
22.565,3.434,-2.802
25.971,1.939,-2.018
25.8,3.291,1.536
22.266,1.931,1.895
23.748,-1.54,1.417
26.445,-1.024,4.051
23.974,-0.032,6.764
21.867,-3.041,5.78
24.554,-5.455,6.955
23.644,-4.116,10.4
20.065,-5.411,10.293
20.921,-8.972,9.256
18.511,-10.436,11.812
14.947,-9.319,12.545
14.025,-7.838,15.909
16.674,-5.111,15.981
16.745,-1.453,14.955
19.13,1.211,13.662
18.92,5.013,13.738
18.998,6.392,10.197
17.981,9.951,9.337
18.427,12.304,6.375
16.706,10.077,3.814
15.961,11.101,0.224
12.667,9.408,-0.792
11.97,12.204,-3.273
15.094,11.438,-5.269
13.186,8.456,-6.642
9.63,9.804,-6.358
8.488,12.216,-9.136
5.881,14.976,-8.799
3.256,12.587,-10.201
0.288,14.512,-11.612
-1.924,11.824,-13.15
-2.474,8.272,-11.885
-4.938,5.386,-12.137
-7.221,4.361,-9.27
-9.269,1.447,-7.927
-11.552,2.227,-4.933
-13.554,-0.411,-3.085
-13.333,-2.73,-0.08
-11.071,-5.504,1.212
-11.138,-9.102,-0.012
-12.686,-10.157,3.288
-16.403,-10.564,4.216
-18.525,-7.352,4.23
-17.262,-5.553,7.332
-15.608,-2.241,6.456
-15.105,-0.206,3.276
-13.011,2.619,4.72
-10.089,1.605,2.508
-9.241,2.817,-0.999
-6.672,1.391,-3.418
-4.689,3.95,-5.414
-2.006,3.318,-8.041
0.546,5.775,-9.432
1.526,5.613,-13.107
5.097,6.365,-12.02
6.208,3.58,-9.607
9.434,4.011,-7.64
12.393,2.304,-9.32
14.566,-0.136,-7.372
17.718,-2.077,-8.269
17.86,-5.873,-8.032
20.974,-5.415,-5.901
18.889,-3.839,-3.14
16.761,-6.974,-2.79
19.68,-9.295,-3.553
20.871,-8.596,-0.014
17.545,-9.453,1.618
17.588,-12.819,-0.15
20.413,-13.91,2.153
18.626,-12.549,5.225
16.333,-14.633,7.433
12.531,-14.531,7.423
12.456,-14.048,11.205
15.777,-13.896,13.048
18.841,-16.103,12.59
18.841,-19.771,13.54
15.959,-20.729,11.265
16.056,-22.835,8.043
17.064,-20.863,4.945
13.66,-19.617,3.783
12.38,-16.584,1.866
11.045,-13.654,3.893
8.18,-13.269,1.42
4.648,-13.481,2.817
2.508,-10.967,0.942
0.74,-12.87,-1.835
-2.705,-11.819,-3.045
-4.936,-13.334,-5.802
-6.75,-11.288,-8.456
-8.233,-13.502,-11.176
-9.895,-11.334,-13.887
-13.59,-12.026,-14.46
-14.063,-9.624,-17.363
-13.144,-6.057,-16.394
-15.092,-3.729,-18.689
-13.686,-0.33,-17.704
-11.574,0.794,-14.744
-11.674,4.281,-13.219
-8.418,6.226,-13.491
-7.198,9.824,-13.489
-4.667,8.913,-16.164
-5.349,7.471,-19.618
-47.238,-9.074,-17.623
-44.285,-10.185,-15.497
-45.146,-12.858,-12.923
-41.959,-13.373,-10.914
-41.266,-14.315,-7.295
-38.155,-14.333,-5.129
-37.666,-10.885,-3.613
-37.626,-11.244,0.162
-37.793,-7.585,1.157
-38.636,-8.54,4.741
-35.715,-10.968,4.885
-33.361,-8.013,4.585
-32.837,-4.674,2.753
-30.963,-4.632,-0.561
-29.997,-1.302,-2.135
-26.277,-0.762,-1.555
-25.667,-0.265,-5.275
-28.305,2.483,-5.284
-25.783,4.809,-3.645
-22.354,3.321,-2.93
-20.336,1.364,-5.548
-20.083,-1.586,-3.16
-22.544,-3.998,-4.767
-22.301,-2.264,-8.147
-18.829,-3.751,-8.464
-15.184,-3.289,-7.507
-14.616,-5.341,-4.36
-10.865,-4.738,-4.287
-9.582,-8.025,-5.713
-6.152,-8.876,-7.238
-6.27,-8.951,-11.036
-4.212,-8.213,-14.152
-4.786,-4.559,-15.039
-4.074,-3.536,-18.633
-3.156,0.014,-19.622
-5.345,-0.677,-22.658
-8.518,-1.48,-20.713
-7.86,1.409,-18.331
-9.634,4.735,-18.85
-8.337,8.292,-18.467
-10.717,9.965,-16.013
-9.544,12.972,-13.904
-10.559,11.708,-10.467
-8.483,14.239,-8.541
-7.174,17.685,-9.45
-3.5,18.432,-8.576
-3.357,21.478,-6.305
-0.921,21.067,-3.418
1.809,18.507,-2.765
4.776,18.727,-0.397
7.464,16.051,-0.615
10.665,18.089,-0.82
11.279,18.453,2.909
10.182,14.846,3.438
12.844,13.235,5.62
13.139,10.133,7.797
14.674,9.969,11.274
14.883,6.236,11.985
13.673,2.809,10.871
12.319,0.297,13.39
11.266,-3.323,12.876
8.743,-5.616,14.571
10.822,-8.778,14.316
9.705,-9.455,10.752
8.625,-6.282,8.944
10.306,-2.875,8.955
8.709,0.55,8.518
10.078,4.076,8.092
8.445,6.932,10.01
8.767,10.627,9.145
8.74,13.775,11.29
5.229,15.18,10.855
5.136,17.117,14.126
4.374,20.216,12.053
5.164,20.016,8.335
7.155,17.599,6.172
5.294,15.645,3.486
1.616,15.892,2.548
-0.533,15.094,-0.493
-3.489,17.284,-1.467
-5.909,17.528,-4.372
-9.538,17.612,-5.449
-12.289,19.92,-4.094
-12.591,18.233,-0.692
-10.58,19.75,2.158
-9.629,16.297,3.393
-5.848,16.639,3.283
-3.831,13.408,3.297
-0.884,13.134,5.691
1.78,10.448,5.285
3.039,8.566,8.339
5.193,5.549,7.468
5.528,2.657,5.016
6.95,-0.87,4.972
8.457,-3.212,2.368
7.276,-6.624,1.146
9.017,-9.611,-0.449
8.315,-13.005,-1.985
10.197,-16.18,-2.871
11.41,-14.9,-6.243
12.197,-11.487,-7.728
10.159,-12.499,-10.755
6.776,-12.474,-9.045
5.181,-11.521,-5.744
2.212,-9.149,-5.686
-1.583,-8.9,-5.734
-2.542,-6.607,-8.609
-0.54,-6.26,-11.827
-0.966,-3.034,-13.799
0.446,-2.497,-17.289
0.473,-6.293,-17.505
3.714,-6.046,-15.52
4.578,-8.108,-12.441
6.007,-6.948,-9.11
8.125,-8.916,-6.62
8.027,-6.439,-3.734
5.676,-3.585,-2.824
5.638,-0.598,-0.467
2.689,0.047,1.849
2.188,3.681,2.865
-0.72,4.751,5.075
-2.378,8.174,5.15
-5.147,9.417,7.454
-6.9,12.762,7.028
-6.555,15.137,9.981
-10.14,16.318,9.483
-11.256,13.678,11.994
-8.04,13.326,13.975
-9.321,9.945,15.181
-10.459,6.69,13.573
-13.538,6.831,15.781
-14.97,9.753,13.83
-13.424,8.577,10.56
-15.416,5.341,10.462
-18.497,7.578,10.41
-17.895,7.844,6.664
-16.759,5.527,3.809
-14.241,8.189,2.791
-12.76,8.557,6.264
-9.28,7.06,5.999
-7.672,5.698,2.833
-4.591,3.55,2.218
-1.893,4.077,-0.409
-0.458,1.129,-2.304
2.939,1.333,-3.972
4.445,-1.418,-6.121
8.094,-2.333,-6.692
9.621,-4.146,-9.67
12.949,-5.993,-9.621
15.356,-6.166,-12.553
16.54,-2.628,-13.266
20.066,-1.517,-14.171
21.194,0.206,-10.966
22.393,3.726,-11.959
24.135,4.233,-8.626
22.159,3.192,-5.549
24.802,0.859,-4.116
24.946,3.272,-1.172
21.826,1.507,0.113
23.498,-1.906,-0.038
25.722,-0.727,2.816
22.774,0.413,4.931
21.169,-2.999,4.435
23.924,-4.551,6.538
22.264,-2.711,9.425
18.971,-4.585,9.047
20.38,-8.11,8.871
18.08,-9.448,11.583
14.563,-8.235,12.386
13.811,-7.005,15.895
16.765,-4.636,16.225
16.643,-0.844,15.966
18.705,1.477,13.77
18.572,5.255,13.307
18.903,6.788,9.84
18.271,10.457,9.062
19.281,13.011,6.411
17.375,11.428,3.522
17.17,13.136,0.124
13.895,12.108,-1.623
14.306,14.91,-4.17
16.587,12.525,-6.037
13.52,10.749,-7.409
11.091,13.673,-7.154
8.376,12.992,-9.804
6.785,15.591,-12.085
3.567,15.151,-10.089
0.72,15.461,-12.599
-1.489,12.452,-13.346
-2.634,9.86,-10.801
-4.099,6.37,-10.461
-6.864,5.045,-8.198
-8.838,1.852,-7.566
-11.739,2.216,-5.068
-13.303,-1.066,-3.997
-14.803,-2.817,-0.978
-13.45,-4.183,2.308
-11.235,-7.272,2.444
-14.463,-9.238,2.731
-17.237,-9.446,0.059
-18.85,-6.117,-1.022
-19.659,-4.463,2.307
-18.155,-0.964,2.272
-15.485,1.19,0.633
-14.016,2.183,4.0
-10.65,1.102,2.59
-9.496,2.45,-0.776
-6.588,1.236,-2.9
-4.59,4.168,-4.27
-1.622,4.053,-6.658
1.013,6.754,-7.144
1.586,8.2,-10.616
4.865,6.292,-10.945
6.286,3.455,-8.771
9.906,3.152,-7.642
12.164,0.655,-9.42
14.372,-1.829,-7.576
17.399,-3.797,-8.787
18.187,-7.482,-8.276
21.363,-6.21,-6.615
19.513,-4.078,-4.07
17.552,-7.177,-3.07
20.406,-9.635,-3.624
21.471,-9.514,0.023
17.843,-9.28,1.146
17.081,-12.809,-0.058
19.537,-14.053,2.566
17.009,-12.879,5.157
13.885,-14.677,6.372
10.313,-13.554,7.075
11.216,-13.162,10.748
14.483,-12.287,12.473
16.737,-14.55,14.537
15.422,-16.411,17.562
12.661,-18.182,15.654
12.35,-21.188,13.268
13.11,-20.749,9.559
10.109,-18.87,8.158
9.293,-18.321,4.478
10.071,-14.709,3.556
7.376,-15.146,0.911
3.71,-14.52,1.768
2.552,-11.342,0.023
2.466,-13.223,-3.283
-0.847,-13.552,-5.122
-2.126,-14.687,-8.566
-3.582,-12.456,-11.284
-6.027,-14.81,-12.998
-8.644,-12.715,-14.89
-12.266,-13.558,-14.096
-13.556,-11.838,-17.237
-12.151,-8.363,-17.891
-13.419,-5.587,-15.602
-12.597,-1.907,-16.127
-10.583,0.408,-13.881
-10.977,4.149,-13.318
-7.84,6.229,-12.755
-6.694,9.833,-13.113
-4.19,8.623,-15.69
-4.897,6.706,-18.901
-48.465,2.084,19.412
-46.154,-0.067,21.533
-42.914,0.817,23.322
-39.934,-1.529,23.601
-38.18,-1.874,26.956
-35.056,-3.874,27.747
-34.662,-4.808,24.087
-33.015,-3.077,21.139
-30.266,-5.453,20.036
-32.332,-6.937,17.209
-34.501,-3.856,16.711
-31.405,-1.668,16.539
-29.634,-2.377,13.204
-31.719,-1.974,10.05
-30.41,-3.71,6.922
-26.616,-3.47,7.1
-26.593,-4.159,3.357
-28.906,-1.278,2.444
-26.951,0.99,4.792
-23.375,-0.202,5.345
-21.111,-0.914,2.318
-19.862,-4.093,3.993
-22.479,-6.469,2.601
-23.149,-4.265,-0.418
-19.459,-4.464,-1.27
-16.181,-5.943,-0.026
-16.397,-8.303,-2.997
-13.329,-6.729,-4.607
-10.359,-9.037,-5.219
-6.976,-9.087,-7.056
-7.443,-9.619,-10.792
-5.723,-9.075,-14.136
-6.173,-5.374,-14.88
-5.614,-4.131,-18.432
-4.267,-0.664,-19.195
-6.078,-0.957,-22.525
-9.57,-1.531,-21.135
-9.046,1.309,-18.662
-10.721,4.658,-19.342
-9.285,8.178,-19.21
-10.648,10.393,-16.423
-9.551,14.076,-16.585
-11.886,14.775,-13.658
-8.823,14.61,-11.412
-6.759,17.806,-11.302
-2.966,17.815,-10.619
-2.013,17.292,-6.975
0.567,19.129,-4.867
2.606,17.179,-2.312
5.193,18.505,0.147
8.371,16.693,1.182
11.277,19.134,1.032
11.94,18.492,4.713
10.681,14.892,4.777
13.075,12.836,6.902
13.095,9.525,8.779
14.17,9.197,12.416
14.456,5.423,12.833
13.621,2.109,11.161
11.921,-0.692,13.097
11.244,-4.274,12.001
7.837,-5.951,11.851
9.146,-9.434,12.584
9.379,-10.082,8.844
8.834,-6.885,6.85
10.547,-3.502,7.04
8.808,-0.15,7.505
10.076,3.43,7.769
8.566,6.028,10.109
8.537,9.786,9.512
8.192,12.62,12.029
4.499,13.483,11.723
4.569,15.616,14.874
4.99,18.605,12.556
4.261,19.536,8.939
7.123,17.543,7.417
5.571,15.827,4.393
1.888,15.58,3.465
-0.106,14.482,0.411
-2.948,16.608,-0.985
-4.616,17.48,-4.28
-6.578,15.632,-6.943
-10.408,15.626,-7.279
-11.056,15.395,-3.538
-10.14,18.163,-1.088
-9.118,15.722,1.631
-5.446,15.724,2.616
-3.783,12.472,3.689
-0.621,12.174,5.79
2.066,9.55,5.157
3.072,7.22,7.995
5.148,4.185,6.96
5.695,1.858,3.998
6.952,-1.705,3.57
8.125,-3.932,0.718
6.833,-7.279,-0.56
8.451,-10.377,-2.057
6.423,-13.411,-3.093
7.695,-16.905,-2.315
8.099,-17.482,-6.05
11.233,-16.366,-7.893
9.098,-15.124,-10.767
6.193,-13.057,-9.46
4.164,-12.19,-6.376
1.727,-9.287,-6.03
-1.948,-8.375,-5.627
-3.244,-6.65,-8.765
-1.889,-7.274,-12.26
-1.99,-4.247,-14.564
-1.062,-4.47,-18.245
-1.473,-8.24,-17.851
1.927,-8.111,-16.148
2.454,-9.127,-12.52
5.106,-7.747,-10.174
7.499,-9.668,-7.914
7.532,-6.969,-5.227
5.4,-3.989,-4.191
5.657,-1.143,-1.673
2.749,-0.329,0.645
2.542,3.269,1.877
-0.18,3.956,4.446
-1.987,7.288,4.767
-4.317,8.947,7.277
-5.85,12.425,7.466
-4.286,14.311,10.386
-7.031,16.949,10.309
-9.034,14.59,12.513
-6.24,14.355,15.068
-7.486,10.995,16.318
-9.034,7.853,14.843
-12.137,8.636,16.882
-13.279,11.42,14.562
-11.373,9.998,11.593
-13.528,6.862,11.472
-16.474,9.219,10.982
-15.452,9.638,7.345
-16.903,7.048,4.891
-13.314,6.474,3.757
-11.488,7.284,6.988
-7.861,6.732,5.978
-6.331,6.138,2.538
-4.039,3.356,1.32
-1.503,4.096,-1.421
-0.589,0.866,-3.181
2.858,1.085,-4.757
4.17,-1.515,-7.207
7.837,-2.287,-7.864
9.198,-3.362,-11.249
12.414,-5.313,-11.841
15.152,-3.593,-13.831
16.642,-0.104,-13.593
17.484,0.02,-9.89
17.795,3.189,-7.808
19.716,6.182,-9.274
22.224,5.725,-6.468
20.816,5.555,-2.942
22.785,2.512,-1.777
23.677,4.638,1.257
20.246,3.786,2.658
20.91,0.065,2.231
23.637,0.437,4.86
21.201,1.93,7.374
19.132,-1.214,7.954
22.187,-3.337,7.177
22.812,-2.968,10.909
19.333,-3.908,12.136
19.106,-7.046,9.985
17.534,-9.077,12.788
13.922,-8.306,13.688
13.034,-6.908,17.099
15.659,-4.162,17.187
15.794,-0.674,15.686
18.351,1.856,14.458
18.224,5.645,14.792
19.098,7.464,11.567
18.44,11.185,11.115
19.323,13.747,8.429
17.914,11.738,5.519
18.344,13.103,1.991
14.825,14.121,0.786
16.194,13.956,-2.76
16.02,10.177,-2.631
12.246,10.566,-2.531
12.101,12.761,-5.642
9.983,10.996,-8.333
11.525,10.348,-11.75
8.116,10.829,-13.373
4.609,12.007,-12.468
1.619,9.781,-13.239
-2.03,9.354,-12.238
-4.264,6.35,-11.546
-7.347,5.875,-9.37
-9.226,2.693,-8.459
-11.549,2.549,-5.395
-11.984,-0.966,-4.041
-11.756,-3.29,-1.043
-10.323,-6.606,0.163
-11.631,-10.083,-0.657
-13.054,-10.379,2.853
-14.727,-7.652,4.989
-12.352,-6.502,7.785
-14.552,-4.087,9.745
-15.192,-0.929,7.721
-14.823,0.191,4.1
-11.917,2.614,4.528
-9.377,1.023,2.19
-8.806,2.611,-1.223
-6.435,1.535,-3.999
-4.374,4.302,-5.59
-1.444,3.933,-7.99
0.886,6.039,-10.154
0.863,8.589,-7.338
4.404,7.91,-6.12
6.128,4.872,-7.73
9.631,3.649,-6.892
12.298,2.339,-9.27
14.312,-0.611,-7.952
15.915,-3.691,-9.518
16.087,-7.193,-8.031
19.552,-7.727,-9.51
20.949,-4.735,-7.628
19.289,-5.667,-4.33
20.511,-9.265,-4.475
22.517,-8.634,-1.307
19.629,-6.651,0.17
17.182,-9.56,0.052
19.631,-11.46,2.264
17.763,-10.02,5.256
16.068,-12.376,7.728
12.394,-13.375,7.724
12.031,-12.866,11.489
13.864,-12.114,14.738
16.98,-14.058,15.73
16.6,-17.641,16.902
15.213,-18.907,13.609
16.977,-20.79,10.759
18.461,-18.479,8.123
15.725,-17.963,5.535
14.743,-15.163,3.157
11.357,-13.494,3.652
8.688,-15.247,1.574
4.943,-15.876,1.232
4.234,-12.329,0.07
2.43,-13.251,-3.15
-1.237,-12.835,-4.059
-3.534,-14.482,-6.68
-4.694,-12.613,-9.786
-7.233,-14.728,-11.668
-8.454,-12.99,-14.88
-12.057,-11.782,-14.64
-12.262,-11.07,-18.373
-14.922,-8.491,-17.5
-15.45,-5.031,-15.976
-13.385,-1.971,-16.893
-11.066,0.209,-14.803
-11.551,3.921,-14.092
-8.19,5.648,-13.632
-7.007,9.234,-14.052
-4.753,8.052,-16.868
-5.787,6.534,-20.204
-46.179,-23.512,-3.082
-45.615,-22.36,-6.663
-44.01,-19.078,-5.591
-40.657,-18.64,-3.844
-40.94,-14.913,-3.122
-42.8,-12.929,-0.477
-43.004,-15.72,2.092
-41.366,-13.842,4.951
-39.011,-10.932,4.319
-39.12,-9.478,7.831
-38.748,-13.021,9.171
-36.273,-14.137,6.521
-32.451,-14.494,6.714
-30.355,-11.605,8.023
-28.49,-9.75,5.277
-25.082,-8.64,6.543
-24.328,-7.101,3.145
-27.352,-4.835,3.581
-25.446,-2.731,6.111
-22.305,-1.894,4.141
-21.338,-2.349,0.446
-18.167,-4.045,1.676
-19.816,-7.469,1.757
-21.922,-7.128,-1.392
-18.933,-5.55,-3.116
-17.102,-7.137,-6.044
-13.753,-5.328,-6.035
-12.063,-7.044,-3.098
-10.239,-9.612,-5.243
-6.996,-9.585,-7.31
-7.531,-9.637,-11.072
-5.733,-8.736,-14.303
-6.32,-5.015,-14.808
-5.724,-3.512,-18.247
-4.271,-0.032,-18.651
-6.383,0.128,-21.811
-9.766,-0.709,-20.276
-9.092,1.791,-17.493
-11.254,4.901,-17.887
-9.894,8.44,-17.56
-11.216,10.588,-14.71
-10.068,14.259,-14.588
-11.835,14.606,-11.232
-8.593,14.479,-9.239
-5.89,16.463,-11.036
-2.441,17.535,-9.708
-2.616,21.036,-8.231
-1.079,21.468,-4.773
1.342,19.013,-3.161
4.038,19.423,-0.506
7.136,17.28,0.019
10.095,19.608,0.555
10.414,18.714,4.227
9.661,15.03,3.626
12.25,13.083,5.628
12.583,9.791,7.512
13.714,9.444,11.131
14.198,5.715,11.796
13.199,2.235,10.62
11.829,0.03,13.408
10.796,-3.628,13.163
8.234,-5.749,15.016
10.426,-8.83,15.31
8.671,-10.183,12.232
8.024,-7.504,9.603
9.793,-4.271,8.664
8.154,-0.868,8.142
9.428,2.644,7.399
7.829,5.482,9.369
8.382,9.18,8.664
8.146,12.342,10.763
4.424,12.884,11.327
4.933,15.255,14.26
5.093,18.326,12.02
4.787,19.275,8.349
6.259,16.692,5.975
4.423,15.841,2.75
0.764,16.212,1.764
-1.094,15.066,-1.362
-4.354,16.346,-2.876
-5.964,16.787,-6.288
-8.944,18.482,-7.914
-11.639,20.042,-5.661
-10.896,17.243,-3.187
-10.493,18.932,0.199
-9.717,15.62,1.882
-5.925,15.633,1.708
-3.92,12.472,2.387
-0.577,12.312,4.203
2.097,9.611,3.977
2.627,7.699,7.228
4.594,4.5,6.602
4.933,1.472,4.327
6.485,-1.99,4.076
7.755,-4.317,1.334
6.617,-7.853,0.503
8.694,-10.779,-0.78
6.827,-13.593,-2.514
8.126,-17.159,-2.348
8.223,-17.523,-6.131
10.996,-15.823,-8.096
8.618,-15.392,-11.018
5.699,-13.368,-9.678
3.682,-12.458,-6.599
1.871,-9.133,-6.287
-1.639,-7.846,-5.572
-3.466,-7.057,-8.822
-1.672,-6.388,-12.115
-1.969,-3.571,-14.659
-0.927,-3.44,-18.314
-1.006,-7.246,-18.283
2.224,-7.047,-16.275
2.49,-8.5,-12.765
5.295,-7.967,-10.248
7.037,-10.388,-7.886
6.165,-8.197,-4.897
4.441,-5.002,-3.756
4.74,-2.477,-0.923
1.872,-1.439,1.357
1.607,2.313,1.98
-0.782,3.927,4.465
-2.398,7.37,4.24
-4.479,9.454,6.653
-5.982,12.941,6.753
-4.68,15.11,9.603
-7.966,17.038,9.585
-9.232,14.398,12.017
-6.211,14.572,14.303
-7.055,11.046,15.449
-7.897,7.615,14.034
-11.132,7.462,16.016
-12.521,10.406,14.063
-11.07,9.345,10.711
-12.932,6.03,10.822
-16.121,8.086,11.1
-15.803,8.693,7.357
-15.117,6.124,4.568
-13.027,8.785,2.831
-11.199,9.656,6.037
-8.0,7.79,5.196
-6.642,6.166,2.035
-4.347,3.246,1.222
-1.64,3.782,-1.398
-0.167,0.836,-3.268
3.068,0.723,-5.25
4.762,-2.129,-7.119
8.472,-2.98,-7.306
10.934,-0.812,-9.232
13.237,-1.631,-12.143
16.832,-1.825,-10.936
18.439,1.348,-12.276
19.301,3.677,-9.387
22.507,5.617,-8.723
25.898,3.83,-8.998
26.597,4.85,-5.413
23.426,3.598,-3.726
25.767,1.49,-1.578
24.728,3.845,1.228
21.521,1.829,1.572
23.243,-1.527,1.061
24.925,-1.005,4.434
21.712,0.112,6.139
20.126,-3.318,5.699
23.246,-4.905,7.167
22.087,-3.316,10.422
18.736,-5.118,10.483
20.021,-8.594,9.608
17.241,-10.031,11.765
13.845,-8.694,12.841
13.52,-7.285,16.344
16.438,-4.858,16.145
16.464,-1.139,15.352
18.399,1.17,13.029
18.365,4.945,12.535
17.582,6.221,9.037
17.117,9.87,8.062
17.705,12.217,5.118
15.443,10.247,2.777
13.607,11.612,-0.268
11.421,9.182,-2.297
9.374,11.797,-4.157
12.135,14.384,-3.853
13.269,13.393,-7.339
9.849,12.261,-8.581
7.852,14.883,-10.58
5.067,16.542,-8.585
3.151,17.362,-11.771
2.046,14.076,-13.338
-0.957,11.832,-13.967
-2.205,9.222,-11.489
-4.341,6.085,-11.234
-6.935,4.969,-8.681
-9.285,2.057,-7.985
-11.824,2.351,-5.108
-12.207,-0.933,-3.258
-10.53,-3.26,-0.768
-7.542,-5.613,-0.632
-7.666,-9.328,-1.47
-9.495,-9.751,1.825
-12.582,-8.141,3.451
-11.632,-5.595,6.165
-15.246,-4.726,6.996
-14.1,-1.12,6.692
-14.772,1.226,3.78
-12.088,3.512,5.189
-9.514,1.943,2.88
-9.095,2.925,-0.769
-6.649,1.345,-3.208
-4.571,4.04,-4.897
-1.96,3.667,-7.638
0.994,6.064,-7.708
2.361,7.202,-11.073
5.701,5.402,-10.746
7.79,3.694,-8.0
11.063,4.99,-6.553
14.127,4.351,-8.715
16.094,1.693,-6.826
18.704,-0.769,-8.101
18.049,-4.498,-7.746
21.695,-5.227,-6.928
21.545,-2.984,-3.864
18.6,-4.958,-2.487
20.177,-8.305,-3.39
21.672,-8.423,0.107
18.343,-7.244,1.531
16.812,-10.54,0.413
19.163,-12.342,2.801
16.805,-11.349,5.616
14.808,-13.981,7.496
11.021,-14.203,7.867
11.563,-14.181,11.635
14.341,-12.542,13.63
15.975,-13.519,16.924
13.808,-15.465,19.352
12.41,-17.6,16.538
13.525,-20.665,14.491
15.4,-20.281,11.196
12.974,-19.114,8.506
13.08,-17.626,5.008
11.407,-14.286,4.293
8.99,-15.66,1.697
5.33,-16.56,1.085
4.183,-13.06,0.156
2.712,-13.686,-3.298
-0.873,-13.194,-4.467
-2.761,-14.675,-7.482
-4.733,-12.611,-9.995
-6.386,-14.961,-12.489
-8.747,-13.257,-14.997
-12.44,-13.967,-14.428
-13.794,-12.21,-17.517
-13.813,-8.403,-17.438
-13.518,-5.415,-15.101
-13.931,-1.636,-15.221
-11.232,0.42,-13.5
-11.819,4.111,-12.774
-8.45,5.885,-12.659
-7.355,9.523,-12.874
-5.51,8.858,-16.122
-6.746,6.855,-19.106
-35.513,3.267,28.204
-37.693,6.378,28.01
-38.705,7.098,24.411
-37.251,4.179,22.447
-36.747,0.65,23.781
-36.937,-2.988,22.726
-33.739,-2.97,20.663
-33.836,-3.342,16.887
-31.367,-5.903,15.559
-33.992,-7.715,13.489
-35.838,-4.511,12.607
-32.632,-2.602,11.908
-30.722,-2.366,8.582
-30.072,-5.874,7.268
-28.638,-7.387,4.076
-25.223,-5.792,3.579
-25.454,-6.771,-0.094
-28.758,-4.982,-0.705
-27.405,-1.833,0.943
-23.661,-1.713,0.277
-22.201,-2.95,-3.06
-19.268,-4.345,-1.077
-20.728,-7.851,-1.095
-22.302,-7.586,-4.542
-18.914,-6.444,-5.794
-15.828,-8.483,-4.931
-13.236,-5.725,-5.29
-11.478,-6.223,-1.954
-9.16,-8.967,-3.209
-6.414,-8.262,-5.813
-7.781,-8.455,-9.355
-6.235,-8.454,-12.833
-6.462,-4.849,-14.029
-6.054,-4.066,-17.734
-4.402,-0.885,-18.985
-6.693,-1.157,-22.009
-10.028,-1.263,-20.179
-8.878,1.71,-18.101
-10.22,5.186,-18.903
-8.798,8.703,-18.645
-10.665,10.152,-15.663
-9.526,13.723,-14.798
-11.769,13.599,-11.724
-8.757,13.565,-9.402
-5.78,15.481,-10.786
-2.538,16.341,-8.912
-2.914,19.733,-7.233
-0.547,19.992,-4.262
2.254,17.76,-2.969
4.687,18.527,-0.141
7.765,16.535,0.882
10.581,19.01,1.517
10.591,18.462,5.277
9.863,14.727,5.089
12.209,13.015,7.547
12.456,9.601,9.22
13.538,8.743,12.767
14.553,5.072,12.573
13.806,1.635,11.122
12.753,-1.342,13.251
12.401,-5.013,12.317
9.97,-7.611,13.654
12.178,-10.597,12.902
11.159,-10.705,9.24
9.341,-7.607,7.982
10.705,-4.071,8.23
8.735,-0.835,8.548
9.758,2.82,8.648
8.626,5.244,11.348
8.18,8.94,10.576
7.603,11.862,12.936
3.975,11.953,14.079
4.493,15.122,16.116
4.106,17.089,12.885
2.977,16.576,9.288
5.82,16.535,6.762
4.645,15.22,3.392
1.013,15.6,2.336
-1.059,15.037,-0.808
-4.28,16.494,-2.225
-6.336,16.135,-5.401
-7.734,18.853,-7.648
-11.412,19.1,-6.576
-10.572,17.039,-3.492
-10.226,19.277,-0.432
-8.947,16.562,1.88
-5.191,16.546,2.467
-3.584,13.237,3.461
-0.785,12.719,5.993
1.599,9.762,5.641
2.502,7.759,8.751
4.493,4.572,8.062
5.021,1.857,5.439
6.565,-1.588,4.919
7.749,-3.673,1.945
6.092,-6.818,0.559
7.867,-9.754,-1.092
6.934,-12.421,-3.614
8.213,-15.897,-4.428
8.92,-14.808,-8.0
11.553,-12.193,-8.858
9.178,-10.879,-11.508
5.869,-10.813,-9.64
4.216,-11.449,-6.285
2.622,-8.648,-4.265
-1.071,-7.777,-4.622
-2.973,-6.516,-7.69
-2.123,-7.357,-11.306
-2.279,-4.416,-13.721
-1.437,-4.611,-17.424
-1.745,-8.392,-17.093
1.427,-8.093,-15.007
1.363,-8.79,-11.265
3.289,-6.475,-8.945
6.533,-7.955,-7.6
6.338,-5.872,-4.42
4.466,-2.871,-3.0
4.616,-0.582,0.028
1.734,-0.197,2.476
1.368,3.551,2.975
-1.675,4.415,5.073
-2.549,8.109,4.997
-5.717,9.942,6.03
-7.163,13.381,6.75
-4.892,14.84,9.434
-7.377,17.649,10.084
-9.544,15.205,12.029
-6.603,13.827,13.98
-8.332,10.448,13.952
-8.952,7.753,11.342
-12.344,6.983,12.838
-13.436,10.482,11.874
-11.835,10.557,8.42
-13.752,7.399,7.48
-16.89,9.563,7.493
-16.227,10.204,3.801
-17.248,7.81,0.966
-13.523,7.234,0.481
-12.442,7.649,4.096
-8.692,7.238,3.662
-6.444,6.649,0.653
-3.328,4.61,-0.104
-0.295,5.368,-2.278
1.41,2.896,-4.591
5.192,2.722,-4.303
7.725,0.362,-5.931
5.01,-1.638,-7.704
7.267,-3.595,-10.07
11.02,-4.21,-10.065
13.343,-2.39,-12.443
15.75,0.545,-12.571
17.461,0.238,-9.184
18.839,3.173,-7.188
20.655,5.779,-9.369
23.432,5.634,-6.793
22.27,5.261,-3.199
24.397,2.288,-2.132
25.351,4.445,0.853
21.989,3.584,2.414
23.042,-0.067,2.358
25.931,0.775,4.684
23.696,1.858,7.558
21.37,-1.015,6.671
24.152,-3.516,7.328
23.577,-2.574,10.973
20.703,-5.065,10.895
22.432,-8.183,9.557
19.994,-10.259,11.599
16.224,-9.711,11.733
14.624,-8.696,15.019
17.068,-5.922,15.921
16.678,-2.14,15.804
18.626,0.774,14.321
18.407,4.552,13.91
17.848,6.202,10.526
17.422,9.945,9.969
17.99,12.495,7.189
15.746,10.783,4.635
16.339,11.608,0.968
13.29,13.397,-0.568
14.811,13.035,-4.041
13.777,9.393,-3.996
10.118,10.404,-4.031
10.356,12.749,-7.021
7.282,12.557,-9.327
7.895,11.149,-12.802
4.623,12.514,-14.192
1.426,14.337,-13.207
-0.715,11.224,-13.678
-1.657,8.017,-11.849
-4.234,5.238,-11.528
-6.805,4.337,-8.866
-8.866,1.386,-7.637
-12.005,2.095,-5.527
-12.842,-0.742,-3.162
-12.761,-1.697,0.513
-10.892,-3.699,3.158
-10.191,-7.424,2.826
-12.571,-8.001,5.73
-16.344,-8.785,5.571
-18.521,-6.083,3.899
-18.34,-3.392,6.578
-17.652,-0.202,4.632
-16.547,0.921,1.173
-14.918,3.991,2.696
-11.479,2.64,1.775
-9.864,3.398,-1.589
-6.453,2.275,-2.85
-4.57,4.677,-5.126
-1.53,3.702,-7.204
1.081,6.026,-8.7
2.018,5.976,-12.386
5.751,5.294,-12.063
7.04,5.45,-8.443
10.562,4.641,-7.253
11.468,0.957,-7.534
14.457,-1.373,-7.178
15.875,-3.875,-9.675
15.916,-7.571,-8.769
19.627,-7.554,-9.618
20.435,-5.595,-6.463
18.092,-7.878,-4.526
20.254,-10.9,-5.347
22.825,-9.596,-2.865
20.24,-8.565,-0.27
19.198,-12.224,-0.125
22.278,-12.781,2.037
20.526,-11.034,4.926
18.546,-13.083,7.444
14.742,-13.131,7.382
14.536,-13.946,11.099
17.7,-13.434,13.125
20.829,-15.578,12.903
20.618,-19.357,12.815
18.365,-19.482,9.768
19.235,-20.462,6.148
19.475,-17.432,3.861
16.074,-17.073,2.187
13.928,-14.341,0.633
11.47,-12.585,2.948
8.564,-13.731,0.779
5.218,-13.862,2.593
3.307,-10.672,1.805
2.468,-11.902,-1.698
-1.064,-12.078,-3.098
-2.705,-13.593,-6.224
-5.0,-11.852,-8.716
-6.062,-14.313,-11.417
-8.418,-12.791,-14.05
-12.018,-14.008,-13.833
-13.188,-12.554,-17.147
-13.194,-8.754,-17.391
-13.919,-5.497,-15.557
-13.659,-1.726,-16.001
-11.436,0.233,-13.618
-11.075,3.998,-13.197
-7.785,5.901,-13.111
-6.459,9.466,-13.113
-4.561,8.44,-16.233
-5.748,6.837,-19.483
-6.487,-1.953,37.771
-5.838,-4.867,35.41
-3.267,-7.67,35.363
-4.669,-9.794,32.538
-5.26,-8.223,29.122
-5.317,-9.741,25.646
-7.783,-12.553,26.3
-11.38,-13.034,27.394
-13.558,-15.717,25.821
-16.152,-15.566,28.596
-16.304,-11.808,28.021
-17.207,-12.218,24.359
-16.119,-13.668,20.972
-12.829,-12.642,19.357
-10.79,-13.15,16.179
-12.815,-11.634,13.337
-10.958,-13.999,11.005
-12.559,-17.08,12.566
-15.991,-15.48,12.148
-16.35,-13.446,8.949
-14.114,-12.896,5.867
-14.013,-9.169,6.633
-10.584,-9.026,8.256
-9.4,-12.248,6.625
-10.687,-11.175,3.22
-10.223,-7.53,2.25
-6.829,-6.944,0.629
-7.114,-10.263,-1.197
-8.697,-9.025,-4.429
-6.18,-9.338,-7.322
-7.499,-8.138,-10.674
-6.064,-7.843,-14.184
-5.691,-4.116,-14.845
-5.24,-3.061,-18.474
-3.74,0.289,-19.46
-6.063,0.178,-22.467
-9.251,-0.461,-20.494
-8.266,2.418,-18.221
-9.66,5.902,-18.846
-9.114,9.433,-17.539
-11.431,10.365,-14.659
-11.822,14.161,-14.179
-14.135,13.664,-11.199
-11.757,15.12,-8.612
-8.015,15.462,-9.166
-5.503,16.436,-6.418
-4.725,20.102,-5.791
-1.095,20.308,-4.666
1.617,17.79,-3.762
5.044,18.539,-2.283
7.819,16.092,-1.412
11.14,17.731,-2.265
12.079,18.096,1.395
10.913,14.563,2.192
13.548,12.985,4.438
13.735,9.86,6.604
14.959,9.756,10.202
14.473,6.201,11.488
13.438,2.756,10.232
11.818,0.323,12.68
10.16,-3.054,12.055
6.679,-4.145,13.139
7.647,-7.744,13.845
6.898,-8.691,10.249
7.47,-5.852,7.781
9.513,-2.652,7.761
8.176,0.852,7.139
9.865,4.233,6.712
8.939,7.406,8.604
9.654,11.131,8.306
11.318,13.538,10.736
8.879,14.491,13.494
10.769,17.788,13.656
8.468,19.126,10.933
6.235,18.252,7.98
8.138,17.325,4.818
5.782,16.139,2.071
2.188,17.382,1.938
-0.824,15.656,0.383
-4.279,17.167,-0.155
-7.223,16.301,-2.384
-8.769,19.317,-4.08
-10.2,22.17,-1.938
-9.92,19.91,1.115
-9.243,22.065,4.181
-8.555,19.019,6.339
-5.205,18.382,4.665
-2.569,16.305,6.465
1.046,15.373,5.737
1.676,11.624,5.879
4.553,9.551,4.487
5.091,5.924,5.508
5.263,2.695,3.486
6.552,-0.884,3.55
8.013,-3.285,0.976
6.922,-6.736,-0.213
8.783,-9.766,-1.575
7.007,-13.023,-2.359
8.699,-16.423,-2.39
9.267,-15.973,-6.125
12.36,-14.118,-7.354
10.935,-13.556,-10.824
7.505,-12.102,-10.107
4.725,-12.208,-7.537
2.799,-8.956,-7.153
-0.805,-8.719,-5.944
-2.461,-7.093,-8.962
-1.199,-6.985,-12.552
-1.428,-3.75,-14.538
-0.652,-3.373,-18.248
-1.065,-7.161,-18.406
2.388,-7.276,-16.792
3.268,-8.472,-13.287
5.865,-7.067,-10.881
8.156,-8.717,-8.332
7.567,-6.463,-5.327
5.424,-3.46,-4.386
5.438,-0.733,-1.73
2.361,0.082,0.359
1.79,3.696,1.411
-1.185,4.314,3.71
-2.989,7.653,4.072
-5.427,9.093,6.623
-6.785,12.423,7.859
-5.801,13.94,11.208
-9.381,15.087,11.807
-10.143,11.515,12.862
-7.24,11.555,15.297
-6.178,8.093,14.157
-6.869,5.212,11.772
-9.12,3.741,14.448
-11.734,6.475,14.102
-10.996,6.921,10.402
-11.983,3.363,9.481
-15.309,4.19,11.131
-16.163,6.149,7.978
-16.696,5.232,4.279
-14.07,7.648,2.97
-12.359,8.214,6.307
-8.976,7.023,5.053
-7.473,5.836,1.765
-4.873,3.225,0.818
-2.226,4.225,-1.725
-0.896,1.093,-3.395
2.26,1.478,-5.469
3.891,-1.216,-7.605
7.685,-1.126,-7.794
9.341,-1.6,-11.18
12.299,-3.917,-11.78
15.46,-2.484,-13.322
18.231,0.049,-12.7
20.874,-1.572,-10.495
22.254,-0.011,-7.308
23.648,3.453,-8.238
25.51,3.536,-4.938
23.38,3.007,-1.839
25.729,0.636,-0.014
25.581,3.16,2.833
22.245,1.791,4.055
23.345,-1.782,3.339
25.83,-1.437,6.202
23.228,-0.405,8.778
20.727,-2.854,7.295
22.813,-5.893,8.206
22.174,-4.698,11.763
18.38,-4.702,11.513
18.38,-8.232,10.09
15.904,-9.474,12.702
12.651,-7.716,13.598
12.808,-5.463,16.64
15.884,-3.515,15.57
16.228,-0.108,13.926
18.739,2.209,12.256
18.906,5.998,11.954
19.348,7.508,8.494
19.037,11.22,7.733
19.896,13.426,4.74
17.851,11.464,2.205
18.095,12.301,-1.499
14.652,11.753,-3.126
16.121,13.304,-6.271
18.693,10.553,-6.62
15.774,8.175,-7.07
13.303,10.711,-8.474
11.813,9.209,-11.691
11.32,11.412,-14.757
7.953,9.69,-15.201
4.746,10.65,-13.39
1.285,9.063,-13.401
-1.413,8.026,-10.926
-4.617,5.983,-11.126
-7.646,5.487,-8.87
-10.292,2.845,-8.15
-12.741,2.195,-5.243
-11.722,-0.853,-3.236
-13.946,-3.427,-1.54
-13.734,-6.645,0.485
-12.96,-10.068,-1.017
-16.56,-10.381,-2.19
-18.304,-8.196,-4.853
-18.247,-4.389,-4.281
-19.853,-4.032,-0.854
-17.436,-2.685,1.761
-16.179,0.516,0.141
-14.571,1.559,3.427
-11.172,0.858,1.907
-10.006,2.511,-1.311
-7.343,0.878,-3.477
-4.985,3.051,-5.509
-2.569,1.682,-8.116
0.64,3.113,-9.585
0.294,6.239,-7.447
4.044,6.871,-7.665
6.34,4.035,-8.893
9.962,3.973,-7.723
13.138,2.845,-9.496
14.469,-0.25,-7.721
16.197,-3.437,-8.885
16.304,-6.994,-7.552
19.98,-6.329,-6.845
18.92,-3.757,-4.26
16.315,-6.174,-2.927
19.137,-8.624,-2.249
19.922,-6.701,0.937
16.283,-6.185,1.937
15.536,-9.89,1.51
18.249,-10.648,4.065
15.817,-9.796,6.864
13.921,-12.588,8.609
10.181,-13.285,8.573
10.388,-12.467,12.286
12.747,-11.381,15.055
14.649,-13.499,17.573
12.679,-15.772,19.875
11.273,-17.924,17.084
12.552,-20.553,14.575
14.969,-19.109,12.01
12.964,-18.226,8.9
13.354,-15.922,5.893
10.796,-13.274,4.928
8.915,-15.025,2.115
5.431,-15.893,0.843
4.642,-12.18,0.713
2.87,-12.665,-2.618
-0.799,-13.053,-3.519
-2.837,-14.962,-6.169
-3.803,-13.446,-9.521
-6.405,-15.807,-10.994
-7.985,-13.843,-13.91
-11.779,-13.753,-13.665
-12.449,-12.578,-17.217
-11.466,-8.98,-17.961
-13.239,-6.387,-15.794
-13.1,-2.636,-16.416
-10.631,-0.378,-14.602
-10.816,3.384,-14.056
-8.156,5.984,-13.254
-7.669,9.67,-12.498
-5.081,9.762,-15.27
-5.661,8.839,-18.92
-29.318,-2.569,-29.01
-31.115,-5.614,-30.415
-30.872,-8.13,-27.564
-27.327,-9.51,-27.577
-26.847,-10.792,-24.028
-29.262,-12.024,-21.377
-28.196,-14.78,-18.99
-26.948,-13.52,-15.638
-29.438,-10.667,-15.884
-32.139,-13.119,-14.797
-30.179,-14.631,-11.907
-29.777,-11.173,-10.394
-26.663,-9.228,-11.534
-27.368,-6.124,-9.453
-30.229,-4.847,-7.296
-29.4,-4.057,-3.669
-25.925,-2.958,-4.767
-27.561,0.269,-5.939
-26.703,1.661,-2.501
-22.966,0.947,-2.523
-20.724,1.318,-5.631
-18.452,-1.319,-4.108
-20.064,-3.838,-6.45
-18.922,-1.729,-9.394
-15.372,-2.128,-8.138
-13.859,-5.551,-7.499
-14.813,-6.489,-3.93
-11.54,-4.829,-2.94
-9.316,-7.642,-4.226
-6.45,-8.24,-6.729
-7.753,-8.036,-10.29
-6.525,-7.689,-13.872
-6.013,-3.963,-14.456
-5.561,-2.763,-18.039
-3.794,0.49,-18.904
-4.733,0.545,-22.585
-8.326,-0.242,-21.612
-8.296,2.226,-18.718
-10.242,5.472,-19.085
-9.049,8.978,-18.228
-11.273,10.863,-15.784
-10.248,14.527,-15.226
-13.284,15.006,-12.98
-10.931,15.882,-10.123
-7.339,17.094,-10.414
-4.855,17.418,-7.486
-4.84,20.946,-6.059
-1.712,21.153,-3.893
0.912,18.715,-2.612
3.89,19.244,-0.292
6.753,16.881,0.529
9.818,18.959,1.384
9.794,18.407,5.139
9.061,14.723,4.57
11.909,12.749,6.143
12.521,9.428,7.901
13.405,9.269,11.595
14.238,5.594,12.14
13.56,2.053,10.916
12.614,-0.572,13.511
11.459,-4.143,12.89
9.05,-6.312,14.882
11.139,-9.464,14.629
9.055,-10.497,11.632
8.014,-7.558,9.45
9.793,-4.279,8.738
8.206,-0.846,8.336
9.629,2.633,7.746
8.284,5.345,10.044
8.657,9.053,9.298
9.438,11.805,11.814
5.997,12.91,13.017
7.486,15.71,15.119
5.354,18.322,13.345
4.675,17.914,9.624
6.105,16.277,6.5
4.053,15.784,3.338
0.433,16.548,2.502
-1.577,15.644,-0.603
-5.057,16.956,-1.411
-7.282,16.408,-4.432
-9.479,19.428,-5.059
-10.518,22.656,-3.258
-10.925,20.521,-0.137
-8.86,21.329,2.953
-8.701,17.715,4.093
-5.223,16.851,2.841
-3.919,13.373,3.676
-0.698,12.999,5.671
1.836,10.212,5.118
2.861,8.018,8.061
4.726,4.825,7.114
4.893,1.931,4.634
6.175,-1.638,4.291
7.484,-3.935,1.533
6.2,-7.248,0.145
7.691,-10.291,-1.593
6.287,-13.043,-3.801
6.595,-16.741,-3.005
7.83,-17.386,-6.541
11.458,-16.897,-7.58
10.283,-14.843,-10.543
7.444,-12.508,-9.584
4.324,-12.051,-7.481
3.188,-8.67,-6.171
-0.614,-8.484,-6.026
-2.484,-6.583,-8.741
-1.96,-6.944,-12.491
-1.794,-3.55,-14.197
-1.248,-3.264,-17.945
-1.671,-7.042,-18.162
1.556,-7.307,-16.153
2.572,-8.152,-12.583
5.452,-6.953,-10.397
7.796,-8.812,-8.04
6.797,-6.76,-4.995
4.898,-3.654,-3.885
5.139,-1.175,-1.009
2.065,-0.419,1.109
1.898,3.272,2.005
-1.13,4.549,3.91
-1.759,8.287,4.223
-4.855,9.469,6.094
-5.999,12.938,7.144
-4.133,14.056,10.263
-7.485,15.431,11.414
-8.384,11.909,12.518
-4.923,10.981,13.76
-5.66,7.405,12.719
-7.388,5.271,10.088
-9.816,4.056,12.737
-11.52,7.439,12.982
-11.101,8.048,9.253
-13.091,5.026,8.071
-15.896,6.526,10.163
-16.401,8.925,7.252
-17.709,8.537,3.654
-14.237,9.57,2.486
-12.371,7.391,4.979
-8.668,7.497,4.139
-6.504,7.492,1.009
-3.925,4.809,0.207
-0.97,5.324,-2.137
0.006,2.613,-4.602
3.619,2.164,-5.678
4.666,-1.066,-7.384
8.181,-2.461,-6.992
9.948,-4.467,-9.707
13.43,-6.0,-9.603
16.108,-5.749,-12.277
16.568,-2.131,-13.331
20.06,-1.066,-12.24
20.82,0.466,-8.843
19.917,4.17,-8.338
23.034,4.6,-6.224
21.771,3.024,-3.007
25.048,1.204,-2.372
25.176,3.29,0.806
22.287,1.292,2.263
24.552,-1.754,2.018
26.808,-0.237,4.678
24.025,0.348,7.197
22.546,-3.0,6.164
25.292,-5.057,7.787
24.364,-3.111,10.927
20.7,-4.128,10.98
21.587,-7.82,10.803
19.702,-8.608,14.013
15.9,-8.469,13.882
13.993,-6.363,16.392
16.614,-3.608,16.504
16.271,0.014,15.379
18.622,2.152,13.291
19.097,5.648,11.877
17.104,6.731,8.821
18.607,5.561,5.527
17.775,4.899,1.865
17.415,8.562,0.891
16.624,9.597,-2.689
18.061,13.074,-3.484
17.326,12.659,-7.19
14.208,10.598,-6.547
12.49,13.844,-5.588
11.486,14.188,-9.245
7.95,15.544,-9.948
5.257,12.939,-9.306
3.153,14.59,-12.028
-0.653,14.658,-11.975
-1.441,11.237,-13.448
-2.385,7.975,-11.727
-4.91,5.131,-11.778
-7.54,4.436,-9.118
-10.367,1.982,-8.456
-12.852,2.308,-5.526
-13.193,-0.654,-3.184
-14.301,-1.557,0.344
-12.993,-1.736,3.914
-10.572,-4.43,5.093
-13.643,-6.665,5.239
-15.764,-7.843,2.239
-17.858,-5.26,0.291
-19.23,-3.209,3.187
-18.156,0.427,2.823
-16.516,2.331,-0.032
-15.131,4.736,2.566
-11.724,3.473,1.438
-10.528,3.604,-2.174
-7.426,2.052,-3.734
-5.105,4.515,-5.47
-2.043,3.657,-7.554
0.485,6.13,-8.953
1.354,5.93,-12.653
5.073,6.055,-11.829
5.989,2.976,-9.713
9.441,2.713,-8.136
11.828,0.041,-9.41
14.602,-1.624,-7.409
17.651,-3.596,-8.551
18.236,-7.322,-8.068
21.564,-6.367,-6.502
19.891,-3.804,-4.242
17.852,-6.425,-2.381
20.55,-9.065,-2.881
22.324,-7.852,0.263
19.007,-7.984,2.128
18.626,-11.65,1.199
21.755,-12.309,3.255
20.179,-11.058,6.491
17.197,-12.553,8.323
13.831,-10.836,8.811
12.783,-13.096,11.695
14.642,-13.064,15.001
14.088,-15.242,18.063
10.56,-16.495,18.646
9.964,-16.572,14.894
10.574,-19.203,12.146
13.772,-18.679,10.143
12.239,-17.236,6.974
12.93,-14.38,4.55
10.088,-11.825,4.551
7.768,-14.682,3.604
3.962,-14.604,3.599
4.109,-11.206,1.898
2.287,-12.051,-1.336
-1.261,-12.037,-2.701
-2.847,-14.132,-5.526
-4.299,-12.399,-8.589
-7.694,-12.844,-10.25
-9.28,-11.937,-13.638
-11.149,-8.626,-13.807
-13.965,-10.271,-15.77
-15.225,-6.719,-16.307
-13.115,-5.892,-19.372
-13.282,-2.257,-18.234
-11.197,-0.615,-15.506
-11.54,2.98,-14.307
-8.789,5.37,-13.242
-8.077,8.977,-12.304
-5.803,9.581,-15.279
-5.299,7.651,-18.518
-43.683,-21.065,17.458
-45.962,-18.068,16.911
-43.903,-15.855,14.596
-40.428,-17.276,15.206
-37.687,-19.073,13.28
-34.251,-20.545,13.899
-32.87,-23.056,16.387
-29.976,-21.545,18.316
-27.357,-18.798,18.145
-24.442,-20.902,19.385
-25.794,-23.795,17.32
-25.883,-21.717,14.152
-23.451,-19.772,11.903
-21.946,-16.663,13.49
-18.521,-16.437,11.852
-18.594,-13.054,10.109
-15.109,-13.977,8.916
-16.751,-16.152,6.266
-19.448,-13.549,5.57
-18.413,-9.889,5.662
-14.981,-8.792,4.311
-14.634,-6.825,7.544
-14.115,-9.884,9.737
-12.249,-11.746,7.004
-9.637,-9.009,7.199
-8.361,-9.216,3.628
-10.644,-6.984,1.56
-8.39,-6.848,-1.502
-8.689,-8.789,-4.759
-5.691,-8.707,-7.168
-6.847,-9.126,-10.761
-5.799,-8.37,-14.334
-6.404,-4.64,-14.742
-6.907,-3.304,-18.267
-5.434,0.089,-19.119
-6.997,-0.038,-22.579
-10.541,-0.59,-21.329
-9.955,1.781,-18.415
-11.72,5.151,-18.425
-10.81,8.451,-16.776
-13.263,10.369,-14.593
-13.339,14.188,-14.105
-14.254,13.671,-10.445
-10.735,14.086,-9.053
-7.986,16.591,-9.858
-4.228,15.958,-10.393
-2.482,15.742,-7.024
1.074,16.823,-6.194
3.538,15.235,-3.771
5.895,17.2,-1.526
9.196,16.104,0.005
11.369,19.186,0.457
11.965,18.136,4.058
10.93,14.469,3.929
12.746,12.68,6.754
12.309,9.407,8.644
12.419,8.914,12.412
13.109,5.182,12.786
12.383,1.697,11.445
10.835,-1.084,13.528
10.052,-4.699,12.638
7.131,-6.935,13.613
9.198,-10.112,13.717
8.709,-10.631,9.986
7.982,-7.497,7.947
9.561,-4.07,8.382
7.9,-0.659,8.123
9.145,2.927,8.419
7.42,5.621,10.477
7.622,9.351,9.757
7.568,12.138,12.346
4.014,13.271,13.09
5.07,16.252,15.205
6.013,17.883,11.903
4.623,16.699,8.557
7.686,16.347,6.332
6.229,14.965,3.1
2.58,15.704,2.319
0.44,15.693,-0.834
-2.869,17.295,-1.837
-5.534,16.313,-4.345
-9.23,15.847,-5.038
-11.954,18.472,-4.35
-11.579,18.424,-0.56
-8.842,20.669,0.832
-7.846,17.895,3.216
-4.166,16.989,2.985
-2.785,13.448,2.863
0.315,12.517,4.867
2.384,9.333,4.523
2.327,6.832,7.384
4.378,3.686,6.725
5.147,1.055,4.083
5.583,-2.727,4.24
6.234,-5.834,2.13
3.885,-8.749,1.437
4.744,-12.43,1.884
4.517,-15.002,-0.899
5.613,-18.413,-2.167
7.897,-17.216,-4.964
10.62,-14.587,-4.593
11.306,-13.186,-8.049
8.108,-12.018,-9.726
4.362,-11.754,-9.199
2.768,-8.478,-8.123
-0.755,-7.89,-6.801
-2.63,-6.149,-9.618
-1.571,-5.94,-13.268
-2.401,-2.884,-15.373
-2.191,-2.857,-19.168
-1.749,-6.633,-18.942
1.626,-5.865,-17.364
2.803,-7.547,-14.16
5.533,-6.322,-11.81
8.015,-8.113,-9.546
7.138,-6.512,-6.209
4.978,-3.724,-4.785
5.233,-1.389,-1.787
2.182,-0.614,0.35
2.18,2.951,1.691
-0.898,4.195,3.546
-1.862,7.848,3.993
-3.965,9.406,6.757
-5.817,12.732,6.739
-4.601,15.324,9.245
-7.981,17.061,9.075
-9.218,14.57,11.663
-6.002,14.649,13.668
-6.957,11.218,14.989
-6.876,7.653,13.662
-9.845,6.576,15.761
-11.994,9.37,14.354
-10.694,8.753,10.836
-11.559,5.053,10.642
-15.105,6.12,11.522
-15.327,8.41,8.497
-15.342,7.158,4.862
-12.67,9.755,4.12
-10.674,9.269,7.313
-7.62,7.736,5.662
-6.711,6.752,2.103
-4.553,3.751,1.212
-2.018,4.128,-1.597
-0.672,1.256,-3.673
2.961,1.503,-4.744
4.549,-0.768,-7.358
8.126,-1.92,-7.961
10.038,-2.663,-11.167
13.511,-4.083,-11.803
16.071,-1.593,-13.085
17.873,1.612,-12.138
21.151,0.167,-10.858
22.677,1.454,-7.612
24.243,4.906,-8.297
26.289,4.674,-5.112
24.419,3.729,-1.947
26.772,0.917,-0.937
27.617,3.016,2.127
24.09,2.466,3.437
24.477,-1.284,2.924
26.771,-1.295,5.963
24.247,0.755,7.927
21.525,-1.795,7.17
23.341,-4.569,9.016
22.707,-2.436,12.1
19.188,-3.886,12.245
19.521,-7.217,10.425
17.483,-8.848,13.193
13.867,-8.054,14.081
13.177,-5.876,17.103
15.967,-3.408,16.38
15.732,0.165,15.095
17.747,2.789,13.222
17.435,6.511,12.514
17.937,7.977,9.041
18.027,11.42,7.434
17.772,12.962,3.962
14.957,10.693,2.78
13.885,11.597,-0.76
12.765,8.65,-2.961
10.558,10.842,-5.152
13.52,13.139,-5.722
14.233,11.13,-8.867
10.588,10.913,-9.955
8.83,13.88,-11.678
5.692,15.428,-10.179
4.128,15.19,-13.639
2.437,11.792,-13.955
-0.95,10.081,-14.242
-2.583,7.352,-12.15
-5.616,5.063,-12.108
-8.17,4.964,-9.292
-10.256,2.11,-7.893
-11.283,2.63,-4.224
-11.818,-0.531,-2.206
-14.815,1.034,-0.484
-18.421,1.876,-1.445
-18.967,-1.378,-3.353
-18.286,-3.072,-0.017
-20.759,-3.561,2.898
-21.836,-0.464,4.919
-19.197,-1.353,7.519
-15.82,-0.64,5.926
-15.737,2.47,3.736
-12.506,4.144,4.85
-10.196,2.055,2.668
-9.43,3.125,-0.902
-7.054,1.472,-3.366
-4.98,3.87,-5.455
-2.361,2.998,-8.08
0.358,5.095,-9.718
1.289,4.931,-13.402
5.044,5.434,-13.001
6.205,3.624,-9.812
9.748,3.638,-8.433
12.271,1.26,-10.005
14.558,-0.798,-7.771
17.801,-2.49,-8.827
18.141,-6.274,-8.69
21.261,-5.632,-6.616
19.341,-3.671,-3.975
17.227,-6.711,-3.095
20.473,-8.531,-2.314
20.964,-6.409,0.808
17.542,-7.34,2.184
18.532,-11.008,1.965
21.142,-10.315,4.647
18.299,-9.939,7.149
16.81,-12.826,9.133
13.31,-14.329,9.098
12.646,-13.27,12.7
16.005,-12.383,14.224
19.259,-13.879,15.479
19.471,-17.633,15.932
17.266,-18.041,12.867
18.215,-19.895,9.625
18.955,-17.758,6.56
15.409,-17.468,5.206
13.641,-14.636,3.382
11.307,-12.8,5.756
8.945,-12.198,2.842
8.509,-12.86,-0.88
6.93,-11.332,-3.988
4.097,-13.712,-4.872
0.519,-12.439,-5.108
-2.672,-13.677,-6.871
-3.689,-12.353,-10.284
-6.857,-14.183,-11.321
-8.31,-12.399,-14.411
-11.594,-10.714,-13.499
-12.49,-10.741,-17.195
-13.795,-7.224,-16.577
-14.443,-5.035,-19.624
-14.272,-1.682,-17.825
-12.169,-0.544,-14.869
-12.712,2.842,-13.215
-9.671,5.131,-13.214
-8.462,8.732,-13.349
-6.329,8.075,-16.422
-7.463,7.704,-20.03
-45.447,-28.964,22.135
-41.894,-27.673,22.561
-40.886,-26.472,19.095
-38.43,-23.575,18.903
-37.559,-21.842,15.631
-34.46,-19.807,14.822
-34.761,-19.467,11.048
-36.153,-16.655,8.918
-34.055,-15.351,6.032
-36.992,-13.861,4.124
-38.139,-12.211,7.353
-35.118,-9.936,7.609
-33.668,-8.967,4.185
-30.133,-7.568,4.37
-28.64,-7.372,0.869
-25.091,-6.052,1.214
-24.844,-5.409,-2.528
-27.915,-3.19,-2.204
-26.083,-0.843,0.169
-22.333,-1.499,0.101
-20.804,-1.648,-3.431
-18.328,-4.115,-1.945
-20.684,-7.067,-2.364
-22.088,-5.936,-5.713
-18.578,-5.842,-7.139
-16.486,-7.923,-4.747
-13.203,-6.013,-4.612
-12.025,-7.377,-1.266
-9.585,-9.635,-3.121
-6.957,-9.48,-5.932
-8.505,-9.51,-9.401
-7.278,-9.199,-12.989
-8.118,-5.588,-13.841
-7.966,-4.17,-17.369
-6.583,-0.707,-18.1
-8.663,-0.708,-21.285
-12.0,-0.925,-19.466
-10.804,1.978,-17.323
-12.526,5.37,-17.545
-11.112,8.906,-17.558
-11.965,10.667,-14.289
-10.125,14.017,-13.838
-11.509,14.556,-10.335
-8.2,14.393,-8.471
-6.13,17.257,-9.889
-2.628,18.265,-8.674
-2.629,21.503,-6.68
-0.131,21.456,-3.809
2.476,18.896,-2.728
5.204,19.112,-0.082
8.149,16.745,0.383
11.324,18.812,0.723
11.945,18.432,4.445
10.524,14.904,4.373
13.029,12.7,6.198
13.131,9.509,8.263
14.723,9.31,11.71
14.583,5.609,12.606
13.22,2.232,11.499
11.968,-0.521,13.819
11.266,-4.177,13.027
8.525,-6.452,14.367
10.597,-9.632,14.3
9.455,-10.352,10.748
7.865,-7.26,9.194
9.584,-3.875,9.271
8.339,-0.477,8.096
9.954,2.972,7.935
8.552,5.84,10.003
8.934,9.595,9.522
8.916,12.505,11.975
5.44,12.706,13.513
6.258,15.819,15.539
5.983,17.791,12.292
4.422,17.517,8.832
6.978,16.193,6.344
5.417,15.255,3.003
1.745,15.887,2.235
-0.465,16.032,-0.863
-3.414,18.161,-1.972
-5.92,17.99,-4.809
-7.685,20.612,-6.892
-11.421,20.872,-6.022
-11.278,18.884,-2.776
-9.396,20.473,0.124
-8.408,17.091,1.526
-4.733,16.745,2.417
-3.009,13.36,2.226
-0.596,12.721,5.095
2.409,10.389,4.997
3.437,8.241,7.967
5.073,4.901,7.121
5.63,2.565,4.165
7.09,-0.843,3.28
8.06,-2.956,0.249
6.76,-6.339,-0.952
8.472,-9.216,-2.779
7.72,-12.444,-4.626
9.225,-15.924,-4.918
9.057,-15.632,-8.706
11.33,-13.503,-10.895
8.432,-12.384,-13.066
5.326,-11.674,-10.995
3.714,-12.363,-7.636
2.284,-9.544,-5.52
-1.49,-9.059,-5.356
-3.592,-7.456,-8.102
-3.157,-8.118,-11.822
-3.453,-5.093,-14.108
-3.305,-5.367,-17.892
-3.405,-9.156,-17.474
-0.064,-8.805,-15.69
0.57,-9.324,-11.974
3.0,-7.081,-10.085
6.325,-8.659,-9.115
6.902,-6.257,-6.229
5.221,-3.106,-4.908
5.609,-0.862,-1.867
2.677,0.079,0.371
2.182,3.775,1.14
0.181,4.542,4.273
-1.766,7.805,4.09
-4.469,9.424,6.22
-6.079,12.868,6.045
-5.318,14.937,9.146
-8.58,16.855,8.739
-10.274,13.984,10.566
-7.917,14.21,13.53
-8.332,10.518,14.308
-8.646,7.31,12.286
-11.885,6.681,14.157
-13.745,9.472,12.377
-11.836,8.799,9.16
-12.964,5.188,8.759
-16.481,6.603,9.113
-16.337,7.478,5.413
-14.718,6.031,2.232
-12.576,9.171,2.029
-11.072,8.493,5.449
-7.607,7.234,4.517
-5.913,6.261,1.248
-3.257,3.697,0.296
-0.837,4.521,-2.527
1.043,1.762,-4.328
4.29,2.12,-6.263
5.724,-0.581,-8.531
9.234,-1.885,-7.861
11.435,-3.757,-10.345
15.168,-4.385,-10.75
16.593,-1.795,-13.131
19.645,0.386,-12.553
22.256,0.177,-9.796
22.291,2.213,-6.582
21.568,5.886,-7.49
22.486,6.953,-3.967
21.02,4.882,-1.131
24.232,4.123,0.761
22.51,5.28,3.955
19.75,2.748,3.282
22.08,-0.196,2.672
24.158,0.763,5.71
21.25,0.996,8.154
19.766,-2.402,7.268
23.261,-3.871,7.233
22.826,-3.832,11.004
19.339,-5.36,11.041
20.531,-8.66,9.565
17.874,-10.394,11.649
14.332,-9.126,12.208
13.525,-7.781,15.653
16.214,-5.102,15.715
16.309,-1.403,14.847
18.678,1.433,13.95
18.593,5.231,13.745
19.261,6.929,10.406
18.834,10.452,9.037
19.197,12.341,5.745
16.969,9.99,3.743
16.679,10.314,-0.034
13.33,12.035,-0.835
13.762,11.335,-4.549
13.234,7.678,-3.715
9.497,8.265,-4.025
9.703,11.201,-6.441
6.76,10.867,-8.905
7.839,10.731,-12.551
4.405,11.841,-13.77
1.228,13.523,-12.517
-1.098,10.82,-13.85
-2.186,7.419,-12.515
-5.021,4.906,-12.164
-7.062,3.808,-9.132
-8.844,0.634,-8.002
-10.707,1.288,-4.698
-11.008,-1.847,-2.584
-12.224,-3.012,0.828
-10.987,-5.004,3.835
-9.562,-8.496,3.296
-12.71,-9.736,5.016
-16.342,-9.898,3.721
-18.005,-6.583,2.671
-16.673,-4.331,5.434
-15.741,-0.931,3.982
-13.976,0.563,0.964
-12.09,2.759,3.427
-8.945,1.659,1.583
-7.933,3.177,-1.758
-5.63,1.659,-4.372
-3.328,3.983,-6.306
-1.023,2.903,-9.139
1.33,5.208,-11.049
1.714,4.987,-14.828
4.936,2.96,-14.719
7.18,3.509,-11.641
10.36,1.532,-10.954
12.94,2.064,-8.201
15.375,-0.738,-7.332
19.115,-0.881,-6.636
21.548,-3.788,-6.932
22.827,-2.892,-3.464
19.537,-3.178,-1.574
19.04,-6.533,-3.281
22.536,-7.742,-2.411
21.843,-7.413,1.312
18.21,-8.422,0.799
19.351,-12.011,0.293
21.15,-11.895,3.642
17.834,-11.101,5.329
15.178,-13.663,6.25
11.378,-13.685,6.494
11.59,-14.137,10.263
14.325,-13.049,12.659
16.25,-15.21,15.129
14.412,-17.942,17.002
13.317,-19.776,13.865
15.0,-21.645,10.947
16.224,-19.747,7.885
13.384,-18.379,5.745
12.97,-16.362,2.545
11.342,-12.923,2.671
9.697,-13.881,-0.618
6.734,-16.189,-1.296
4.157,-13.653,-0.128
1.861,-13.092,-3.112
-1.926,-13.021,-3.436
-3.653,-14.928,-6.31
-6.064,-12.947,-8.487
-9.095,-14.15,-10.45
-11.559,-12.183,-12.657
-15.229,-12.607,-11.737
-16.674,-10.781,-14.744
-14.819,-7.602,-15.706
-15.704,-4.627,-13.494
-14.825,-1.012,-14.303
-11.705,0.639,-12.878
-11.68,4.41,-12.378
-8.445,6.317,-12.984
-6.889,9.769,-12.739
-5.37,9.061,-16.134
-7.345,8.373,-19.314
-48.527,-13.227,8.717
-45.308,-15.236,8.985
-44.061,-18.798,8.495
-41.321,-20.619,10.415
-40.175,-18.124,13.048
-38.069,-18.382,16.19
-34.367,-18.167,15.381
-31.584,-18.226,17.954
-30.162,-14.845,16.982
-31.301,-13.431,20.328
-28.749,-15.599,22.136
-25.997,-13.868,20.184
-26.593,-10.314,18.853
-23.391,-9.928,16.839
-24.783,-8.705,13.513
-22.405,-6.163,11.978
-24.514,-5.877,8.816
-27.337,-4.464,10.943
-25.442,-1.202,11.441
-22.912,-0.795,8.63
-23.333,-1.983,4.997
-19.93,-3.677,5.165
-21.229,-7.225,5.544
-24.706,-6.315,4.306
-23.133,-5.577,0.937
-21.045,-8.172,-0.893
-19.32,-7.217,-4.146
-16.039,-9.123,-3.873
-14.382,-9.521,-7.279
-10.535,-9.615,-7.385
-9.11,-8.935,-10.842
-5.682,-8.156,-12.303
-5.465,-4.364,-12.539
-5.489,-3.272,-16.182
-3.821,-0.072,-17.357
-5.242,-0.204,-20.882
-8.75,-0.686,-19.489
-8.226,2.278,-17.164
-9.614,5.683,-18.147
-8.086,9.151,-17.787
-9.714,11.247,-15.059
-8.838,14.98,-15.296
-11.582,15.809,-12.79
-9.08,16.673,-10.057
-6.692,19.622,-10.4
-2.913,19.512,-9.676
-2.211,20.909,-6.211
0.503,20.962,-3.534
2.245,17.716,-2.588
5.086,17.078,-0.127
6.998,13.844,0.458
10.604,14.213,-0.695
11.104,16.301,2.446
9.602,13.645,4.725
12.09,12.732,7.453
12.162,9.477,9.425
13.025,8.974,13.094
13.736,5.238,13.352
12.991,1.857,11.776
12.384,-1.229,13.909
11.676,-4.74,12.637
9.757,-7.549,14.334
11.525,-10.277,12.395
8.444,-10.605,10.2
7.222,-7.112,9.304
8.312,-3.549,10.049
6.987,0.007,9.789
8.566,3.412,9.127
7.526,6.085,11.625
7.833,9.776,10.765
7.658,13.035,12.726
4.438,13.278,14.741
4.796,16.907,15.831
4.315,17.886,12.185
3.002,16.358,8.955
6.083,16.198,6.724
4.425,14.57,3.714
1.012,15.668,2.458
-1.334,14.954,-0.451
-3.508,17.597,-2.116
-5.385,17.785,-5.405
-8.897,18.811,-6.384
-11.637,21.257,-5.271
-11.684,19.432,-1.935
-10.714,21.302,1.231
-9.011,18.327,2.853
-5.423,17.079,2.827
-4.187,13.521,3.364
-1.207,13.231,5.715
1.375,10.438,5.736
2.369,8.647,8.944
4.065,5.314,8.216
4.339,2.476,5.683
5.23,-1.224,5.784
6.603,-3.96,3.528
5.105,-7.384,2.8
7.286,-10.475,3.229
6.935,-14.228,3.735
8.683,-17.552,4.297
6.707,-19.359,1.603
7.128,-19.475,-2.178
4.025,-18.467,-4.105
4.246,-15.293,-6.176
6.005,-11.941,-6.368
3.446,-9.29,-5.432
-0.29,-9.303,-4.69
-2.03,-7.506,-7.56
-0.716,-6.863,-11.071
-1.106,-3.702,-13.146
-1.004,-3.778,-16.942
-0.704,-7.563,-16.645
2.666,-6.986,-14.964
3.67,-8.573,-11.65
6.102,-7.17,-9.077
8.447,-8.641,-6.454
7.202,-6.757,-3.392
5.016,-3.792,-2.429
5.026,-1.241,0.399
1.781,0.004,1.946
1.605,3.756,2.544
-1.2,4.47,5.014
-2.448,8.059,4.821
-5.685,9.792,5.831
-7.146,13.298,5.981
-6.72,14.662,9.508
-9.351,17.324,8.829
-11.856,14.646,9.848
-10.62,15.089,13.407
-10.361,11.387,14.195
-10.68,8.009,12.472
-14.269,7.975,13.704
-15.516,10.815,11.509
-13.166,9.632,8.757
-14.681,6.158,8.358
-18.006,7.955,7.921
-17.176,8.295,4.222
-15.744,5.799,1.672
-13.406,8.575,0.536
-12.517,9.856,3.995
-9.412,7.692,4.296
-7.511,6.153,1.386
-4.748,3.547,1.374
-1.968,4.292,-1.103
-0.018,1.195,-2.072
3.296,1.377,-3.909
4.681,-1.57,-5.871
8.326,-2.632,-6.056
10.097,-4.22,-9.036
13.718,-5.094,-9.821
15.638,-3.51,-12.693
17.631,-0.459,-13.763
21.231,-1.42,-12.997
22.988,0.527,-10.238
24.112,3.895,-11.727
26.472,4.452,-8.811
24.939,4.102,-5.356
26.889,1.161,-3.941
27.793,2.825,-0.641
24.482,4.699,-0.537
22.522,1.441,-0.471
25.254,-0.269,1.556
23.684,1.383,4.603
21.382,-1.661,4.692
24.159,-3.372,6.644
22.53,-1.633,9.61
20.285,-4.701,9.761
22.787,-7.54,9.378
20.746,-9.765,11.695
17.106,-10.723,11.161
14.973,-8.334,13.202
17.505,-5.562,13.821
16.647,-1.857,13.671
18.274,0.899,11.615
18.502,4.695,11.559
16.912,6.871,8.867
18.719,6.548,5.538
18.3,6.225,1.765
17.394,9.906,1.418
16.926,11.441,-2.034
17.514,15.242,-1.899
17.836,15.731,-5.659
14.65,13.704,-5.974
12.691,16.813,-5.01
11.222,16.715,-8.521
7.409,17.265,-8.405
5.495,14.009,-8.867
2.537,15.924,-10.334
-1.025,14.574,-10.345
-1.335,11.339,-12.34
-1.739,7.707,-11.27
-3.793,4.546,-11.753
-6.091,3.516,-8.894
-8.923,1.065,-8.207
-11.535,0.788,-5.38
-10.388,-1.725,-2.78
-13.534,-1.971,-0.663
-16.292,-4.595,-0.296
-13.938,-7.313,-1.553
-12.372,-7.022,1.903
-13.597,-9.078,4.927
-16.564,-7.701,6.964
-14.716,-4.864,8.691
-14.983,-1.644,6.687
-15.374,-0.163,3.211
-13.153,2.882,3.708
-10.161,1.142,2.148
-9.187,2.098,-1.404
-6.333,0.688,-3.483
-4.196,3.492,-4.915
-1.168,3.057,-7.182
1.192,5.854,-8.228
2.026,6.201,-11.926
5.752,5.683,-11.349
6.19,3.117,-8.512
9.49,2.761,-6.65
11.916,0.165,-8.019
15.182,-1.474,-6.961
18.286,-2.559,-8.879
19.691,-6.061,-9.377
22.641,-4.795,-7.34
20.493,-3.438,-4.508
18.952,-6.884,-4.079
22.357,-8.565,-4.287
23.058,-7.177,-0.817
19.697,-8.456,0.423
20.708,-11.97,-0.614
23.21,-11.921,2.244
20.363,-11.1,4.626
17.809,-13.612,5.892
14.146,-13.556,6.897
14.744,-16.098,9.665
18.239,-15.23,10.86
21.764,-15.495,9.464
23.252,-18.912,8.759
20.599,-19.994,6.264
20.933,-18.975,2.567
18.215,-19.094,-0.097
14.928,-18.099,1.536
11.897,-16.397,-0.016
10.878,-13.109,1.599
7.317,-12.681,0.324
4.051,-14.623,0.121
1.322,-11.981,0.354
-0.293,-12.759,-2.997
-4.001,-12.963,-3.809
-6.152,-14.271,-6.717
-7.328,-11.909,-9.456
-9.201,-13.943,-12.065
-11.213,-11.78,-14.531
-14.957,-12.45,-14.431
-15.955,-10.286,-17.392
-13.945,-7.075,-17.773
-14.838,-4.437,-15.173
-13.659,-0.821,-15.287
-10.503,0.459,-13.585
-11.266,3.864,-12.068
-7.864,5.526,-12.415
-6.679,9.137,-12.282
-4.439,8.803,-15.327
-5.156,7.411,-18.8
-22.017,-1.744,22.985
-19.145,-3.065,20.859
-21.118,-6.162,19.866
-19.114,-8.992,18.295
-22.093,-11.044,17.108
-23.592,-10.547,13.659
-22.48,-10.452,10.028
-24.944,-8.554,7.859
-27.132,-10.763,5.679
-27.744,-13.016,8.68
-29.399,-10.159,10.57
-32.041,-9.467,7.936
-30.886,-7.327,4.959
-33.19,-4.672,3.497
-31.659,-2.016,1.243
-28.051,-1.586,2.374
-27.158,-1.25,-1.31
-29.334,1.864,-1.572
-27.192,3.538,1.095
-23.689,2.744,-0.166
-22.256,1.185,-3.376
-20.522,-1.427,-1.224
-23.151,-4.098,-1.847
-23.779,-2.979,-5.425
-20.167,-3.861,-6.142
-18.175,-7.084,-5.898
-14.456,-6.313,-6.058
-13.485,-7.372,-2.532
-11.179,-10.079,-3.895
-8.1,-9.37,-6.097
-9.077,-8.342,-9.617
-7.162,-8.223,-12.896
-6.872,-4.524,-13.707
-6.306,-3.572,-17.346
-4.306,-0.498,-18.326
-5.725,-0.618,-21.852
-9.404,-0.516,-20.869
-8.746,1.997,-18.088
-9.886,5.598,-18.569
-7.939,8.731,-17.636
-9.707,11.1,-15.239
-7.936,14.491,-14.86
-10.432,15.791,-12.297
-7.728,16.958,-9.889
-4.325,18.413,-10.773
-1.025,18.14,-8.814
-0.573,21.167,-6.553
1.206,20.426,-3.272
2.705,17.015,-2.501
5.569,16.451,-0.056
7.332,13.164,0.662
10.842,13.124,-0.786
11.532,15.92,1.685
9.684,14.16,4.505
11.621,12.659,7.414
11.156,9.291,9.122
11.507,8.452,12.812
12.817,4.875,12.741
12.839,1.65,10.722
12.334,-1.636,12.571
11.703,-5.11,11.141
9.1,-7.629,12.307
11.044,-10.674,11.157
9.568,-10.455,7.655
7.875,-7.086,7.084
8.926,-3.469,7.584
7.472,-0.842,9.917
8.307,2.816,9.286
6.764,5.871,10.952
7.006,9.657,10.63
7.903,12.342,13.172
4.914,13.995,14.844
6.953,17.144,15.483
4.683,19.007,13.058
4.416,17.693,9.494
6.448,16.29,6.597
4.657,14.311,3.885
1.269,15.545,2.676
-1.046,15.14,-0.324
-3.331,17.739,-1.909
-4.952,18.32,-5.29
-5.656,21.439,-7.317
-9.185,22.705,-6.48
-9.335,20.017,-3.792
-9.461,21.481,-0.282
-8.373,18.447,1.714
-4.845,17.562,2.802
-3.707,14.005,3.526
-1.228,13.033,6.25
0.822,9.84,5.905
1.137,7.56,8.936
3.166,4.418,8.179
3.727,1.655,5.617
5.103,-1.873,5.253
6.626,-3.941,2.443
5.469,-7.229,0.904
7.466,-10.074,-0.652
7.017,-12.778,-3.272
9.356,-15.61,-4.245
6.946,-17.014,-6.83
6.746,-15.463,-10.298
3.018,-16.139,-10.198
2.215,-14.783,-6.742
3.209,-11.682,-4.795
0.731,-8.798,-4.853
-3.064,-8.724,-4.554
-4.278,-6.785,-7.602
-2.674,-7.026,-11.05
-2.519,-4.096,-13.477
-2.012,-4.541,-17.22
-2.632,-8.258,-16.625
0.671,-8.354,-14.731
1.342,-9.357,-11.119
3.981,-7.896,-8.793
6.361,-9.631,-6.373
6.35,-6.847,-3.779
4.039,-3.989,-2.801
4.083,-1.388,-0.016
0.987,-0.621,2.059
0.695,2.991,3.207
-2.306,3.708,5.428
-3.118,7.415,5.679
-6.201,9.329,6.815
-7.484,12.878,6.331
-6.508,15.474,8.931
-10.071,16.808,9.017
-11.279,13.746,10.923
-8.244,13.773,13.201
-8.884,10.088,13.881
-8.96,6.91,11.797
-12.19,5.988,13.555
-14.101,8.965,12.181
-12.303,8.55,8.858
-13.443,4.977,8.218
-16.972,6.308,8.723
-17.103,7.424,5.085
-15.895,5.775,1.83
-13.853,8.803,0.778
-12.928,9.294,4.425
-9.441,7.816,4.086
-7.318,6.48,1.223
-4.523,3.919,0.907
-1.281,4.632,-0.969
0.12,1.455,-2.498
3.081,1.387,-4.872
3.334,-1.77,-6.979
7.011,-2.598,-6.484
8.569,-4.718,-9.239
11.928,-6.477,-9.561
14.015,-4.943,-12.337
15.315,-1.4,-11.905
18.609,0.498,-11.902
20.135,2.588,-9.113
20.65,6.392,-9.422
24.021,5.964,-7.731
22.95,5.856,-4.089
24.519,2.509,-3.197
26.544,4.335,-0.543
23.371,5.428,1.241
21.691,2.027,0.959
24.832,0.291,2.241
23.602,1.288,5.703
21.666,-1.999,5.668
24.905,-3.608,6.837
23.748,-2.447,10.268
20.402,-4.259,10.196
21.694,-7.553,8.79
19.314,-9.51,11.016
15.692,-8.724,11.901
14.898,-7.047,15.209
17.434,-4.23,14.966
16.231,-0.644,14.555
17.651,2.197,12.468
17.488,5.996,12.681
16.033,8.092,9.851
18.223,8.106,6.741
18.213,8.857,2.998
17.977,12.634,3.411
18.034,14.4,0.041
15.696,17.437,-0.323
17.338,18.157,-3.682
15.482,15.221,-5.196
12.17,17.036,-4.856
11.856,16.973,-8.648
9.62,14.118,-9.942
10.967,11.815,-12.655
7.393,11.434,-13.897
3.965,13.066,-13.615
0.939,10.768,-13.369
-1.432,9.019,-10.963
-3.732,6.003,-10.697
-6.726,5.078,-8.535
-8.865,1.959,-8.099
-11.216,1.698,-5.057
-11.679,-1.732,-3.501
-13.275,-3.666,-0.646
-12.075,-6.019,2.089
-12.854,-9.7,2.658
-15.33,-8.49,5.275
-19.13,-8.06,4.803
-20.205,-5.392,2.246
-20.08,-2.41,4.616
-16.425,-1.449,5.059
-15.396,-0.128,1.645
-13.223,2.822,2.671
-9.898,1.829,1.12
-8.642,3.222,-2.184
-5.734,1.928,-4.262
-3.408,4.743,-5.316
-0.144,4.616,-7.265
2.492,7.166,-6.238
5.186,8.41,-8.62
7.916,7.11,-6.302
10.3,4.658,-8.087
9.785,0.923,-7.577
12.2,-1.625,-6.074
15.497,-2.476,-7.79
16.633,-5.472,-9.84
17.913,-8.744,-8.377
21.336,-7.685,-9.636
21.175,-4.425,-7.681
20.29,-6.209,-4.43
23.849,-7.526,-4.092
24.178,-5.849,-0.697
20.685,-7.029,0.239
21.961,-10.602,-0.092
23.459,-10.071,3.366
19.959,-9.927,4.853
17.827,-12.796,6.148
14.366,-13.885,4.935
13.376,-10.229,5.371
15.425,-9.516,2.25
15.867,-10.716,-1.327
19.01,-12.441,-2.554
19.337,-14.947,0.282
19.662,-18.605,-0.877
18.439,-21.499,1.274
16.161,-18.977,2.975
12.417,-18.558,2.453
12.051,-14.818,1.832
8.385,-15.279,0.943
5.704,-14.5,3.529
3.62,-11.576,2.286
2.207,-13.353,-0.766
-1.31,-12.787,-2.097
-2.998,-14.743,-4.964
-5.197,-13.148,-7.632
-7.983,-13.988,-10.093
-8.986,-12.523,-13.51
-12.391,-10.823,-13.591
-12.431,-10.184,-17.347
-15.163,-7.63,-16.642
-15.705,-4.107,-15.28
-13.723,-1.049,-16.385
-10.942,0.702,-14.464
-11.18,4.332,-13.332
-7.744,5.879,-12.754
-6.342,9.411,-12.872
-3.872,8.658,-15.66
-4.651,6.636,-18.787
-27.256,-4.051,35.774
-28.109,-2.874,32.262
-25.853,-2.505,29.223
-27.563,-3.571,25.998
-31.06,-4.944,25.376
-32.438,-6.619,22.265
-35.971,-5.732,21.193
-36.127,-2.919,18.656
-34.723,-4.649,15.58
-36.178,-1.932,13.356
-33.931,0.501,15.226
-30.684,-1.29,14.427
-29.036,-2.906,11.355
-29.318,-6.666,10.844
-28.755,-7.864,7.277
-25.056,-7.09,6.835
-25.621,-7.951,3.174
-28.371,-5.37,2.673
-26.11,-2.698,4.171
-22.854,-3.494,2.375
-22.777,-5.334,-1.008
-19.249,-6.374,-0.038
-20.492,-9.346,1.976
-23.601,-9.717,-0.176
-21.269,-10.574,-3.037
-17.858,-12.241,-3.048
-15.922,-9.581,-4.951
-12.633,-10.633,-3.371
-10.725,-11.786,-6.453
-7.586,-10.808,-8.448
-8.208,-8.999,-11.732
-5.845,-8.809,-14.703
-5.57,-5.147,-15.685
-4.388,-4.584,-19.259
-2.831,-1.32,-20.415
-4.665,-1.84,-23.706
-8.099,-2.052,-22.081
-7.145,0.617,-19.542
-8.78,4.052,-19.724
-7.26,7.328,-18.515
-9.624,9.563,-16.534
-8.632,13.272,-16.784
-11.616,14.119,-14.583
-9.144,15.114,-11.87
-6.083,17.367,-11.83
-2.719,16.479,-10.18
-2.257,17.049,-6.449
0.763,18.526,-4.668
2.331,16.837,-1.641
4.562,18.088,1.177
7.223,16.027,2.944
10.3,18.22,3.324
9.872,18.315,7.094
9.094,14.59,7.288
11.405,13.105,9.918
12.99,9.73,9.157
16.583,8.705,9.87
16.262,4.917,10.056
14.068,2.011,11.161
14.751,-1.074,13.284
13.933,-4.616,12.156
12.233,-7.345,14.197
14.172,-10.2,12.628
11.059,-10.925,10.585
9.447,-7.736,9.272
10.144,-4.008,9.52
7.731,-1.068,9.398
8.358,2.668,9.01
7.428,5.234,11.66
7.063,8.9,10.711
6.891,11.63,13.356
3.493,13.31,13.694
4.101,15.444,16.783
3.476,18.611,14.766
2.371,17.208,11.397
5.541,16.766,9.339
4.32,15.709,5.893
0.843,16.176,4.424
-1.12,15.521,1.22
-3.607,17.916,-0.386
-4.584,18.939,-3.902
-7.033,18.353,-6.729
-10.576,19.813,-6.477
-11.459,18.415,-3.046
-10.413,20.322,0.072
-10.102,17.283,2.316
-6.382,17.111,3.035
-5.158,13.635,3.982
-2.347,13.068,6.485
0.113,10.171,6.267
1.139,8.08,9.274
3.061,4.91,8.397
3.213,1.911,6.065
4.43,-1.686,5.894
5.653,-4.042,3.165
4.209,-7.411,2.156
6.248,-10.613,1.947
7.313,-11.555,-1.569
10.517,-13.111,-2.878
9.321,-13.829,-6.416
8.474,-11.119,-8.945
5.753,-13.263,-10.488
3.612,-13.376,-7.364
2.896,-10.958,-4.536
0.11,-8.467,-5.244
-3.604,-9.262,-5.448
-3.807,-7.847,-8.975
-2.152,-8.177,-12.382
-1.634,-4.837,-14.122
0.158,-4.645,-17.47
-0.232,-8.434,-17.634
2.222,-8.549,-14.727
1.952,-9.052,-10.963
3.967,-7.083,-8.402
6.023,-8.727,-5.655
4.506,-6.609,-2.881
3.06,-3.215,-1.958
3.195,-0.669,0.862
0.107,-0.108,3.017
-0.15,3.599,3.863
-3.131,4.968,5.784
-4.59,8.477,5.806
-7.121,10.291,8.001
-9.198,13.457,7.722
-7.601,16.077,9.982
-10.282,18.663,9.184
-12.644,16.869,11.564
-9.964,16.736,14.247
-10.251,12.979,14.733
-10.071,9.888,12.526
-13.325,8.774,14.122
-15.259,11.349,12.122
-13.134,10.43,9.109
-14.617,6.931,9.044
-18.031,8.605,8.9
-17.598,8.8,5.124
-15.688,6.916,2.363
-13.973,10.194,1.477
-12.64,10.696,4.991
-9.954,8.026,4.733
-7.755,7.163,1.743
-5.017,4.596,1.103
-1.81,5.714,-0.612
0.499,3.242,-2.325
4.25,3.693,-2.68
6.703,1.562,-4.668
4.425,-1.0,-6.326
7.532,-3.119,-6.918
10.099,-4.505,-4.479
13.667,-3.255,-4.829
15.231,0.004,-3.659
15.182,3.796,-3.973
18.342,4.415,-5.997
19.854,2.215,-8.755
23.341,2.792,-7.367
23.128,1.239,-3.906
26.494,2.842,-3.147
25.658,4.339,0.244
23.385,1.357,0.874
26.52,-0.759,1.296
27.489,1.129,4.457
24.149,0.464,6.145
23.99,-3.031,4.65
27.166,-4.3,6.308
25.432,-3.169,9.494
22.167,-5.031,8.924
23.914,-8.3,8.047
21.3,-10.257,9.987
17.57,-9.523,10.179
16.531,-7.603,13.28
19.483,-5.216,13.25
19.541,-1.469,12.608
22.005,0.635,10.61
23.323,4.102,11.481
21.933,6.476,8.846
20.791,10.104,8.754
20.801,13.336,6.729
18.444,11.963,4.075
17.517,14.008,1.005
13.884,13.22,0.007
13.893,16.241,-2.306
16.121,14.384,-4.743
13.289,11.966,-5.472
11.631,14.724,-7.501
9.998,13.11,-10.595
10.399,14.899,-13.93
7.273,13.151,-15.216
3.675,12.991,-13.973
1.336,9.996,-13.825
-1.298,8.445,-11.565
-3.331,5.253,-11.192
-6.161,4.387,-8.801
-8.708,1.597,-8.336
-11.665,2.626,-6.108
-14.5,0.171,-5.544
-13.718,-3.207,-3.99
-10.556,-5.087,-3.013
-9.703,-8.702,-2.187
-9.709,-7.809,1.507
-12.23,-8.987,4.175
-15.671,-7.256,4.36
-14.34,-3.803,5.263
-13.309,-1.932,2.128
-16.272,0.396,1.629
-14.026,3.334,2.543
-10.585,2.677,1.056
-9.084,3.837,-2.24
-5.8,2.62,-3.726
-3.612,5.366,-5.18
-0.109,5.285,-6.675
2.701,7.693,-5.767
3.651,10.073,-8.592
7.264,9.732,-7.429
9.785,7.499,-9.302
8.973,3.779,-9.224
11.125,1.296,-7.303
13.47,-1.16,-9.02
13.257,-4.929,-9.473
15.146,-7.828,-7.892
17.403,-7.854,-10.954
18.528,-4.349,-9.99
18.922,-5.22,-6.301
20.467,-8.676,-6.702
23.293,-7.444,-4.47
20.905,-5.893,-1.939
18.79,-9.04,-1.626
21.832,-10.644,0.006
20.36,-9.491,3.325
19.115,-12.038,5.86
15.398,-12.715,6.338
16.064,-13.815,9.921
18.734,-12.848,12.436
20.616,-15.213,14.726
18.699,-16.502,17.725
15.548,-15.225,16.037
12.358,-17.263,15.341
12.474,-19.173,12.056
10.447,-16.934,9.742
10.026,-17.879,6.078
10.818,-15.225,3.463
7.29,-15.091,2.067
4.092,-17.076,2.591
1.279,-14.588,2.011
0.404,-14.986,-1.668
-3.004,-15.015,-3.351
-4.624,-16.638,-6.449
-4.477,-15.032,-9.896
-7.51,-16.474,-11.688
-8.624,-14.029,-14.453
-12.317,-13.127,-14.577
-12.428,-11.873,-18.168
-11.015,-8.38,-18.668
-12.882,-5.613,-16.816
-12.096,-1.903,-17.134
-9.759,0.056,-14.859
-10.746,3.322,-13.174
-7.444,5.187,-12.89
-6.392,8.799,-13.391
-4.005,8.031,-16.245
-3.748,5.329,-18.904
-14.989,-38.969,38.046
-11.635,-38.137,36.451
-12.416,-35.597,33.727
-14.798,-33.147,35.408
-11.712,-31.207,36.505
-9.869,-28.664,34.371
-11.941,-25.521,33.859
-10.17,-22.562,32.275
-8.084,-23.81,29.354
-11.0,-25.322,27.428
-12.864,-22.012,27.666
-9.81,-19.789,27.31
-8.969,-19.155,23.617
-5.488,-17.626,23.777
-3.468,-16.033,20.969
-5.507,-12.898,20.268
-3.589,-12.685,16.989
-4.504,-16.218,15.908
-7.962,-15.965,17.473
-9.535,-12.914,15.842
-9.474,-12.23,12.055
-7.548,-8.988,12.594
-4.46,-10.121,10.69
-6.457,-12.354,8.353
-8.813,-9.484,7.593
-8.44,-8.624,3.912
-8.188,-4.844,3.59
-7.762,-5.146,-0.173
-8.509,-7.931,-2.656
-5.86,-8.216,-5.442
-7.291,-7.706,-8.92
-6.072,-7.613,-12.522
-5.824,-3.942,-13.486
-6.037,-3.368,-17.238
-4.793,-0.174,-18.865
-6.472,-1.08,-22.151
-9.938,-1.135,-20.586
-9.104,1.987,-18.584
-10.55,5.351,-19.606
-8.532,8.578,-19.575
-10.162,10.989,-17.117
-8.84,14.587,-17.446
-11.54,15.745,-15.03
-9.414,14.85,-12.002
-6.586,17.288,-11.291
-2.998,16.162,-10.459
-2.518,15.553,-6.734
0.084,17.387,-4.653
2.627,16.348,-2.02
4.64,18.322,0.536
7.944,17.379,2.164
9.926,20.457,3.179
10.381,19.461,6.807
9.959,15.761,6.012
12.705,13.888,7.86
13.329,10.305,8.976
14.112,9.446,12.597
14.496,5.655,12.71
13.678,2.385,10.937
12.159,-0.442,12.999
10.674,-3.794,11.958
7.697,-5.751,13.297
9.303,-9.178,12.961
8.132,-9.615,9.37
7.083,-6.292,7.859
8.577,-2.881,8.581
6.903,0.478,8.018
9.484,3.227,7.523
9.131,6.762,6.145
8.964,9.965,8.208
7.934,11.205,11.653
4.198,10.975,12.343
4.373,13.23,15.405
3.942,16.256,13.137
2.689,16.988,9.623
6.118,17.721,8.141
4.893,15.823,5.076
1.39,15.545,3.617
-0.151,13.973,0.512
-3.193,14.768,-1.637
-5.227,12.81,-4.169
-6.718,15.499,-6.377
-8.028,19.111,-6.388
-9.635,18.382,-3.014
-8.277,20.233,0.019
-8.629,17.111,2.143
-4.934,16.264,2.319
-4.247,12.8,3.739
-1.309,12.693,6.16
1.363,10.127,5.303
2.681,7.778,7.991
4.89,4.873,6.851
5.234,2.158,4.196
6.128,-1.541,4.261
7.398,-4.022,1.66
6.273,-7.487,0.54
8.271,-10.526,-0.597
6.862,-13.145,-2.956
7.962,-16.783,-2.879
8.482,-16.552,-6.638
11.865,-15.418,-7.957
10.135,-13.841,-10.942
7.088,-11.958,-9.691
4.915,-11.742,-6.594
2.981,-8.489,-6.244
-0.535,-8.038,-4.843
-2.245,-6.328,-7.782
-1.245,-6.589,-11.444
-1.51,-3.634,-13.822
-1.279,-3.768,-17.616
-1.89,-7.521,-17.32
1.631,-7.706,-15.891
2.938,-8.616,-12.433
5.884,-7.177,-10.501
8.28,-8.66,-7.94
6.741,-6.87,-4.964
4.879,-3.735,-3.896
5.18,-1.331,-0.967
2.096,-0.228,0.968
1.679,3.303,2.334
-0.943,4.324,4.892
-2.673,7.715,5.038
-5.002,9.089,7.719
-6.955,12.349,7.834
-4.807,14.68,9.928
-7.778,17.047,10.093
-9.114,14.938,12.957
-5.685,14.418,14.484
-6.517,10.745,14.965
-7.066,7.772,12.655
-9.998,6.724,14.823
-12.244,9.279,13.134
-10.48,8.753,9.807
-11.604,5.132,9.545
-15.146,6.326,10.258
-15.401,7.408,6.618
-14.26,6.074,3.192
-12.773,9.517,2.56
-10.784,9.492,5.789
-8.132,6.952,4.842
-6.349,6.471,1.517
-4.111,3.478,0.825
-1.346,4.387,-1.624
0.409,1.67,-3.597
3.751,1.647,-5.389
4.784,-1.402,-7.417
8.398,-2.59,-7.372
10.332,-4.026,-10.319
13.764,-5.675,-10.309
16.512,-4.79,-12.777
16.747,-1.05,-12.157
20.074,0.301,-10.911
19.755,2.82,-8.075
20.426,6.457,-9.152
22.786,6.567,-6.179
21.454,5.032,-2.97
24.718,3.365,-1.938
24.452,5.039,1.47
21.021,3.491,2.024
22.574,0.104,1.26
25.183,0.512,3.999
22.548,1.08,6.68
20.711,-2.01,5.43
23.51,-4.505,6.033
23.45,-3.097,9.57
19.819,-3.866,10.43
18.734,-6.19,7.617
17.256,-8.851,9.91
14.058,-8.172,11.872
14.288,-7.233,15.535
16.857,-4.467,15.15
16.71,-0.792,14.177
18.864,2.244,13.372
18.542,6.026,13.684
18.975,8.053,10.49
18.143,11.761,10.317
18.913,14.624,7.922
17.138,13.054,4.948
16.702,14.745,1.564
13.191,13.91,0.214
13.834,16.489,-2.512
15.643,13.882,-4.583
12.559,11.677,-4.361
10.503,14.251,-6.277
7.535,12.575,-8.075
6.751,12.775,-11.794
3.412,14.402,-10.945
1.178,12.937,-13.664
-2.002,10.943,-14.307
-2.568,7.656,-12.469
-5.041,4.769,-12.518
-7.326,4.12,-9.545
-9.663,1.448,-8.166
-12.014,1.199,-5.121
-10.311,-0.652,-2.281
-13.625,-1.413,-0.586
-16.603,-3.707,-1.238
-13.996,-6.463,-1.448
-14.103,-7.169,2.276
-16.744,-8.107,4.921
-19.103,-5.268,6.026
-16.537,-3.324,8.061
-13.485,-2.324,6.027
-15.59,-0.73,3.299
-13.88,2.607,3.921
-10.571,1.641,2.329
-9.561,2.918,-1.115
-6.909,1.564,-3.484
-4.836,4.22,-5.242
-1.352,4.362,-6.76
1.165,7.186,-7.143
2.933,8.004,-10.416
6.211,7.983,-8.475
8.107,4.96,-9.914
10.208,2.878,-7.518
12.333,-0.076,-8.617
15.165,-2.134,-7.136
18.326,-3.412,-8.833
19.053,-7.113,-9.329
22.292,-6.41,-7.467
20.605,-4.938,-4.385
17.95,-7.662,-4.229
20.584,-10.241,-3.288
20.989,-8.305,-0.042
17.26,-8.252,0.714
17.209,-12.043,0.456
19.821,-12.228,3.221
17.401,-11.172,5.963
14.916,-13.575,7.555
11.139,-13.333,8.005
11.599,-12.93,11.759
15.319,-12.182,11.986
18.019,-14.706,12.893
17.909,-16.983,15.919
14.279,-17.853,15.266
12.487,-20.913,13.763
12.735,-21.546,10.017
10.709,-18.541,8.859
10.613,-17.78,5.128
10.881,-14.045,4.429
9.051,-14.73,1.171
5.565,-16.144,0.494
3.86,-12.805,1.105
1.911,-12.772,-2.16
-1.861,-12.621,-2.629
-3.775,-14.195,-5.588
-5.851,-11.885,-7.788
-9.247,-12.396,-9.433
-10.519,-11.537,-12.968
-13.121,-8.759,-12.953
-14.228,-9.21,-16.564
-16.026,-5.913,-15.972
-16.761,-3.282,-18.626
-14.455,-0.349,-17.88
-12.197,0.652,-14.988
-12.18,4.142,-13.471
-8.696,5.631,-13.846
-7.215,9.13,-14.088
-4.654,7.664,-16.471
-5.39,6.575,-20.045
-25.819,-21.761,31.841
-28.611,-19.199,32.183
-30.109,-19.441,28.692
-33.638,-19.207,27.29
-34.049,-22.325,25.148
-37.252,-23.456,23.459
-37.966,-20.11,21.812
-36.071,-20.376,18.537
-32.381,-19.767,19.185
-31.19,-23.288,18.371
-34.227,-24.111,16.231
-33.478,-21.137,14.006
-30.736,-19.881,11.63
-27.478,-18.427,12.95
-24.711,-19.53,10.583
-23.703,-16.246,8.949
-21.669,-18.316,6.479
-24.688,-20.424,5.52
-26.535,-17.324,4.303
-24.032,-14.498,3.81
-20.581,-14.882,2.157
-18.853,-13.266,5.136
-16.741,-16.234,6.215
-17.087,-18.247,3.003
-16.169,-15.128,1.056
-12.406,-14.649,1.232
-10.809,-16.709,-1.536
-8.544,-13.725,-2.194
-7.741,-14.192,-5.886
-6.071,-11.838,-8.435
-7.931,-10.491,-11.46
-6.88,-9.961,-15.074
-6.947,-6.213,-15.684
-6.28,-4.638,-19.081
-4.44,-1.337,-19.445
-5.891,-0.989,-22.945
-9.422,-0.574,-21.599
-8.074,1.893,-19.032
-8.646,5.637,-19.446
-7.36,8.865,-17.891
-9.741,11.279,-16.162
-8.249,14.725,-15.333
-11.501,15.658,-13.579
-9.808,16.177,-10.21
-7.69,19.273,-9.604
-4.053,18.91,-8.396
-3.153,21.045,-5.375
-0.339,19.475,-3.356
1.812,16.354,-3.663
2.606,13.949,-0.822
6.084,12.761,0.157
7.726,15.801,-1.414
9.935,16.55,1.581
9.042,13.767,4.024
11.84,12.36,6.179
12.088,9.438,8.602
13.635,9.83,12.053
13.628,6.217,13.253
12.514,2.792,12.011
11.659,-0.189,14.222
11.127,-3.867,13.393
8.402,-6.197,14.686
10.46,-9.379,14.475
9.259,-9.996,10.929
7.962,-6.808,9.318
8.992,-3.188,9.811
7.384,0.139,8.919
8.696,3.683,8.477
7.395,6.523,10.653
7.686,10.276,10.109
8.268,12.839,12.865
5.272,14.859,14.065
7.299,18.079,13.895
6.016,18.739,10.382
3.48,17.304,7.941
6.158,15.678,5.769
3.864,13.877,3.317
0.587,15.557,2.347
-1.759,14.811,-0.553
-4.44,17.183,-1.841
-6.953,17.241,-4.682
-10.543,17.981,-5.645
-12.704,19.67,-2.957
-9.956,20.098,-0.356
-11.567,19.344,3.001
-8.524,18.12,4.903
-5.092,17.154,3.587
-4.083,13.503,3.93
-0.9,12.942,5.939
1.088,9.71,5.637
1.909,8.011,8.939
3.668,4.725,8.164
3.963,2.038,5.487
5.654,-1.344,5.043
7.097,-3.201,2.04
6.575,-6.699,0.623
8.988,-9.223,-0.899
7.715,-12.147,-2.955
9.629,-15.308,-3.831
9.632,-14.449,-7.532
10.673,-11.077,-8.949
8.567,-11.765,-12.025
5.213,-12.48,-10.395
3.419,-12.649,-7.058
2.085,-9.138,-6.492
-1.701,-8.989,-6.116
-3.126,-8.683,-9.628
-2.205,-8.84,-13.316
-2.519,-5.655,-15.371
-1.777,-5.432,-19.094
-1.482,-9.231,-19.009
1.518,-8.782,-16.715
2.231,-9.239,-13.003
4.509,-7.298,-10.646
7.132,-8.695,-8.26
5.597,-7.162,-5.13
3.843,-4.122,-3.636
4.281,-2.093,-0.443
1.32,-1.293,1.817
0.681,2.393,2.539
-1.866,3.057,5.287
-2.544,6.693,6.197
-5.398,8.224,8.201
-6.871,11.715,7.898
-5.189,13.973,10.458
-7.829,16.649,9.848
-9.893,15.01,12.592
-6.883,14.807,14.89
-7.716,11.22,15.809
-7.24,7.879,14.053
-10.53,6.636,15.473
-12.37,9.355,13.57
-10.714,8.767,10.197
-11.421,5.035,10.356
-15.006,5.863,11.321
-15.511,7.486,7.915
-15.423,5.238,4.785
-14.073,8.173,2.781
-11.869,9.449,5.588
-8.977,7.054,5.028
-7.302,6.0,1.78
-4.763,3.272,1.023
-1.916,4.046,-1.383
-0.419,1.287,-3.505
2.939,1.414,-5.266
4.327,-1.367,-7.454
7.622,-3.028,-6.538
9.031,-4.85,-9.563
12.707,-5.273,-10.452
13.686,-2.528,-12.881
16.264,0.172,-13.586
19.653,-1.117,-12.439
21.558,0.682,-9.683
22.834,3.994,-11.192
25.794,3.688,-8.846
24.919,4.416,-5.227
25.581,1.139,-3.409
27.453,3.065,-0.711
24.1,4.389,0.494
22.37,1.02,0.107
24.659,-0.352,2.828
22.354,1.447,5.273
20.206,-1.7,5.109
22.641,-3.245,7.585
20.754,-1.152,10.147
18.054,-3.828,10.161
20.146,-6.955,9.566
17.864,-9.008,11.815
14.143,-8.691,12.528
12.992,-7.696,16.001
15.607,-4.982,16.458
15.277,-1.255,15.798
17.73,1.213,14.268
18.055,4.998,14.082
17.585,6.396,10.576
17.652,10.126,9.824
18.931,12.615,7.229
16.963,11.239,4.277
17.234,12.767,0.8
13.781,12.408,-0.849
14.591,15.295,-3.186
16.241,12.717,-5.415
13.44,10.151,-5.391
10.831,12.821,-6.153
8.035,11.608,-8.505
7.789,13.28,-11.912
4.116,12.274,-12.036
4.716,10.943,-15.551
1.696,8.679,-15.038
-1.15,8.258,-12.542
-3.665,5.472,-11.905
-6.732,5.317,-9.654
-9.638,2.926,-9.083
-11.467,3.418,-5.729
-13.449,0.493,-4.351
-12.745,-2.216,-1.779
-10.799,-5.416,-1.096
-11.11,-8.597,-3.169
-14.397,-9.094,-1.334
-16.588,-6.319,0.184
-17.119,-6.974,3.933
-19.6,-4.169,4.586
-18.093,-0.745,3.91
-15.717,0.559,1.241
-13.486,2.212,3.836
-10.591,0.699,1.889
-9.488,2.565,-1.238
-6.701,1.317,-3.496
-5.01,3.966,-5.632
-1.692,3.786,-7.484
0.494,6.564,-6.08
2.735,8.588,-8.404
5.799,7.223,-6.591
8.335,5.165,-8.629
8.57,1.367,-8.661
11.206,-0.812,-6.979
14.727,-1.158,-8.386
16.425,-4.028,-10.223
17.484,-7.18,-8.383
21.019,-5.819,-8.757
20.547,-3.569,-5.722
18.547,-6.295,-3.99
21.679,-8.452,-4.001
22.707,-6.389,-0.972
19.47,-7.077,0.912
20.379,-10.77,0.858
22.07,-10.501,4.257
18.573,-9.996,5.668
16.708,-12.751,7.508
13.46,-14.478,6.561
12.117,-14.213,10.112
14.706,-12.995,12.601
18.156,-13.362,14.155
19.559,-16.849,14.618
18.459,-17.764,11.105
20.727,-18.493,8.084
21.509,-15.745,5.575
18.305,-15.944,3.536
16.232,-12.955,2.403
12.537,-13.088,3.305
10.28,-14.25,0.471
6.762,-15.452,-0.352
5.325,-12.166,0.903
2.45,-11.945,-1.581
-1.15,-11.172,-0.632
-3.836,-11.314,-3.391
-6.703,-8.842,-2.988
-7.835,-7.669,-6.429
-11.613,-6.934,-6.61
-13.558,-7.915,-9.73
-15.741,-4.844,-9.201
-13.402,-2.364,-10.898
-13.21,-2.528,-14.694
-12.27,0.809,-16.255
-9.492,2.746,-14.521
-10.169,6.415,-13.766
-6.597,7.352,-14.696
-3.621,6.51,-16.908
-1.199,9.428,-17.136
-0.422,12.719,-15.391
-19.29,-17.546,41.537
-22.162,-15.117,40.999
-21.964,-14.34,37.281
-21.096,-16.088,34.015
-21.09,-15.366,30.281
-20.939,-17.486,27.138
-23.036,-16.413,24.157
-25.886,-14.093,23.224
-25.03,-12.279,20.003
-28.485,-12.837,18.516
-29.96,-11.432,21.73
-27.684,-8.398,21.627
-27.686,-5.233,19.443
-28.015,-5.582,15.667
-27.121,-2.442,13.707
-24.088,-3.257,11.561
-25.557,-0.752,9.099
-25.281,2.193,11.492
-22.011,1.022,13.043
-19.397,0.537,10.318
-19.486,0.793,6.478
-17.518,-2.455,6.385
-20.738,-4.469,6.377
-21.858,-2.373,3.409
-18.565,-2.881,1.598
-19.319,-4.921,-1.518
-16.552,-3.708,-3.821
-13.951,-6.132,-2.468
-12.759,-7.833,-5.658
-9.06,-7.39,-6.619
-8.565,-7.655,-10.377
-5.695,-7.489,-12.867
-5.098,-3.757,-13.272
-4.555,-3.052,-16.971
-2.872,0.146,-18.141
-4.119,-0.365,-21.698
-7.778,-0.725,-20.714
-7.508,2.363,-18.509
-9.266,5.492,-19.774
-8.351,9.166,-19.395
-10.611,11.053,-16.982
-10.038,14.853,-16.943
-12.825,15.365,-14.402
-10.649,16.218,-11.401
-7.026,17.334,-11.668
-4.624,17.386,-8.659
-4.725,20.822,-7.031
-1.703,20.767,-4.715
0.994,18.214,-3.866
3.659,18.639,-1.171
6.485,16.08,-1.294
5.685,12.896,-3.213
7.74,10.934,-0.69
8.108,11.391,3.071
11.497,11.329,4.799
12.551,8.385,6.966
14.482,8.419,10.243
14.837,4.776,11.293
13.511,1.325,10.374
12.417,-0.688,13.412
10.608,-4.034,13.556
8.106,-5.528,16.002
9.508,-9.045,15.796
8.174,-9.932,12.349
6.767,-6.911,10.522
8.707,-3.831,9.45
7.657,-0.212,8.935
9.499,2.979,7.987
9.239,5.595,10.737
8.989,9.228,9.644
11.115,12.058,11.035
9.666,14.02,13.959
10.386,17.252,12.087
7.103,17.596,10.189
4.456,15.824,8.106
7.065,15.72,5.33
4.752,14.51,2.554
1.109,15.607,2.467
-1.444,15.23,-0.342
-4.553,17.369,-0.811
-6.473,18.476,-3.892
-9.565,18.085,-6.049
-9.514,14.397,-7.139
-8.665,13.659,-3.505
-11.303,13.173,-0.801
-9.385,15.536,1.468
-5.965,15.708,3.109
-4.058,12.496,3.859
-0.781,12.488,5.796
1.733,9.69,5.182
3.705,8.335,8.141
5.178,4.914,7.324
5.339,2.231,4.626
6.411,-1.384,4.114
7.73,-3.779,1.458
5.994,-6.794,-0.09
7.962,-9.981,-0.76
6.407,-12.944,-2.55
7.128,-16.61,-1.889
9.241,-16.945,-5.036
12.747,-15.492,-5.313
11.984,-14.414,-8.868
8.687,-12.539,-8.747
5.624,-11.91,-6.609
4.72,-8.381,-5.531
0.936,-8.454,-5.103
-1.198,-7.195,-7.985
-0.452,-7.123,-11.712
-0.263,-3.796,-13.536
-0.311,-3.611,-17.332
-0.362,-7.418,-17.357
3.006,-7.278,-15.581
4.183,-8.245,-12.092
7.15,-7.184,-9.962
9.175,-8.821,-7.188
8.441,-6.27,-4.464
6.466,-3.044,-4.028
6.058,-0.184,-1.547
2.841,0.32,0.406
2.275,3.818,1.789
-0.331,3.853,4.552
-1.929,7.205,5.357
-5.251,8.621,6.551
-7.154,11.859,7.096
-5.829,13.594,10.208
-9.303,15.069,10.652
-10.197,11.835,12.439
-7.163,11.979,14.709
-7.064,8.185,14.815
-7.725,5.207,12.542
-10.378,4.134,15.03
-12.743,6.916,13.994
-11.429,6.849,10.428
-12.743,3.348,9.713
-16.148,4.816,10.561
-16.279,6.07,6.966
-15.556,4.26,3.641
-13.38,7.104,2.354
-12.232,7.79,5.901
-8.789,6.276,5.382
-6.887,5.827,2.116
-3.621,4.09,1.221
-1.103,5.069,-1.458
0.277,2.23,-3.555
3.709,2.258,-5.176
5.053,-0.397,-7.545
8.796,-1.016,-7.453
10.598,-2.194,-10.587
13.542,-4.603,-10.563
16.47,-3.981,-12.898
19.224,-1.759,-11.5
17.633,1.446,-10.217
20.466,3.681,-8.996
24.264,3.313,-9.395
24.741,4.308,-5.765
22.48,1.703,-4.163
25.573,0.797,-2.13
24.68,3.492,0.41
21.403,1.652,0.981
23.12,-1.726,1.346
24.577,-0.449,4.619
21.137,0.501,5.936
20.211,-3.184,5.737
23.237,-4.406,7.687
21.605,-2.488,10.535
18.167,-4.102,10.31
19.541,-7.628,9.919
17.143,-8.919,12.569
13.929,-7.695,14.19
14.378,-5.443,17.213
17.115,-3.222,15.793
16.591,0.101,14.016
18.53,1.389,11.007
19.615,4.864,9.911
17.556,7.203,7.725
17.596,6.211,4.054
15.825,6.834,0.734
16.891,10.485,0.629
16.613,12.112,-2.796
15.217,15.695,-2.975
15.804,15.429,-6.724
12.778,13.177,-7.08
10.553,15.944,-5.738
10.069,17.048,-9.345
6.403,16.847,-10.507
5.876,14.785,-13.66
2.659,16.718,-14.335
1.083,13.346,-15.116
-2.621,12.628,-14.624
-3.984,10.057,-12.175
-7.161,9.253,-10.247
-8.166,7.111,-7.262
-10.46,4.077,-7.135
-12.24,3.576,-3.757
-12.722,-0.055,-2.795
-12.123,-2.664,-0.099
-9.702,-5.514,0.611
-10.626,-9.2,0.534
-9.843,-9.363,4.249
-12.34,-10.236,7.054
-15.125,-7.682,7.783
-13.191,-5.0,9.666
-11.053,-3.084,7.174
-13.136,-2.506,4.046
-12.429,1.231,3.98
-9.258,0.875,1.921
-8.668,3.105,-1.109
-6.178,2.541,-3.933
-4.129,5.432,-5.323
-1.515,5.544,-8.093
1.394,7.988,-8.3
2.645,9.696,-11.461
5.925,7.78,-11.652
6.711,5.105,-8.993
10.38,4.647,-8.099
12.307,1.461,-8.869
14.845,-0.765,-7.12
17.8,-2.96,-8.094
17.963,-6.758,-8.088
21.281,-6.398,-6.273
19.771,-4.053,-3.693
17.03,-6.512,-2.745
19.543,-9.359,-3.018
20.629,-8.739,0.571
17.038,-8.399,1.793
16.716,-12.161,1.327
19.262,-12.83,4.079
17.405,-10.961,6.833
15.024,-12.771,9.182
11.223,-12.607,9.038
10.828,-12.69,12.826
14.292,-12.135,14.277
17.085,-14.185,15.845
16.229,-17.756,16.789
14.375,-18.299,13.526
15.813,-19.735,10.256
17.046,-16.84,8.11
14.29,-16.392,5.528
12.686,-13.42,3.771
9.134,-12.592,4.853
6.779,-14.448,2.507
3.004,-14.577,1.987
3.124,-10.891,1.073
0.832,-11.095,-1.954
-2.86,-10.82,-2.816
-5.147,-12.482,-5.428
-6.51,-10.8,-8.553
-9.107,-13.21,-9.934
-11.184,-11.342,-12.58
-14.951,-11.612,-12.147
-15.806,-10.301,-15.607
-13.616,-7.372,-16.651
-13.588,-4.495,-14.152
-12.494,-1.091,-15.453
-10.085,1.281,-13.708
-10.888,4.969,-13.216
-7.77,7.079,-13.768
-7.308,10.696,-14.846
-4.77,9.375,-17.343
-5.484,7.345,-20.477
-10.851,-12.347,29.089
-13.518,-11.008,26.728
-17.212,-11.5,27.501
-18.889,-9.039,25.131
-17.273,-9.719,21.755
-18.016,-12.473,19.249
-20.465,-13.973,21.734
-23.302,-12.197,19.957
-21.713,-11.032,16.709
-21.57,-14.578,15.348
-24.869,-15.498,17.001
-26.661,-12.502,15.524
-27.078,-11.097,11.969
-25.024,-8.134,10.748
-27.023,-4.915,10.429
-24.018,-2.847,9.353
-24.749,-3.761,5.735
-27.696,-1.362,5.918
-25.554,1.401,7.427
-22.797,1.353,4.806
-23.011,0.62,1.036
-20.38,-2.101,1.481
-23.018,-4.756,0.807
-24.247,-2.926,-2.281
-20.718,-2.031,-3.324
-17.851,-3.887,-4.975
-14.093,-3.929,-5.604
-13.79,-5.499,-2.157
-11.188,-7.886,-3.587
-8.082,-7.945,-5.867
-8.896,-8.305,-9.562
-6.932,-8.552,-12.814
-6.958,-5.029,-14.249
-6.0,-4.429,-17.885
-3.976,-1.398,-18.958
-5.384,-1.755,-22.476
-8.969,-1.211,-21.324
-7.849,1.576,-18.992
-8.419,5.159,-20.141
-6.809,8.432,-19.058
-8.748,11.682,-19.444
-7.39,15.207,-18.706
-10.711,16.164,-17.109
-9.493,16.228,-13.507
-6.36,18.133,-12.481
-3.377,16.108,-11.14
-3.474,15.714,-7.356
-0.769,17.814,-5.692
1.522,16.501,-2.947
4.289,17.954,-0.773
7.395,16.102,0.407
10.313,18.531,0.337
10.696,18.503,4.117
10.072,14.753,4.373
12.558,13.375,6.904
12.815,9.984,8.62
14.04,9.286,12.155
14.691,5.533,12.332
13.642,2.047,11.227
12.553,-0.442,13.891
11.805,-4.148,13.465
9.735,-6.721,15.354
12.048,-9.641,14.637
9.781,-10.598,11.751
8.433,-7.616,9.811
9.982,-4.232,9.048
8.28,-0.828,9.054
9.466,2.744,8.478
8.284,5.882,10.281
8.834,9.62,9.846
9.315,12.42,12.373
5.978,13.513,13.824
7.584,16.735,15.041
6.089,18.487,12.009
3.872,17.666,9.021
6.682,16.991,6.553
4.792,15.447,3.633
1.1,16.14,3.043
-1.446,15.121,0.395
-4.042,17.511,-1.044
-5.576,17.82,-4.502
-9.023,17.885,-6.082
-11.362,14.924,-5.314
-9.434,14.521,-2.061
-11.664,14.705,1.021
-9.025,17.003,2.487
-5.511,16.584,3.861
-3.879,13.191,4.429
-0.785,12.605,6.57
1.853,9.888,6.17
2.346,7.301,8.915
4.367,4.172,8.054
4.867,1.572,5.317
6.531,-1.776,4.599
7.721,-3.701,1.531
6.5,-7.092,0.284
8.49,-9.961,-1.237
8.091,-12.543,-3.985
9.974,-15.622,-5.16
8.439,-15.495,-8.635
8.6,-12.482,-10.951
5.09,-13.364,-12.075
3.544,-12.748,-8.669
4.162,-10.82,-5.462
1.689,-7.945,-5.234
-2.104,-7.832,-4.927
-3.724,-6.179,-7.957
-2.433,-6.731,-11.499
-2.071,-4.57,-14.604
-1.74,-5.475,-18.281
-2.3,-9.1,-17.23
0.981,-8.912,-15.302
1.413,-8.973,-11.518
4.13,-6.974,-9.75
6.977,-8.5,-7.731
6.042,-6.538,-4.611
4.287,-3.435,-3.279
4.64,-1.047,-0.336
1.832,-0.604,2.198
1.456,3.06,3.169
-1.518,4.177,5.252
-3.06,7.655,5.233
-5.673,9.267,7.472
-7.213,12.732,7.735
-6.434,14.376,11.08
-9.638,16.411,10.798
-11.445,13.413,12.288
-9.094,13.341,15.268
-9.485,9.575,15.552
-9.328,6.692,13.07
-12.519,5.349,14.618
-14.446,8.367,13.354
-12.754,8.499,9.947
-13.534,4.863,9.126
-17.193,5.834,9.521
-16.865,7.529,6.134
-16.429,5.713,2.769
-13.917,8.388,1.77
-12.582,9.157,5.24
-9.116,7.599,5.265
-7.184,6.465,2.185
-4.377,3.979,1.547
-1.491,5.036,-0.699
0.401,2.133,-2.243
3.153,2.01,-4.857
3.378,-1.139,-6.978
7.072,-1.985,-6.622
8.59,-3.295,-9.859
11.932,-4.118,-11.483
13.455,-0.978,-12.99
16.912,0.278,-13.932
17.967,0.506,-10.281
20.076,3.283,-8.757
23.903,3.396,-9.171
24.256,5.662,-6.15
22.004,3.497,-3.983
25.233,2.266,-2.379
24.505,4.84,0.322
21.556,2.723,1.442
23.502,-0.506,0.929
25.997,0.578,3.584
23.241,1.227,6.119
21.522,-2.015,5.112
24.549,-3.977,6.302
23.288,-2.982,9.755
19.716,-4.258,9.368
20.699,-7.749,8.202
18.74,-9.612,10.877
15.241,-8.779,12.116
14.693,-7.741,15.721
17.373,-5.058,15.825
17.1,-1.277,15.61
18.865,1.488,13.696
18.722,5.287,13.694
18.38,6.881,10.255
17.686,10.605,9.907
18.478,13.453,7.497
16.832,11.846,4.468
17.221,13.366,0.997
13.758,13.505,-0.675
15.287,15.494,-3.535
16.542,12.22,-4.976
13.034,10.79,-5.208
11.813,13.369,-7.723
9.199,11.874,-10.119
10.341,11.645,-13.738
6.745,11.238,-14.913
3.443,12.953,-14.11
1.027,10.017,-13.993
-0.716,7.848,-11.397
-3.323,5.105,-11.018
-6.53,5.214,-8.97
-8.757,2.398,-7.707
-11.183,2.936,-4.771
-12.535,-0.175,-3.086
-12.758,-2.04,0.216
-10.761,-4.427,2.414
-9.102,-7.503,0.916
-11.758,-9.542,2.69
-15.485,-10.007,1.815
-17.723,-6.876,1.885
-16.733,-5.494,5.284
-15.525,-1.888,5.025
-15.169,0.415,2.024
-13.356,3.022,4.113
-10.159,1.738,2.514
-9.035,3.234,-0.795
-6.318,1.879,-3.08
-4.287,4.598,-4.787
-0.949,4.63,-6.616
1.445,7.469,-5.786
3.0,9.087,-8.859
6.311,8.781,-7.001
9.137,6.571,-8.422
9.062,2.768,-8.251
11.284,0.025,-6.795
14.709,-0.744,-8.259
15.993,-3.605,-10.415
16.38,-7.134,-9.038
20.138,-6.989,-9.609
20.274,-4.053,-7.196
18.318,-5.785,-4.43
21.109,-8.365,-4.287
22.143,-6.976,-0.911
18.513,-6.857,0.208
17.694,-10.463,-0.683
20.411,-11.396,1.813
17.822,-10.737,4.522
16.298,-13.608,6.496
12.619,-14.363,7.127
13.413,-15.098,10.77
15.487,-13.035,13.192
19.054,-13.411,14.45
20.033,-16.599,16.244
17.325,-18.292,14.188
17.739,-20.904,11.391
18.596,-19.231,8.082
15.462,-18.651,6.008
14.331,-16.732,2.92
12.303,-13.594,3.657
9.541,-13.951,1.066
5.819,-14.573,1.629
3.902,-11.329,1.1
1.702,-12.235,-1.873
-2.068,-12.004,-2.337
-4.766,-13.4,-4.702
-5.961,-11.583,-7.824
-8.716,-13.66,-9.425
-10.727,-11.841,-12.148
-14.356,-11.125,-11.266
-15.361,-9.618,-14.61
-13.408,-6.391,-15.174
-15.83,-3.896,-16.717
-13.997,-0.554,-16.662
-10.989,0.841,-14.787
-10.202,4.528,-14.235
-6.697,5.969,-13.88
-4.468,8.941,-14.678
-2.265,6.789,-16.901
-2.631,6.418,-20.669
-1.374,-51.762,-6.11
-1.167,-48.384,-4.363
1.71,-48.419,-1.878
1.427,-47.029,1.648
3.995,-45.112,3.697
4.0,-44.581,7.449
0.884,-46.739,7.726
-0.732,-43.757,9.421
-3.566,-42.349,7.324
-5.066,-40.685,10.399
-1.625,-39.699,11.685
-0.918,-37.729,8.521
-1.58,-34.142,7.323
-5.34,-34.218,6.734
-7.003,-31.183,5.154
-10.004,-30.268,7.297
-10.951,-27.627,4.718
-11.203,-30.413,2.142
-14.192,-31.733,4.089
-15.77,-28.455,5.213
-16.492,-25.808,2.51
-16.4,-23.146,5.225
-12.626,-22.718,5.265
-12.019,-23.88,1.698
-14.938,-21.761,0.523
-13.879,-18.904,-1.75
-15.931,-15.702,-1.648
-13.433,-13.741,-3.745
-13.321,-13.279,-7.518
-9.772,-12.55,-8.823
-9.845,-10.946,-12.268
-7.034,-9.818,-14.573
-6.641,-6.037,-14.743
-6.004,-4.355,-18.096
-3.927,-1.188,-18.295
-5.346,-0.579,-21.771
-9.003,-0.589,-20.703
-8.146,2.042,-18.098
-9.179,5.663,-18.68
-7.787,9.013,-17.533
-10.468,11.318,-16.124
-9.518,14.557,-14.266
-11.155,13.718,-10.936
-8.643,15.401,-8.633
-5.726,17.689,-9.488
-2.565,18.491,-7.462
-3.004,21.623,-5.351
-0.503,21.481,-2.489
2.37,19.087,-1.782
4.857,19.121,1.093
8.089,17.143,1.467
10.824,19.506,2.631
11.46,17.654,5.887
10.581,14.249,4.426
13.194,11.728,5.584
13.301,7.93,5.328
16.909,7.187,6.277
15.894,6.146,9.791
14.22,2.798,10.47
13.523,1.803,14.075
11.506,-1.236,15.186
9.525,-2.026,18.342
10.867,-5.558,18.715
8.296,-7.081,16.369
6.766,-4.546,13.973
8.612,-2.198,11.626
7.644,1.255,10.365
9.491,2.626,7.335
8.612,6.153,6.182
9.246,9.241,8.322
10.399,10.03,11.86
7.848,9.608,14.65
8.709,13.119,15.832
6.196,14.918,13.601
4.66,15.168,10.121
6.929,15.364,7.067
5.347,15.01,3.62
1.632,15.336,2.869
-0.675,15.278,-0.16
-3.585,17.559,-1.076
-5.905,17.68,-4.08
-7.736,20.514,-5.806
-11.311,20.77,-4.411
-10.141,18.348,-1.725
-9.616,19.76,1.769
-7.728,16.944,3.464
-3.981,16.479,3.862
-2.978,12.817,3.65
0.023,11.976,5.838
2.247,8.98,5.072
2.476,6.32,7.779
4.605,3.367,6.628
5.134,0.845,3.819
6.328,-2.72,3.205
7.684,-5.005,0.472
6.636,-8.37,-0.971
8.504,-11.396,-2.318
6.888,-14.573,-3.612
8.392,-18.04,-3.235
8.899,-18.411,-6.981
12.248,-17.824,-8.681
10.514,-15.83,-11.403
7.519,-13.831,-10.182
5.508,-13.124,-7.043
3.031,-10.253,-7.287
-0.642,-9.903,-6.335
-2.6,-9.283,-9.534
-1.465,-8.931,-13.147
-1.741,-5.581,-14.926
-1.384,-5.178,-18.682
-1.122,-8.982,-18.761
2.165,-8.69,-16.857
3.25,-9.793,-13.38
5.883,-8.329,-11.057
8.396,-10.033,-8.758
7.646,-7.705,-5.842
5.705,-4.564,-4.91
5.741,-1.963,-2.128
2.59,-1.12,-0.166
2.384,2.374,1.334
-0.501,2.885,3.761
-1.347,6.523,4.466
-4.436,7.366,6.518
-5.594,10.982,6.605
-5.468,12.307,10.171
-8.912,13.714,9.37
-10.243,10.397,10.691
-9.218,11.142,14.27
-9.876,7.64,15.595
-10.962,4.191,14.398
-14.553,4.876,15.425
-14.734,7.817,13.034
-12.646,5.925,10.478
-15.351,3.364,9.751
-17.778,6.288,9.559
-15.66,8.031,6.918
-14.92,5.525,4.089
-13.466,8.321,1.956
-11.13,9.329,4.771
-8.67,6.443,4.674
-6.643,5.907,1.493
-4.237,3.112,0.555
-1.255,3.702,-1.74
0.173,0.861,-3.799
3.607,0.785,-5.413
4.691,-1.759,-8.03
8.328,-2.762,-8.525
9.944,-4.767,-11.334
13.278,-6.53,-11.869
15.488,-4.403,-14.104
17.975,-1.796,-12.908
17.85,-0.081,-9.515
18.921,3.54,-9.04
22.196,4.733,-7.415
20.034,6.884,-5.161
18.771,4.221,-2.767
21.498,1.791,-3.823
23.714,3.174,-1.057
20.844,3.347,1.433
20.31,-0.425,1.443
23.918,-0.686,2.626
23.432,1.21,5.886
20.216,-0.767,6.351
22.276,-3.821,7.282
22.87,-1.877,10.497
19.195,-1.362,11.326
18.456,-4.967,10.367
17.562,-6.015,13.912
14.923,-4.405,16.129
15.878,-1.47,18.334
18.433,-0.185,15.836
18.05,3.327,14.431
19.978,5.174,11.721
20.885,8.817,11.111
20.2,10.629,7.84
23.165,11.859,5.799
24.007,12.603,2.16
20.416,13.395,1.18
19.382,12.468,-2.359
18.812,15.668,-4.431
17.117,13.492,-7.051
14.305,12.693,-4.638
13.231,16.328,-4.813
11.117,15.666,-7.91
7.734,17.49,-8.075
4.703,15.338,-7.257
2.51,17.849,-9.099
1.93,16.42,-12.579
-0.212,13.293,-12.941
-1.756,10.54,-10.816
-3.26,7.06,-11.082
-5.908,5.582,-8.775
-8.935,3.271,-8.663
-11.682,3.046,-5.969
-11.293,-0.188,-4.033
-14.42,-1.992,-2.84
-15.132,-5.387,-1.272
-15.429,-8.661,-3.197
-19.14,-7.914,-3.371
-20.848,-5.278,-5.613
-19.763,-1.601,-5.215
-19.485,-1.373,-1.426
-16.308,0.599,-0.7
-15.364,-0.164,2.905
-12.686,2.433,3.671
-9.68,1.654,1.486
-8.843,3.055,-1.95
-6.195,1.748,-4.344
-3.754,4.529,-5.203
-0.789,4.379,-7.589
2.213,6.655,-8.138
2.412,8.504,-11.464
5.519,6.522,-12.44
6.187,3.217,-10.572
9.879,2.755,-9.776
11.922,-0.325,-10.66
14.461,-2.286,-8.616
16.926,-5.128,-9.18
17.363,-8.454,-7.385
20.527,-6.897,-5.952
18.627,-3.918,-4.547
16.281,-6.255,-2.675
19.122,-8.66,-1.896
19.746,-6.693,1.297
16.142,-7.344,2.309
16.399,-11.101,1.766
18.604,-11.201,4.865
15.57,-10.225,6.946
13.489,-12.82,8.792
10.405,-14.35,7.164
8.494,-13.455,10.332
10.6,-11.876,13.062
13.201,-12.409,15.781
13.8,-15.87,17.196
13.06,-17.252,13.741
15.477,-19.113,11.394
17.514,-16.849,9.119
15.412,-17.073,5.955
14.009,-14.587,3.439
10.243,-14.035,3.519
8.561,-16.039,0.756
5.097,-17.125,-0.405
3.967,-13.519,-0.8
1.25,-14.263,-3.355
-2.187,-12.637,-3.384
-5.451,-13.042,-5.372
-6.564,-10.497,-7.972
-9.649,-8.279,-7.748
-12.875,-8.186,-9.842
-13.287,-5.076,-11.997
-17.023,-5.783,-12.193
-17.977,-2.712,-14.238
-16.397,0.5,-12.944
-13.124,1.448,-14.634
-9.849,2.782,-13.238
-10.379,6.41,-12.222
-6.875,7.73,-12.888
-5.612,11.16,-13.931
-2.698,9.785,-15.946
-2.806,8.406,-19.491
-38.381,-12.764,-8.092
-40.682,-9.849,-8.91
-42.356,-7.02,-6.987
-39.527,-4.99,-5.453
-41.679,-2.03,-4.401
-43.222,-1.967,-0.936
-46.014,0.07,0.644
-44.621,0.338,4.161
-41.068,0.769,5.434
-41.697,-1.435,8.467
-44.115,-3.717,6.617
-41.573,-4.136,3.841
-38.236,-6.029,3.716
-34.832,-4.592,4.622
-31.275,-5.387,3.524
-28.321,-4.052,5.515
-26.225,-4.912,2.456
-27.99,-2.285,0.349
-26.819,0.355,2.827
-23.178,-0.316,1.95
-21.746,-0.198,-1.62
-19.782,-3.367,-0.84
-22.563,-5.642,-2.08
-23.7,-3.136,-4.703
-20.179,-2.698,-6.041
-18.884,-5.138,-8.652
-15.431,-3.557,-8.666
-15.063,-4.69,-5.064
-13.117,-7.782,-6.142
-9.578,-8.674,-7.389
-9.36,-8.171,-11.153
-6.752,-7.965,-13.921
-5.146,-4.517,-13.907
-3.855,-3.714,-17.395
-2.191,-0.416,-18.285
-3.858,-0.832,-21.677
-7.426,-1.287,-20.428
-6.946,1.677,-18.097
-8.486,5.024,-19.055
-7.232,8.6,-18.698
-9.756,10.232,-16.359
-8.51,13.631,-15.053
-10.861,14.089,-12.092
-8.469,15.812,-9.688
-5.085,16.85,-11.081
-2.261,17.747,-8.615
-2.105,21.471,-7.858
-0.195,21.836,-4.585
2.121,19.41,-2.781
4.378,19.962,0.244
7.571,17.988,0.878
10.333,20.447,1.756
10.645,19.681,5.456
9.979,16.013,4.704
12.663,14.033,6.531
13.148,10.668,8.238
15.039,9.891,11.449
15.157,6.089,11.698
13.471,2.861,10.592
12.893,-0.076,12.948
11.876,-3.616,11.977
9.133,-5.777,13.494
10.85,-9.063,12.692
9.971,-9.016,8.996
8.633,-5.611,7.925
9.793,-2.082,8.725
8.129,1.337,8.619
9.732,4.788,8.467
9.376,7.26,11.34
8.872,11.021,11.08
9.718,13.736,13.61
6.853,14.969,15.794
7.393,18.534,14.579
4.224,18.307,12.471
3.844,19.887,9.017
6.48,17.502,7.649
5.023,16.469,4.283
1.457,16.565,2.981
0.033,15.776,-0.461
-3.222,16.631,-2.234
-4.796,16.855,-5.68
-6.743,20.03,-6.366
-8.205,22.981,-4.399
-9.986,20.437,-2.202
-9.574,21.069,1.524
-9.344,17.329,2.094
-5.573,17.089,1.705
-4.083,13.7,2.599
-1.254,13.487,5.137
1.682,11.072,4.924
2.514,9.091,8.065
4.637,6.022,7.298
5.041,3.004,5.02
6.16,-0.612,5.37
7.449,-3.31,3.006
5.839,-6.635,2.072
7.175,-10.023,0.975
5.205,-12.765,2.704
2.109,-11.002,4.038
0.555,-9.741,0.796
1.653,-10.489,-2.77
5.013,-12.176,-2.286
5.679,-13.531,-5.76
3.922,-12.823,-9.041
1.395,-10.768,-7.055
-2.064,-12.141,-6.258
-3.227,-9.777,-9.0
-2.638,-9.811,-12.757
0.711,-8.352,-13.822
1.272,-6.094,-16.82
4.595,-7.189,-18.33
6.042,-6.353,-14.91
6.042,-8.668,-11.891
5.494,-7.314,-8.375
7.467,-9.191,-5.713
6.984,-6.699,-2.879
4.797,-3.634,-2.291
4.871,-0.53,-0.081
1.922,0.377,2.136
1.473,4.09,2.829
-1.127,5.095,5.42
-3.133,8.269,4.797
-6.304,9.837,6.194
-8.155,13.154,6.133
-7.134,15.36,9.057
-10.577,16.968,8.888
-11.767,14.131,11.119
-9.075,14.805,13.705
-7.521,11.432,14.484
-7.489,7.851,13.197
-10.205,7.022,15.712
-12.439,9.612,14.055
-11.515,8.514,10.533
-12.551,4.9,11.103
-16.006,6.317,11.816
-16.448,6.559,8.044
-15.587,3.939,5.356
-15.113,6.632,2.713
-13.501,9.096,5.102
-9.952,7.774,4.818
-7.767,6.788,1.86
-5.106,4.07,1.776
-2.086,4.601,-0.477
-1.09,1.255,-1.952
2.299,1.305,-3.664
3.8,-1.568,-5.653
7.462,-2.534,-6.021
8.789,-4.075,-9.235
12.282,-5.488,-9.767
14.38,-3.535,-12.251
15.192,0.089,-13.043
18.707,-0.215,-11.629
19.48,3.074,-9.87
23.095,4.293,-9.336
22.207,6.303,-6.246
20.082,3.519,-4.769
23.224,2.478,-2.893
21.982,4.891,-0.222
19.63,2.234,1.152
21.988,-0.604,0.222
24.518,0.629,2.785
22.066,1.009,5.664
20.618,-2.376,4.7
23.847,-4.137,5.647
22.97,-2.988,9.166
19.714,-4.952,9.368
21.102,-8.251,8.06
18.579,-10.035,10.27
14.942,-9.051,10.806
14.045,-7.441,14.118
16.944,-4.99,14.234
16.862,-1.261,13.52
18.985,1.453,11.913
19.316,5.242,12.112
19.016,7.295,8.922
18.285,11.024,8.778
19.048,14.064,6.595
17.266,12.843,3.454
17.501,14.881,0.244
13.974,15.988,-0.853
15.433,16.263,-4.363
14.919,12.54,-4.85
11.185,13.149,-4.533
10.919,15.376,-7.611
7.599,15.085,-9.539
7.775,12.627,-12.439
4.414,13.467,-14.009
1.244,15.451,-13.304
-1.023,12.406,-13.063
-2.305,9.82,-10.58
-3.772,6.323,-10.405
-6.868,5.428,-8.382
-8.742,2.14,-8.005
-11.612,1.858,-5.46
-12.043,-1.688,-4.208
-12.506,-3.975,-1.211
-10.311,-6.219,0.942
-8.127,-8.902,-0.653
-11.068,-11.185,0.07
-14.485,-11.153,-1.723
-16.691,-8.015,-1.371
-16.569,-7.616,2.409
-14.855,-4.334,3.306
-15.273,-1.239,1.135
-13.752,1.064,3.754
-10.369,0.576,2.102
-9.38,2.25,-1.168
-6.266,1.638,-3.269
-4.545,4.857,-4.336
-1.219,5.281,-6.141
1.162,8.246,-5.993
2.089,10.244,-9.1
5.587,8.745,-9.041
5.613,5.002,-8.15
8.93,3.877,-6.669
10.699,0.695,-7.784
13.452,-1.601,-6.5
16.672,-2.683,-8.221
17.772,-6.301,-8.628
21.14,-5.248,-7.201
19.776,-4.293,-3.775
17.421,-7.27,-3.501
20.392,-9.471,-4.369
21.678,-9.18,-0.807
18.22,-10.015,0.529
18.493,-13.536,-0.881
21.649,-14.026,1.181
19.8,-12.818,4.279
17.191,-14.776,6.231
13.492,-14.155,5.572
13.149,-13.749,9.343
15.06,-12.599,12.411
17.639,-14.745,14.188
16.581,-17.412,16.662
13.295,-17.543,14.766
11.601,-20.662,13.268
12.337,-21.464,9.622
9.427,-19.796,7.825
8.734,-19.629,4.087
9.458,-16.357,2.277
5.748,-16.218,1.459
2.563,-18.195,2.075
-0.149,-15.862,0.785
0.132,-16.414,-2.97
-2.983,-17.279,-4.976
-3.92,-17.567,-8.699
-5.899,-14.694,-10.218
-8.777,-14.816,-12.703
-8.754,-12.086,-15.417
-12.27,-10.916,-16.272
-11.191,-8.882,-19.304
-14.388,-6.837,-19.024
-14.123,-4.207,-16.279
-11.678,-1.33,-16.752
-9.513,0.597,-14.286
-10.579,4.208,-13.734
-7.398,6.127,-12.906
-6.154,9.711,-13.192
-3.495,8.446,-15.585
-3.866,6.83,-19.015
-0.974,-16.955,33.872
-4.621,-17.794,33.173
-7.099,-15.451,34.86
-4.913,-12.471,33.953
-5.971,-12.346,30.299
-9.592,-13.061,29.439
-12.812,-11.826,27.845
-15.522,-14.466,27.594
-14.571,-17.824,29.097
-18.296,-18.387,29.621
-18.765,-18.606,25.855
-15.274,-19.787,24.962
-12.201,-18.172,23.322
-13.638,-16.166,20.427
-11.46,-15.078,17.503
-12.103,-12.318,14.963
-10.297,-14.59,12.505
-13.051,-17.22,12.453
-15.653,-14.46,12.108
-14.292,-11.717,9.861
-11.525,-12.49,7.29
-10.331,-8.943,7.977
-8.491,-10.023,11.113
-7.535,-13.329,9.514
-5.39,-11.279,7.154
-7.278,-11.42,3.864
-9.44,-8.322,3.446
-7.747,-7.52,0.135
-8.774,-9.207,-3.125
-6.04,-9.069,-5.836
-7.455,-8.832,-9.359
-6.021,-8.556,-12.876
-6.138,-4.85,-13.717
-5.932,-3.851,-17.387
-4.199,-0.662,-18.496
-5.574,-0.851,-22.037
-9.141,-0.958,-20.73
-8.326,1.613,-18.054
-9.418,5.215,-18.618
-7.729,8.371,-17.338
-9.838,11.381,-16.344
-8.532,14.88,-15.409
-11.523,15.397,-13.111
-9.039,15.985,-10.289
-5.949,18.196,-10.444
-3.046,18.069,-7.921
-3.27,21.006,-5.521
-0.926,20.409,-2.587
1.153,17.232,-2.321
4.383,16.925,-0.338
6.609,13.878,0.092
10.025,14.586,-1.429
10.777,16.379,1.837
9.248,13.596,3.941
11.934,12.225,6.258
11.982,9.158,8.511
13.368,9.035,12.052
14.294,5.338,12.171
13.24,1.818,11.182
12.734,-0.597,14.079
11.325,-4.119,13.727
9.635,-6.289,16.357
11.997,-9.122,15.496
10.037,-10.04,12.38
8.446,-7.149,10.484
7.342,-3.554,11.008
6.088,-0.613,8.94
8.34,2.423,8.47
6.954,5.378,10.434
7.798,9.039,9.817
8.163,12.028,12.143
4.874,12.988,13.807
6.136,16.123,15.568
6.368,17.77,12.142
4.72,17.628,8.715
6.659,17.178,5.475
4.196,15.015,3.537
0.602,15.745,2.506
-1.95,14.911,-0.197
-4.887,16.952,-1.523
-6.689,17.336,-4.846
-8.168,20.359,-6.593
-11.829,20.681,-5.454
-10.87,18.43,-2.54
-10.525,20.234,0.792
-8.905,17.652,3.045
-5.149,17.196,3.323
-3.941,13.638,3.911
-0.976,13.128,6.246
1.347,10.15,5.733
1.878,7.896,8.757
3.711,4.704,7.757
3.988,2.073,5.018
5.116,-1.528,4.558
6.6,-3.697,1.804
5.75,-7.195,0.558
8.092,-9.911,-0.732
7.08,-12.532,-3.288
8.006,-16.179,-2.747
9.9,-16.317,-6.044
13.238,-14.593,-6.663
11.843,-12.789,-9.693
8.137,-12.035,-9.35
5.055,-12.749,-7.257
2.825,-9.81,-6.342
-0.881,-9.606,-5.511
-2.435,-7.258,-8.076
-1.611,-7.39,-11.794
-1.78,-4.288,-13.987
-1.392,-4.335,-17.767
-1.213,-8.134,-17.497
2.201,-7.632,-15.89
2.97,-9.093,-12.463
5.564,-7.558,-10.138
7.787,-8.912,-7.361
5.988,-7.003,-4.617
4.253,-3.744,-3.69
4.473,-1.355,-0.738
1.319,-0.194,1.04
1.133,3.334,2.454
-1.731,4.389,4.72
-2.65,8.054,5.175
-5.72,9.041,7.211
-7.31,12.48,6.883
-6.233,14.742,9.75
-9.716,16.272,9.669
-11.023,13.158,11.414
-8.004,12.861,13.684
-7.898,9.069,13.576
-9.049,6.232,11.316
-11.702,5.53,13.934
-13.841,8.494,12.91
-12.513,8.46,9.341
-13.853,4.989,8.527
-17.293,6.466,9.206
-17.15,8.271,5.862
-16.339,6.855,2.382
-13.738,9.581,1.864
-12.754,9.743,5.519
-9.441,8.019,4.83
-7.416,7.151,1.727
-4.704,4.564,1.059
-1.697,5.267,-1.164
-0.059,2.355,-2.946
3.256,2.029,-4.761
4.63,-0.847,-6.838
7.97,-2.562,-6.233
9.66,-4.313,-9.163
13.261,-5.495,-9.557
15.551,-4.46,-12.407
17.157,-1.38,-13.965
20.719,-0.283,-13.192
21.642,1.973,-10.268
23.103,5.523,-10.65
25.792,4.388,-8.214
24.068,4.835,-4.852
24.823,1.274,-3.753
27.057,2.521,-0.936
24.229,4.71,0.357
21.838,1.765,0.699
24.678,-0.522,1.824
23.777,0.671,5.322
21.206,-2.153,5.342
24.049,-4.511,6.224
23.728,-2.992,9.698
20.363,-4.67,10.314
21.515,-8.255,9.727
19.23,-9.457,12.517
15.655,-8.333,13.174
14.985,-6.011,16.093
17.482,-3.27,15.243
16.792,0.356,14.326
18.061,2.004,11.141
19.848,5.362,11.002
18.716,8.312,8.869
19.339,6.973,5.361
17.803,6.545,1.907
17.817,10.25,1.019
17.061,11.357,-2.544
17.536,15.168,-2.746
17.898,14.79,-6.514
14.178,14.111,-6.797
13.284,17.637,-7.901
10.762,16.116,-10.309
7.483,18.084,-10.737
4.468,16.824,-8.793
2.184,18.403,-11.398
0.835,15.309,-13.16
-1.813,12.572,-13.007
-2.256,9.344,-11.028
-4.432,6.227,-10.879
-7.38,6.234,-8.462
-10.09,3.681,-7.66
-12.292,3.12,-4.55
-12.157,-0.341,-3.007
-14.543,-2.323,-0.815
-14.211,-4.839,2.021
-13.443,-8.538,1.491
-16.949,-8.92,0.09
-18.469,-7.673,-3.233
-18.85,-3.879,-3.779
-20.238,-2.924,-0.369
-17.69,-0.936,1.634
-15.735,2.117,0.487
-13.722,3.514,3.398
-10.491,2.913,1.503
-9.143,4.5,-1.675
-6.56,2.998,-4.019
-4.057,5.582,-5.249
-0.988,5.096,-7.447
2.041,7.394,-7.39
2.813,9.097,-10.705
6.313,7.621,-10.432
6.318,4.052,-8.985
9.501,3.186,-7.082
11.712,0.362,-8.36
14.453,-1.753,-6.783
17.655,-3.016,-8.415
18.798,-6.621,-8.771
21.911,-5.499,-6.894
19.869,-4.196,-3.958
18.245,-7.588,-3.395
21.646,-9.298,-3.306
22.383,-7.803,0.113
18.788,-8.496,1.14
19.475,-12.235,0.973
21.546,-11.761,4.132
18.344,-11.96,6.184
16.884,-15.273,7.366
13.413,-16.688,6.701
13.626,-19.206,9.557
16.231,-20.6,11.939
16.593,-23.713,14.086
16.365,-23.461,17.857
15.315,-19.849,17.337
11.984,-17.966,16.923
10.412,-17.616,13.477
12.27,-15.316,11.083
11.013,-12.9,8.422
10.05,-15.252,5.592
9.069,-14.114,2.099
5.781,-15.409,0.672
3.545,-12.436,-0.133
2.114,-14.141,-3.216
-1.575,-13.986,-4.122
-3.766,-14.938,-7.141
-4.955,-12.454,-9.762
-7.518,-14.208,-11.96
-8.997,-11.682,-14.464
-12.729,-11.107,-14.004
-13.146,-9.46,-17.408
-16.181,-7.714,-15.933
-15.223,-4.874,-13.59
-13.345,-1.812,-14.833
-10.506,0.256,-13.382
-10.701,4.039,-13.02
-7.73,6.411,-13.026
-6.514,9.927,-13.819
-3.231,8.963,-15.485
-2.745,7.147,-18.786
-43.216,12.774,-17.123
-43.285,10.346,-14.184
-44.849,6.99,-15.056
-42.866,3.981,-13.834
-42.538,3.828,-10.044
-39.502,2.159,-8.502
-36.288,0.841,-10.039
-36.025,-2.914,-9.579
-33.841,-4.015,-6.676
-36.126,-1.986,-4.408
-39.07,-4.164,-5.429
-37.255,-7.213,-4.092
-35.743,-8.572,-0.832
-32.389,-6.778,-0.985
-30.894,-3.577,0.427
-27.307,-4.271,1.488
-26.071,-1.137,-0.292
-28.873,0.813,1.4
-27.132,0.34,4.748
-23.435,0.565,3.889
-21.692,1.563,0.597
-19.697,-1.668,0.911
-22.095,-3.407,-1.473
-22.421,-0.345,-3.696
-18.677,-0.662,-4.194
-17.026,-3.862,-2.983
-13.867,-4.438,-5.032
-12.559,-6.114,-1.889
-11.125,-9.096,-3.775
-8.049,-8.465,-6.01
-8.621,-8.686,-9.762
-6.677,-8.233,-13.004
-6.775,-4.487,-13.656
-6.57,-3.416,-17.297
-5.116,-0.067,-18.35
-7.129,-0.373,-21.56
-10.518,-0.741,-19.867
-9.724,2.195,-17.585
-11.574,5.428,-18.364
-10.151,8.927,-18.761
-11.503,11.214,-16.031
-10.432,14.874,-16.541
-12.599,15.856,-13.567
-9.905,15.092,-10.995
-6.81,17.286,-10.69
-3.102,16.271,-10.81
-2.178,14.494,-7.577
0.079,17.22,-6.184
2.31,15.488,-3.643
4.647,17.465,-1.392
7.866,15.976,-0.023
10.474,18.721,0.254
10.758,18.275,4.015
9.974,14.555,3.956
12.389,12.822,6.328
12.418,9.755,8.578
13.404,9.749,12.249
14.075,6.052,12.879
13.132,2.638,11.48
13.061,-0.206,14.006
11.513,-3.677,14.173
8.998,-5.216,16.581
10.614,-8.644,16.663
8.363,-9.712,13.804
7.194,-6.763,11.697
9.006,-3.55,10.771
7.505,-0.131,10.019
8.956,3.284,9.152
8.479,5.962,11.812
8.555,9.67,10.943
9.252,12.706,13.141
6.539,15.102,14.323
8.66,18.122,13.392
6.605,19.068,10.328
4.148,17.709,7.766
7.103,16.274,5.841
5.103,14.86,2.927
1.413,15.173,2.082
-0.858,13.973,-0.728
-3.128,16.455,-2.519
-5.225,16.444,-5.685
-7.788,14.062,-7.152
-10.693,13.071,-4.838
-9.962,15.692,-2.183
-10.954,14.668,1.339
-8.299,16.184,3.58
-4.526,16.312,3.101
-3.139,12.796,3.563
-0.162,12.502,5.916
2.349,9.64,6.003
2.584,7.527,9.163
4.401,4.256,8.47
4.982,1.743,5.674
6.664,-1.583,4.898
8.308,-3.348,1.939
7.552,-6.574,0.045
9.491,-9.036,-2.128
8.055,-12.043,-3.947
9.923,-15.35,-4.117
10.841,-14.688,-7.748
13.561,-12.118,-8.418
11.721,-11.091,-11.567
7.953,-11.073,-11.1
5.746,-11.371,-8.033
3.557,-8.373,-7.196
-0.001,-8.06,-5.879
-2.202,-6.438,-8.526
-1.47,-6.245,-12.25
-2.19,-3.327,-14.578
-2.26,-3.396,-18.376
-2.214,-7.191,-18.068
1.352,-6.815,-16.782
2.878,-7.915,-13.47
5.625,-6.237,-11.433
8.47,-7.658,-9.336
7.084,-6.462,-6.004
4.704,-3.989,-4.364
5.295,-1.762,-1.337
2.527,-0.969,1.152
2.396,2.727,2.042
-0.503,3.806,4.259
-1.607,7.419,4.726
-3.691,8.65,7.662
-4.878,12.215,7.069
-4.89,14.178,10.34
-8.247,15.524,9.174
-9.736,12.485,10.926
-8.866,13.764,14.393
-9.587,10.429,16.062
-10.05,6.782,15.064
-13.793,7.023,15.671
-13.925,9.535,12.823
-11.555,7.641,10.529
-13.889,4.648,10.378
-16.756,7.084,9.841
-15.068,8.53,6.746
-14.318,5.813,4.121
-12.714,8.286,1.718
-10.665,9.609,4.627
-7.9,7.009,4.481
-6.157,6.318,1.171
-3.5,3.631,0.741
-0.811,4.576,-1.782
0.688,1.758,-3.829
4.14,1.731,-5.413
4.962,-1.128,-7.784
8.556,-2.321,-8.148
10.271,-3.785,-11.216
13.82,-4.948,-11.948
15.72,-2.45,-14.078
17.385,0.964,-14.064
20.238,0.409,-11.61
20.852,2.931,-8.825
22.782,6.121,-9.755
25.208,5.366,-6.94
23.241,4.768,-3.75
24.934,1.525,-2.713
25.678,2.986,0.724
21.961,3.634,1.203
21.276,-0.023,0.444
23.704,-1.045,3.194
21.679,0.904,5.76
19.292,-2.061,5.842
22.086,-4.245,7.206
21.526,-2.232,10.388
17.882,-3.276,10.763
17.656,-6.408,8.618
16.732,-8.824,11.41
13.773,-8.32,13.747
14.331,-7.588,17.425
16.896,-4.823,16.968
16.397,-1.065,16.629
18.316,1.818,15.043
17.855,5.571,14.589
18.295,7.136,11.147
17.716,10.78,10.228
18.297,12.869,7.098
16.566,10.302,4.885
15.118,11.586,1.609
13.606,8.617,-0.307
11.184,10.719,-2.351
13.674,13.579,-2.445
14.985,12.101,-5.683
11.697,10.521,-6.763
9.429,12.51,-9.154
5.867,13.452,-8.2
4.755,12.533,-11.732
1.521,13.871,-13.24
-1.258,11.583,-14.507
-2.146,8.424,-12.579
-4.617,5.574,-12.112
-6.492,4.353,-9.03
-8.661,1.349,-8.16
-10.81,2.143,-5.064
-11.138,-0.888,-2.812
-12.209,-1.86,0.703
-11.131,-3.705,3.853
-10.909,-7.495,4.053
-13.637,-7.426,6.698
-17.415,-8.096,6.311
-19.661,-5.37,4.784
-19.082,-2.516,7.237
-15.793,-0.811,6.356
-14.066,0.438,3.209
-11.434,2.971,4.271
-8.879,1.118,2.16
-8.165,2.664,-1.243
-5.667,1.492,-3.861
-3.788,4.278,-5.633
-1.184,3.864,-8.378
1.279,6.341,-9.885
1.989,6.788,-13.604
4.871,4.3,-13.739
6.906,3.935,-10.499
9.71,1.352,-10.513
12.835,1.348,-8.334
14.988,-1.786,-8.117
18.752,-2.361,-8.107
21.062,-5.368,-8.386
22.657,-5.05,-4.948
19.288,-4.016,-3.522
17.69,-7.38,-4.312
20.755,-9.297,-3.117
19.814,-8.158,0.389
16.259,-9.5,0.208
17.639,-12.931,-0.673
19.223,-13.233,2.772
16.404,-11.305,4.454
14.054,-13.155,6.811
10.394,-12.642,7.739
11.224,-13.49,11.354
14.548,-13.06,13.134
15.759,-13.703,16.678
13.062,-14.436,19.236
10.943,-15.935,16.471
11.03,-19.098,14.275
13.252,-19.159,11.185
10.962,-17.505,8.636
11.937,-16.044,5.258
10.672,-12.644,4.105
9.751,-14.163,0.746
6.639,-15.465,-1.026
5.168,-11.964,-1.067
2.783,-12.927,-3.874
-0.952,-12.211,-3.891
-3.916,-13.506,-5.974
-5.514,-11.466,-8.758
-7.573,-13.89,-10.844
-9.684,-12.007,-13.465
-13.372,-12.038,-12.524
-14.725,-10.707,-15.817
-13.782,-7.12,-16.678
-14.45,-4.521,-13.967
-14.064,-0.785,-14.595
-11.238,1.229,-13.025
-11.827,4.818,-11.908
-8.572,6.497,-12.938
-7.616,10.086,-13.742
-5.871,9.098,-16.967
-6.981,6.94,-19.908
